image_path,class_id,x_center,y_center,width,height
/kaggle/input/datasets/afqwe0/clotheslabelled/Himesh/fit-and-flare dress/001797.jpg,7,0.507507,0.617903,0.554344,0.669839
/kaggle/input/datasets/afqwe0/clotheslabelled/Himesh/fit-and-flare dress/001797.jpg,7,0.505364,0.616825,0.554344,0.666374
/kaggle/input/datasets/afqwe0/clotheslabelled/Himesh/fit-and-flare dress/001215.jpg,7,0.41972,0.679029,0.383289,0.497177
/kaggle/input/datasets/afqwe0/clotheslabelled/Himesh/fit-and-flare dress/001215.jpg,7,0.41893,0.679118,0.384946,0.501083
/kaggle/input/datasets/afqwe0/clotheslabelled/Himesh/fit-and-flare dress/001215.jpg,7,0.4408,0.608129,0.439121,0.683511
/kaggle/input/datasets/afqwe0/clotheslabelled/Himesh/fit-and-flare dress/001786.jpg,7,0.500228,0.637374,0.420108,0.608695
/kaggle/input/datasets/afqwe0/clotheslabelled/Himesh/fit-and-flare dress/001786.jpg,7,0.500355,0.636307,0.418168,0.608695
/kaggle/input/datasets/afqwe0/clotheslabelled/Himesh/fit-and-flare dress/001039.jpg,7,0.541894,0.52829,0.58624,0.903363
/kaggle/input/datasets/afqwe0/clotheslabelled/Himesh/fit-and-flare dress/001039.jpg,7,0.525003,0.531307,0.621725,0.9006
/kaggle/input/datasets/afqwe0/clotheslabelled/Himesh/fit-and-flare dress/000225.jpg,7,0.51264,0.551332,1.0,0.749235
/kaggle/input/datasets/afqwe0/clotheslabelled/Himesh/fit-and-flare dress/000225.jpg,7,0.515406,0.556014,1.0,0.744806
/kaggle/input/datasets/afqwe0/clotheslabelled/Himesh/fit-and-flare dress/001781.jpg,7,0.51066,0.503028,0.892072,0.987956
/kaggle/input/datasets/afqwe0/clotheslabelled/Himesh/fit-and-flare dress/001781.jpg,7,0.513345,0.504089,0.889763,0.987956
/kaggle/input/datasets/afqwe0/clotheslabelled/Himesh/fit-and-flare dress/001038.jpg,7,0.63718,0.673238,0.71231,0.641632
/kaggle/input/datasets/afqwe0/clotheslabelled/Himesh/fit-and-flare dress/000168.jpg,7,0.415849,0.569374,0.83489,0.850071
/kaggle/input/datasets/afqwe0/clotheslabelled/Himesh/fit-and-flare dress/000168.jpg,7,0.442176,0.640753,0.704804,0.55554
/kaggle/input/datasets/afqwe0/clotheslabelled/Himesh/fit-and-flare dress/000168.jpg,7,0.442836,0.640365,0.704804,0.561319
/kaggle/input/datasets/afqwe0/clotheslabelled/Himesh/fit-and-flare dress/001205.jpg,7,0.548538,0.514665,0.294303,0.608211
/kaggle/input/datasets/afqwe0/clotheslabelled/Himesh/fit-and-flare dress/001205.jpg,7,0.543349,0.537415,0.23536,0.384849
/kaggle/input/datasets/afqwe0/clotheslabelled/Himesh/fit-and-flare dress/001205.jpg,7,0.542834,0.538422,0.236064,0.382941
/kaggle/input/datasets/afqwe0/clotheslabelled/Himesh/fit-and-flare dress/000216.jpg,7,0.44156,0.578255,0.644622,0.563242
/kaggle/input/datasets/afqwe0/clotheslabelled/Himesh/fit-and-flare dress/000216.jpg,7,0.442534,0.577972,0.635017,0.559395
/kaggle/input/datasets/afqwe0/clotheslabelled/Himesh/fit-and-flare dress/001195.jpg,7,0.559878,0.358099,0.735572,0.713119
/kaggle/input/datasets/afqwe0/clotheslabelled/Himesh/fit-and-flare dress/001782.jpg,7,0.481186,0.55929,0.728193,0.686882
/kaggle/input/datasets/afqwe0/clotheslabelled/Himesh/fit-and-flare dress/001782.jpg,7,0.479997,0.558253,0.725266,0.686882
/kaggle/input/datasets/afqwe0/clotheslabelled/Himesh/fit-and-flare dress/000150.jpg,7,0.52804,0.328609,0.43358,0.591826
/kaggle/input/datasets/afqwe0/clotheslabelled/Himesh/fit-and-flare dress/000150.jpg,7,0.528303,0.489846,0.446352,0.936332
/kaggle/input/datasets/afqwe0/clotheslabelled/Himesh/fit-and-flare dress/000217.jpg,7,0.498989,0.523664,1.0,0.712393
/kaggle/input/datasets/afqwe0/clotheslabelled/Himesh/fit-and-flare dress/000217.jpg,7,0.499072,0.522544,1.0,0.71079
/kaggle/input/datasets/afqwe0/clotheslabelled/Himesh/fit-and-flare dress/001212.jpg,7,0.56014,0.578924,0.669899,0.638032
/kaggle/input/datasets/afqwe0/clotheslabelled/Himesh/fit-and-flare dress/001212.jpg,7,0.558994,0.577541,0.672797,0.639834
/kaggle/input/datasets/afqwe0/clotheslabelled/Himesh/fit-and-flare dress/000158.jpg,7,0.500305,0.528168,1.0,0.93348
/kaggle/input/datasets/afqwe0/clotheslabelled/Himesh/fit-and-flare dress/000158.jpg,7,0.499706,0.527414,1.0,0.936332
/kaggle/input/datasets/afqwe0/clotheslabelled/Himesh/fit-and-flare dress/000167.jpg,7,0.520911,0.487668,0.704804,0.791247
/kaggle/input/datasets/afqwe0/clotheslabelled/Himesh/fit-and-flare dress/000162.jpg,7,0.681967,0.466682,0.209499,0.987576
/kaggle/input/datasets/afqwe0/clotheslabelled/Himesh/fit-and-flare dress/000162.jpg,7,0.679377,0.287887,0.205303,0.463208
/kaggle/input/datasets/afqwe0/clotheslabelled/Himesh/fit-and-flare dress/000159.jpg,7,0.382199,0.340785,0.668099,0.673285
/kaggle/input/datasets/afqwe0/clotheslabelled/Himesh/fit-and-flare dress/001198.jpg,7,0.369488,0.382561,0.242983,0.378928
/kaggle/input/datasets/afqwe0/clotheslabelled/Himesh/fit-and-flare dress/001198.jpg,7,0.369398,0.380553,0.244448,0.378928
/kaggle/input/datasets/afqwe0/clotheslabelled/Himesh/fit-and-flare dress/001198.jpg,7,0.381147,0.508886,0.300115,0.920847
/kaggle/input/datasets/afqwe0/clotheslabelled/Himesh/fit-and-flare dress/001199.jpg,7,0.511229,0.455903,0.385938,0.703865
/kaggle/input/datasets/afqwe0/clotheslabelled/Himesh/fit-and-flare dress/001199.jpg,7,0.453639,0.513634,0.255424,0.477337
/kaggle/input/datasets/afqwe0/clotheslabelled/Himesh/fit-and-flare dress/000234.jpg,7,0.515604,0.6137,0.994337,0.737996
/kaggle/input/datasets/afqwe0/clotheslabelled/Himesh/fit-and-flare dress/000234.jpg,7,0.514323,0.615594,0.994337,0.743994
/kaggle/input/datasets/afqwe0/clotheslabelled/Himesh/fit-and-flare dress/000164.jpg,7,0.437138,0.460702,0.926938,0.731909
/kaggle/input/datasets/afqwe0/clotheslabelled/Himesh/fit-and-flare dress/000164.jpg,7,0.44188,0.458708,0.926938,0.731909
/kaggle/input/datasets/afqwe0/clotheslabelled/Himesh/fit-and-flare dress/001213.jpg,7,0.341239,0.586331,0.453349,0.630784
/kaggle/input/datasets/afqwe0/clotheslabelled/Himesh/fit-and-flare dress/001213.jpg,7,0.339592,0.585101,0.453349,0.632601
/kaggle/input/datasets/afqwe0/clotheslabelled/Himesh/fit-and-flare dress/001213.jpg,7,0.383319,0.507422,0.626876,0.911243
/kaggle/input/datasets/afqwe0/clotheslabelled/Himesh/fit-and-flare dress/001217.jpg,7,0.584014,0.475289,0.259856,0.731909
/kaggle/input/datasets/afqwe0/clotheslabelled/Himesh/fit-and-flare dress/001217.jpg,7,0.576527,0.387483,0.242918,0.327247
/kaggle/input/datasets/afqwe0/clotheslabelled/Himesh/fit-and-flare dress/001217.jpg,7,0.576078,0.387113,0.242133,0.32897
/kaggle/input/datasets/afqwe0/clotheslabelled/Himesh/fit-and-flare dress/001785.jpg,7,0.496804,0.599999,0.568522,0.662891
/kaggle/input/datasets/afqwe0/clotheslabelled/Himesh/fit-and-flare dress/001785.jpg,7,0.496671,0.598669,0.566116,0.666374
/kaggle/input/datasets/afqwe0/clotheslabelled/Himesh/fit-and-flare dress/001201.jpg,7,0.493832,0.574634,0.357111,0.557468
/kaggle/input/datasets/afqwe0/clotheslabelled/Himesh/fit-and-flare dress/001201.jpg,7,0.456611,0.611503,0.271723,0.366688
/kaggle/input/datasets/afqwe0/clotheslabelled/Himesh/fit-and-flare dress/001201.jpg,7,0.455945,0.610232,0.272519,0.368504
/kaggle/input/datasets/afqwe0/clotheslabelled/Himesh/fit-and-flare dress/001047.jpg,7,0.489149,0.612894,0.690228,0.619801
/kaggle/input/datasets/afqwe0/clotheslabelled/Himesh/fit-and-flare dress/001047.jpg,7,0.490384,0.611426,0.690228,0.616113
/kaggle/input/datasets/afqwe0/clotheslabelled/Himesh/fit-and-flare dress/001040.jpg,7,0.420598,0.619142,0.483511,0.669071
/kaggle/input/datasets/afqwe0/clotheslabelled/Himesh/fit-and-flare dress/001040.jpg,7,0.420461,0.619629,0.483511,0.673392
/kaggle/input/datasets/afqwe0/clotheslabelled/Himesh/fit-and-flare dress/001214.jpg,7,0.3252,0.587197,0.294499,0.77472
/kaggle/input/datasets/afqwe0/clotheslabelled/Himesh/fit-and-flare dress/001783.jpg,7,0.512083,0.526343,0.628594,0.934443
/kaggle/input/datasets/afqwe0/clotheslabelled/Himesh/fit-and-flare dress/001783.jpg,7,0.510465,0.668993,0.625138,0.641632
/kaggle/input/datasets/afqwe0/clotheslabelled/Himesh/fit-and-flare dress/001783.jpg,7,0.510676,0.670025,0.625138,0.645217
/kaggle/input/datasets/afqwe0/clotheslabelled/Himesh/fit-and-flare dress/000220.jpg,7,0.502289,0.510802,1.0,0.848069
/kaggle/input/datasets/afqwe0/clotheslabelled/Himesh/fit-and-flare dress/000220.jpg,7,0.501943,0.512791,1.0,0.848069
/kaggle/input/datasets/afqwe0/clotheslabelled/Himesh/fit-and-flare dress/000156.jpg,7,0.670007,0.616132,0.699334,0.758588
/kaggle/input/datasets/afqwe0/clotheslabelled/Himesh/fit-and-flare dress/000160.jpg,7,0.486458,0.298886,0.493341,0.501083
/kaggle/input/datasets/afqwe0/clotheslabelled/Himesh/fit-and-flare dress/000160.jpg,7,0.468811,0.290406,0.550427,0.512799
/kaggle/input/datasets/afqwe0/clotheslabelled/Himesh/fit-and-flare dress/001795.jpg,7,0.570654,0.565585,0.658594,0.842701
/kaggle/input/datasets/afqwe0/clotheslabelled/Himesh/fit-and-flare dress/001795.jpg,7,0.507019,0.521459,0.322619,0.451573
/kaggle/input/datasets/afqwe0/clotheslabelled/Himesh/fit-and-flare dress/001798.jpg,7,0.46555,0.501563,0.927066,0.992429
/kaggle/input/datasets/afqwe0/clotheslabelled/Himesh/fit-and-flare dress/001798.jpg,7,0.480271,0.501159,0.963919,0.99673
/kaggle/input/datasets/afqwe0/clotheslabelled/Himesh/fit-and-flare dress/001210.jpg,7,0.388954,0.392339,0.263593,0.388164
/kaggle/input/datasets/afqwe0/clotheslabelled/Himesh/fit-and-flare dress/001210.jpg,7,0.388769,0.39306,0.260513,0.38446
/kaggle/input/datasets/afqwe0/clotheslabelled/Himesh/fit-and-flare dress/001210.jpg,7,0.381847,0.494333,0.283067,0.896653
/kaggle/input/datasets/afqwe0/clotheslabelled/Himesh/fit-and-flare dress/001206.jpg,7,0.46058,0.625871,0.341678,0.70939
/kaggle/input/datasets/afqwe0/clotheslabelled/Himesh/fit-and-flare dress/001206.jpg,7,0.434656,0.657304,0.269025,0.470864
/kaggle/input/datasets/afqwe0/clotheslabelled/Himesh/fit-and-flare dress/001206.jpg,7,0.435976,0.655265,0.270179,0.473049
/kaggle/input/datasets/afqwe0/clotheslabelled/Himesh/fit-and-flare dress/000163.jpg,7,0.518441,0.47619,0.532254,0.943389
/kaggle/input/datasets/afqwe0/clotheslabelled/Himesh/fit-and-flare dress/000163.jpg,7,0.520087,0.294518,0.523112,0.458212
/kaggle/input/datasets/afqwe0/clotheslabelled/Himesh/fit-and-flare dress/000163.jpg,7,0.517983,0.2942,0.524444,0.450464
/kaggle/input/datasets/afqwe0/clotheslabelled/Himesh/fit-and-flare dress/001792.jpg,7,0.602066,0.554456,0.415951,0.623439
/kaggle/input/datasets/afqwe0/clotheslabelled/Himesh/fit-and-flare dress/001784.jpg,7,0.399186,0.675186,0.638098,0.645217
/kaggle/input/datasets/afqwe0/clotheslabelled/Himesh/fit-and-flare dress/001784.jpg,7,0.401763,0.674632,0.640526,0.643427
/kaggle/input/datasets/afqwe0/clotheslabelled/Himesh/fit-and-flare dress/001194.jpg,7,0.611181,0.268933,0.750989,0.534232
/kaggle/input/datasets/afqwe0/clotheslabelled/Himesh/fit-and-flare dress/000229.jpg,7,0.519691,0.647022,0.826852,0.636225
/kaggle/input/datasets/afqwe0/clotheslabelled/Himesh/fit-and-flare dress/000229.jpg,7,0.52144,0.655622,0.83269,0.608695
/kaggle/input/datasets/afqwe0/clotheslabelled/Himesh/fit-and-flare dress/000223.jpg,7,0.466987,0.499121,0.882798,0.997529
/kaggle/input/datasets/afqwe0/clotheslabelled/Himesh/fit-and-flare dress/000223.jpg,7,0.468935,0.498229,0.880465,0.993312
/kaggle/input/datasets/afqwe0/clotheslabelled/Himesh/fit-and-flare dress/001796.jpg,7,0.328367,0.497564,0.52459,0.929198
/kaggle/input/datasets/afqwe0/clotheslabelled/Himesh/fit-and-flare dress/001796.jpg,7,0.337421,0.49951,0.541119,0.934294
/kaggle/input/datasets/afqwe0/clotheslabelled/Himesh/fit-and-flare dress/000171.jpg,7,0.490293,0.47061,1.0,0.791247
/kaggle/input/datasets/afqwe0/clotheslabelled/Himesh/fit-and-flare dress/000171.jpg,7,0.485579,0.467503,1.0,0.788654
/kaggle/input/datasets/afqwe0/clotheslabelled/Himesh/fit-and-flare dress/001044.jpg,7,0.581824,0.532486,0.541999,0.879962
/kaggle/input/datasets/afqwe0/clotheslabelled/Himesh/fit-and-flare dress/001044.jpg,7,0.582061,0.531956,0.545875,0.879962
/kaggle/input/datasets/afqwe0/clotheslabelled/Himesh/fit-and-flare dress/001043.jpg,7,0.493744,0.581804,0.360362,0.501559
/kaggle/input/datasets/afqwe0/clotheslabelled/Himesh/fit-and-flare dress/001043.jpg,7,0.492737,0.582696,0.361263,0.501559
/kaggle/input/datasets/afqwe0/clotheslabelled/Himesh/fit-and-flare dress/000173.jpg,7,0.5065,0.467915,0.25654,0.967055
/kaggle/input/datasets/afqwe0/clotheslabelled/Himesh/fit-and-flare dress/000173.jpg,7,0.506164,0.464263,0.255053,0.975398
/kaggle/input/datasets/afqwe0/clotheslabelled/Himesh/fit-and-flare dress/000173.jpg,7,0.508627,0.2677,0.262472,0.478265
/kaggle/input/datasets/afqwe0/clotheslabelled/Himesh/fit-and-flare dress/000173.jpg,7,0.504464,0.272588,0.247631,0.478265
/kaggle/input/datasets/afqwe0/clotheslabelled/Himesh/fit-and-flare dress/001042.jpg,7,0.362379,0.714156,0.753786,0.563242
/kaggle/input/datasets/afqwe0/clotheslabelled/Himesh/fit-and-flare dress/001042.jpg,7,0.361912,0.714471,0.756346,0.565163
/kaggle/input/datasets/afqwe0/clotheslabelled/Himesh/fit-and-flare dress/000930.jpg,7,0.526343,0.482673,0.84193,0.913738
/kaggle/input/datasets/afqwe0/clotheslabelled/Himesh/fit-and-flare dress/000930.jpg,7,0.528655,0.482283,0.833433,0.929492
/kaggle/input/datasets/afqwe0/clotheslabelled/Himesh/fit-and-flare dress/000224.jpg,7,0.566107,0.2757,0.468106,0.545875
/kaggle/input/datasets/afqwe0/clotheslabelled/Himesh/fit-and-flare dress/000224.jpg,7,0.565138,0.277465,0.469295,0.545875
/kaggle/input/datasets/afqwe0/clotheslabelled/Himesh/fit-and-flare dress/000224.jpg,7,0.562068,0.401266,0.484866,0.803857
/kaggle/input/datasets/afqwe0/clotheslabelled/Himesh/fit-and-flare dress/000143.jpg,7,0.404041,0.49668,0.849616,0.992884
/kaggle/input/datasets/afqwe0/clotheslabelled/Himesh/fit-and-flare dress/000143.jpg,7,0.405555,0.497253,0.847206,0.99219
/kaggle/input/datasets/afqwe0/clotheslabelled/Himesh/fit-and-flare dress/000218.jpg,7,0.500526,0.549641,1.0,0.875872
/kaggle/input/datasets/afqwe0/clotheslabelled/Himesh/fit-and-flare dress/000218.jpg,7,0.501984,0.550221,1.0,0.877561
/kaggle/input/datasets/afqwe0/clotheslabelled/Himesh/fit-and-flare dress/000172.jpg,7,0.527606,0.531666,0.203104,0.857676
/kaggle/input/datasets/afqwe0/clotheslabelled/Himesh/fit-and-flare dress/000145.jpg,7,0.504408,0.493751,0.891188,0.983098
/kaggle/input/datasets/afqwe0/clotheslabelled/Himesh/fit-and-flare dress/000145.jpg,7,0.512293,0.494323,0.902693,0.985947
/kaggle/input/datasets/afqwe0/clotheslabelled/Himesh/fit-and-flare dress/001791.jpg,7,0.551318,0.682267,0.450464,0.632893
/kaggle/input/datasets/afqwe0/clotheslabelled/Himesh/fit-and-flare dress/001791.jpg,7,0.551741,0.681673,0.4466,0.631057
/kaggle/input/datasets/afqwe0/clotheslabelled/Himesh/fit-and-flare dress/001211.jpg,7,0.51013,0.520541,0.267874,0.59635
/kaggle/input/datasets/afqwe0/clotheslabelled/Himesh/fit-and-flare dress/001211.jpg,7,0.517815,0.592282,0.243721,0.407008
/kaggle/input/datasets/afqwe0/clotheslabelled/Himesh/fit-and-flare dress/001211.jpg,7,0.519278,0.593835,0.243721,0.410788
/kaggle/input/datasets/afqwe0/clotheslabelled/Himesh/fit-and-flare dress/000221.jpg,7,0.496338,0.461842,1.0,0.920847
/kaggle/input/datasets/afqwe0/clotheslabelled/Himesh/fit-and-flare dress/000221.jpg,7,0.495551,0.452959,1.0,0.904718
/kaggle/input/datasets/afqwe0/clotheslabelled/Himesh/fit-and-flare dress/001200.jpg,7,0.574487,0.577779,0.406722,0.39804
/kaggle/input/datasets/afqwe0/clotheslabelled/Himesh/fit-and-flare dress/001200.jpg,7,0.575283,0.57849,0.407295,0.399913
/kaggle/input/datasets/afqwe0/clotheslabelled/Himesh/fit-and-flare dress/001200.jpg,7,0.634799,0.550607,0.602112,0.649757
/kaggle/input/datasets/afqwe0/clotheslabelled/Himesh/fit-and-flare dress/001048.jpg,7,0.551137,0.656773,0.850623,0.641632
/kaggle/input/datasets/afqwe0/clotheslabelled/Himesh/fit-and-flare dress/001048.jpg,7,0.51112,0.509374,0.942202,0.946636
/kaggle/input/datasets/afqwe0/clotheslabelled/Himesh/fit-and-flare dress/000147.jpg,7,0.523916,0.446182,0.339576,0.487413
/kaggle/input/datasets/afqwe0/clotheslabelled/Himesh/fit-and-flare dress/000147.jpg,7,0.523103,0.447818,0.346543,0.493271
/kaggle/input/datasets/afqwe0/clotheslabelled/Himesh/fit-and-flare dress/000147.jpg,7,0.52414,0.476669,0.418856,0.931738
/kaggle/input/datasets/afqwe0/clotheslabelled/Himesh/fit-and-flare dress/000931.jpg,7,0.50046,0.442324,0.85924,0.764265
/kaggle/input/datasets/afqwe0/clotheslabelled/Himesh/fit-and-flare dress/000931.jpg,7,0.499625,0.440464,0.85924,0.764265
/kaggle/input/datasets/afqwe0/clotheslabelled/Himesh/fit-and-flare dress/001203.jpg,7,0.585909,0.331916,0.285547,0.335904
/kaggle/input/datasets/afqwe0/clotheslabelled/Himesh/fit-and-flare dress/001203.jpg,7,0.618875,0.424582,0.442697,0.781465
/kaggle/input/datasets/afqwe0/clotheslabelled/Himesh/fit-and-flare dress/001203.jpg,7,0.585654,0.331363,0.287331,0.335904
/kaggle/input/datasets/afqwe0/clotheslabelled/Himesh/fit-and-flare dress/001197.jpg,7,0.496907,0.535052,0.461173,0.621641
/kaggle/input/datasets/afqwe0/clotheslabelled/Himesh/fit-and-flare dress/001197.jpg,7,0.503819,0.535584,0.473741,0.623477
/kaggle/input/datasets/afqwe0/clotheslabelled/Himesh/fit-and-flare dress/001197.jpg,7,0.49281,0.499121,0.59167,0.99219
/kaggle/input/datasets/afqwe0/clotheslabelled/Himesh/fit-and-flare dress/000144.jpg,7,0.501597,0.490907,1.0,0.919701
/kaggle/input/datasets/afqwe0/clotheslabelled/Himesh/fit-and-flare dress/000144.jpg,7,0.501465,0.489357,1.0,0.918539
/kaggle/input/datasets/afqwe0/clotheslabelled/Himesh/fit-and-flare dress/001787.jpg,7,0.617535,0.548407,0.651533,0.85954
/kaggle/input/datasets/afqwe0/clotheslabelled/Himesh/fit-and-flare dress/001787.jpg,7,0.557169,0.510386,0.421655,0.537431
/kaggle/input/datasets/afqwe0/clotheslabelled/Himesh/fit-and-flare dress/000169.jpg,7,0.693241,0.473521,0.244081,0.969842
/kaggle/input/datasets/afqwe0/clotheslabelled/Himesh/fit-and-flare dress/000169.jpg,7,0.691639,0.281884,0.241855,0.433255
/kaggle/input/datasets/afqwe0/clotheslabelled/Himesh/fit-and-flare dress/000169.jpg,7,0.691223,0.282412,0.24329,0.435687
/kaggle/input/datasets/afqwe0/clotheslabelled/Himesh/fit-and-flare dress/000169.jpg,7,0.693293,0.469493,0.243361,0.961465
/kaggle/input/datasets/afqwe0/clotheslabelled/Himesh/fit-and-flare dress/000233.jpg,7,0.630594,0.498633,0.61064,0.996409
/kaggle/input/datasets/afqwe0/clotheslabelled/Himesh/fit-and-flare dress/000233.jpg,7,0.460049,0.331363,0.229888,0.380769
/kaggle/input/datasets/afqwe0/clotheslabelled/Himesh/fit-and-flare dress/000233.jpg,7,0.457019,0.330078,0.240425,0.382612
/kaggle/input/datasets/afqwe0/clotheslabelled/Himesh/fit-and-flare dress/000166.jpg,7,0.588584,0.616056,0.584471,0.641632
/kaggle/input/datasets/afqwe0/clotheslabelled/Himesh/fit-and-flare dress/000166.jpg,7,0.588403,0.616594,0.588657,0.645217
/kaggle/input/datasets/afqwe0/clotheslabelled/Himesh/fit-and-flare dress/001208.jpg,7,0.588645,0.418917,0.348708,0.767068
/kaggle/input/datasets/afqwe0/clotheslabelled/Himesh/fit-and-flare dress/001208.jpg,7,0.588933,0.330294,0.27476,0.342911
/kaggle/input/datasets/afqwe0/clotheslabelled/Himesh/fit-and-flare dress/001208.jpg,7,0.589658,0.331147,0.27476,0.341153
/kaggle/input/datasets/afqwe0/clotheslabelled/Himesh/fit-and-flare dress/000165.jpg,7,0.484685,0.460434,0.172511,0.963716
/kaggle/input/datasets/afqwe0/clotheslabelled/Himesh/fit-and-flare dress/000170.jpg,7,0.523223,0.449903,0.320914,0.966716
/kaggle/input/datasets/afqwe0/clotheslabelled/Himesh/fit-and-flare dress/000170.jpg,7,0.502921,0.271518,0.2826,0.460639
/kaggle/input/datasets/afqwe0/clotheslabelled/Himesh/fit-and-flare dress/000170.jpg,7,0.501456,0.272718,0.285779,0.455527
/kaggle/input/datasets/afqwe0/clotheslabelled/Himesh/fit-and-flare dress/001788.jpg,7,0.407918,0.393786,0.289459,0.629248
/kaggle/input/datasets/afqwe0/clotheslabelled/Himesh/fit-and-flare dress/001788.jpg,7,0.406327,0.395386,0.288656,0.618947
/kaggle/input/datasets/afqwe0/clotheslabelled/Himesh/fit-and-flare dress/000155.jpg,7,0.564153,0.645683,0.492552,0.683511
/kaggle/input/datasets/afqwe0/clotheslabelled/Himesh/fit-and-flare dress/000155.jpg,7,0.563992,0.642723,0.497415,0.690232
/kaggle/input/datasets/afqwe0/clotheslabelled/Himesh/fit-and-flare dress/000155.jpg,7,0.559606,0.50952,0.617538,0.967924
/kaggle/input/datasets/afqwe0/clotheslabelled/Himesh/fit-and-flare dress/001045.jpg,7,0.55331,0.668512,0.47961,0.599353
/kaggle/input/datasets/afqwe0/clotheslabelled/Himesh/fit-and-flare dress/001045.jpg,7,0.553551,0.668127,0.48156,0.601227
/kaggle/input/datasets/afqwe0/clotheslabelled/Himesh/fit-and-flare dress/001041.jpg,7,0.468501,0.64831,0.528396,0.696874
/kaggle/input/datasets/afqwe0/clotheslabelled/Himesh/fit-and-flare dress/000153.jpg,7,0.501365,0.397889,0.930097,0.796361
/kaggle/input/datasets/afqwe0/clotheslabelled/Himesh/fit-and-flare dress/000153.jpg,7,0.500397,0.398492,0.926627,0.793816
/kaggle/input/datasets/afqwe0/clotheslabelled/Himesh/fit-and-flare dress/001046.jpg,7,0.507315,0.508009,0.407065,0.4466
/kaggle/input/datasets/afqwe0/clotheslabelled/Himesh/fit-and-flare dress/001046.jpg,7,0.507086,0.508666,0.409043,0.454335
/kaggle/input/datasets/afqwe0/clotheslabelled/Himesh/fit-and-flare dress/001216.jpg,7,0.452517,0.588889,0.713567,0.673285
/kaggle/input/datasets/afqwe0/clotheslabelled/Himesh/fit-and-flare dress/001216.jpg,7,0.452244,0.588698,0.713567,0.669839
/kaggle/input/datasets/afqwe0/clotheslabelled/Himesh/fit-and-flare dress/001216.jpg,7,0.517251,0.495215,0.982608,0.95731
/kaggle/input/datasets/afqwe0/clotheslabelled/Himesh/fit-and-flare dress/001790.jpg,7,0.53979,0.49894,0.269025,0.600892
/kaggle/input/datasets/afqwe0/clotheslabelled/Himesh/fit-and-flare dress/001790.jpg,7,0.505462,0.527217,0.343437,1.0
/kaggle/input/datasets/afqwe0/clotheslabelled/Himesh/fit-and-flare dress/000154.jpg,7,0.497826,0.530845,1.0,0.928461
/kaggle/input/datasets/afqwe0/clotheslabelled/Himesh/fit-and-flare dress/000154.jpg,7,0.497256,0.530334,1.0,0.928461
/kaggle/input/datasets/afqwe0/clotheslabelled/Himesh/fit-and-flare dress/001218.jpg,7,0.424236,0.580352,0.554121,0.686882
/kaggle/input/datasets/afqwe0/clotheslabelled/Himesh/fit-and-flare dress/001218.jpg,7,0.423601,0.579922,0.551394,0.683511
/kaggle/input/datasets/afqwe0/clotheslabelled/Himesh/fit-and-flare dress/001218.jpg,7,0.463723,0.49961,0.648025,0.982028
/kaggle/input/datasets/afqwe0/clotheslabelled/Himesh/fit-and-flare dress/000146.jpg,7,0.495463,0.440927,1.0,0.732746
/kaggle/input/datasets/afqwe0/clotheslabelled/Himesh/fit-and-flare dress/000146.jpg,7,0.496643,0.444263,1.0,0.734273
/kaggle/input/datasets/afqwe0/clotheslabelled/Himesh/fit-and-flare dress/001204.jpg,7,0.602258,0.566019,0.495894,0.518652
/kaggle/input/datasets/afqwe0/clotheslabelled/Himesh/fit-and-flare dress/001204.jpg,7,0.602678,0.567982,0.500924,0.518652
/kaggle/input/datasets/afqwe0/clotheslabelled/Himesh/fit-and-flare dress/001204.jpg,7,0.585422,0.516595,0.533139,0.781465
/kaggle/input/datasets/afqwe0/clotheslabelled/Himesh/fit-and-flare dress/001794.jpg,7,0.577316,0.563039,0.436095,0.855972
/kaggle/input/datasets/afqwe0/clotheslabelled/Himesh/fit-and-flare dress/001794.jpg,7,0.580647,0.587247,0.322619,0.554819
/kaggle/input/datasets/afqwe0/clotheslabelled/Himesh/fit-and-flare dress/000231.jpg,7,0.678381,0.591688,0.434654,0.800817
/kaggle/input/datasets/afqwe0/clotheslabelled/Himesh/fit-and-flare dress/000231.jpg,7,0.618633,0.630809,0.272109,0.501083
/kaggle/input/datasets/afqwe0/clotheslabelled/Himesh/fit-and-flare dress/000231.jpg,7,0.621049,0.631258,0.274825,0.504989
/kaggle/input/datasets/afqwe0/clotheslabelled/Himesh/fit-and-flare dress/000151.jpg,7,0.495697,0.533154,1.0,0.929492
/kaggle/input/datasets/afqwe0/clotheslabelled/Himesh/fit-and-flare dress/000157.jpg,7,0.56264,0.498145,0.903527,0.98968
/kaggle/input/datasets/afqwe0/clotheslabelled/Himesh/fit-and-flare dress/000157.jpg,7,0.567799,0.498229,0.898964,0.988677
/kaggle/input/datasets/afqwe0/clotheslabelled/Himesh/fit-and-flare dress/000149.jpg,7,0.381292,0.506164,0.807982,0.978401
/kaggle/input/datasets/afqwe0/clotheslabelled/Himesh/fit-and-flare dress/000149.jpg,7,0.381923,0.504981,0.801751,0.972852
/kaggle/input/datasets/afqwe0/clotheslabelled/Himesh/fit-and-flare dress/000232.jpg,7,0.352963,0.581391,0.225083,0.516663
/kaggle/input/datasets/afqwe0/clotheslabelled/Himesh/fit-and-flare dress/000232.jpg,7,0.35196,0.583232,0.223723,0.516663
/kaggle/input/datasets/afqwe0/clotheslabelled/Himesh/fit-and-flare dress/000232.jpg,7,0.390185,0.584853,0.353719,0.860502
/kaggle/input/datasets/afqwe0/clotheslabelled/Himesh/fit-and-flare dress/000228.jpg,7,0.471321,0.528533,0.432735,0.923095
/kaggle/input/datasets/afqwe0/clotheslabelled/Himesh/fit-and-flare dress/000228.jpg,7,0.490067,0.645683,0.354083,0.643427
/kaggle/input/datasets/afqwe0/clotheslabelled/Himesh/fit-and-flare dress/000228.jpg,7,0.488237,0.646056,0.346969,0.641632
/kaggle/input/datasets/afqwe0/clotheslabelled/Himesh/fit-and-flare dress/001202.jpg,7,0.530348,0.535584,0.449258,0.82905
/kaggle/input/datasets/afqwe0/clotheslabelled/Himesh/fit-and-flare dress/001202.jpg,7,0.544689,0.564264,0.358698,0.51475
/kaggle/input/datasets/afqwe0/clotheslabelled/Himesh/fit-and-flare dress/001793.jpg,7,0.660657,0.55804,0.358563,0.863203
/kaggle/input/datasets/afqwe0/clotheslabelled/Himesh/fit-and-flare dress/001793.jpg,7,0.662337,0.534277,0.341153,0.507638
/kaggle/input/datasets/afqwe0/clotheslabelled/Himesh/fit-and-flare dress/001793.jpg,7,0.662173,0.536508,0.337649,0.503195
/kaggle/input/datasets/afqwe0/clotheslabelled/Himesh/fit-and-flare dress/001207.jpg,7,0.533983,0.312057,0.262708,0.318706
/kaggle/input/datasets/afqwe0/clotheslabelled/Himesh/fit-and-flare dress/001207.jpg,7,0.533896,0.311035,0.265228,0.317012
/kaggle/input/datasets/afqwe0/clotheslabelled/Himesh/fit-and-flare dress/001207.jpg,7,0.566001,0.4289,0.412204,0.806309
/kaggle/input/datasets/afqwe0/clotheslabelled/Himesh/fit-and-flare dress/001196.jpg,7,0.610568,0.346636,0.714901,0.686882
/kaggle/input/datasets/afqwe0/clotheslabelled/Himesh/fit-and-flare dress/001209.jpg,7,0.593505,0.650139,0.504722,0.532288
/kaggle/input/datasets/afqwe0/clotheslabelled/Himesh/fit-and-flare dress/001209.jpg,7,0.581656,0.564099,0.532658,0.788062
/kaggle/input/datasets/afqwe0/clotheslabelled/Himesh/fit-and-flare dress/001209.jpg,7,0.591977,0.651864,0.507185,0.534232
/kaggle/input/datasets/afqwe0/clotheslabelled/Himesh/fit-and-flare dress/000148.jpg,7,0.498749,0.507873,0.989022,0.976329
/kaggle/input/datasets/afqwe0/clotheslabelled/Himesh/fit-and-flare dress/000148.jpg,7,0.498253,0.508886,0.988322,0.971586
/kaggle/input/datasets/afqwe0/clotheslabelled/Himesh/fit-and-flare dress/000161.jpg,7,0.508879,0.29745,0.231969,0.475698
/kaggle/input/datasets/afqwe0/clotheslabelled/Himesh/fit-and-flare dress/000161.jpg,7,0.509776,0.29668,0.233364,0.475698
/kaggle/input/datasets/afqwe0/clotheslabelled/Himesh/fit-and-flare dress/000161.jpg,7,0.515376,0.473521,0.238184,0.975398
/kaggle/input/datasets/afqwe0/clotheslabelled/Himesh/fit-and-flare dress/001789.jpg,7,0.694761,0.534827,0.41785,0.643582
/kaggle/input/datasets/afqwe0/clotheslabelled/Himesh/fit-and-flare dress/001789.jpg,7,0.632639,0.512382,0.579592,0.950409
/kaggle/input/datasets/afqwe0/clotheslabelled/Himesh/fit-and-flare dress/001193.jpg,7,0.49566,0.48279,0.69688,0.912781
/kaggle/input/datasets/afqwe0/clotheslabelled/Himesh/fit-and-flare dress/000932.jpg,7,0.492719,0.424123,0.890568,0.808738
/kaggle/input/datasets/afqwe0/clotheslabelled/Himesh/fit-and-flare dress/000932.jpg,7,0.492169,0.424341,0.887739,0.808738
/kaggle/input/datasets/afqwe0/clotheslabelled/Himesh/fit-and-flare dress/000230.jpg,7,0.479092,0.599999,0.662891,0.764265
/kaggle/input/datasets/afqwe0/clotheslabelled/Himesh/fit-and-flare dress/000227.jpg,7,0.507985,0.651355,1.0,0.689474
/kaggle/input/datasets/afqwe0/clotheslabelled/Himesh/fit-and-flare dress/000227.jpg,7,0.50505,0.654568,1.0,0.680122
/kaggle/input/datasets/afqwe0/clotheslabelled/Himesh/denim shorts (jorts)/001744.jpg,6,0.43445,0.490428,0.301695,0.950615
/kaggle/input/datasets/afqwe0/clotheslabelled/Himesh/denim shorts (jorts)/001744.jpg,6,0.44007,0.455989,0.217508,0.19468
/kaggle/input/datasets/afqwe0/clotheslabelled/Himesh/denim shorts (jorts)/001643.jpg,6,0.553431,0.591189,0.614263,0.727543
/kaggle/input/datasets/afqwe0/clotheslabelled/Himesh/denim shorts (jorts)/002226.jpg,6,0.401918,0.530505,0.314142,0.85857
/kaggle/input/datasets/afqwe0/clotheslabelled/Himesh/denim shorts (jorts)/002226.jpg,6,0.398571,0.86599,0.282282,0.189521
/kaggle/input/datasets/afqwe0/clotheslabelled/Himesh/denim shorts (jorts)/001441.jpg,6,0.449709,0.721677,0.406493,0.373685
/kaggle/input/datasets/afqwe0/clotheslabelled/Himesh/denim shorts (jorts)/001441.jpg,6,0.531209,0.504377,0.670782,0.999793
/kaggle/input/datasets/afqwe0/clotheslabelled/Himesh/denim shorts (jorts)/000038.jpg,6,0.529598,0.486205,0.989086,0.676713
/kaggle/input/datasets/afqwe0/clotheslabelled/Himesh/denim shorts (jorts)/002221.jpg,6,0.501877,0.512608,0.255241,0.130512
/kaggle/input/datasets/afqwe0/clotheslabelled/Himesh/denim shorts (jorts)/002221.jpg,6,0.466594,0.552897,0.367272,0.808738
/kaggle/input/datasets/afqwe0/clotheslabelled/Himesh/denim shorts (jorts)/000446.jpg,6,0.463836,0.570286,0.403537,0.798883
/kaggle/input/datasets/afqwe0/clotheslabelled/Himesh/denim shorts (jorts)/000446.jpg,6,0.474315,0.563495,0.284741,0.131847
/kaggle/input/datasets/afqwe0/clotheslabelled/Himesh/denim shorts (jorts)/002188.jpg,6,0.521804,0.585056,0.41575,0.731909
/kaggle/input/datasets/afqwe0/clotheslabelled/Himesh/denim shorts (jorts)/002229.jpg,6,0.573646,0.703958,0.348944,0.232909
/kaggle/input/datasets/afqwe0/clotheslabelled/Himesh/denim shorts (jorts)/000613.jpg,6,0.400374,0.501546,0.646193,1.0
/kaggle/input/datasets/afqwe0/clotheslabelled/Himesh/denim shorts (jorts)/000624.jpg,6,0.45717,0.297251,0.918616,0.584256
/kaggle/input/datasets/afqwe0/clotheslabelled/Himesh/denim shorts (jorts)/002241.jpg,6,0.441015,0.498633,0.516737,0.998546
/kaggle/input/datasets/afqwe0/clotheslabelled/Himesh/denim shorts (jorts)/000447.jpg,6,0.493405,0.543706,0.347795,0.827331
/kaggle/input/datasets/afqwe0/clotheslabelled/Himesh/denim shorts (jorts)/002076.jpg,6,0.52461,0.35853,0.594808,0.41785
/kaggle/input/datasets/afqwe0/clotheslabelled/Himesh/denim shorts (jorts)/002223.jpg,6,0.523055,0.490799,0.786755,0.975813
/kaggle/input/datasets/afqwe0/clotheslabelled/Himesh/denim shorts (jorts)/001642.jpg,6,0.390407,0.650088,0.40179,0.358898
/kaggle/input/datasets/afqwe0/clotheslabelled/Himesh/denim shorts (jorts)/001642.jpg,6,0.515742,0.49903,0.887283,1.0
/kaggle/input/datasets/afqwe0/clotheslabelled/Himesh/denim shorts (jorts)/000756.jpg,6,0.515498,0.495215,0.539178,0.990299
/kaggle/input/datasets/afqwe0/clotheslabelled/Himesh/denim shorts (jorts)/000752.jpg,6,0.611915,0.551332,0.617959,0.495223
/kaggle/input/datasets/afqwe0/clotheslabelled/Himesh/denim shorts (jorts)/002236.jpg,6,0.473677,0.571767,0.524439,0.837727
/kaggle/input/datasets/afqwe0/clotheslabelled/Himesh/denim shorts (jorts)/000616.jpg,6,0.55929,0.478511,0.692809,0.908317
/kaggle/input/datasets/afqwe0/clotheslabelled/Himesh/denim shorts (jorts)/000754.jpg,6,0.531803,0.537527,0.623477,0.606833
/kaggle/input/datasets/afqwe0/clotheslabelled/Himesh/denim shorts (jorts)/001440.jpg,6,0.566942,0.416008,0.84193,0.875925
/kaggle/input/datasets/afqwe0/clotheslabelled/Himesh/denim shorts (jorts)/002063.jpg,6,0.46976,0.544075,0.886852,0.891887
/kaggle/input/datasets/afqwe0/clotheslabelled/Himesh/denim shorts (jorts)/000442.jpg,6,0.340503,0.781633,0.37583,0.186842
/kaggle/input/datasets/afqwe0/clotheslabelled/Himesh/denim shorts (jorts)/000442.jpg,6,0.423997,0.598335,0.731255,0.785441
/kaggle/input/datasets/afqwe0/clotheslabelled/Himesh/denim shorts (jorts)/002073.jpg,6,0.390492,0.307278,0.46061,0.283868
/kaggle/input/datasets/afqwe0/clotheslabelled/Himesh/denim shorts (jorts)/001447.jpg,6,0.517968,0.802203,0.446437,0.16212
/kaggle/input/datasets/afqwe0/clotheslabelled/Himesh/denim shorts (jorts)/002062.jpg,6,0.544028,0.544317,0.467071,0.896324
/kaggle/input/datasets/afqwe0/clotheslabelled/Himesh/denim shorts (jorts)/000445.jpg,6,0.393773,0.563555,0.286548,0.132744
/kaggle/input/datasets/afqwe0/clotheslabelled/Himesh/denim shorts (jorts)/000445.jpg,6,0.463288,0.572199,0.459926,0.806309
/kaggle/input/datasets/afqwe0/clotheslabelled/Himesh/denim shorts (jorts)/001641.jpg,6,0.470964,0.411343,0.512517,0.285857
/kaggle/input/datasets/afqwe0/clotheslabelled/Himesh/denim shorts (jorts)/000639.jpg,6,0.473777,0.586049,0.327238,0.791247
/kaggle/input/datasets/afqwe0/clotheslabelled/Himesh/denim shorts (jorts)/002041.jpg,6,0.578216,0.524638,0.622662,0.835591
/kaggle/input/datasets/afqwe0/clotheslabelled/Himesh/denim shorts (jorts)/001444.jpg,6,0.374751,0.486218,0.746958,0.59888
/kaggle/input/datasets/afqwe0/clotheslabelled/Himesh/denim shorts (jorts)/001742.jpg,6,0.484857,0.27893,0.455253,0.290666
/kaggle/input/datasets/afqwe0/clotheslabelled/Himesh/denim shorts (jorts)/002185.jpg,6,0.626722,0.395866,0.211749,0.197478
/kaggle/input/datasets/afqwe0/clotheslabelled/Himesh/denim shorts (jorts)/002185.jpg,6,0.625346,0.501761,0.362022,1.0
/kaggle/input/datasets/afqwe0/clotheslabelled/Himesh/denim shorts (jorts)/001131.jpg,6,0.450092,0.545414,0.400551,0.231969
/kaggle/input/datasets/afqwe0/clotheslabelled/Himesh/denim shorts (jorts)/001131.jpg,6,0.453646,0.500586,0.649103,0.990299
/kaggle/input/datasets/afqwe0/clotheslabelled/Himesh/denim shorts (jorts)/000441.jpg,6,0.526346,0.571243,0.290025,0.798883
/kaggle/input/datasets/afqwe0/clotheslabelled/Himesh/denim shorts (jorts)/002182.jpg,6,0.499874,0.556882,1.0,0.728131
/kaggle/input/datasets/afqwe0/clotheslabelled/Himesh/denim shorts (jorts)/002217.jpg,6,0.503414,0.569807,0.378314,0.778049
/kaggle/input/datasets/afqwe0/clotheslabelled/Himesh/denim shorts (jorts)/002054.jpg,6,0.562375,0.513054,0.42242,0.862054
/kaggle/input/datasets/afqwe0/clotheslabelled/Himesh/denim shorts (jorts)/001132.jpg,6,0.394988,0.511839,0.629045,0.966436
/kaggle/input/datasets/afqwe0/clotheslabelled/Himesh/denim shorts (jorts)/001132.jpg,6,0.429678,0.699173,0.433586,0.220919
/kaggle/input/datasets/afqwe0/clotheslabelled/Himesh/denim shorts (jorts)/000750.jpg,6,0.447697,0.708391,0.522552,0.4466
/kaggle/input/datasets/afqwe0/clotheslabelled/Himesh/denim shorts (jorts)/000623.jpg,6,0.609768,0.769936,0.302481,0.339849
/kaggle/input/datasets/afqwe0/clotheslabelled/Himesh/denim shorts (jorts)/000623.jpg,6,0.557604,0.503837,0.687798,0.998865
/kaggle/input/datasets/afqwe0/clotheslabelled/Himesh/denim shorts (jorts)/000612.jpg,6,0.731312,0.757389,0.285459,0.346685
/kaggle/input/datasets/afqwe0/clotheslabelled/Himesh/denim shorts (jorts)/000612.jpg,6,0.675712,0.500129,0.599439,1.0
/kaggle/input/datasets/afqwe0/clotheslabelled/Himesh/denim shorts (jorts)/002230.jpg,6,0.509764,0.80705,0.440815,0.404326
/kaggle/input/datasets/afqwe0/clotheslabelled/Himesh/denim shorts (jorts)/002074.jpg,6,0.453788,0.265057,0.528438,0.352299
/kaggle/input/datasets/afqwe0/clotheslabelled/Himesh/denim shorts (jorts)/000617.jpg,6,0.470834,0.500631,0.566211,1.0
/kaggle/input/datasets/afqwe0/clotheslabelled/Himesh/denim shorts (jorts)/000037.jpg,6,0.308788,0.557588,0.549746,0.661049
/kaggle/input/datasets/afqwe0/clotheslabelled/Himesh/denim shorts (jorts)/001138.jpg,6,0.541289,0.499121,0.447064,0.996179
/kaggle/input/datasets/afqwe0/clotheslabelled/Himesh/denim shorts (jorts)/001138.jpg,6,0.504196,0.529133,0.309871,0.192242
/kaggle/input/datasets/afqwe0/clotheslabelled/Himesh/denim shorts (jorts)/001738.jpg,6,0.506393,0.473044,0.870841,0.593712
/kaggle/input/datasets/afqwe0/clotheslabelled/Himesh/denim shorts (jorts)/000622.jpg,6,0.738376,0.646044,0.307448,0.495209
/kaggle/input/datasets/afqwe0/clotheslabelled/Himesh/denim shorts (jorts)/000622.jpg,6,0.575343,0.497542,0.692809,1.0
/kaggle/input/datasets/afqwe0/clotheslabelled/Himesh/denim shorts (jorts)/002058.jpg,6,0.461419,0.542379,0.880554,0.831253
/kaggle/input/datasets/afqwe0/clotheslabelled/Himesh/denim shorts (jorts)/001644.jpg,6,0.558696,0.25164,0.772125,0.485462
/kaggle/input/datasets/afqwe0/clotheslabelled/Himesh/denim shorts (jorts)/001644.jpg,6,0.552595,0.498145,0.918744,0.99775
/kaggle/input/datasets/afqwe0/clotheslabelled/Himesh/denim shorts (jorts)/001450.jpg,6,0.509335,0.483236,0.904648,0.37764
/kaggle/input/datasets/afqwe0/clotheslabelled/Himesh/denim shorts (jorts)/002046.jpg,6,0.494264,0.491383,0.320857,0.871084
/kaggle/input/datasets/afqwe0/clotheslabelled/Himesh/denim shorts (jorts)/001640.jpg,6,0.518375,0.498145,0.780618,0.99266
/kaggle/input/datasets/afqwe0/clotheslabelled/Himesh/denim shorts (jorts)/001736.jpg,6,0.497633,0.284959,0.462041,0.301657
/kaggle/input/datasets/afqwe0/clotheslabelled/Himesh/denim shorts (jorts)/002224.jpg,6,0.555248,0.535098,0.68325,0.857864
/kaggle/input/datasets/afqwe0/clotheslabelled/Himesh/denim shorts (jorts)/002219.jpg,6,0.429305,0.588479,0.281097,0.636958
/kaggle/input/datasets/afqwe0/clotheslabelled/Himesh/denim shorts (jorts)/002235.jpg,6,0.549489,0.558086,0.531467,0.848069
/kaggle/input/datasets/afqwe0/clotheslabelled/Himesh/denim shorts (jorts)/000034.jpg,6,0.622272,0.323352,0.486493,0.284265
/kaggle/input/datasets/afqwe0/clotheslabelled/Himesh/denim shorts (jorts)/000034.jpg,6,0.649184,0.485454,0.772992,0.966436
/kaggle/input/datasets/afqwe0/clotheslabelled/Himesh/denim shorts (jorts)/001134.jpg,6,0.463175,0.484234,0.478938,0.965407
/kaggle/input/datasets/afqwe0/clotheslabelled/Himesh/denim shorts (jorts)/001134.jpg,6,0.471217,0.141506,0.362351,0.285459
/kaggle/input/datasets/afqwe0/clotheslabelled/Himesh/denim shorts (jorts)/000751.jpg,6,0.581445,0.488381,0.352158,0.969808
/kaggle/input/datasets/afqwe0/clotheslabelled/Himesh/denim shorts (jorts)/000035.jpg,6,0.513591,0.267538,0.454958,0.240852
/kaggle/input/datasets/afqwe0/clotheslabelled/Himesh/denim shorts (jorts)/000035.jpg,6,0.51414,0.477165,0.536622,0.945036
/kaggle/input/datasets/afqwe0/clotheslabelled/Himesh/denim shorts (jorts)/000753.jpg,6,0.503819,0.521912,1.0,0.608695
/kaggle/input/datasets/afqwe0/clotheslabelled/Himesh/denim shorts (jorts)/002049.jpg,6,0.423486,0.538012,0.775915,0.831253
/kaggle/input/datasets/afqwe0/clotheslabelled/Himesh/denim shorts (jorts)/002045.jpg,6,0.579571,0.54819,0.58184,0.890371
/kaggle/input/datasets/afqwe0/clotheslabelled/Himesh/denim shorts (jorts)/002045.jpg,6,0.510268,0.734737,0.343929,0.125712
/kaggle/input/datasets/afqwe0/clotheslabelled/Himesh/denim shorts (jorts)/001445.jpg,6,0.506835,0.440899,0.230927,0.706684
/kaggle/input/datasets/afqwe0/clotheslabelled/Himesh/denim shorts (jorts)/001737.jpg,6,0.464676,0.286954,0.331551,0.313301
/kaggle/input/datasets/afqwe0/clotheslabelled/Himesh/denim shorts (jorts)/001737.jpg,6,0.483105,0.485454,0.574209,0.974062
/kaggle/input/datasets/afqwe0/clotheslabelled/Himesh/denim shorts (jorts)/002187.jpg,6,0.713857,0.572604,0.240495,0.706816
/kaggle/input/datasets/afqwe0/clotheslabelled/Himesh/denim shorts (jorts)/002306.jpg,6,0.498226,0.272791,0.70166,0.522552
/kaggle/input/datasets/afqwe0/clotheslabelled/Himesh/denim shorts (jorts)/002218.jpg,6,0.573749,0.772543,0.548672,0.286256
/kaggle/input/datasets/afqwe0/clotheslabelled/Himesh/denim shorts (jorts)/002238.jpg,6,0.547792,0.497168,0.539189,0.988322
/kaggle/input/datasets/afqwe0/clotheslabelled/Himesh/denim shorts (jorts)/001743.jpg,6,0.564464,0.554712,0.916029,0.666374
/kaggle/input/datasets/afqwe0/clotheslabelled/Himesh/denim shorts (jorts)/001645.jpg,6,0.51562,0.673327,0.42547,0.464836
/kaggle/input/datasets/afqwe0/clotheslabelled/Himesh/denim shorts (jorts)/000749.jpg,6,0.506988,0.478086,0.977731,0.750839
/kaggle/input/datasets/afqwe0/clotheslabelled/Himesh/denim shorts (jorts)/001139.jpg,6,0.680685,0.805791,0.521782,0.33208
/kaggle/input/datasets/afqwe0/clotheslabelled/Himesh/denim shorts (jorts)/001139.jpg,6,0.59315,0.495704,0.719549,0.990595
/kaggle/input/datasets/afqwe0/clotheslabelled/Himesh/denim shorts (jorts)/000621.jpg,6,0.594221,0.497955,0.766434,0.994474
/kaggle/input/datasets/afqwe0/clotheslabelled/Himesh/denim shorts (jorts)/002052.jpg,6,0.536072,0.54698,0.672493,0.888836
/kaggle/input/datasets/afqwe0/clotheslabelled/Himesh/denim shorts (jorts)/000620.jpg,6,0.307798,0.737159,0.334684,0.442228
/kaggle/input/datasets/afqwe0/clotheslabelled/Himesh/denim shorts (jorts)/000620.jpg,6,0.458688,0.505027,0.642613,1.0
/kaggle/input/datasets/afqwe0/clotheslabelled/Himesh/denim shorts (jorts)/002075.jpg,6,0.389934,0.260019,0.391044,0.297559
/kaggle/input/datasets/afqwe0/clotheslabelled/Himesh/denim shorts (jorts)/002061.jpg,6,0.583607,0.530236,0.583616,0.923095
/kaggle/input/datasets/afqwe0/clotheslabelled/Himesh/denim shorts (jorts)/002042.jpg,6,0.546081,0.529507,0.631657,0.924197
/kaggle/input/datasets/afqwe0/clotheslabelled/Himesh/denim shorts (jorts)/002042.jpg,6,0.503107,0.745603,0.367435,0.1026
/kaggle/input/datasets/afqwe0/clotheslabelled/Himesh/denim shorts (jorts)/000614.jpg,6,0.418856,0.503982,0.659391,0.867993
/kaggle/input/datasets/afqwe0/clotheslabelled/Himesh/denim shorts (jorts)/000444.jpg,6,0.577666,0.522446,0.537969,0.83984
/kaggle/input/datasets/afqwe0/clotheslabelled/Himesh/denim shorts (jorts)/002183.jpg,6,0.633988,0.586373,0.229956,0.803261
/kaggle/input/datasets/afqwe0/clotheslabelled/Himesh/denim shorts (jorts)/000448.jpg,6,0.491273,0.567482,0.269409,0.881568
/kaggle/input/datasets/afqwe0/clotheslabelled/Himesh/denim shorts (jorts)/000448.jpg,6,0.52536,0.818114,0.192242,0.260213
/kaggle/input/datasets/afqwe0/clotheslabelled/Himesh/denim shorts (jorts)/002225.jpg,6,0.460574,0.773229,0.275556,0.43889
/kaggle/input/datasets/afqwe0/clotheslabelled/Himesh/denim shorts (jorts)/002225.jpg,6,0.452497,0.917463,0.228294,0.131624
/kaggle/input/datasets/afqwe0/clotheslabelled/Himesh/denim shorts (jorts)/001646.jpg,6,0.721055,0.526582,0.468986,0.970939
/kaggle/input/datasets/afqwe0/clotheslabelled/Himesh/denim shorts (jorts)/001646.jpg,6,0.708088,0.567914,0.406493,0.374353
/kaggle/input/datasets/afqwe0/clotheslabelled/Himesh/denim shorts (jorts)/001646.jpg,6,0.2929,0.521793,0.478725,0.970939
/kaggle/input/datasets/afqwe0/clotheslabelled/Himesh/denim shorts (jorts)/000033.jpg,6,0.470335,0.508253,0.988008,0.48351
/kaggle/input/datasets/afqwe0/clotheslabelled/Himesh/denim shorts (jorts)/002233.jpg,6,0.562122,0.546128,0.368596,0.865728
/kaggle/input/datasets/afqwe0/clotheslabelled/Himesh/denim shorts (jorts)/002186.jpg,6,0.636646,0.646279,0.346969,0.716256
/kaggle/input/datasets/afqwe0/clotheslabelled/Himesh/denim shorts (jorts)/000618.jpg,6,0.671947,0.751277,0.320063,0.493412
/kaggle/input/datasets/afqwe0/clotheslabelled/Himesh/denim shorts (jorts)/000618.jpg,6,0.524516,0.50519,0.694469,1.0
/kaggle/input/datasets/afqwe0/clotheslabelled/Himesh/denim shorts (jorts)/000619.jpg,6,0.466098,0.220086,0.61824,0.39617
/kaggle/input/datasets/afqwe0/clotheslabelled/Himesh/denim shorts (jorts)/000615.jpg,6,0.557989,0.558383,0.459028,0.885823
/kaggle/input/datasets/afqwe0/clotheslabelled/Himesh/denim shorts (jorts)/000615.jpg,6,0.473489,0.762952,0.278342,0.328212
/kaggle/input/datasets/afqwe0/clotheslabelled/Himesh/denim shorts (jorts)/001448.jpg,6,0.484184,0.582208,0.342784,0.788654
/kaggle/input/datasets/afqwe0/clotheslabelled/Himesh/denim shorts (jorts)/001443.jpg,6,0.499852,0.494019,0.998353,0.919298
/kaggle/input/datasets/afqwe0/clotheslabelled/Himesh/denim shorts (jorts)/002220.jpg,6,0.48653,0.836128,0.286225,0.204031
/kaggle/input/datasets/afqwe0/clotheslabelled/Himesh/denim shorts (jorts)/002220.jpg,6,0.50416,0.567891,0.370001,0.844465
/kaggle/input/datasets/afqwe0/clotheslabelled/Himesh/denim shorts (jorts)/002237.jpg,6,0.504689,0.442391,0.736977,0.454335
/kaggle/input/datasets/afqwe0/clotheslabelled/Himesh/denim shorts (jorts)/002237.jpg,6,0.529232,0.497168,0.944936,0.998403
/kaggle/input/datasets/afqwe0/clotheslabelled/Himesh/denim shorts (jorts)/001741.jpg,6,0.455333,0.489133,0.601521,0.627137
/kaggle/input/datasets/afqwe0/clotheslabelled/Himesh/denim shorts (jorts)/002077.jpg,6,0.482967,0.278733,0.507636,0.324328
/kaggle/input/datasets/afqwe0/clotheslabelled/Himesh/denim shorts (jorts)/001135.jpg,6,0.468405,0.163013,0.464924,0.288656
/kaggle/input/datasets/afqwe0/clotheslabelled/Himesh/denim shorts (jorts)/001135.jpg,6,0.459121,0.500098,0.508035,0.999826
/kaggle/input/datasets/afqwe0/clotheslabelled/Himesh/denim shorts (jorts)/001136.jpg,6,0.393956,0.511656,0.629045,0.964348
/kaggle/input/datasets/afqwe0/clotheslabelled/Himesh/denim shorts (jorts)/001136.jpg,6,0.429088,0.698929,0.432984,0.219912
/kaggle/input/datasets/afqwe0/clotheslabelled/Himesh/denim shorts (jorts)/001739.jpg,6,0.514048,0.4728,0.856371,0.567082
/kaggle/input/datasets/afqwe0/clotheslabelled/Himesh/denim shorts (jorts)/001740.jpg,6,0.512515,0.435814,0.266814,0.199626
/kaggle/input/datasets/afqwe0/clotheslabelled/Himesh/denim shorts (jorts)/001740.jpg,6,0.490215,0.475695,0.345299,0.939272
/kaggle/input/datasets/afqwe0/clotheslabelled/Himesh/denim shorts (jorts)/000755.jpg,6,0.511486,0.551091,0.973178,0.495223
/kaggle/input/datasets/afqwe0/clotheslabelled/Himesh/denim shorts (jorts)/001442.jpg,6,0.499365,0.552081,0.96929,0.539178
/kaggle/input/datasets/afqwe0/clotheslabelled/Himesh/denim shorts (jorts)/002240.jpg,6,0.606291,0.521715,0.697389,0.944218
/kaggle/input/datasets/afqwe0/clotheslabelled/Himesh/denim shorts (jorts)/001137.jpg,6,0.371888,0.49668,0.562805,0.997529
/kaggle/input/datasets/afqwe0/clotheslabelled/Himesh/denim shorts (jorts)/002222.jpg,6,0.504464,0.92174,0.233364,0.158924
/kaggle/input/datasets/afqwe0/clotheslabelled/Himesh/denim shorts (jorts)/002222.jpg,6,0.550366,0.514034,0.424127,0.982847
/kaggle/input/datasets/afqwe0/clotheslabelled/Himesh/denim shorts (jorts)/002234.jpg,6,0.465541,0.558086,0.650479,0.867126
/kaggle/input/datasets/afqwe0/clotheslabelled/Himesh/denim shorts (jorts)/001639.jpg,6,0.499008,0.484755,0.990881,0.800718
/kaggle/input/datasets/afqwe0/clotheslabelled/Himesh/denim shorts (jorts)/002184.jpg,6,0.562423,0.523031,0.4526,0.93907
/kaggle/input/datasets/afqwe0/clotheslabelled/Himesh/denim shorts (jorts)/002055.jpg,6,0.442941,0.471588,0.836068,0.694469
/kaggle/input/datasets/afqwe0/clotheslabelled/Himesh/denim shorts (jorts)/001446.jpg,6,0.720294,0.810004,0.263987,0.192116
/kaggle/input/datasets/afqwe0/clotheslabelled/Himesh/denim shorts (jorts)/000036.jpg,6,0.553029,0.309518,0.452486,0.26179
/kaggle/input/datasets/afqwe0/clotheslabelled/Himesh/denim shorts (jorts)/000036.jpg,6,0.577304,0.484722,0.770065,0.966436
/kaggle/input/datasets/afqwe0/clotheslabelled/Himesh/denim shorts (jorts)/002057.jpg,6,0.602395,0.534612,0.62147,0.917362
/kaggle/input/datasets/afqwe0/clotheslabelled/Himesh/denim shorts (jorts)/002057.jpg,6,0.66144,0.750429,0.332529,0.162651
/kaggle/input/datasets/afqwe0/clotheslabelled/Himesh/denim shorts (jorts)/000638.jpg,6,0.548586,0.60757,0.501494,0.770604
/kaggle/input/datasets/afqwe0/clotheslabelled/Himesh/denim shorts (jorts)/001133.jpg,6,0.472131,0.790537,0.519127,0.239071
/kaggle/input/datasets/afqwe0/clotheslabelled/Himesh/denim shorts (jorts)/001133.jpg,6,0.582407,0.49961,0.867959,0.998717
/kaggle/input/datasets/afqwe0/clotheslabelled/Himesh/denim shorts (jorts)/001735.jpg,6,0.489797,0.256353,0.478043,0.302481
/kaggle/input/datasets/afqwe0/clotheslabelled/Himesh/denim shorts (jorts)/002239.jpg,6,0.535704,0.490822,0.450868,0.979052
/kaggle/input/datasets/afqwe0/clotheslabelled/Himesh/denim shorts (jorts)/002227.jpg,6,0.561696,0.781463,0.384421,0.227029
/kaggle/input/datasets/afqwe0/clotheslabelled/Himesh/denim shorts (jorts)/002227.jpg,6,0.497848,0.544559,0.532856,0.890371
/kaggle/input/datasets/afqwe0/clotheslabelled/Himesh/denim shorts (jorts)/002228.jpg,6,0.54087,0.85051,0.229888,0.251531
/kaggle/input/datasets/afqwe0/clotheslabelled/Himesh/denim shorts (jorts)/002228.jpg,6,0.502854,0.580873,0.336426,0.850196
/kaggle/input/datasets/afqwe0/clotheslabelled/Himesh/denim shorts (jorts)/000443.jpg,6,0.510571,0.527677,0.397802,0.836078
/kaggle/input/datasets/afqwe0/clotheslabelled/Himesh/denim shorts (jorts)/002307.jpg,6,0.518302,0.503677,0.689474,0.704324
/kaggle/input/datasets/afqwe0/clotheslabelled/Himesh/denim shorts (jorts)/002078.jpg,6,0.475835,0.275213,0.441731,0.299194
/kaggle/input/datasets/afqwe0/clotheslabelled/Himesh/denim shorts (jorts)/001449.jpg,6,0.537041,0.593909,0.61241,0.423325
/kaggle/input/datasets/afqwe0/clotheslabelled/Himesh/denim shorts (jorts)/002079.jpg,6,0.301877,0.309935,0.466782,0.272883
/kaggle/input/datasets/afqwe0/clotheslabelled/Himesh/denim shorts (jorts)/002079.jpg,6,0.47704,0.460144,0.96378,0.921978
/kaggle/input/datasets/afqwe0/clotheslabelled/Himesh/cowl neck top/aefadf6097870a70e332d656122418be.jpg,21,0.461812,0.45483,0.652338,0.827331
/kaggle/input/datasets/afqwe0/clotheslabelled/Himesh/cowl neck top/73e5b73cb599ced65ede34cbdc709877.jpg,21,0.497969,0.482748,0.564557,0.563242
/kaggle/input/datasets/afqwe0/clotheslabelled/Himesh/cowl neck top/4fa31135eb7fba52c7975a699e9bd708.jpg,21,0.630857,0.634435,0.571614,0.619802
/kaggle/input/datasets/afqwe0/clotheslabelled/Himesh/cowl neck top/4fa31135eb7fba52c7975a699e9bd708.jpg,21,0.618418,0.498145,0.775537,0.999747
/kaggle/input/datasets/afqwe0/clotheslabelled/Himesh/cowl neck top/a5e7dbba0ffbb10ceb67935fa4d414a6.jpg,21,0.480065,0.468684,0.400568,0.448531
/kaggle/input/datasets/afqwe0/clotheslabelled/Himesh/cowl neck top/a5e7dbba0ffbb10ceb67935fa4d414a6.jpg,21,0.525314,0.504981,0.710167,0.984587
/kaggle/input/datasets/afqwe0/clotheslabelled/Himesh/cowl neck top/2d94e66c7850e1378b9bc66e147e04db.jpg,21,0.479905,0.410095,0.556854,0.526449
/kaggle/input/datasets/afqwe0/clotheslabelled/Himesh/cowl neck top/2d94e66c7850e1378b9bc66e147e04db.jpg,21,0.491345,0.355718,0.716625,0.713991
/kaggle/input/datasets/afqwe0/clotheslabelled/Himesh/cowl neck top/1854809b1a5c8ec48b825c6e203cdfa9.jpg,21,0.500483,0.485919,0.49942,0.460152
/kaggle/input/datasets/afqwe0/clotheslabelled/Himesh/cowl neck top/1854809b1a5c8ec48b825c6e203cdfa9.jpg,21,0.50327,0.509374,0.692546,0.972436
/kaggle/input/datasets/afqwe0/clotheslabelled/Himesh/cowl neck top/865af1140f1e6e8360536d8c6c856e2f.jpg,21,0.49222,0.503615,0.593111,0.559395
/kaggle/input/datasets/afqwe0/clotheslabelled/Himesh/cowl neck top/865af1140f1e6e8360536d8c6c856e2f.jpg,21,0.50934,0.501075,0.766852,0.990299
/kaggle/input/datasets/afqwe0/clotheslabelled/Himesh/cowl neck top/53a120e6ffdd9052d720e9bb52c63db6.jpg,21,0.501126,0.538498,0.682944,0.872435
/kaggle/input/datasets/afqwe0/clotheslabelled/Himesh/cowl neck top/53a120e6ffdd9052d720e9bb52c63db6.jpg,21,0.500096,0.496192,0.685073,0.958569
/kaggle/input/datasets/afqwe0/clotheslabelled/Himesh/cowl neck top/c4b2c057d8e70bf54faf79f24c09483e.jpg,21,0.76093,0.258505,0.365782,0.501083
/kaggle/input/datasets/afqwe0/clotheslabelled/Himesh/cowl neck top/c4b2c057d8e70bf54faf79f24c09483e.jpg,21,0.76093,0.258505,0.365782,0.501083
/kaggle/input/datasets/afqwe0/clotheslabelled/Himesh/cowl neck top/888fd8aa351def0345f61b44445808ea.jpg,21,0.434895,0.381862,0.442741,0.693563
/kaggle/input/datasets/afqwe0/clotheslabelled/Himesh/cowl neck top/888fd8aa351def0345f61b44445808ea.jpg,21,0.421737,0.498207,0.629047,0.988322
/kaggle/input/datasets/afqwe0/clotheslabelled/Himesh/cowl neck top/1401b0fe9e31eb6653de5173d1077889.jpg,21,0.479906,0.514034,0.7925,0.948193
/kaggle/input/datasets/afqwe0/clotheslabelled/Himesh/cowl neck top/1401b0fe9e31eb6653de5173d1077889.jpg,21,0.477983,0.498633,0.799852,0.988677
/kaggle/input/datasets/afqwe0/clotheslabelled/Himesh/cowl neck top/ea155627e7be765438699189cc6f9f9d.jpg,21,0.486218,0.432639,0.987449,0.612496
/kaggle/input/datasets/afqwe0/clotheslabelled/Himesh/cowl neck top/c9488f0fbf1afaa6d7e86293dcc71ad1.jpg,21,0.516474,0.44763,0.559395,0.827331
/kaggle/input/datasets/afqwe0/clotheslabelled/Himesh/cowl neck top/9e85bcb494a54e7795f2cc60078a2363.jpg,21,0.564414,0.49961,0.522216,0.968405
/kaggle/input/datasets/afqwe0/clotheslabelled/Himesh/cowl neck top/9e85bcb494a54e7795f2cc60078a2363.jpg,21,0.558118,0.259736,0.291276,0.203398
/kaggle/input/datasets/afqwe0/clotheslabelled/Himesh/cowl neck top/02a7d9ee310bf94380a123a7947d663e.jpg,21,0.460353,0.253617,0.31662,0.389647
/kaggle/input/datasets/afqwe0/clotheslabelled/Himesh/cowl neck top/02a7d9ee310bf94380a123a7947d663e.jpg,21,0.48277,0.497168,0.528242,0.998075
/kaggle/input/datasets/afqwe0/clotheslabelled/Himesh/cowl neck top/cceee43a88154ff52ba1c9bf8cf412bf.jpg,21,0.527769,0.289759,0.710645,0.538118
/kaggle/input/datasets/afqwe0/clotheslabelled/Himesh/cowl neck top/cceee43a88154ff52ba1c9bf8cf412bf.jpg,21,0.525209,0.49961,0.885037,0.99219
/kaggle/input/datasets/afqwe0/clotheslabelled/Himesh/cowl neck top/53db74bc9f43d3015630ea8a01fa2ea2.jpg,21,0.513949,0.494582,0.439011,0.440815
/kaggle/input/datasets/afqwe0/clotheslabelled/Himesh/cowl neck top/53db74bc9f43d3015630ea8a01fa2ea2.jpg,21,0.454091,0.49961,0.72444,0.99683
/kaggle/input/datasets/afqwe0/clotheslabelled/Himesh/cowl neck top/e012cf5ac64e1fcc79b19335eb6e7f7f.jpg,21,0.516108,0.506835,0.76783,0.908683
/kaggle/input/datasets/afqwe0/clotheslabelled/Himesh/cowl neck top/3a8549ff260ff5f3234205a004f86213.jpg,21,0.510224,0.499693,0.682022,0.96888
/kaggle/input/datasets/afqwe0/clotheslabelled/Himesh/cowl neck top/c6319043844d9dd56bae7d04ea5c7332.jpg,21,0.447637,0.355391,0.426606,0.601227
/kaggle/input/datasets/afqwe0/clotheslabelled/Himesh/cowl neck top/c6319043844d9dd56bae7d04ea5c7332.jpg,21,0.488279,0.498145,0.740587,0.999826
/kaggle/input/datasets/afqwe0/clotheslabelled/Himesh/cowl neck top/1b4ea1575b5b618b874c4ae09486be31.jpg,21,0.494595,0.500238,0.893946,0.935394
/kaggle/input/datasets/afqwe0/clotheslabelled/Himesh/cowl neck top/3ce8a63e37097a39c94d96904b6724a4.jpg,21,0.534349,0.49668,0.418699,0.994274
/kaggle/input/datasets/afqwe0/clotheslabelled/Himesh/cowl neck top/d8bb1044ef0b21e7f89577ba6f951019.jpg,21,0.52602,0.36548,0.223932,0.19468
/kaggle/input/datasets/afqwe0/clotheslabelled/Himesh/cowl neck top/d8bb1044ef0b21e7f89577ba6f951019.jpg,21,0.558053,0.546692,0.408743,0.793816
/kaggle/input/datasets/afqwe0/clotheslabelled/Himesh/cowl neck top/d8bb1044ef0b21e7f89577ba6f951019.jpg,21,0.52602,0.36548,0.223932,0.19468
/kaggle/input/datasets/afqwe0/clotheslabelled/Himesh/cowl neck top/d8bb1044ef0b21e7f89577ba6f951019.jpg,21,0.558053,0.546692,0.408743,0.793816
/kaggle/input/datasets/afqwe0/clotheslabelled/Himesh/cowl neck top/3d49bbd5a8831152cd9daa1e1f28799f.jpg,21,0.489425,0.453378,0.535676,0.41216
/kaggle/input/datasets/afqwe0/clotheslabelled/Himesh/cowl neck top/3d49bbd5a8831152cd9daa1e1f28799f.jpg,21,0.56567,0.502539,0.909315,0.987956
/kaggle/input/datasets/afqwe0/clotheslabelled/Himesh/cowl neck top/f6ab5e89952585157b7b8ebb4541da7a.jpg,21,0.529124,0.471583,0.518264,0.493271
/kaggle/input/datasets/afqwe0/clotheslabelled/Himesh/cowl neck top/f6ab5e89952585157b7b8ebb4541da7a.jpg,21,0.50292,0.506445,0.995261,0.978401
/kaggle/input/datasets/afqwe0/clotheslabelled/Himesh/cowl neck top/86e13fb6858038f75d3336a3578e9c5e.jpg,21,0.461239,0.334452,0.583002,0.410268
/kaggle/input/datasets/afqwe0/clotheslabelled/Himesh/cowl neck top/86e13fb6858038f75d3336a3578e9c5e.jpg,21,0.51658,0.498145,0.789049,0.999608
/kaggle/input/datasets/afqwe0/clotheslabelled/Himesh/cowl neck top/d003a2d47e18503a6a624ecb3c3ac018.jpg,21,0.491153,0.452948,0.728832,0.593712
/kaggle/input/datasets/afqwe0/clotheslabelled/Himesh/cowl neck top/72fc7aa98dac67176ee02a3537fef8cb.jpg,21,0.531692,0.582299,0.496954,0.499129
/kaggle/input/datasets/afqwe0/clotheslabelled/Himesh/cowl neck top/72fc7aa98dac67176ee02a3537fef8cb.jpg,21,0.569696,0.538741,0.887977,0.918539
/kaggle/input/datasets/afqwe0/clotheslabelled/Himesh/cowl neck top/6f94006643f911400bcf72bc51b1ca9c.jpg,21,0.506893,0.498145,0.404553,0.975596
/kaggle/input/datasets/afqwe0/clotheslabelled/Himesh/cowl neck top/ba409b71d2b4b423d57621c870c8a387.jpg,21,0.497399,0.611735,0.61824,0.541999
/kaggle/input/datasets/afqwe0/clotheslabelled/Himesh/cowl neck top/ba409b71d2b4b423d57621c870c8a387.jpg,21,0.439434,0.503028,0.893522,0.986374
/kaggle/input/datasets/afqwe0/clotheslabelled/Himesh/cowl neck top/ba409b71d2b4b423d57621c870c8a387.jpg,21,0.497399,0.611735,0.61824,0.541999
/kaggle/input/datasets/afqwe0/clotheslabelled/Himesh/cowl neck top/ba409b71d2b4b423d57621c870c8a387.jpg,21,0.439434,0.503028,0.893522,0.986374
/kaggle/input/datasets/afqwe0/clotheslabelled/Himesh/cowl neck top/e4f4a28e578ddd655451bdfc07c1b6e8.jpg,21,0.579937,0.450529,0.570914,0.854452
/kaggle/input/datasets/afqwe0/clotheslabelled/Himesh/cowl neck top/28c28ef69def0eacea13acbd66a7f49b.jpg,21,0.502743,0.552057,0.580296,0.540059
/kaggle/input/datasets/afqwe0/clotheslabelled/Himesh/cowl neck top/28c28ef69def0eacea13acbd66a7f49b.jpg,21,0.440162,0.498145,0.90898,0.999481
/kaggle/input/datasets/afqwe0/clotheslabelled/Himesh/cowl neck top/ca09cc55532356fed5469daf439d94ea.jpg,21,0.274812,0.498633,0.350182,0.989994
/kaggle/input/datasets/afqwe0/clotheslabelled/Himesh/cowl neck top/0670c93e47e99eac5ec82aad3dfc4803.jpg,21,0.542184,0.421243,0.634039,0.617959
/kaggle/input/datasets/afqwe0/clotheslabelled/Himesh/cowl neck top/9d54d8a795315dbe783c3b7bf6082a21.jpg,21,0.508124,0.448663,0.510101,0.37489
/kaggle/input/datasets/afqwe0/clotheslabelled/Himesh/cowl neck top/9d54d8a795315dbe783c3b7bf6082a21.jpg,21,0.495309,0.602574,0.711768,0.686882
/kaggle/input/datasets/afqwe0/clotheslabelled/Himesh/cowl neck top/9d54d8a795315dbe783c3b7bf6082a21.jpg,21,0.481086,0.505957,0.998178,0.970263
/kaggle/input/datasets/afqwe0/clotheslabelled/Himesh/cowl neck top/fda78cd1e4112abe12dd889dd8e4544a.jpg,21,0.513973,0.538937,0.506942,0.743994
/kaggle/input/datasets/afqwe0/clotheslabelled/Himesh/cowl neck top/fda78cd1e4112abe12dd889dd8e4544a.jpg,21,0.561118,0.497168,0.709181,0.999972
/kaggle/input/datasets/afqwe0/clotheslabelled/Himesh/cowl neck top/086d47858e94bae18ea8eac2d3e5e1f1.jpg,21,0.518866,0.478117,0.381357,0.433126
/kaggle/input/datasets/afqwe0/clotheslabelled/Himesh/cowl neck top/086d47858e94bae18ea8eac2d3e5e1f1.jpg,21,0.523734,0.501563,0.588354,0.988322
/kaggle/input/datasets/afqwe0/clotheslabelled/Himesh/cowl neck top/e2ac58c448ea1c03ff720c4ecdc87d22.jpg,21,0.500678,0.48499,0.794188,0.616198
/kaggle/input/datasets/afqwe0/clotheslabelled/Himesh/cowl neck top/e2ac58c448ea1c03ff720c4ecdc87d22.jpg,21,0.507445,0.315235,0.20805,0.268566
/kaggle/input/datasets/afqwe0/clotheslabelled/Himesh/cowl neck top/c26f3ed01fe20dcf2679f57d7a9bef58.jpg,21,0.496878,0.423096,0.448895,0.312461
/kaggle/input/datasets/afqwe0/clotheslabelled/Himesh/cowl neck top/c26f3ed01fe20dcf2679f57d7a9bef58.jpg,21,0.502576,0.505957,0.662857,0.980891
/kaggle/input/datasets/afqwe0/clotheslabelled/Himesh/cowl neck top/bfee43fdfe6fb2b02d3846055bb52586.jpg,21,0.46131,0.459659,0.710954,0.928461
/kaggle/input/datasets/afqwe0/clotheslabelled/Himesh/cowl neck top/bfee43fdfe6fb2b02d3846055bb52586.jpg,21,0.551171,0.497168,0.938083,0.999977
/kaggle/input/datasets/afqwe0/clotheslabelled/Himesh/cowl neck top/b224b46ddad9cb10aeaaf939429b29ee.jpg,21,0.495806,0.528244,0.651601,0.758588
/kaggle/input/datasets/afqwe0/clotheslabelled/Himesh/cowl neck top/f1534068ba7165296ccc6809291f55b0.jpg,21,0.563797,0.591768,0.801936,0.796361
/kaggle/input/datasets/afqwe0/clotheslabelled/Himesh/cowl neck top/8792a33fd83b1e905a47b7ee384d167c.jpg,21,0.554408,0.494094,0.615287,0.713119
/kaggle/input/datasets/afqwe0/clotheslabelled/Himesh/cowl neck top/9c33baf32beccbd37ada24354d8c02d6.jpg,21,0.501203,0.498398,0.846918,0.701059
/kaggle/input/datasets/afqwe0/clotheslabelled/Himesh/cowl neck top/0d5b21d7759bd35bfabede91efa02bf1.jpg,21,0.50653,0.446664,0.465979,0.833925
/kaggle/input/datasets/afqwe0/clotheslabelled/Himesh/cowl neck top/0d5b21d7759bd35bfabede91efa02bf1.jpg,21,0.485661,0.500586,0.644405,0.99116
/kaggle/input/datasets/afqwe0/clotheslabelled/Himesh/cowl neck top/2bd3c65e71787a180c4f9c06edad4d50.jpg,21,0.593392,0.47763,0.541399,0.341678
/kaggle/input/datasets/afqwe0/clotheslabelled/Himesh/cowl neck top/2bd3c65e71787a180c4f9c06edad4d50.jpg,21,0.540504,0.543833,0.662455,0.90199
/kaggle/input/datasets/afqwe0/clotheslabelled/Himesh/cowl neck top/3413cc6e469cc581fbae80aa110b4713.jpg,21,0.440744,0.499121,0.862238,0.997529
/kaggle/input/datasets/afqwe0/clotheslabelled/Himesh/cowl neck top/3413cc6e469cc581fbae80aa110b4713.jpg,21,0.438807,0.579208,0.83331,0.586152
/kaggle/input/datasets/afqwe0/clotheslabelled/Himesh/cowl neck top/0eb5ccc0f7f98f8061ecab36fcbe1045.jpg,21,0.520119,0.470447,0.352615,0.522552
/kaggle/input/datasets/afqwe0/clotheslabelled/Himesh/cowl neck top/0eb5ccc0f7f98f8061ecab36fcbe1045.jpg,21,0.526287,0.506445,0.685521,0.979683
/kaggle/input/datasets/afqwe0/clotheslabelled/Himesh/cowl neck top/f1f5cd40487097c5aebd683b84a6c59d.jpg,21,0.40957,0.494583,0.592777,0.530342
/kaggle/input/datasets/afqwe0/clotheslabelled/Himesh/cowl neck top/f1f5cd40487097c5aebd683b84a6c59d.jpg,21,0.413376,0.474992,0.595887,0.570914
/kaggle/input/datasets/afqwe0/clotheslabelled/Himesh/cowl neck top/5dc1d73247cadef14169acee01d80e2f.jpg,21,0.479539,0.509718,0.701885,0.690232
/kaggle/input/datasets/afqwe0/clotheslabelled/Himesh/cowl neck top/5dc1d73247cadef14169acee01d80e2f.jpg,21,0.473777,0.498633,0.950389,0.999856
/kaggle/input/datasets/afqwe0/clotheslabelled/Himesh/cowl neck top/c846efc59bbf00558610646e149946a1.jpg,21,0.498173,0.499666,0.74829,0.662098
/kaggle/input/datasets/afqwe0/clotheslabelled/Himesh/cowl neck top/c846efc59bbf00558610646e149946a1.jpg,21,0.498173,0.499666,0.74829,0.662098
/kaggle/input/datasets/afqwe0/clotheslabelled/Himesh/cowl neck top/4bd8de43191a366c6cd3cb235cab245f.jpg,21,0.455612,0.56102,0.606365,0.584256
/kaggle/input/datasets/afqwe0/clotheslabelled/Himesh/cowl neck top/4bd8de43191a366c6cd3cb235cab245f.jpg,21,0.455212,0.499121,0.860026,0.99943
/kaggle/input/datasets/afqwe0/clotheslabelled/Himesh/cowl neck top/26af24a3fb94d50bb1415cc897782aca.jpg,21,0.520592,0.534855,0.459884,0.921978
/kaggle/input/datasets/afqwe0/clotheslabelled/Himesh/cowl neck top/26af24a3fb94d50bb1415cc897782aca.jpg,21,0.527971,0.438256,0.286497,0.334164
/kaggle/input/datasets/afqwe0/clotheslabelled/Himesh/cowl neck top/ecfb92eeaee47a4da38ef7472e698490.jpg,21,0.449311,0.50791,0.831787,0.976329
/kaggle/input/datasets/afqwe0/clotheslabelled/Himesh/cowl neck top/ecfb92eeaee47a4da38ef7472e698490.jpg,21,0.449311,0.50791,0.831787,0.976329
/kaggle/input/datasets/afqwe0/clotheslabelled/Himesh/cowl neck top/ecfb92eeaee47a4da38ef7472e698490.jpg,21,0.449311,0.50791,0.831787,0.976329
/kaggle/input/datasets/afqwe0/clotheslabelled/Himesh/cowl neck top/f26c807ca41af771605c6b145b7480eb.jpg,21,0.515193,0.364408,0.591826,0.61241
/kaggle/input/datasets/afqwe0/clotheslabelled/Himesh/cowl neck top/f26c807ca41af771605c6b145b7480eb.jpg,21,0.504181,0.50293,0.644405,0.982571
/kaggle/input/datasets/afqwe0/clotheslabelled/Himesh/cowl neck top/d3fe3d293ea5cc4b558f70b068317b2a.jpg,21,0.481629,0.42998,0.305914,0.317012
/kaggle/input/datasets/afqwe0/clotheslabelled/Himesh/cowl neck top/d3fe3d293ea5cc4b558f70b068317b2a.jpg,21,0.460502,0.513607,0.391723,0.960391
/kaggle/input/datasets/afqwe0/clotheslabelled/Himesh/cowl neck top/69d83296985a23d719db6916244167b3.jpg,21,0.573697,0.613125,0.655495,0.752819
/kaggle/input/datasets/afqwe0/clotheslabelled/Himesh/cowl neck top/69d83296985a23d719db6916244167b3.jpg,21,0.573132,0.576826,0.646415,0.652338
/kaggle/input/datasets/afqwe0/clotheslabelled/Himesh/cowl neck top/cd8a6d77b6aa42a59ba5694db1c7ed31.jpg,21,0.513454,0.515718,0.604451,0.932503
/kaggle/input/datasets/afqwe0/clotheslabelled/Himesh/cowl neck top/cf4e7c9cfa696ac6930472eb850b1141.jpg,21,0.464479,0.387409,0.566388,0.731909
/kaggle/input/datasets/afqwe0/clotheslabelled/Himesh/cowl neck top/cf4e7c9cfa696ac6930472eb850b1141.jpg,21,0.538683,0.501563,0.903058,0.99219
/kaggle/input/datasets/afqwe0/clotheslabelled/Himesh/cowl neck top/4cf4e7ac9d564d29a84c856b6dacad71.jpg,21,0.62945,0.63534,0.574164,0.619801
/kaggle/input/datasets/afqwe0/clotheslabelled/Himesh/cowl neck top/4cf4e7ac9d564d29a84c856b6dacad71.jpg,21,0.61944,0.498145,0.776802,0.999894
/kaggle/input/datasets/afqwe0/clotheslabelled/Himesh/cowl neck top/8c67b60f9afea2c29d5aa95945cf17f5.jpg,21,0.545486,0.499121,0.947326,0.999982
/kaggle/input/datasets/afqwe0/clotheslabelled/Himesh/cowl neck top/8c67b60f9afea2c29d5aa95945cf17f5.jpg,21,0.543319,0.583998,0.937738,0.823443
/kaggle/input/datasets/afqwe0/clotheslabelled/Himesh/cowl neck top/8c67b60f9afea2c29d5aa95945cf17f5.jpg,21,0.641098,0.229839,0.33644,0.117374
/kaggle/input/datasets/afqwe0/clotheslabelled/Himesh/cowl neck top/a4c92e70fd69383acde04f450aaa4c7d.jpg,21,0.46816,0.49961,0.874001,0.960981
/kaggle/input/datasets/afqwe0/clotheslabelled/Himesh/cowl neck top/501831fd4edb5bc36c283cca14405d7b.jpg,21,0.620072,0.558568,0.693371,0.870686
/kaggle/input/datasets/afqwe0/clotheslabelled/Himesh/cowl neck top/501831fd4edb5bc36c283cca14405d7b.jpg,21,0.621935,0.52873,0.688701,0.591826
/kaggle/input/datasets/afqwe0/clotheslabelled/Himesh/cowl neck top/930b0f2e42a1df50b9b64ab84f8a6ca7.jpg,21,0.500264,0.498245,0.749153,0.963258
/kaggle/input/datasets/afqwe0/clotheslabelled/Himesh/cowl neck top/944f8746fabb95aec1b749acf4ceec24.jpg,21,0.497381,0.500479,0.916522,0.988677
/kaggle/input/datasets/afqwe0/clotheslabelled/Himesh/cowl neck top/3da635b99311a77b769c15c8d8d20aac.jpg,21,0.508016,0.458465,0.659401,0.669839
/kaggle/input/datasets/afqwe0/clotheslabelled/Himesh/cowl neck top/c06dd18eae513942b153aef34ffc93a6.jpg,21,0.53802,0.590116,0.521043,0.716305
/kaggle/input/datasets/afqwe0/clotheslabelled/Himesh/cowl neck top/c06dd18eae513942b153aef34ffc93a6.jpg,21,0.465636,0.519887,0.762472,0.946636
/kaggle/input/datasets/afqwe0/clotheslabelled/Himesh/cowl neck top/3cd02939a673f41340ca4cad49f53ec0.jpg,21,0.488233,0.545332,0.523112,0.567082
/kaggle/input/datasets/afqwe0/clotheslabelled/Himesh/cowl neck top/3cd02939a673f41340ca4cad49f53ec0.jpg,21,0.371976,0.498145,0.759083,0.998936
/kaggle/input/datasets/afqwe0/clotheslabelled/Himesh/cowl neck top/40ff00640f6bf7185443b3d0a71867e7.jpg,21,0.478142,0.29909,0.499696,0.458212
/kaggle/input/datasets/afqwe0/clotheslabelled/Himesh/cowl neck top/40ff00640f6bf7185443b3d0a71867e7.jpg,21,0.501907,0.498633,0.814436,0.999291
/kaggle/input/datasets/afqwe0/clotheslabelled/Himesh/cowl neck top/1ccecee022a9a938b796f0630bfbe83d.jpg,21,0.482177,0.499121,0.876932,0.993907
/kaggle/input/datasets/afqwe0/clotheslabelled/Himesh/cowl neck top/f17f6a06f8d02e89f2acd3937ac4fcc3.jpg,21,0.526489,0.495967,0.821717,0.919962
/kaggle/input/datasets/afqwe0/clotheslabelled/Himesh/cowl neck top/f17f6a06f8d02e89f2acd3937ac4fcc3.jpg,21,0.512126,0.515718,1.0,0.958569
/kaggle/input/datasets/afqwe0/clotheslabelled/Himesh/cowl neck top/eeaf4451115cd9c552339b2c9dcb715a.jpg,21,0.520545,0.50085,0.357542,0.899513
/kaggle/input/datasets/afqwe0/clotheslabelled/Himesh/cowl neck top/eeaf4451115cd9c552339b2c9dcb715a.jpg,21,0.50003,0.282989,0.232242,0.246178
/kaggle/input/datasets/afqwe0/clotheslabelled/Himesh/cowl neck top/004fd4819b50b28e4d156bb05ed6539d.jpg,21,0.55162,0.473531,0.541999,0.850523
/kaggle/input/datasets/afqwe0/clotheslabelled/Himesh/cowl neck top/40fda6a4ff53efd9f1d352581cf1d7ca.jpg,21,0.501965,0.499382,0.980932,0.989994
/kaggle/input/datasets/afqwe0/clotheslabelled/Himesh/cowl neck top/40fda6a4ff53efd9f1d352581cf1d7ca.jpg,21,0.500606,0.104645,0.474745,0.200878
/kaggle/input/datasets/afqwe0/clotheslabelled/Himesh/cowl neck top/78ee1b42279d3ac37044e3e464eeb660.jpg,21,0.57464,0.554953,0.584391,0.700164
/kaggle/input/datasets/afqwe0/clotheslabelled/Himesh/cowl neck top/166555fcdc20c7a6b7136d205ee3d472.jpg,21,0.430904,0.331632,0.780248,0.567082
/kaggle/input/datasets/afqwe0/clotheslabelled/Himesh/cowl neck top/166555fcdc20c7a6b7136d205ee3d472.jpg,21,0.465079,0.501244,0.989499,0.985947
/kaggle/input/datasets/afqwe0/clotheslabelled/Himesh/cowl neck top/72045788c9b723e57a8085a88d813a3e.jpg,21,0.50411,0.451926,0.383477,0.39804
/kaggle/input/datasets/afqwe0/clotheslabelled/Himesh/cowl neck top/72045788c9b723e57a8085a88d813a3e.jpg,21,0.510942,0.506225,0.668281,0.976329
/kaggle/input/datasets/afqwe0/clotheslabelled/Himesh/cowl neck top/c6fbb9074e68bc885218330b5554e40f.jpg,21,0.483159,0.497665,0.829242,0.911243
/kaggle/input/datasets/afqwe0/clotheslabelled/Himesh/cowl neck top/c71ec7bcd90620b78cfd3d217d21e459.jpg,21,0.495193,0.6585,0.544515,0.667322
/kaggle/input/datasets/afqwe0/clotheslabelled/Himesh/cowl neck top/a9c1aac8dd6408b71eb43709f480e261.jpg,21,0.571879,0.504492,0.387951,0.958569
/kaggle/input/datasets/afqwe0/clotheslabelled/Himesh/cowl neck top/a9c1aac8dd6408b71eb43709f480e261.jpg,21,0.571879,0.504492,0.387951,0.958569
/kaggle/input/datasets/afqwe0/clotheslabelled/Himesh/cowl neck top/a05d85812a478a66ec4cc7d841374de8.jpg,21,0.502269,0.499477,0.827849,0.899193
/kaggle/input/datasets/afqwe0/clotheslabelled/Himesh/cowl neck top/207bdd5f4d636556809a49c088fb762a.jpg,21,0.509426,0.443355,0.555487,0.375806
/kaggle/input/datasets/afqwe0/clotheslabelled/Himesh/cowl neck top/207bdd5f4d636556809a49c088fb762a.jpg,21,0.501313,0.504004,0.632972,0.984106
/kaggle/input/datasets/afqwe0/clotheslabelled/Himesh/cowl neck top/8b23847d7ad61069654f2adf87a3ac5f.jpg,21,0.496903,0.495967,0.473763,0.783398
/kaggle/input/datasets/afqwe0/clotheslabelled/Himesh/cowl neck top/d223e78b2b6abc69e0daceb6bc13a262.jpg,21,0.527605,0.573724,0.809285,0.545875
/kaggle/input/datasets/afqwe0/clotheslabelled/Himesh/cowl neck top/8f29142668fc4080f22428e7786b77f7.jpg,21,0.610952,0.539469,0.623926,0.429294
/kaggle/input/datasets/afqwe0/clotheslabelled/Himesh/cowl neck top/8f29142668fc4080f22428e7786b77f7.jpg,21,0.597292,0.510619,0.83489,0.96888
/kaggle/input/datasets/afqwe0/clotheslabelled/Himesh/cowl neck top/a0feb876449d809e3c5246815b46bd6b.jpg,21,0.493851,0.520009,0.491172,0.469869
/kaggle/input/datasets/afqwe0/clotheslabelled/Himesh/cowl neck top/a0feb876449d809e3c5246815b46bd6b.jpg,21,0.494217,0.509154,0.601501,0.970263
/kaggle/input/datasets/afqwe0/clotheslabelled/Himesh/cowl neck top/781e0e0bd6abca3bfe3721150134d7b0.jpg,21,0.449053,0.616056,0.804263,0.767068
/kaggle/input/datasets/afqwe0/clotheslabelled/Himesh/cowl neck top/d46c8e8162382de1f3339955c641b030.jpg,21,0.677017,0.494338,0.432383,0.458212
/kaggle/input/datasets/afqwe0/clotheslabelled/Himesh/cowl neck top/d46c8e8162382de1f3339955c641b030.jpg,21,0.680702,0.484966,0.694002,0.942549
/kaggle/input/datasets/afqwe0/clotheslabelled/Himesh/cowl neck top/71059fc3cf5d1780ab941d18d741b04b.jpg,21,0.514321,0.520496,0.882798,0.954681
/kaggle/input/datasets/afqwe0/clotheslabelled/Himesh/cowl neck top/58478f14062d21f722d340e279ab728a.jpg,21,0.38681,0.508315,0.512799,0.742573
/kaggle/input/datasets/afqwe0/clotheslabelled/Himesh/cowl neck top/58478f14062d21f722d340e279ab728a.jpg,21,0.426895,0.500113,0.824576,1.0
/kaggle/input/datasets/afqwe0/clotheslabelled/Himesh/cowl neck top/303ee60b16557f7515821170e750ca7f.jpg,21,0.570813,0.484943,0.472048,0.41785
/kaggle/input/datasets/afqwe0/clotheslabelled/Himesh/cowl neck top/303ee60b16557f7515821170e750ca7f.jpg,21,0.564255,0.512632,0.809489,0.967924
/kaggle/input/datasets/afqwe0/clotheslabelled/Himesh/cowl neck top/b04c599cb9201f8d0d3184788e13739a.jpg,21,0.491749,0.259097,0.67931,0.503036
/kaggle/input/datasets/afqwe0/clotheslabelled/Himesh/cowl neck top/b04c599cb9201f8d0d3184788e13739a.jpg,21,0.491749,0.259097,0.67931,0.503036
/kaggle/input/datasets/afqwe0/clotheslabelled/Himesh/cowl neck top/c329a71cf38bfa3f6dec9cd4b4c95153.jpg,21,0.520087,0.479602,0.661355,0.948193
/kaggle/input/datasets/afqwe0/clotheslabelled/Himesh/cowl neck top/c329a71cf38bfa3f6dec9cd4b4c95153.jpg,21,0.540263,0.287954,0.606914,0.471816
/kaggle/input/datasets/afqwe0/clotheslabelled/Himesh/cowl neck top/d408b6fc8c59685f893b72cd33da7589.jpg,21,0.523366,0.430794,0.553847,0.512799
/kaggle/input/datasets/afqwe0/clotheslabelled/Himesh/cowl neck top/dbca5406127068110ae6f6bc348e2bf8.jpg,21,0.568261,0.55254,0.623926,0.662891
/kaggle/input/datasets/afqwe0/clotheslabelled/Himesh/cowl neck top/dbca5406127068110ae6f6bc348e2bf8.jpg,21,0.54895,0.518644,0.917353,0.951179
/kaggle/input/datasets/afqwe0/clotheslabelled/Himesh/cowl neck top/85e8e4d043164bd9e20f2475e2699843.jpg,21,0.503316,0.461259,0.857938,0.684434
/kaggle/input/datasets/afqwe0/clotheslabelled/Himesh/cowl neck top/85e8e4d043164bd9e20f2475e2699843.jpg,21,0.51256,0.200822,0.318603,0.151033
/kaggle/input/datasets/afqwe0/clotheslabelled/Himesh/cowl neck top/3e109cb87087cfc251ba621c77caeafe.jpg,21,0.573171,0.436137,0.506045,0.378559
/kaggle/input/datasets/afqwe0/clotheslabelled/Himesh/cowl neck top/3e109cb87087cfc251ba621c77caeafe.jpg,21,0.479142,0.508849,0.818972,0.975596
/kaggle/input/datasets/afqwe0/clotheslabelled/Himesh/cowl neck top/e8bfeb8103dfcc84b8831646dc8b978b.jpg,21,0.491395,0.467103,0.291068,0.367596
/kaggle/input/datasets/afqwe0/clotheslabelled/Himesh/cowl neck top/e8bfeb8103dfcc84b8831646dc8b978b.jpg,21,0.459901,0.515315,0.45273,0.957944
/kaggle/input/datasets/afqwe0/clotheslabelled/Himesh/cowl neck top/c991352d7c5a16237e97c8d3c4017108.jpg,21,0.514645,0.434157,0.39748,0.369414
/kaggle/input/datasets/afqwe0/clotheslabelled/Himesh/cowl neck top/c991352d7c5a16237e97c8d3c4017108.jpg,21,0.511897,0.512876,0.637483,0.963807
/kaggle/input/datasets/afqwe0/clotheslabelled/Himesh/cowl neck top/ecfe60a368730efc063c3a9a69b11f17.jpg,21,0.425686,0.50412,0.539193,0.541999
/kaggle/input/datasets/afqwe0/clotheslabelled/Himesh/cowl neck top/ecfe60a368730efc063c3a9a69b11f17.jpg,21,0.465733,0.499121,0.814587,0.999
/kaggle/input/datasets/afqwe0/clotheslabelled/Himesh/cowl neck top/203c8f3729082513cf2d3c3dace387ec.jpg,21,0.499959,0.497559,0.721492,0.942549
/kaggle/input/datasets/afqwe0/clotheslabelled/Himesh/cowl neck top/203c8f3729082513cf2d3c3dace387ec.jpg,21,0.499959,0.497559,0.721492,0.942549
/kaggle/input/datasets/afqwe0/clotheslabelled/Himesh/cowl neck top/91799698431425a17c11720c17827fc3.jpg,21,0.497468,0.499988,0.686724,0.667322
/kaggle/input/datasets/afqwe0/clotheslabelled/Himesh/cowl neck top/91799698431425a17c11720c17827fc3.jpg,21,0.500238,0.278601,0.173947,0.219679
/kaggle/input/datasets/afqwe0/clotheslabelled/Himesh/turtle neck/b6e38b9000f41356750957629a94cea2.jpg,22,0.50631,0.430184,0.942141,0.846045
/kaggle/input/datasets/afqwe0/clotheslabelled/Himesh/turtle neck/1f60a33b136bb7504d2bfda37721b305.jpg,22,0.510343,0.43439,0.72873,0.836078
/kaggle/input/datasets/afqwe0/clotheslabelled/Himesh/turtle neck/1f60a33b136bb7504d2bfda37721b305.jpg,22,0.510343,0.43439,0.72873,0.836078
/kaggle/input/datasets/afqwe0/clotheslabelled/Himesh/turtle neck/1f60a33b136bb7504d2bfda37721b305.jpg,22,0.510343,0.43439,0.72873,0.836078
/kaggle/input/datasets/afqwe0/clotheslabelled/Himesh/turtle neck/0bc2586572e82eaf4752f79955c76df0.jpg,22,0.516857,0.462328,0.988325,0.929492
/kaggle/input/datasets/afqwe0/clotheslabelled/Himesh/turtle neck/9ddb8807117530908aa25dbdf9f92d57.jpg,22,0.50225,0.508666,0.699216,0.825703
/kaggle/input/datasets/afqwe0/clotheslabelled/Himesh/turtle neck/9ddb8807117530908aa25dbdf9f92d57.jpg,22,0.50225,0.508666,0.699216,0.825703
/kaggle/input/datasets/afqwe0/clotheslabelled/Himesh/turtle neck/c07fb194498cc74b53ff9aa2d676f3b1.jpg,22,0.499649,0.49823,0.746288,0.890371
/kaggle/input/datasets/afqwe0/clotheslabelled/Himesh/turtle neck/5b0677c650be33cb8be64665c0e750af.jpg,22,0.50769,0.481064,0.741824,0.923095
/kaggle/input/datasets/afqwe0/clotheslabelled/Himesh/turtle neck/5b0677c650be33cb8be64665c0e750af.jpg,22,0.50769,0.481064,0.741824,0.923095
/kaggle/input/datasets/afqwe0/clotheslabelled/Himesh/turtle neck/bf962e19a01cddec73a934d27fb6f79a.jpg,22,0.498586,0.513059,0.872241,0.746288
/kaggle/input/datasets/afqwe0/clotheslabelled/Himesh/turtle neck/75ff957ca3e34bbbfb603bc22a7a3a92.jpg,22,0.500352,0.51013,0.896343,0.71079
/kaggle/input/datasets/afqwe0/clotheslabelled/Himesh/turtle neck/df3436b64b8f34349cbb3970432e35fc.jpg,22,0.49799,0.494727,0.982746,0.987578
/kaggle/input/datasets/afqwe0/clotheslabelled/Himesh/turtle neck/d10485a4e8ab0d7388944d026281720b.jpg,22,0.505786,0.305475,1.0,0.543938
/kaggle/input/datasets/afqwe0/clotheslabelled/Himesh/turtle neck/d10485a4e8ab0d7388944d026281720b.jpg,22,0.512805,0.690194,1.0,0.601314
/kaggle/input/datasets/afqwe0/clotheslabelled/Himesh/turtle neck/d10485a4e8ab0d7388944d026281720b.jpg,22,0.505786,0.305475,1.0,0.543938
/kaggle/input/datasets/afqwe0/clotheslabelled/Himesh/turtle neck/d10485a4e8ab0d7388944d026281720b.jpg,22,0.512805,0.690194,1.0,0.601314
/kaggle/input/datasets/afqwe0/clotheslabelled/Himesh/turtle neck/d10485a4e8ab0d7388944d026281720b.jpg,22,0.505786,0.305475,1.0,0.543938
/kaggle/input/datasets/afqwe0/clotheslabelled/Himesh/turtle neck/d10485a4e8ab0d7388944d026281720b.jpg,22,0.512805,0.690194,1.0,0.601314
/kaggle/input/datasets/afqwe0/clotheslabelled/Himesh/turtle neck/d10485a4e8ab0d7388944d026281720b.jpg,22,0.505786,0.305475,1.0,0.543938
/kaggle/input/datasets/afqwe0/clotheslabelled/Himesh/turtle neck/d10485a4e8ab0d7388944d026281720b.jpg,22,0.512805,0.690194,1.0,0.601314
/kaggle/input/datasets/afqwe0/clotheslabelled/Himesh/turtle neck/d10485a4e8ab0d7388944d026281720b.jpg,22,0.505786,0.305475,1.0,0.543938
/kaggle/input/datasets/afqwe0/clotheslabelled/Himesh/turtle neck/d10485a4e8ab0d7388944d026281720b.jpg,22,0.512805,0.690194,1.0,0.601314
/kaggle/input/datasets/afqwe0/clotheslabelled/Himesh/turtle neck/390c681ffa74a9c983fb540e5b645ff5.jpg,22,0.513363,0.497657,0.640816,0.991429
/kaggle/input/datasets/afqwe0/clotheslabelled/Himesh/turtle neck/390c681ffa74a9c983fb540e5b645ff5.jpg,22,0.514705,0.427465,0.641632,0.846506
/kaggle/input/datasets/afqwe0/clotheslabelled/Himesh/turtle neck/9fcadf3f850ea5fd0a90684c6ffdcc5a.jpg,22,0.51195,0.497657,0.752133,0.992429
/kaggle/input/datasets/afqwe0/clotheslabelled/Himesh/turtle neck/9fcadf3f850ea5fd0a90684c6ffdcc5a.jpg,22,0.51195,0.497657,0.752133,0.992429
/kaggle/input/datasets/afqwe0/clotheslabelled/Himesh/turtle neck/9fcadf3f850ea5fd0a90684c6ffdcc5a.jpg,22,0.51195,0.497657,0.752133,0.992429
/kaggle/input/datasets/afqwe0/clotheslabelled/Himesh/turtle neck/9fcadf3f850ea5fd0a90684c6ffdcc5a.jpg,22,0.51195,0.497657,0.752133,0.992429
/kaggle/input/datasets/afqwe0/clotheslabelled/Himesh/turtle neck/924acdbf8109c01dc35e4a94b6bfa55c.jpg,22,0.515896,0.498633,0.86042,0.990299
/kaggle/input/datasets/afqwe0/clotheslabelled/Himesh/turtle neck/2e814de6235815fbf277e9b4c1bd9425.jpg,22,0.456182,0.401873,0.780735,0.798883
/kaggle/input/datasets/afqwe0/clotheslabelled/Himesh/turtle neck/2e814de6235815fbf277e9b4c1bd9425.jpg,22,0.453843,0.506445,0.773354,0.998936
/kaggle/input/datasets/afqwe0/clotheslabelled/Himesh/turtle neck/a0f129e7f130a2c77859b95d7ad9f520.jpg,22,0.501901,0.492774,0.957035,0.985055
/kaggle/input/datasets/afqwe0/clotheslabelled/Himesh/turtle neck/a0f129e7f130a2c77859b95d7ad9f520.jpg,22,0.501901,0.492774,0.957035,0.985055
/kaggle/input/datasets/afqwe0/clotheslabelled/Himesh/turtle neck/014fcfb9eb190f52cd1f905feb1fb0f2.jpg,22,0.496323,0.564579,0.966607,0.857864
/kaggle/input/datasets/afqwe0/clotheslabelled/Himesh/turtle neck/014fcfb9eb190f52cd1f905feb1fb0f2.jpg,22,0.477548,0.661332,0.921395,0.662891
/kaggle/input/datasets/afqwe0/clotheslabelled/Himesh/turtle neck/bc299d9d30d1df035a148269cad9bea3.jpg,22,0.500235,0.496063,0.931597,0.760793
/kaggle/input/datasets/afqwe0/clotheslabelled/Himesh/turtle neck/bc299d9d30d1df035a148269cad9bea3.jpg,22,0.500235,0.496063,0.931597,0.760793
/kaggle/input/datasets/afqwe0/clotheslabelled/Himesh/turtle neck/90a2a326925368755df6934a859501d6.jpg,22,0.500952,0.641367,0.894416,0.704324
/kaggle/input/datasets/afqwe0/clotheslabelled/Himesh/turtle neck/90a2a326925368755df6934a859501d6.jpg,22,0.500952,0.641367,0.894416,0.704324
/kaggle/input/datasets/afqwe0/clotheslabelled/Himesh/turtle neck/8fa26e571ad39edae131e38d90b75356.jpg,22,0.382083,0.497657,0.729675,0.991944
/kaggle/input/datasets/afqwe0/clotheslabelled/Himesh/turtle neck/f01395d8a10926e13741ea607d04b1f0.jpg,22,0.48956,0.515986,1.0,0.948955
/kaggle/input/datasets/afqwe0/clotheslabelled/Himesh/turtle neck/111eb4eb584ba29a44f0d9e448de6574.jpg,22,0.535124,0.498633,0.73569,0.980891
/kaggle/input/datasets/afqwe0/clotheslabelled/Himesh/turtle neck/111eb4eb584ba29a44f0d9e448de6574.jpg,22,0.540783,0.410351,0.720079,0.793816
/kaggle/input/datasets/afqwe0/clotheslabelled/Himesh/turtle neck/89ecc42a4d68036a805c26534323e8d7.jpg,22,0.421967,0.500077,0.835591,0.989356
/kaggle/input/datasets/afqwe0/clotheslabelled/Himesh/turtle neck/bca2e25ad4ae41261a055279f7a817bc.jpg,22,0.519957,0.514888,0.950695,0.945035
/kaggle/input/datasets/afqwe0/clotheslabelled/Himesh/turtle neck/b067e58e63f3241b224828c503af7da1.jpg,22,0.496393,0.498145,0.88946,0.99219
/kaggle/input/datasets/afqwe0/clotheslabelled/Himesh/turtle neck/b067e58e63f3241b224828c503af7da1.jpg,22,0.398359,0.43561,0.688701,0.858296
/kaggle/input/datasets/afqwe0/clotheslabelled/Himesh/turtle neck/b067e58e63f3241b224828c503af7da1.jpg,22,0.496393,0.498145,0.88946,0.99219
/kaggle/input/datasets/afqwe0/clotheslabelled/Himesh/turtle neck/b067e58e63f3241b224828c503af7da1.jpg,22,0.398359,0.43561,0.688701,0.858296
/kaggle/input/datasets/afqwe0/clotheslabelled/Himesh/turtle neck/1b54df067e7ddffdd9e3b5b62920bee9.jpg,22,0.444164,0.442854,0.734567,0.76922
/kaggle/input/datasets/afqwe0/clotheslabelled/Himesh/turtle neck/dbf9c60f4e22886f9bde33a2021a4819.jpg,22,0.530694,0.51379,0.669899,0.652338
/kaggle/input/datasets/afqwe0/clotheslabelled/Himesh/turtle neck/dbf9c60f4e22886f9bde33a2021a4819.jpg,22,0.530694,0.51379,0.669899,0.652338
/kaggle/input/datasets/afqwe0/clotheslabelled/Himesh/turtle neck/22209aaf30549c946a1db41ec057fb42.jpg,22,0.494183,0.495239,0.88078,0.788062
/kaggle/input/datasets/afqwe0/clotheslabelled/Himesh/turtle neck/22209aaf30549c946a1db41ec057fb42.jpg,22,0.494183,0.495239,0.88078,0.788062
/kaggle/input/datasets/afqwe0/clotheslabelled/Himesh/turtle neck/920c5c2a5059e1f9e63839c7acb919ef.jpg,22,0.500512,0.510313,0.831997,0.803298
/kaggle/input/datasets/afqwe0/clotheslabelled/Himesh/turtle neck/2fa4593ec70e8eaee08018c30c99df7f.jpg,22,0.464999,0.49961,0.816524,0.989994
/kaggle/input/datasets/afqwe0/clotheslabelled/Himesh/turtle neck/2fa4593ec70e8eaee08018c30c99df7f.jpg,22,0.465554,0.365748,0.820532,0.728832
/kaggle/input/datasets/afqwe0/clotheslabelled/Himesh/turtle neck/2e92f4cf9cd1367d2f8d6ce4c3666ff2.jpg,22,0.495611,0.499881,0.896847,0.991691
/kaggle/input/datasets/afqwe0/clotheslabelled/Himesh/turtle neck/2e92f4cf9cd1367d2f8d6ce4c3666ff2.jpg,22,0.495611,0.499881,0.896847,0.991691
/kaggle/input/datasets/afqwe0/clotheslabelled/Himesh/turtle neck/5177c7a7b05b74717a109a625836efb5.jpg,22,0.512076,0.498145,0.460715,0.989994
/kaggle/input/datasets/afqwe0/clotheslabelled/Himesh/turtle neck/5177c7a7b05b74717a109a625836efb5.jpg,22,0.514266,0.325977,0.462839,0.410648
/kaggle/input/datasets/afqwe0/clotheslabelled/Himesh/turtle neck/5177c7a7b05b74717a109a625836efb5.jpg,22,0.512076,0.498145,0.460715,0.989994
/kaggle/input/datasets/afqwe0/clotheslabelled/Himesh/turtle neck/5177c7a7b05b74717a109a625836efb5.jpg,22,0.514266,0.325977,0.462839,0.410648
/kaggle/input/datasets/afqwe0/clotheslabelled/Himesh/turtle neck/b4fece633361222183a3a26388010b96.jpg,22,0.496403,0.500016,0.840669,0.814172
/kaggle/input/datasets/afqwe0/clotheslabelled/Himesh/turtle neck/b4fece633361222183a3a26388010b96.jpg,22,0.496403,0.500016,0.840669,0.814172
/kaggle/input/datasets/afqwe0/clotheslabelled/Himesh/turtle neck/fd2d5608b7ca42209d269991bba241c5.jpg,22,0.499248,0.449099,0.974553,0.877942
/kaggle/input/datasets/afqwe0/clotheslabelled/Himesh/turtle neck/fd2d5608b7ca42209d269991bba241c5.jpg,22,0.499248,0.449099,0.974553,0.877942
/kaggle/input/datasets/afqwe0/clotheslabelled/Himesh/turtle neck/fd2d5608b7ca42209d269991bba241c5.jpg,22,0.499248,0.449099,0.974553,0.877942
/kaggle/input/datasets/afqwe0/clotheslabelled/Himesh/turtle neck/5a54f9e13313b50845d5f0046ddff6c2.jpg,22,0.524868,0.499678,0.964591,0.97704
/kaggle/input/datasets/afqwe0/clotheslabelled/Himesh/turtle neck/fa78ee665075272e46c7933278a2682d.jpg,22,0.498458,0.498,0.775052,0.662891
/kaggle/input/datasets/afqwe0/clotheslabelled/Himesh/turtle neck/fa78ee665075272e46c7933278a2682d.jpg,22,0.498458,0.498,0.775052,0.662891
/kaggle/input/datasets/afqwe0/clotheslabelled/Himesh/turtle neck/929c1af1d4ff01258f3c290539c09a78.jpg,22,0.483313,0.529142,1.0,0.944218
/kaggle/input/datasets/afqwe0/clotheslabelled/Himesh/turtle neck/929c1af1d4ff01258f3c290539c09a78.jpg,22,0.483313,0.529142,1.0,0.944218
/kaggle/input/datasets/afqwe0/clotheslabelled/Himesh/turtle neck/929c1af1d4ff01258f3c290539c09a78.jpg,22,0.483313,0.529142,1.0,0.944218
/kaggle/input/datasets/afqwe0/clotheslabelled/Himesh/turtle neck/04b177d27a254024cbc56e05299b1fbc.jpg,22,0.443219,0.499121,0.878578,0.999873
/kaggle/input/datasets/afqwe0/clotheslabelled/Himesh/turtle neck/04b177d27a254024cbc56e05299b1fbc.jpg,22,0.441069,0.522806,0.88468,0.850523
/kaggle/input/datasets/afqwe0/clotheslabelled/Himesh/turtle neck/3ff3dd4dc64c1cc4777f0d1c5fdba15e.jpg,22,0.463926,0.422434,0.699097,0.788654
/kaggle/input/datasets/afqwe0/clotheslabelled/Himesh/turtle neck/3ff3dd4dc64c1cc4777f0d1c5fdba15e.jpg,22,0.463926,0.422434,0.699097,0.788654
/kaggle/input/datasets/afqwe0/clotheslabelled/Himesh/turtle neck/7aa97fe320134795059b4ee9d779ec36.jpg,22,0.490219,0.382092,0.882654,0.728832
/kaggle/input/datasets/afqwe0/clotheslabelled/Himesh/turtle neck/7aa97fe320134795059b4ee9d779ec36.jpg,22,0.472516,0.500336,0.92249,0.988322
/kaggle/input/datasets/afqwe0/clotheslabelled/Himesh/turtle neck/7aa97fe320134795059b4ee9d779ec36.jpg,22,0.490219,0.382092,0.882654,0.728832
/kaggle/input/datasets/afqwe0/clotheslabelled/Himesh/turtle neck/7aa97fe320134795059b4ee9d779ec36.jpg,22,0.472516,0.500336,0.92249,0.988322
/kaggle/input/datasets/afqwe0/clotheslabelled/Himesh/turtle neck/d0894fa075e30b41843134346e713702.jpg,22,0.500044,0.525247,1.0,0.930509
/kaggle/input/datasets/afqwe0/clotheslabelled/Himesh/turtle neck/bd2aa3681c8b8f1e41d1bd3b2b5fa6d4.jpg,22,0.504996,0.518302,0.951665,0.959185
/kaggle/input/datasets/afqwe0/clotheslabelled/Himesh/turtle neck/9cb1286591a502583255e95565a29cec.jpg,22,0.510192,0.48182,0.694469,0.814172
/kaggle/input/datasets/afqwe0/clotheslabelled/Himesh/turtle neck/25ec1f08ebdd6124c58254e80ac04448.jpg,22,0.515866,0.492286,0.945575,0.982571
/kaggle/input/datasets/afqwe0/clotheslabelled/Himesh/turtle neck/81d6cbb6e4d0b749ea1b0f248e981bd7.jpg,22,0.503682,0.490724,0.833444,0.731213
/kaggle/input/datasets/afqwe0/clotheslabelled/Himesh/turtle neck/082dad56fdf88145fe0ff32c472e70af.jpg,22,0.478686,0.501563,0.796478,0.982028
/kaggle/input/datasets/afqwe0/clotheslabelled/Himesh/turtle neck/082dad56fdf88145fe0ff32c472e70af.jpg,22,0.479986,0.462158,0.796363,0.892228
/kaggle/input/datasets/afqwe0/clotheslabelled/Himesh/turtle neck/e0d8d586f8d96a35ec5c914466d55346.jpg,22,0.499003,0.460386,0.817897,0.931513
/kaggle/input/datasets/afqwe0/clotheslabelled/Himesh/turtle neck/e0d8d586f8d96a35ec5c914466d55346.jpg,22,0.499003,0.460386,0.817897,0.931513
/kaggle/input/datasets/afqwe0/clotheslabelled/Himesh/turtle neck/b195c1a4b35632337d0e49e5d5a66cff.jpg,22,0.517398,0.415076,0.762353,0.833434
/kaggle/input/datasets/afqwe0/clotheslabelled/Himesh/turtle neck/95b27320386f1da25afd2f043705a8b2.jpg,22,0.500201,0.540681,0.712187,0.735794
/kaggle/input/datasets/afqwe0/clotheslabelled/Himesh/turtle neck/d6c1053d9f82b90ef52a6b71ebe9ebce.jpg,22,0.499022,0.505737,0.873594,0.684434
/kaggle/input/datasets/afqwe0/clotheslabelled/Himesh/turtle neck/d6c1053d9f82b90ef52a6b71ebe9ebce.jpg,22,0.499022,0.505737,0.873594,0.684434
/kaggle/input/datasets/afqwe0/clotheslabelled/Himesh/turtle neck/4063df4fdd19c0ad3e114ddba5bd16a5.jpg,22,0.498597,0.500629,0.834738,0.689474
/kaggle/input/datasets/afqwe0/clotheslabelled/Himesh/turtle neck/3868903281b69459aa5752855293a011.jpg,22,0.511351,0.547222,0.586239,0.890371
/kaggle/input/datasets/afqwe0/clotheslabelled/Himesh/turtle neck/781e731067f7ab84de3908f2c7412906.jpg,22,0.477298,0.497168,0.858442,0.999803
/kaggle/input/datasets/afqwe0/clotheslabelled/Himesh/turtle neck/781e731067f7ab84de3908f2c7412906.jpg,22,0.477298,0.497168,0.858442,0.999803
/kaggle/input/datasets/afqwe0/clotheslabelled/Himesh/turtle neck/cd8500e3d9e95b671cf164fe6056b4c3.jpg,22,0.5113,0.55447,0.675693,0.659391
/kaggle/input/datasets/afqwe0/clotheslabelled/Himesh/turtle neck/cd8500e3d9e95b671cf164fe6056b4c3.jpg,22,0.512845,0.505469,0.670607,0.97704
/kaggle/input/datasets/afqwe0/clotheslabelled/Himesh/turtle neck/d0c97c7322040092f264b00ff82409e4.jpg,22,0.491587,0.567541,0.959486,0.805755
/kaggle/input/datasets/afqwe0/clotheslabelled/Himesh/turtle neck/00c6fe3ceb0e22749cdb94f5cf39099e.jpg,22,0.513507,0.50296,0.882798,0.97704
/kaggle/input/datasets/afqwe0/clotheslabelled/Himesh/turtle neck/af88897674eff83e6d3a081d70682e53.jpg,22,0.501496,0.498352,0.917353,0.675937
/kaggle/input/datasets/afqwe0/clotheslabelled/Himesh/turtle neck/9297f8f1fd419585d8fd23ecf93a3a1e.jpg,22,0.53851,0.493262,0.772526,0.990595
/kaggle/input/datasets/afqwe0/clotheslabelled/Himesh/turtle neck/9297f8f1fd419585d8fd23ecf93a3a1e.jpg,22,0.538348,0.417924,0.762353,0.84193
/kaggle/input/datasets/afqwe0/clotheslabelled/Himesh/turtle neck/a82116242771b70c729234eed99bbe6e.jpg,22,0.500205,0.499149,0.644405,0.804529
/kaggle/input/datasets/afqwe0/clotheslabelled/Himesh/turtle neck/406b9f88a7b1a2bc5924708862d23e37.jpg,22,0.503113,0.499708,0.828356,0.728131
/kaggle/input/datasets/afqwe0/clotheslabelled/Himesh/turtle neck/406b9f88a7b1a2bc5924708862d23e37.jpg,22,0.503113,0.499708,0.828356,0.728131
/kaggle/input/datasets/afqwe0/clotheslabelled/Himesh/turtle neck/85b57f0df28c148079019a78127eab16.jpg,22,0.501248,0.496567,0.905573,0.83984
/kaggle/input/datasets/afqwe0/clotheslabelled/Himesh/turtle neck/85b57f0df28c148079019a78127eab16.jpg,22,0.501248,0.496567,0.905573,0.83984
/kaggle/input/datasets/afqwe0/clotheslabelled/Himesh/turtle neck/f53a393a12a2d0427adb04ffb2f0f178.jpg,22,0.50164,0.498924,0.632685,0.984106
/kaggle/input/datasets/afqwe0/clotheslabelled/Himesh/turtle neck/1552be5fe10a63ac2a28580e92358b1e.jpg,22,0.492427,0.4881,0.838444,0.794513
/kaggle/input/datasets/afqwe0/clotheslabelled/Himesh/turtle neck/a593fd00f17674713b5b4dc31cf9652b.jpg,22,0.54954,0.51167,0.990718,0.811143
/kaggle/input/datasets/afqwe0/clotheslabelled/Himesh/turtle neck/659368c72b9b91f672206a59302f3148.jpg,22,0.50214,0.498123,0.844478,0.904718
/kaggle/input/datasets/afqwe0/clotheslabelled/Himesh/turtle neck/659368c72b9b91f672206a59302f3148.jpg,22,0.50214,0.498123,0.844478,0.904718
/kaggle/input/datasets/afqwe0/clotheslabelled/Himesh/turtle neck/42fa1296183cc257cfba54cabbb57d22.jpg,22,0.505567,0.501563,0.968267,0.988322
/kaggle/input/datasets/afqwe0/clotheslabelled/Himesh/turtle neck/42fa1296183cc257cfba54cabbb57d22.jpg,22,0.508677,0.415777,0.966745,0.769848
/kaggle/input/datasets/afqwe0/clotheslabelled/Himesh/turtle neck/11cacd493fa8627cd32537057d009b7b.jpg,22,0.50778,0.501068,0.935114,0.986787
/kaggle/input/datasets/afqwe0/clotheslabelled/Himesh/cardigan/6c2eb73b3fe2a7c4d5b313aec71b5b2a.jpg,20,0.547589,0.407991,0.897713,0.7499
/kaggle/input/datasets/afqwe0/clotheslabelled/Himesh/cardigan/58a41740d649110dfe54262fe4cf5a96.jpg,20,0.514246,0.41319,1.0,0.808738
/kaggle/input/datasets/afqwe0/clotheslabelled/Himesh/cardigan/58a41740d649110dfe54262fe4cf5a96.jpg,20,0.518481,0.410342,1.0,0.804529
/kaggle/input/datasets/afqwe0/clotheslabelled/Himesh/cardigan/882f51c145faff0d463a68ec148298c7.jpg,20,0.500931,0.497787,0.846045,0.926357
/kaggle/input/datasets/afqwe0/clotheslabelled/Himesh/cardigan/882f51c145faff0d463a68ec148298c7.jpg,20,0.500725,0.496192,0.843998,0.926357
/kaggle/input/datasets/afqwe0/clotheslabelled/Himesh/cardigan/06c6f7ac59abd1e5391bb5214e647228.jpg,20,0.500874,0.493897,0.954001,0.959792
/kaggle/input/datasets/afqwe0/clotheslabelled/Himesh/cardigan/06c6f7ac59abd1e5391bb5214e647228.jpg,20,0.501167,0.491798,0.956014,0.961563
/kaggle/input/datasets/afqwe0/clotheslabelled/Himesh/cardigan/cfad2c02b18e41865addc24a9754c0d1.jpg,20,0.496014,0.493378,0.92291,0.570045
/kaggle/input/datasets/afqwe0/clotheslabelled/Himesh/cardigan/cfad2c02b18e41865addc24a9754c0d1.jpg,20,0.495328,0.491798,0.921523,0.571959
/kaggle/input/datasets/afqwe0/clotheslabelled/Himesh/cardigan/5ea713e23e9d65ffbca6923aab1a840a.jpg,20,0.464696,0.452464,0.906082,0.842401
/kaggle/input/datasets/afqwe0/clotheslabelled/Himesh/cardigan/f1f3d95cf3d504ea037e85cde735821a.jpg,20,0.492308,0.491456,0.897023,0.717171
/kaggle/input/datasets/afqwe0/clotheslabelled/Himesh/cardigan/f1f3d95cf3d504ea037e85cde735821a.jpg,20,0.492261,0.489845,0.899927,0.718753
/kaggle/input/datasets/afqwe0/clotheslabelled/Himesh/cardigan/31a1331c18bcbd5eff0069cde8138dde.jpg,20,0.498451,0.497955,0.94742,0.974062
/kaggle/input/datasets/afqwe0/clotheslabelled/Himesh/cardigan/31a1331c18bcbd5eff0069cde8138dde.jpg,20,0.497818,0.497657,0.948193,0.972436
/kaggle/input/datasets/afqwe0/clotheslabelled/Himesh/cardigan/31a1331c18bcbd5eff0069cde8138dde.jpg,20,0.498451,0.497955,0.94742,0.974062
/kaggle/input/datasets/afqwe0/clotheslabelled/Himesh/cardigan/31a1331c18bcbd5eff0069cde8138dde.jpg,20,0.497818,0.497657,0.948193,0.972436
/kaggle/input/datasets/afqwe0/clotheslabelled/Himesh/cardigan/31a1331c18bcbd5eff0069cde8138dde.jpg,20,0.498451,0.497955,0.94742,0.974062
/kaggle/input/datasets/afqwe0/clotheslabelled/Himesh/cardigan/31a1331c18bcbd5eff0069cde8138dde.jpg,20,0.497818,0.497657,0.948193,0.972436
/kaggle/input/datasets/afqwe0/clotheslabelled/Himesh/cardigan/1da1fa9f12bece7d78bd76f0f9bccb60.jpg,20,0.501536,0.485309,0.686334,0.528396
/kaggle/input/datasets/afqwe0/clotheslabelled/Himesh/cardigan/1da1fa9f12bece7d78bd76f0f9bccb60.jpg,20,0.501923,0.484741,0.686334,0.524501
/kaggle/input/datasets/afqwe0/clotheslabelled/Himesh/cardigan/a53ee091248fe6c0041f036961b6eb3f.jpg,20,0.501289,0.497879,0.789364,0.894863
/kaggle/input/datasets/afqwe0/clotheslabelled/Himesh/cardigan/a53ee091248fe6c0041f036961b6eb3f.jpg,20,0.501968,0.497657,0.788062,0.899193
/kaggle/input/datasets/afqwe0/clotheslabelled/Himesh/cardigan/05a2f4209c3e41514d318ffde272224e.jpg,20,0.516352,0.480113,0.646193,0.808189
/kaggle/input/datasets/afqwe0/clotheslabelled/Himesh/cardigan/05a2f4209c3e41514d318ffde272224e.jpg,20,0.515986,0.477896,0.655072,0.799568
/kaggle/input/datasets/afqwe0/clotheslabelled/Himesh/cardigan/00d6116d5086360c1184d6538dcbd431.jpg,20,0.505118,0.49884,0.877827,0.826824
/kaggle/input/datasets/afqwe0/clotheslabelled/Himesh/cardigan/00d6116d5086360c1184d6538dcbd431.jpg,20,0.506501,0.498145,0.877827,0.826824
/kaggle/input/datasets/afqwe0/clotheslabelled/Himesh/cardigan/4c058fe04a5dd656be04b5e1120d35f9.jpg,20,0.503497,0.246889,0.478416,0.47961
/kaggle/input/datasets/afqwe0/clotheslabelled/Himesh/cardigan/f5ecd62019a6db7d20ab8d5ed27363d3.jpg,20,0.493256,0.496192,0.806975,0.979683
/kaggle/input/datasets/afqwe0/clotheslabelled/Himesh/cardigan/f5ecd62019a6db7d20ab8d5ed27363d3.jpg,20,0.493256,0.496192,0.806975,0.979683
/kaggle/input/datasets/afqwe0/clotheslabelled/Himesh/cardigan/8b44c6de2053129af08a515038c05944.jpg,20,0.485026,0.498993,0.868416,0.558521
/kaggle/input/datasets/afqwe0/clotheslabelled/Himesh/cardigan/8b44c6de2053129af08a515038c05944.jpg,20,0.485921,0.498633,0.866049,0.561408
/kaggle/input/datasets/afqwe0/clotheslabelled/Himesh/cardigan/f26b4b41dd2e02e5420fbebfa41c9f69.jpg,20,0.578116,0.586805,0.423214,0.47961
/kaggle/input/datasets/afqwe0/clotheslabelled/Himesh/cardigan/ea339ebca9baef09eec1cca030466f16.jpg,20,0.50696,0.524395,0.909088,0.789364
/kaggle/input/datasets/afqwe0/clotheslabelled/Himesh/cardigan/ea339ebca9baef09eec1cca030466f16.jpg,20,0.508138,0.52498,0.913582,0.788062
/kaggle/input/datasets/afqwe0/clotheslabelled/Himesh/cardigan/df5615092d6a8ed650805058eef58434.jpg,20,0.502945,0.498123,0.821159,0.958569
/kaggle/input/datasets/afqwe0/clotheslabelled/Himesh/cardigan/df5615092d6a8ed650805058eef58434.jpg,20,0.50235,0.497657,0.825703,0.95731
/kaggle/input/datasets/afqwe0/clotheslabelled/Himesh/cardigan/df5615092d6a8ed650805058eef58434.jpg,20,0.502945,0.498123,0.821159,0.958569
/kaggle/input/datasets/afqwe0/clotheslabelled/Himesh/cardigan/df5615092d6a8ed650805058eef58434.jpg,20,0.50235,0.497657,0.825703,0.95731
/kaggle/input/datasets/afqwe0/clotheslabelled/Himesh/cardigan/255ea57e992a5c228c751ac239bcf9b4.jpg,20,0.49619,0.501907,0.763509,0.567082
/kaggle/input/datasets/afqwe0/clotheslabelled/Himesh/cardigan/255ea57e992a5c228c751ac239bcf9b4.jpg,20,0.497339,0.50085,0.758408,0.565163
/kaggle/input/datasets/afqwe0/clotheslabelled/Himesh/cardigan/80e6eceb28c637661ed9dbb948a936fd.jpg,20,0.504251,0.498077,0.891794,0.852052
/kaggle/input/datasets/afqwe0/clotheslabelled/Himesh/cardigan/80e6eceb28c637661ed9dbb948a936fd.jpg,20,0.503642,0.497657,0.893621,0.854011
/kaggle/input/datasets/afqwe0/clotheslabelled/Himesh/cardigan/ed9c3441bee2959b48777a73d3d40d83.jpg,20,0.500701,0.498145,0.894146,0.79195
/kaggle/input/datasets/afqwe0/clotheslabelled/Himesh/cardigan/ed9c3441bee2959b48777a73d3d40d83.jpg,20,0.500579,0.499725,0.892265,0.793235
/kaggle/input/datasets/afqwe0/clotheslabelled/Himesh/cardigan/5e1fe5dbee2101981e359235f39a48e9.jpg,20,0.570374,0.524273,0.868416,0.945842
/kaggle/input/datasets/afqwe0/clotheslabelled/Himesh/cardigan/5e1fe5dbee2101981e359235f39a48e9.jpg,20,0.570374,0.524273,0.868416,0.945842
/kaggle/input/datasets/afqwe0/clotheslabelled/Himesh/cardigan/5e1fe5dbee2101981e359235f39a48e9.jpg,20,0.570374,0.524273,0.868416,0.945842
/kaggle/input/datasets/afqwe0/clotheslabelled/Himesh/cardigan/96b48c8fccda3f1172930d340be898e7.jpg,20,0.462466,0.231346,0.517802,0.375806
/kaggle/input/datasets/afqwe0/clotheslabelled/Himesh/cardigan/96b48c8fccda3f1172930d340be898e7.jpg,20,0.462374,0.230445,0.516478,0.375806
/kaggle/input/datasets/afqwe0/clotheslabelled/Himesh/cardigan/c7058cf544fb6b81e64ab6774ba606b8.jpg,20,0.484539,0.238188,0.554412,0.471816
/kaggle/input/datasets/afqwe0/clotheslabelled/Himesh/cardigan/1b5c93ea5d30a8437dc6fd37aa9272ae.jpg,20,0.502945,0.50589,0.782796,0.76783
/kaggle/input/datasets/afqwe0/clotheslabelled/Himesh/cardigan/1b5c93ea5d30a8437dc6fd37aa9272ae.jpg,20,0.502991,0.505469,0.781465,0.766434
/kaggle/input/datasets/afqwe0/clotheslabelled/Himesh/cardigan/1b5c93ea5d30a8437dc6fd37aa9272ae.jpg,20,0.502945,0.50589,0.782796,0.76783
/kaggle/input/datasets/afqwe0/clotheslabelled/Himesh/cardigan/1b5c93ea5d30a8437dc6fd37aa9272ae.jpg,20,0.502991,0.505469,0.781465,0.766434
/kaggle/input/datasets/afqwe0/clotheslabelled/Himesh/cardigan/8200970ee1a790bca2f912a8f7e5fedc.jpg,20,0.493348,0.520594,0.951179,0.850071
/kaggle/input/datasets/afqwe0/clotheslabelled/Himesh/cardigan/8200970ee1a790bca2f912a8f7e5fedc.jpg,20,0.493226,0.522689,0.948955,0.852052
/kaggle/input/datasets/afqwe0/clotheslabelled/Himesh/cardigan/1e891d4f4fc745acef87cd38f4a3f442.jpg,20,0.513379,0.45227,0.888836,0.882509
/kaggle/input/datasets/afqwe0/clotheslabelled/Himesh/cardigan/1e891d4f4fc745acef87cd38f4a3f442.jpg,20,0.51411,0.454895,0.888836,0.885711
/kaggle/input/datasets/afqwe0/clotheslabelled/Himesh/cardigan/1e891d4f4fc745acef87cd38f4a3f442.jpg,20,0.513379,0.45227,0.888836,0.882509
/kaggle/input/datasets/afqwe0/clotheslabelled/Himesh/cardigan/1e891d4f4fc745acef87cd38f4a3f442.jpg,20,0.51411,0.454895,0.888836,0.885711
/kaggle/input/datasets/afqwe0/clotheslabelled/Himesh/cardigan/1e891d4f4fc745acef87cd38f4a3f442.jpg,20,0.513379,0.45227,0.888836,0.882509
/kaggle/input/datasets/afqwe0/clotheslabelled/Himesh/cardigan/1e891d4f4fc745acef87cd38f4a3f442.jpg,20,0.51411,0.454895,0.888836,0.885711
/kaggle/input/datasets/afqwe0/clotheslabelled/Himesh/cardigan/1e891d4f4fc745acef87cd38f4a3f442.jpg,20,0.513379,0.45227,0.888836,0.882509
/kaggle/input/datasets/afqwe0/clotheslabelled/Himesh/cardigan/1e891d4f4fc745acef87cd38f4a3f442.jpg,20,0.51411,0.454895,0.888836,0.885711
/kaggle/input/datasets/afqwe0/clotheslabelled/Himesh/cardigan/9bd58cc6ab9e8079338cba5f839345c6.jpg,20,0.537964,0.452512,0.715829,0.904718
/kaggle/input/datasets/afqwe0/clotheslabelled/Himesh/cardigan/9bd58cc6ab9e8079338cba5f839345c6.jpg,20,0.537964,0.452512,0.715829,0.904718
/kaggle/input/datasets/afqwe0/clotheslabelled/Himesh/cardigan/9bd58cc6ab9e8079338cba5f839345c6.jpg,20,0.537964,0.452512,0.715829,0.904718
/kaggle/input/datasets/afqwe0/clotheslabelled/Himesh/cardigan/cffb2115b8071d6afe0ac0d15c6b7978.jpg,20,0.501383,0.450094,0.999573,0.890371
/kaggle/input/datasets/afqwe0/clotheslabelled/Himesh/cardigan/5527b326ab8ebef9f01f2d2d2580a351.jpg,20,0.495087,0.502777,0.811796,0.986374
/kaggle/input/datasets/afqwe0/clotheslabelled/Himesh/cardigan/5527b326ab8ebef9f01f2d2d2580a351.jpg,20,0.494385,0.503516,0.814172,0.987956
/kaggle/input/datasets/afqwe0/clotheslabelled/Himesh/cardigan/e26ed1575db7a3ef377cc94f544b798c.jpg,20,0.49894,0.506057,0.67309,0.568999
/kaggle/input/datasets/afqwe0/clotheslabelled/Himesh/cardigan/e26ed1575db7a3ef377cc94f544b798c.jpg,20,0.498874,0.505244,0.670486,0.563242
/kaggle/input/datasets/afqwe0/clotheslabelled/Himesh/cardigan/e26ed1575db7a3ef377cc94f544b798c.jpg,20,0.49894,0.506057,0.67309,0.568999
/kaggle/input/datasets/afqwe0/clotheslabelled/Himesh/cardigan/e26ed1575db7a3ef377cc94f544b798c.jpg,20,0.498874,0.505244,0.670486,0.563242
/kaggle/input/datasets/afqwe0/clotheslabelled/Himesh/cardigan/e26ed1575db7a3ef377cc94f544b798c.jpg,20,0.49894,0.506057,0.67309,0.568999
/kaggle/input/datasets/afqwe0/clotheslabelled/Himesh/cardigan/e26ed1575db7a3ef377cc94f544b798c.jpg,20,0.498874,0.505244,0.670486,0.563242
/kaggle/input/datasets/afqwe0/clotheslabelled/Himesh/cardigan/2c718fb4d3f11dd1608896382fd88976.jpg,20,0.503779,0.498985,0.953486,0.909971
/kaggle/input/datasets/afqwe0/clotheslabelled/Himesh/cardigan/2c718fb4d3f11dd1608896382fd88976.jpg,20,0.505799,0.499121,0.955406,0.909971
/kaggle/input/datasets/afqwe0/clotheslabelled/Himesh/cardigan/2c718fb4d3f11dd1608896382fd88976.jpg,20,0.503779,0.498985,0.953486,0.909971
/kaggle/input/datasets/afqwe0/clotheslabelled/Himesh/cardigan/2c718fb4d3f11dd1608896382fd88976.jpg,20,0.505799,0.499121,0.955406,0.909971
/kaggle/input/datasets/afqwe0/clotheslabelled/Himesh/cardigan/8ef42d05b2060f336e75227b6525023a.jpg,20,0.49109,0.508727,0.874164,0.811796
/kaggle/input/datasets/afqwe0/clotheslabelled/Himesh/cardigan/8ef42d05b2060f336e75227b6525023a.jpg,20,0.491822,0.508886,0.870686,0.812987
/kaggle/input/datasets/afqwe0/clotheslabelled/Himesh/cardigan/78f6b08969ce5d697f1ac93ab06f7b0c.jpg,20,0.502276,0.459901,0.933689,0.913738
/kaggle/input/datasets/afqwe0/clotheslabelled/Himesh/cardigan/78f6b08969ce5d697f1ac93ab06f7b0c.jpg,20,0.502276,0.459901,0.933689,0.913738
/kaggle/input/datasets/afqwe0/clotheslabelled/Himesh/cardigan/78f6b08969ce5d697f1ac93ab06f7b0c.jpg,20,0.502276,0.459901,0.933689,0.913738
/kaggle/input/datasets/afqwe0/clotheslabelled/Himesh/cardigan/28f20b1bea5382e46a11957f548db65f.jpg,20,0.500592,0.495704,0.988188,0.989022
/kaggle/input/datasets/afqwe0/clotheslabelled/Himesh/cardigan/fc3680ecdbe6c71852f9f45d22f101c7.jpg,20,0.572336,0.543348,0.874274,0.903363
/kaggle/input/datasets/afqwe0/clotheslabelled/Himesh/cardigan/fc3680ecdbe6c71852f9f45d22f101c7.jpg,20,0.575496,0.541506,0.872218,0.899193
/kaggle/input/datasets/afqwe0/clotheslabelled/Himesh/cardigan/f7dad1144c92b468aff2fb1859743da2.jpg,20,0.522275,0.599764,0.654868,0.647003
/kaggle/input/datasets/afqwe0/clotheslabelled/Himesh/cardigan/a90ecde28ea0700b52263e71460965a1.jpg,20,0.506958,0.492066,0.857864,0.877561
/kaggle/input/datasets/afqwe0/clotheslabelled/Himesh/cardigan/a90ecde28ea0700b52263e71460965a1.jpg,20,0.507446,0.490334,0.852052,0.877561
/kaggle/input/datasets/afqwe0/clotheslabelled/Himesh/cardigan/e592fead162e6a16680c785624535a62.jpg,20,0.519875,0.385548,0.915819,0.766434
/kaggle/input/datasets/afqwe0/clotheslabelled/Himesh/cardigan/f114c0800ccd3f58d6b386025bb5f6b5.jpg,20,0.484613,0.491822,0.744964,0.677646
/kaggle/input/datasets/afqwe0/clotheslabelled/Himesh/cardigan/f114c0800ccd3f58d6b386025bb5f6b5.jpg,20,0.484694,0.488869,0.743682,0.677646
/kaggle/input/datasets/afqwe0/clotheslabelled/Himesh/cardigan/7104787089c28f5c27f03a93cee8561d.jpg,20,0.483649,0.425805,0.810599,0.855948
/kaggle/input/datasets/afqwe0/clotheslabelled/Himesh/cardigan/7104787089c28f5c27f03a93cee8561d.jpg,20,0.485295,0.429369,0.811796,0.857864
/kaggle/input/datasets/afqwe0/clotheslabelled/Himesh/cardigan/86a78b889dfa6614b5cf35af203ae4e5.jpg,20,0.501747,0.498878,0.729675,0.854011
/kaggle/input/datasets/afqwe0/clotheslabelled/Himesh/cardigan/86a78b889dfa6614b5cf35af203ae4e5.jpg,20,0.50079,0.498633,0.728131,0.852052
/kaggle/input/datasets/afqwe0/clotheslabelled/Himesh/cardigan/93889301fdac4ccd6c721afb62a96436.jpg,20,0.500637,0.496872,0.899193,0.976329
/kaggle/input/datasets/afqwe0/clotheslabelled/Himesh/cardigan/93889301fdac4ccd6c721afb62a96436.jpg,20,0.500614,0.496192,0.9006,0.974063
/kaggle/input/datasets/afqwe0/clotheslabelled/Himesh/cardigan/aaa588415ef99fe13364b71f808f4ec8.jpg,20,0.496885,0.50891,0.968238,0.835591
/kaggle/input/datasets/afqwe0/clotheslabelled/Himesh/cardigan/aaa588415ef99fe13364b71f808f4ec8.jpg,20,0.496501,0.508398,0.972871,0.835591
/kaggle/input/datasets/afqwe0/clotheslabelled/Himesh/cardigan/6f3ae473f4f0f8325d29a366d6985213.jpg,20,0.536402,0.43762,0.953788,0.823443
/kaggle/input/datasets/afqwe0/clotheslabelled/Himesh/cardigan/6f3ae473f4f0f8325d29a366d6985213.jpg,20,0.536402,0.43762,0.953788,0.823443
/kaggle/input/datasets/afqwe0/clotheslabelled/Himesh/cardigan/5ed569fd2dc8f670fa3eb346f8138814.jpg,20,0.49937,0.498299,0.906724,0.651533
/kaggle/input/datasets/afqwe0/clotheslabelled/Himesh/cardigan/5ed569fd2dc8f670fa3eb346f8138814.jpg,20,0.498026,0.498145,0.908992,0.649757
/kaggle/input/datasets/afqwe0/clotheslabelled/Himesh/cardigan/4348b734eccbdb4e055463217031f231.jpg,20,0.501892,0.499187,0.852052,0.932503
/kaggle/input/datasets/afqwe0/clotheslabelled/Himesh/cardigan/4348b734eccbdb4e055463217031f231.jpg,20,0.501022,0.497657,0.852052,0.931513
/kaggle/input/datasets/afqwe0/clotheslabelled/Himesh/cardigan/4348b734eccbdb4e055463217031f231.jpg,20,0.501892,0.499187,0.852052,0.932503
/kaggle/input/datasets/afqwe0/clotheslabelled/Himesh/cardigan/4348b734eccbdb4e055463217031f231.jpg,20,0.501022,0.497657,0.852052,0.931513
/kaggle/input/datasets/afqwe0/clotheslabelled/Himesh/cardigan/1ce6956a09e0a50cb76b9a8999b7e54f.jpg,20,0.48871,0.531696,0.835591,0.9006
/kaggle/input/datasets/afqwe0/clotheslabelled/Himesh/cardigan/1ce6956a09e0a50cb76b9a8999b7e54f.jpg,20,0.489259,0.530821,0.835591,0.90199
/kaggle/input/datasets/afqwe0/clotheslabelled/Himesh/cardigan/10f37ea3f802a7f5e21e67798322faae.jpg,20,0.50478,0.480577,1.0,0.911243
/kaggle/input/datasets/afqwe0/clotheslabelled/Himesh/cardigan/10f37ea3f802a7f5e21e67798322faae.jpg,20,0.50517,0.486514,1.0,0.919701
/kaggle/input/datasets/afqwe0/clotheslabelled/Himesh/cardigan/0ca986de9946140a6a0e70817187f598.jpg,20,0.518991,0.228622,0.379132,0.433126
/kaggle/input/datasets/afqwe0/clotheslabelled/Himesh/cardigan/69ac1fa008092fa2742bc118b0427465.jpg,20,0.500598,0.499393,0.79877,0.914962
/kaggle/input/datasets/afqwe0/clotheslabelled/Himesh/cardigan/69ac1fa008092fa2742bc118b0427465.jpg,20,0.50057,0.499121,0.797643,0.91617
/kaggle/input/datasets/afqwe0/clotheslabelled/Himesh/cardigan/555597256b7c8f6e132904445a6712ab.jpg,20,0.499896,0.399059,0.943413,0.7499
/kaggle/input/datasets/afqwe0/clotheslabelled/Himesh/cardigan/555597256b7c8f6e132904445a6712ab.jpg,20,0.501858,0.399429,0.946645,0.7499
/kaggle/input/datasets/afqwe0/clotheslabelled/Himesh/cardigan/555597256b7c8f6e132904445a6712ab.jpg,20,0.499896,0.399059,0.943413,0.7499
/kaggle/input/datasets/afqwe0/clotheslabelled/Himesh/cardigan/555597256b7c8f6e132904445a6712ab.jpg,20,0.501858,0.399429,0.946645,0.7499
/kaggle/input/datasets/afqwe0/clotheslabelled/Himesh/cardigan/049f8937831523dc9b4eeccfa9f5445c.jpg,20,0.518387,0.463542,0.914825,0.846045
/kaggle/input/datasets/afqwe0/clotheslabelled/Himesh/cardigan/f30c9cd8621eb5bc60bab4d46e17b2c9.jpg,20,0.500539,0.477554,0.964622,0.857864
/kaggle/input/datasets/afqwe0/clotheslabelled/Himesh/cardigan/8dad1069c18e57fc39d57a4287aa0e8e.jpg,20,0.500668,0.497208,0.854011,0.776081
/kaggle/input/datasets/afqwe0/clotheslabelled/Himesh/cardigan/8dad1069c18e57fc39d57a4287aa0e8e.jpg,20,0.500324,0.496192,0.850071,0.776081
/kaggle/input/datasets/afqwe0/clotheslabelled/Himesh/cardigan/663aa8e9b6f1e03540d85cf96d96df54.jpg,20,0.500199,0.49347,0.839944,0.651533
/kaggle/input/datasets/afqwe0/clotheslabelled/Himesh/cardigan/663aa8e9b6f1e03540d85cf96d96df54.jpg,20,0.499305,0.492286,0.842091,0.649757
/kaggle/input/datasets/afqwe0/clotheslabelled/Himesh/cardigan/a68e0ff4fa7dea870d29d7e286be7778.jpg,20,0.499484,0.501984,0.844503,0.662099
/kaggle/input/datasets/afqwe0/clotheslabelled/Himesh/cardigan/a68e0ff4fa7dea870d29d7e286be7778.jpg,20,0.500073,0.503028,0.842083,0.660348
/kaggle/input/datasets/afqwe0/clotheslabelled/Himesh/cardigan/6b9fbeb0c10da880aec41680a465862a.jpg,20,0.506594,0.497452,0.881599,0.713991
/kaggle/input/datasets/afqwe0/clotheslabelled/Himesh/cardigan/6b9fbeb0c10da880aec41680a465862a.jpg,20,0.507325,0.497168,0.883923,0.713991
/kaggle/input/datasets/afqwe0/clotheslabelled/Himesh/cardigan/1361d2cc36c6c2e301959368db92a1d8.jpg,20,0.490497,0.439916,0.835312,0.772605
/kaggle/input/datasets/afqwe0/clotheslabelled/Himesh/cardigan/d3996e60d0a4ae7ecbfe1e98366e06b2.jpg,20,0.499608,0.488222,0.817574,0.672505
/kaggle/input/datasets/afqwe0/clotheslabelled/Himesh/cardigan/d3996e60d0a4ae7ecbfe1e98366e06b2.jpg,20,0.499759,0.485941,0.819741,0.672504
/kaggle/input/datasets/afqwe0/clotheslabelled/Himesh/cardigan/b56259e45c3da541d6104b77b5755434.jpg,20,0.503912,0.470591,1.0,0.897767
/kaggle/input/datasets/afqwe0/clotheslabelled/Himesh/cardigan/b56259e45c3da541d6104b77b5755434.jpg,20,0.503831,0.471892,1.0,0.897767
/kaggle/input/datasets/afqwe0/clotheslabelled/Himesh/cardigan/99356bed295cd9602c24193bf759f246.jpg,20,0.498508,0.522324,0.950695,0.656835
/kaggle/input/datasets/afqwe0/clotheslabelled/Himesh/cardigan/99356bed295cd9602c24193bf759f246.jpg,20,0.499872,0.521569,0.946432,0.655072
/kaggle/input/datasets/afqwe0/clotheslabelled/Himesh/cardigan/99356bed295cd9602c24193bf759f246.jpg,20,0.498508,0.522324,0.950695,0.656835
/kaggle/input/datasets/afqwe0/clotheslabelled/Himesh/cardigan/99356bed295cd9602c24193bf759f246.jpg,20,0.499872,0.521569,0.946432,0.655072
/kaggle/input/datasets/afqwe0/clotheslabelled/Himesh/cardigan/f2ce32fe2ceae85303eeec2448ec8ddc.jpg,20,0.502759,0.498116,0.966374,0.771982
/kaggle/input/datasets/afqwe0/clotheslabelled/Himesh/cardigan/f2ce32fe2ceae85303eeec2448ec8ddc.jpg,20,0.503105,0.497657,0.964294,0.773354
/kaggle/input/datasets/afqwe0/clotheslabelled/Himesh/cardigan/eae4960b8fda0726552dfbb4432212fa.jpg,20,0.500408,0.496826,0.855948,0.778785
/kaggle/input/datasets/afqwe0/clotheslabelled/Himesh/cardigan/eae4960b8fda0726552dfbb4432212fa.jpg,20,0.501122,0.494727,0.852052,0.776081
/kaggle/input/datasets/afqwe0/clotheslabelled/Himesh/cardigan/eae4960b8fda0726552dfbb4432212fa.jpg,20,0.500408,0.496826,0.855948,0.778785
/kaggle/input/datasets/afqwe0/clotheslabelled/Himesh/cardigan/eae4960b8fda0726552dfbb4432212fa.jpg,20,0.501122,0.494727,0.852052,0.776081
/kaggle/input/datasets/afqwe0/clotheslabelled/Himesh/cardigan/9853fa645c648bcb9b306ec391e2b42b.jpg,20,0.521106,0.446712,0.609711,0.830154
/kaggle/input/datasets/afqwe0/clotheslabelled/Himesh/cardigan/9853fa645c648bcb9b306ec391e2b42b.jpg,20,0.521349,0.448607,0.605053,0.833434
/kaggle/input/datasets/afqwe0/clotheslabelled/Himesh/cardigan/9853fa645c648bcb9b306ec391e2b42b.jpg,20,0.521106,0.446712,0.609711,0.830154
/kaggle/input/datasets/afqwe0/clotheslabelled/Himesh/cardigan/9853fa645c648bcb9b306ec391e2b42b.jpg,20,0.521349,0.448607,0.605053,0.833434
/kaggle/input/datasets/afqwe0/clotheslabelled/Himesh/cardigan/c5abdd921d4efdc94c372335b1b9d841.jpg,20,0.503066,0.501488,0.881565,0.619886
/kaggle/input/datasets/afqwe0/clotheslabelled/Himesh/cardigan/c5abdd921d4efdc94c372335b1b9d841.jpg,20,0.502333,0.502051,0.875084,0.621726
/kaggle/input/datasets/afqwe0/clotheslabelled/Himesh/cardigan/d85eb25cce299a6eb9e19991b0553896.jpg,20,0.517927,0.378171,0.888554,0.744806
/kaggle/input/datasets/afqwe0/clotheslabelled/Himesh/cardigan/d85eb25cce299a6eb9e19991b0553896.jpg,20,0.517927,0.378171,0.888554,0.744806
/kaggle/input/datasets/afqwe0/clotheslabelled/Himesh/cardigan/e20120d6c12d2c3b59fc9fca0163f4f5.jpg,20,0.49799,0.494171,0.988763,0.79195
/kaggle/input/datasets/afqwe0/clotheslabelled/Himesh/cardigan/e20120d6c12d2c3b59fc9fca0163f4f5.jpg,20,0.497064,0.493262,0.986765,0.788062
/kaggle/input/datasets/afqwe0/clotheslabelled/Himesh/cardigan/1ac042de2408c77827de4a6e2ecfbdee.jpg,20,0.500439,0.500984,0.941836,0.697774
/kaggle/input/datasets/afqwe0/clotheslabelled/Himesh/cardigan/1ac042de2408c77827de4a6e2ecfbdee.jpg,20,0.500279,0.500586,0.938982,0.694469
/kaggle/input/datasets/afqwe0/clotheslabelled/Himesh/cardigan/1ac042de2408c77827de4a6e2ecfbdee.jpg,20,0.500439,0.500984,0.941836,0.697774
/kaggle/input/datasets/afqwe0/clotheslabelled/Himesh/cardigan/1ac042de2408c77827de4a6e2ecfbdee.jpg,20,0.500279,0.500586,0.938982,0.694469
/kaggle/input/datasets/afqwe0/clotheslabelled/Himesh/cardigan/575110d7e26785af16d21e30390a548c.jpg,20,0.522911,0.471078,0.918985,0.939958
/kaggle/input/datasets/afqwe0/clotheslabelled/Himesh/cardigan/99aab4812200e0a12cfba2b79e64b2f2.jpg,20,0.500618,0.460629,0.75506,0.907378
/kaggle/input/datasets/afqwe0/clotheslabelled/Himesh/cardigan/99aab4812200e0a12cfba2b79e64b2f2.jpg,20,0.499218,0.459257,0.752159,0.906057
/kaggle/input/datasets/afqwe0/clotheslabelled/Himesh/cardigan/fd1dc1b1f193849f8c1511c66b166e28.jpg,20,0.517219,0.502045,0.807047,0.640816
/kaggle/input/datasets/afqwe0/clotheslabelled/Himesh/cardigan/fd1dc1b1f193849f8c1511c66b166e28.jpg,20,0.518169,0.501563,0.807047,0.639917
/kaggle/input/datasets/afqwe0/clotheslabelled/Himesh/cardigan/fd1dc1b1f193849f8c1511c66b166e28.jpg,20,0.517219,0.502045,0.807047,0.640816
/kaggle/input/datasets/afqwe0/clotheslabelled/Himesh/cardigan/fd1dc1b1f193849f8c1511c66b166e28.jpg,20,0.518169,0.501563,0.807047,0.639917
/kaggle/input/datasets/afqwe0/clotheslabelled/Himesh/cardigan/4fd7bb9477e5893b358936519e45c752.jpg,20,0.410151,0.283966,0.531788,0.547811
/kaggle/input/datasets/afqwe0/clotheslabelled/Himesh/cardigan/d88b74f6ce67e9ecaacbedc2f288fe4e.jpg,20,0.501625,0.436238,0.653305,0.825703
/kaggle/input/datasets/afqwe0/clotheslabelled/Himesh/cardigan/d88b74f6ce67e9ecaacbedc2f288fe4e.jpg,20,0.501526,0.439446,0.651533,0.82905
/kaggle/input/datasets/afqwe0/clotheslabelled/Himesh/cardigan/fc06d8ab7696296e46f819dc8a590148.jpg,20,0.524225,0.599295,0.562016,0.603099
/kaggle/input/datasets/afqwe0/clotheslabelled/Himesh/cardigan/fc06d8ab7696296e46f819dc8a590148.jpg,20,0.523738,0.600657,0.554412,0.601227
/kaggle/input/datasets/afqwe0/clotheslabelled/Himesh/cardigan/15ca8015ac8a75cf7e15ce5204e1d027.jpg,20,0.508361,0.476336,0.740325,0.786755
/kaggle/input/datasets/afqwe0/clotheslabelled/Himesh/cardigan/15ca8015ac8a75cf7e15ce5204e1d027.jpg,20,0.508605,0.475947,0.741824,0.785441
/kaggle/input/datasets/afqwe0/clotheslabelled/Himesh/cardigan/12e48d1d4f5d6641282a12f3a9e880ca.jpg,20,0.532109,0.238809,0.88804,0.47961
/kaggle/input/datasets/afqwe0/clotheslabelled/Himesh/cardigan/55d890e6b6560c4f745a9415cb867054.jpg,20,0.505856,0.459076,1.0,0.854011
/kaggle/input/datasets/afqwe0/clotheslabelled/Himesh/cardigan/6c1da630815ba1b0aee529b6a5c76315.jpg,20,0.498482,0.461842,0.632685,0.843998
/kaggle/input/datasets/afqwe0/clotheslabelled/Himesh/cardigan/6c1da630815ba1b0aee529b6a5c76315.jpg,20,0.498413,0.464902,0.631777,0.848069
/kaggle/input/datasets/afqwe0/clotheslabelled/Himesh/cardigan/010aa3c1a0179d070157a4e65f8243a4.jpg,20,0.525011,0.445385,0.790857,0.857864
/kaggle/input/datasets/afqwe0/clotheslabelled/Himesh/cardigan/010aa3c1a0179d070157a4e65f8243a4.jpg,20,0.524097,0.448124,0.785168,0.859758
/kaggle/input/datasets/afqwe0/clotheslabelled/Himesh/cardigan/9af48af26d3742bd928e4cd891071a63.jpg,20,0.46553,0.373018,0.823779,0.740325
/kaggle/input/datasets/afqwe0/clotheslabelled/Himesh/cardigan/9af48af26d3742bd928e4cd891071a63.jpg,20,0.46553,0.373018,0.823779,0.740325
/kaggle/input/datasets/afqwe0/clotheslabelled/Himesh/cardigan/de17e63a33fb7790c324f86ad4a24d2e.jpg,20,0.501395,0.458277,1.0,0.775339
/kaggle/input/datasets/afqwe0/clotheslabelled/Himesh/cardigan/de17e63a33fb7790c324f86ad4a24d2e.jpg,20,0.50212,0.460237,1.0,0.778049
/kaggle/input/datasets/afqwe0/clotheslabelled/Himesh/cardigan/de17e63a33fb7790c324f86ad4a24d2e.jpg,20,0.501395,0.458277,1.0,0.775339
/kaggle/input/datasets/afqwe0/clotheslabelled/Himesh/cardigan/de17e63a33fb7790c324f86ad4a24d2e.jpg,20,0.50212,0.460237,1.0,0.778049
/kaggle/input/datasets/afqwe0/clotheslabelled/Himesh/cardigan/c14c944076e5aae22359ea0eb6fd2f38.jpg,20,0.502942,0.463056,0.99864,0.919701
/kaggle/input/datasets/afqwe0/clotheslabelled/Himesh/Dolphin shorts/c384c44adc01a9ea59e74d796809ad1a.jpg,5,0.497925,0.521837,0.808189,0.576734
/kaggle/input/datasets/afqwe0/clotheslabelled/Himesh/Dolphin shorts/442b337326ac6704d152aa921dd24f39.jpg,5,0.499542,0.514824,0.994619,0.907712
/kaggle/input/datasets/afqwe0/clotheslabelled/Himesh/Dolphin shorts/442b337326ac6704d152aa921dd24f39.jpg,5,0.499542,0.514824,0.994619,0.907712
/kaggle/input/datasets/afqwe0/clotheslabelled/Himesh/Dolphin shorts/442b337326ac6704d152aa921dd24f39.jpg,5,0.499542,0.514824,0.994619,0.907712
/kaggle/input/datasets/afqwe0/clotheslabelled/Himesh/Dolphin shorts/002300.jpg,5,0.66287,0.733323,0.297559,0.389639
/kaggle/input/datasets/afqwe0/clotheslabelled/Himesh/Dolphin shorts/002300.jpg,5,0.615457,0.495984,0.425081,1.0
/kaggle/input/datasets/afqwe0/clotheslabelled/Himesh/Dolphin shorts/001380.jpg,5,0.512309,0.468475,0.890568,0.51475
/kaggle/input/datasets/afqwe0/clotheslabelled/Himesh/Dolphin shorts/002297.jpg,5,0.596203,0.522648,0.322619,0.977951
/kaggle/input/datasets/afqwe0/clotheslabelled/Himesh/Dolphin shorts/002297.jpg,5,0.598711,0.687688,0.168589,0.255212
/kaggle/input/datasets/afqwe0/clotheslabelled/Himesh/Dolphin shorts/002297.jpg,5,0.59632,0.522162,0.321766,0.977951
/kaggle/input/datasets/afqwe0/clotheslabelled/Himesh/Dolphin shorts/4d131233ef64d2f3ed0199ad6020a093.jpg,5,0.488756,0.488954,0.909088,0.551768
/kaggle/input/datasets/afqwe0/clotheslabelled/Himesh/Dolphin shorts/001376.jpg,5,0.472759,0.527974,0.265582,0.923346
/kaggle/input/datasets/afqwe0/clotheslabelled/Himesh/Dolphin shorts/002290.jpg,5,0.492798,0.524348,1.0,0.662891
/kaggle/input/datasets/afqwe0/clotheslabelled/Himesh/Dolphin shorts/6a314403d0e1353bcdf825f94e8776bc.jpg,5,0.515205,0.595963,0.341334,0.722612
/kaggle/input/datasets/afqwe0/clotheslabelled/Himesh/Dolphin shorts/2c54c617ea82eb3427d6b565dc63176f.jpg,5,0.583097,0.60113,0.863748,0.421655
/kaggle/input/datasets/afqwe0/clotheslabelled/Himesh/Dolphin shorts/2c54c617ea82eb3427d6b565dc63176f.jpg,5,0.40943,0.361698,0.837795,0.364876
/kaggle/input/datasets/afqwe0/clotheslabelled/Himesh/Dolphin shorts/2c54c617ea82eb3427d6b565dc63176f.jpg,5,0.49997,0.49839,1.0,0.630868
/kaggle/input/datasets/afqwe0/clotheslabelled/Himesh/Dolphin shorts/001372.jpg,5,0.502084,0.206065,0.219679,0.282309
/kaggle/input/datasets/afqwe0/clotheslabelled/Himesh/Dolphin shorts/001372.jpg,5,0.49967,0.475904,0.22515,0.903187
/kaggle/input/datasets/afqwe0/clotheslabelled/Himesh/Dolphin shorts/6217b4ae5ee12a663290e510bc6e5971.jpg,5,0.499382,0.524031,0.795786,0.671659
/kaggle/input/datasets/afqwe0/clotheslabelled/Himesh/Dolphin shorts/001369.jpg,5,0.512403,0.701348,1.0,0.520602
/kaggle/input/datasets/afqwe0/clotheslabelled/Himesh/Dolphin shorts/002299.jpg,5,0.499872,0.492578,0.290187,0.187436
/kaggle/input/datasets/afqwe0/clotheslabelled/Himesh/Dolphin shorts/002299.jpg,5,0.544209,0.520009,0.475126,0.945036
/kaggle/input/datasets/afqwe0/clotheslabelled/Himesh/Dolphin shorts/29c717eb3d6dfdec3cea3ffa9096e8dd.jpg,5,0.500475,0.495026,0.896324,0.725027
/kaggle/input/datasets/afqwe0/clotheslabelled/Himesh/Dolphin shorts/4d9139a69e6aab2cc74dcfaf21c5ab8c.jpg,5,0.500265,0.498901,0.867126,0.656835
/kaggle/input/datasets/afqwe0/clotheslabelled/Himesh/Dolphin shorts/e05a4c5b22c63adfe7ac0ee05b9c0ff1.jpg,5,0.511961,0.509093,0.770604,0.593799
/kaggle/input/datasets/afqwe0/clotheslabelled/Himesh/Dolphin shorts/a8883bf5491210368facb823c6c45377.jpg,5,0.499569,0.521593,0.865316,0.606919
/kaggle/input/datasets/afqwe0/clotheslabelled/Himesh/Dolphin shorts/70f97cbaf712673eb840fc19700d5700.jpg,5,0.514705,0.522811,0.804529,0.615274
/kaggle/input/datasets/afqwe0/clotheslabelled/Himesh/Dolphin shorts/001371.jpg,5,0.488765,0.23866,0.220349,0.248122
/kaggle/input/datasets/afqwe0/clotheslabelled/Himesh/Dolphin shorts/001371.jpg,5,0.48688,0.497988,0.226345,0.91231
/kaggle/input/datasets/afqwe0/clotheslabelled/Himesh/Dolphin shorts/001378.jpg,5,0.488874,0.445217,0.867827,0.473763
/kaggle/input/datasets/afqwe0/clotheslabelled/Himesh/Dolphin shorts/002305.jpg,5,0.625117,0.508863,0.375776,0.992584
/kaggle/input/datasets/afqwe0/clotheslabelled/Himesh/Dolphin shorts/002305.jpg,5,0.602635,0.718173,0.202765,0.290023
/kaggle/input/datasets/afqwe0/clotheslabelled/Himesh/Dolphin shorts/002305.jpg,5,0.625117,0.508863,0.375776,0.992584
/kaggle/input/datasets/afqwe0/clotheslabelled/Himesh/Dolphin shorts/002305.jpg,5,0.602635,0.718173,0.202765,0.290023
/kaggle/input/datasets/afqwe0/clotheslabelled/Himesh/Dolphin shorts/87ff658d60257fbf0be0a73eda6463b6.jpg,5,0.500935,0.499432,0.912499,0.725027
/kaggle/input/datasets/afqwe0/clotheslabelled/Himesh/Dolphin shorts/002292.jpg,5,0.567511,0.523518,0.591364,0.926357
/kaggle/input/datasets/afqwe0/clotheslabelled/Himesh/Dolphin shorts/002292.jpg,5,0.53372,0.475477,0.256185,0.159485
/kaggle/input/datasets/afqwe0/clotheslabelled/Himesh/Dolphin shorts/a7f4c860a9db30e1bab8e59852cd3897.jpg,5,0.500069,0.497589,0.990595,0.763625
/kaggle/input/datasets/afqwe0/clotheslabelled/Himesh/Dolphin shorts/a7f4c860a9db30e1bab8e59852cd3897.jpg,5,0.500069,0.497589,0.990595,0.763625
/kaggle/input/datasets/afqwe0/clotheslabelled/Himesh/Dolphin shorts/f5dcf74b691af835b968a704080a835f.jpg,5,0.486636,0.490104,0.825703,0.754349
/kaggle/input/datasets/afqwe0/clotheslabelled/Himesh/Dolphin shorts/c752bb37740e04b8cf04b444384d01f7.jpg,5,0.480748,0.453722,0.94598,0.715584
/kaggle/input/datasets/afqwe0/clotheslabelled/Himesh/Dolphin shorts/c752bb37740e04b8cf04b444384d01f7.jpg,5,0.482072,0.571334,0.944799,0.469869
/kaggle/input/datasets/afqwe0/clotheslabelled/Himesh/Dolphin shorts/9d217fbb3c2a06afae9685a353c6dee8.jpg,5,0.494965,0.604399,0.914962,0.704324
/kaggle/input/datasets/afqwe0/clotheslabelled/Himesh/Dolphin shorts/36003a226a6b08d106022dbc3c5fa1a3.jpg,5,0.495545,0.481454,0.863484,0.662098
/kaggle/input/datasets/afqwe0/clotheslabelled/Himesh/Dolphin shorts/4b69917d5a540b59fc553f4bb5161f17.jpg,5,0.519552,0.488969,0.599674,0.4466
/kaggle/input/datasets/afqwe0/clotheslabelled/Himesh/Dolphin shorts/4b69917d5a540b59fc553f4bb5161f17.jpg,5,0.716483,0.785891,0.611266,0.419751
/kaggle/input/datasets/afqwe0/clotheslabelled/Himesh/Dolphin shorts/57550643e7cdcd28eeb10b6d0ee80aff.jpg,5,0.26493,0.501075,0.521667,0.993517
/kaggle/input/datasets/afqwe0/clotheslabelled/Himesh/Dolphin shorts/57550643e7cdcd28eeb10b6d0ee80aff.jpg,5,0.26493,0.501075,0.521667,0.993517
/kaggle/input/datasets/afqwe0/clotheslabelled/Himesh/Dolphin shorts/87fc743f7937d5ba57ebe72510645565.jpg,5,0.43671,0.489287,0.293781,0.114868
/kaggle/input/datasets/afqwe0/clotheslabelled/Himesh/Dolphin shorts/7775941c69c203fef206073bc0444684.jpg,5,0.331074,0.572199,0.204272,0.793816
/kaggle/input/datasets/afqwe0/clotheslabelled/Himesh/Dolphin shorts/7775941c69c203fef206073bc0444684.jpg,5,0.331074,0.572199,0.204272,0.793816
/kaggle/input/datasets/afqwe0/clotheslabelled/Himesh/Dolphin shorts/36ec7c04be5598ed30f116ff8b30bcd9.jpg,5,0.502167,0.495289,0.655873,0.465979
/kaggle/input/datasets/afqwe0/clotheslabelled/Himesh/Dolphin shorts/87f95a946d9b4b8f64abff6191aeae2c.jpg,5,0.5005,0.523299,0.874164,0.568129
/kaggle/input/datasets/afqwe0/clotheslabelled/Himesh/Dolphin shorts/001379.jpg,5,0.549082,0.371034,0.177018,0.482101
/kaggle/input/datasets/afqwe0/clotheslabelled/Himesh/Dolphin shorts/6e18dc269342f1812aca305e22028f7b.jpg,5,0.496475,0.603976,0.582357,0.516702
/kaggle/input/datasets/afqwe0/clotheslabelled/Himesh/Dolphin shorts/6e18dc269342f1812aca305e22028f7b.jpg,5,0.496475,0.603976,0.582357,0.516702
/kaggle/input/datasets/afqwe0/clotheslabelled/Himesh/Dolphin shorts/275842ae87e7833e3752ff80b10e88f1.jpg,5,0.500194,0.551574,0.992884,0.805755
/kaggle/input/datasets/afqwe0/clotheslabelled/Himesh/Dolphin shorts/d55ad3591c323cd31b3f4d348699b4e2.jpg,5,0.501312,0.521763,0.87923,0.638264
/kaggle/input/datasets/afqwe0/clotheslabelled/Himesh/Dolphin shorts/fc6b50d32275dc6d1a65a2cdf38da831.jpg,5,0.527522,0.761019,0.752436,0.385938
/kaggle/input/datasets/afqwe0/clotheslabelled/Himesh/Dolphin shorts/513f1ab0b16e78d5d802a739e6da7218.jpg,5,0.49762,0.500863,0.980891,0.981034
/kaggle/input/datasets/afqwe0/clotheslabelled/Himesh/Dolphin shorts/afe2825ef6dd1f1a0980110cf0badeb5.jpg,5,0.499073,0.503586,0.867126,0.71079
/kaggle/input/datasets/afqwe0/clotheslabelled/Himesh/Dolphin shorts/659e32c6830ba2e50bc6bcd4660e5644.jpg,5,0.490602,0.528898,0.776081,0.596622
/kaggle/input/datasets/afqwe0/clotheslabelled/Himesh/Dolphin shorts/02f2e31b0067f49e43b625af99c8d3d2.jpg,5,0.49915,0.611382,0.352338,0.741006
/kaggle/input/datasets/afqwe0/clotheslabelled/Himesh/Dolphin shorts/7b6a68dea2c80697d9499be75c9bc78e.jpg,5,0.497437,0.534855,0.986374,0.785441
/kaggle/input/datasets/afqwe0/clotheslabelled/Himesh/Dolphin shorts/002293.jpg,5,0.566784,0.523518,0.592633,0.925284
/kaggle/input/datasets/afqwe0/clotheslabelled/Himesh/Dolphin shorts/002293.jpg,5,0.533994,0.475629,0.256185,0.15844
/kaggle/input/datasets/afqwe0/clotheslabelled/Himesh/Dolphin shorts/002295.jpg,5,0.578148,0.735536,0.222436,0.408511
/kaggle/input/datasets/afqwe0/clotheslabelled/Himesh/Dolphin shorts/002295.jpg,5,0.577072,0.498272,0.457332,1.0
/kaggle/input/datasets/afqwe0/clotheslabelled/Himesh/Dolphin shorts/cadf952f26dc091e19eae4c901105219.jpg,5,0.50531,0.511304,0.921978,0.716409
/kaggle/input/datasets/afqwe0/clotheslabelled/Himesh/Dolphin shorts/cadf952f26dc091e19eae4c901105219.jpg,5,0.504944,0.514199,0.921978,0.712498
/kaggle/input/datasets/afqwe0/clotheslabelled/Himesh/Dolphin shorts/001381.jpg,5,0.46022,0.498707,0.241746,0.896653
/kaggle/input/datasets/afqwe0/clotheslabelled/Himesh/Dolphin shorts/001381.jpg,5,0.46022,0.498707,0.241746,0.896653
/kaggle/input/datasets/afqwe0/clotheslabelled/Himesh/Dolphin shorts/09bdb9005c8fc012ac630f87ec10dc3e.jpg,5,0.460166,0.293188,0.9443,0.549746
/kaggle/input/datasets/afqwe0/clotheslabelled/Himesh/Dolphin shorts/36a526563853a41ead9b2c28d33a18d5.jpg,5,0.472781,0.655433,0.912499,0.653305
/kaggle/input/datasets/afqwe0/clotheslabelled/Himesh/Dolphin shorts/a4a54605f1b554a096b46638b2b5c0c1.jpg,5,0.489687,0.487063,0.958569,0.7507
/kaggle/input/datasets/afqwe0/clotheslabelled/Himesh/Dolphin shorts/002294.jpg,5,0.591098,0.510509,0.456604,0.992584
/kaggle/input/datasets/afqwe0/clotheslabelled/Himesh/Dolphin shorts/002294.jpg,5,0.566946,0.740828,0.211098,0.22455
/kaggle/input/datasets/afqwe0/clotheslabelled/Himesh/Dolphin shorts/001373.jpg,5,0.56427,0.537041,0.474463,0.914962
/kaggle/input/datasets/afqwe0/clotheslabelled/Himesh/Dolphin shorts/001377.jpg,5,0.508236,0.519156,0.882069,0.504989
/kaggle/input/datasets/afqwe0/clotheslabelled/Himesh/Dolphin shorts/001377.jpg,5,0.508236,0.519156,0.882069,0.504989
/kaggle/input/datasets/afqwe0/clotheslabelled/Himesh/Dolphin shorts/722b4aa0916472826d481cf49a6bf09f.jpg,5,0.501669,0.497024,1.0,0.467924
/kaggle/input/datasets/afqwe0/clotheslabelled/Himesh/Dolphin shorts/722b4aa0916472826d481cf49a6bf09f.jpg,5,0.501669,0.497024,1.0,0.467924
/kaggle/input/datasets/afqwe0/clotheslabelled/Himesh/Dolphin shorts/f5089c3b879bca73807aaa797bfc610e.jpg,5,0.465345,0.493751,0.581928,0.91617
/kaggle/input/datasets/afqwe0/clotheslabelled/Himesh/Dolphin shorts/f5089c3b879bca73807aaa797bfc610e.jpg,5,0.499439,0.481203,0.342224,0.191636
/kaggle/input/datasets/afqwe0/clotheslabelled/Himesh/Dolphin shorts/001374.jpg,5,0.511891,0.212571,0.157401,0.27839
/kaggle/input/datasets/afqwe0/clotheslabelled/Himesh/Dolphin shorts/001374.jpg,5,0.491273,0.484912,0.204987,0.991382
/kaggle/input/datasets/afqwe0/clotheslabelled/Himesh/Dolphin shorts/001374.jpg,5,0.511891,0.212571,0.157401,0.27839
/kaggle/input/datasets/afqwe0/clotheslabelled/Himesh/Dolphin shorts/001374.jpg,5,0.491273,0.484912,0.204987,0.991382
/kaggle/input/datasets/afqwe0/clotheslabelled/Himesh/Dolphin shorts/001374.jpg,5,0.511891,0.212571,0.157401,0.27839
/kaggle/input/datasets/afqwe0/clotheslabelled/Himesh/Dolphin shorts/001374.jpg,5,0.491273,0.484912,0.204987,0.991382
/kaggle/input/datasets/afqwe0/clotheslabelled/Himesh/Dolphin shorts/4be6a31c7896035ef3ac97c5cd9b6a1f.jpg,5,0.502411,0.504883,0.72033,0.589079
/kaggle/input/datasets/afqwe0/clotheslabelled/Himesh/Dolphin shorts/3327f65eb1f76168d29368aba0bf65be.jpg,5,0.368462,0.488869,0.429861,0.97484
/kaggle/input/datasets/afqwe0/clotheslabelled/Himesh/Dolphin shorts/3327f65eb1f76168d29368aba0bf65be.jpg,5,0.346612,0.268754,0.285779,0.341153
/kaggle/input/datasets/afqwe0/clotheslabelled/Himesh/Dolphin shorts/002301.jpg,5,0.504883,0.514115,0.337298,0.983251
/kaggle/input/datasets/afqwe0/clotheslabelled/Himesh/Dolphin shorts/002301.jpg,5,0.54289,0.77119,0.164791,0.271315
/kaggle/input/datasets/afqwe0/clotheslabelled/Himesh/Dolphin shorts/adb2076b4160b0a5112d6b298fa8518a.jpg,5,0.505096,0.494568,0.872435,0.699419
/kaggle/input/datasets/afqwe0/clotheslabelled/Himesh/Dolphin shorts/adb2076b4160b0a5112d6b298fa8518a.jpg,5,0.505096,0.494568,0.872435,0.699419
/kaggle/input/datasets/afqwe0/clotheslabelled/Himesh/Dolphin shorts/47ed8560f6941a3df70ec200a5da889b.jpg,5,0.512632,0.490677,0.641632,0.450464
/kaggle/input/datasets/afqwe0/clotheslabelled/Himesh/Dolphin shorts/4f0c43f3044e40ef9eb348cb7791b978.jpg,5,0.521837,0.520496,0.803298,0.537237
/kaggle/input/datasets/afqwe0/clotheslabelled/Himesh/Dolphin shorts/523588eda6c83d2731bbd1bf9afb3c5f.jpg,5,0.5119,0.530966,0.893384,0.672505
/kaggle/input/datasets/afqwe0/clotheslabelled/Himesh/Dolphin shorts/9cce88fa9ac6d195f8bfa6b05f9883bb.jpg,5,0.666524,0.633907,0.41423,0.645217
/kaggle/input/datasets/afqwe0/clotheslabelled/Himesh/Dolphin shorts/d1deae27a1357dda054b60e17d6203ff.jpg,5,0.504028,0.499656,0.967435,0.980986
/kaggle/input/datasets/afqwe0/clotheslabelled/Himesh/Dolphin shorts/bad9ca09a6c1ea72803c848972e05c95.jpg,5,0.506836,0.495777,0.570914,0.47766
/kaggle/input/datasets/afqwe0/clotheslabelled/Himesh/Dolphin shorts/002291.jpg,5,0.534386,0.502405,0.364876,1.0
/kaggle/input/datasets/afqwe0/clotheslabelled/Himesh/Dolphin shorts/002291.jpg,5,0.572138,0.78326,0.172456,0.287291
/kaggle/input/datasets/afqwe0/clotheslabelled/Himesh/Dolphin shorts/002291.jpg,5,0.534386,0.502405,0.364876,1.0
/kaggle/input/datasets/afqwe0/clotheslabelled/Himesh/Dolphin shorts/002291.jpg,5,0.572138,0.78326,0.172456,0.287291
/kaggle/input/datasets/afqwe0/clotheslabelled/Himesh/Dolphin shorts/c777510ccf92bccf65865dab4fd01136.jpg,5,0.465367,0.562131,0.398945,0.767068
/kaggle/input/datasets/afqwe0/clotheslabelled/Himesh/Dolphin shorts/002304.jpg,5,0.581441,0.512651,0.361263,0.993772
/kaggle/input/datasets/afqwe0/clotheslabelled/Himesh/Dolphin shorts/002304.jpg,5,0.588877,0.7558,0.2098,0.26786
/kaggle/input/datasets/afqwe0/clotheslabelled/Himesh/Dolphin shorts/05166905a383cbd2900b600083a12b74.jpg,5,0.497892,0.532668,0.781636,0.431209
/kaggle/input/datasets/afqwe0/clotheslabelled/Himesh/Dolphin shorts/002296.jpg,5,0.484481,0.512205,0.605237,0.963807
/kaggle/input/datasets/afqwe0/clotheslabelled/Himesh/Dolphin shorts/ce250bde2bc1077fdd722700ddfaa580.jpg,5,0.686083,0.494312,0.397957,0.931738
/kaggle/input/datasets/afqwe0/clotheslabelled/Himesh/Dolphin shorts/ce250bde2bc1077fdd722700ddfaa580.jpg,5,0.686083,0.494312,0.397957,0.931738
/kaggle/input/datasets/afqwe0/clotheslabelled/Himesh/Dolphin shorts/002303.jpg,5,0.542273,0.506797,0.255424,0.988525
/kaggle/input/datasets/afqwe0/clotheslabelled/Himesh/Dolphin shorts/002303.jpg,5,0.555824,0.747662,0.203398,0.243839
/kaggle/input/datasets/afqwe0/clotheslabelled/Himesh/Dolphin shorts/002303.jpg,5,0.542273,0.506797,0.255424,0.988525
/kaggle/input/datasets/afqwe0/clotheslabelled/Himesh/Dolphin shorts/002303.jpg,5,0.555824,0.747662,0.203398,0.243839
/kaggle/input/datasets/afqwe0/clotheslabelled/Himesh/Dolphin shorts/cc96a165bde1187b6ae60df719c4b27d.jpg,5,0.527168,0.450259,0.283644,0.150783
/kaggle/input/datasets/afqwe0/clotheslabelled/Himesh/Dolphin shorts/cc96a165bde1187b6ae60df719c4b27d.jpg,5,0.572505,0.524638,0.479615,0.861632
/kaggle/input/datasets/afqwe0/clotheslabelled/Himesh/Dolphin shorts/a255d33f00f610860e3d9fbf2b6320fb.jpg,5,0.542863,0.496192,0.469959,0.99737
/kaggle/input/datasets/afqwe0/clotheslabelled/Himesh/Dolphin shorts/a255d33f00f610860e3d9fbf2b6320fb.jpg,5,0.486407,0.579684,0.346969,0.516701
/kaggle/input/datasets/afqwe0/clotheslabelled/Himesh/Dolphin shorts/8024e953b472e711d40fa799727a7219.jpg,5,0.327676,0.434276,0.39617,0.373975
/kaggle/input/datasets/afqwe0/clotheslabelled/Himesh/Dolphin shorts/dc2b9d2ecffd8521f64087b8619a4cca.jpg,5,0.511138,0.494827,0.754972,0.48156
/kaggle/input/datasets/afqwe0/clotheslabelled/Himesh/Dolphin shorts/dc2b9d2ecffd8521f64087b8619a4cca.jpg,5,0.511138,0.494827,0.754972,0.48156
/kaggle/input/datasets/afqwe0/clotheslabelled/Himesh/Dolphin shorts/e14b9791e5d8ed43d4977c508b5ef48d.jpg,5,0.511102,0.485234,0.93992,0.545964
/kaggle/input/datasets/afqwe0/clotheslabelled/Himesh/Dolphin shorts/3eacf777292cb49a05d386707558802d.jpg,5,0.499184,0.469945,0.951899,0.713991
/kaggle/input/datasets/afqwe0/clotheslabelled/Himesh/Dolphin shorts/19d2d199d7e6ca47d88345e3329d2060.jpg,5,0.496994,0.500148,0.822304,0.940199
/kaggle/input/datasets/afqwe0/clotheslabelled/Himesh/Dolphin shorts/20b6a682a9d6a7b32774b4017d19e411.jpg,5,0.509804,0.496535,0.760184,0.47766
/kaggle/input/datasets/afqwe0/clotheslabelled/Himesh/Dolphin shorts/002298.jpg,5,0.51613,0.79044,0.226449,0.28458
/kaggle/input/datasets/afqwe0/clotheslabelled/Himesh/Dolphin shorts/002298.jpg,5,0.391499,0.518421,0.590024,0.979401
/kaggle/input/datasets/afqwe0/clotheslabelled/Himesh/Dolphin shorts/7bfbade71d22a1b3473e18ebce6b4511.jpg,5,0.505645,0.489213,0.495223,0.373975
/kaggle/input/datasets/afqwe0/clotheslabelled/Himesh/Dolphin shorts/7bfbade71d22a1b3473e18ebce6b4511.jpg,5,0.762437,0.857379,0.306617,0.234132
/kaggle/input/datasets/afqwe0/clotheslabelled/Himesh/Dolphin shorts/7bfbade71d22a1b3473e18ebce6b4511.jpg,5,0.764899,0.143925,0.308281,0.231864
/kaggle/input/datasets/afqwe0/clotheslabelled/Himesh/Dolphin shorts/7bfbade71d22a1b3473e18ebce6b4511.jpg,5,0.245886,0.139139,0.300835,0.232909
/kaggle/input/datasets/afqwe0/clotheslabelled/Himesh/Dolphin shorts/7bfbade71d22a1b3473e18ebce6b4511.jpg,5,0.242551,0.849939,0.309949,0.241388
/kaggle/input/datasets/afqwe0/clotheslabelled/Himesh/Dolphin shorts/62398837c0cfb7b1889d999e6ca70ef5.jpg,5,0.514034,0.516595,0.788062,0.592856
/kaggle/input/datasets/afqwe0/clotheslabelled/Himesh/Dolphin shorts/002302.jpg,5,0.539839,0.763681,0.211749,0.300206
/kaggle/input/datasets/afqwe0/clotheslabelled/Himesh/Dolphin shorts/002302.jpg,5,0.490053,0.516957,0.532377,0.98733
/kaggle/input/datasets/afqwe0/clotheslabelled/Himesh/Dolphin shorts/002302.jpg,5,0.492066,0.51372,0.525565,0.976745
/kaggle/input/datasets/afqwe0/clotheslabelled/Himesh/Dolphin shorts/8e356095305873bfb99b99324161b837.jpg,5,0.467089,0.467186,0.888836,0.738821
/kaggle/input/datasets/afqwe0/clotheslabelled/Himesh/Dolphin shorts/001370.jpg,5,0.529498,0.239246,0.240425,0.203055
/kaggle/input/datasets/afqwe0/clotheslabelled/Himesh/Dolphin shorts/001370.jpg,5,0.511473,0.471236,0.347855,0.777547
/kaggle/input/datasets/afqwe0/clotheslabelled/Himesh/Dolphin shorts/001370.jpg,5,0.529498,0.239246,0.240425,0.203055
/kaggle/input/datasets/afqwe0/clotheslabelled/Himesh/Dolphin shorts/001370.jpg,5,0.511473,0.471236,0.347855,0.777547
/kaggle/input/datasets/afqwe0/clotheslabelled/Himesh/Dolphin shorts/ecd4742d4d38d82196cdb1586d0426b4.jpg,5,0.495789,0.520009,0.877561,0.651533
/kaggle/input/datasets/afqwe0/clotheslabelled/Himesh/Dolphin shorts/001375.jpg,5,0.526489,0.457253,0.896213,0.504989
/kaggle/input/datasets/afqwe0/clotheslabelled/Himesh/skirt/002469.jpg,9,0.505218,0.587459,0.224639,0.818348
/kaggle/input/datasets/afqwe0/clotheslabelled/Himesh/skirt/002469.jpg,9,0.546266,0.761436,0.140813,0.428425
/kaggle/input/datasets/afqwe0/clotheslabelled/Himesh/skirt/002440.jpg,9,0.51618,0.606387,0.656294,0.324328
/kaggle/input/datasets/afqwe0/clotheslabelled/Himesh/skirt/002440.jpg,9,0.52157,0.499121,0.656037,0.999374
/kaggle/input/datasets/afqwe0/clotheslabelled/Himesh/skirt/000660.jpg,9,0.539409,0.786798,0.324328,0.397105
/kaggle/input/datasets/afqwe0/clotheslabelled/Himesh/skirt/000660.jpg,9,0.478627,0.565539,0.448137,0.848069
/kaggle/input/datasets/afqwe0/clotheslabelled/Himesh/skirt/002242.jpg,9,0.553549,0.547087,0.416615,0.267109
/kaggle/input/datasets/afqwe0/clotheslabelled/Himesh/skirt/002242.jpg,9,0.558443,0.479358,0.563277,0.949707
/kaggle/input/datasets/afqwe0/clotheslabelled/Himesh/skirt/001800.jpg,9,0.251971,0.586004,0.309125,0.761438
/kaggle/input/datasets/afqwe0/clotheslabelled/Himesh/skirt/001324.jpg,9,0.450132,0.685958,0.42547,0.443034
/kaggle/input/datasets/afqwe0/clotheslabelled/Himesh/skirt/001324.jpg,9,0.490541,0.487908,0.508894,0.842423
/kaggle/input/datasets/afqwe0/clotheslabelled/Himesh/skirt/000685.jpg,9,0.549658,0.737467,0.404114,0.510847
/kaggle/input/datasets/afqwe0/clotheslabelled/Himesh/skirt/000685.jpg,9,0.542384,0.502539,0.485969,0.977731
/kaggle/input/datasets/afqwe0/clotheslabelled/Himesh/skirt/001478.jpg,9,0.49199,0.578714,0.360039,0.22035
/kaggle/input/datasets/afqwe0/clotheslabelled/Himesh/skirt/001478.jpg,9,0.488291,0.499385,0.377264,0.540059
/kaggle/input/datasets/afqwe0/clotheslabelled/Himesh/skirt/002463.jpg,9,0.49765,0.613394,0.178731,0.795062
/kaggle/input/datasets/afqwe0/clotheslabelled/Himesh/skirt/002463.jpg,9,0.513995,0.796471,0.142475,0.395755
/kaggle/input/datasets/afqwe0/clotheslabelled/Himesh/skirt/000021.jpg,9,0.430804,0.662861,0.3763,0.281097
/kaggle/input/datasets/afqwe0/clotheslabelled/Himesh/skirt/000021.jpg,9,0.422645,0.562177,0.394039,0.867126
/kaggle/input/datasets/afqwe0/clotheslabelled/Himesh/skirt/002459.jpg,9,0.50137,0.587652,0.377591,0.394302
/kaggle/input/datasets/afqwe0/clotheslabelled/Himesh/skirt/002459.jpg,9,0.488691,0.506934,0.423533,0.966939
/kaggle/input/datasets/afqwe0/clotheslabelled/Himesh/skirt/002466.jpg,9,0.445001,0.561013,0.261413,0.892885
/kaggle/input/datasets/afqwe0/clotheslabelled/Himesh/skirt/002466.jpg,9,0.482118,0.777758,0.155853,0.393484
/kaggle/input/datasets/afqwe0/clotheslabelled/Himesh/skirt/001315.jpg,9,0.509764,0.723303,0.415951,0.392585
/kaggle/input/datasets/afqwe0/clotheslabelled/Himesh/skirt/001315.jpg,9,0.512861,0.473561,0.423562,0.885942
/kaggle/input/datasets/afqwe0/clotheslabelled/Himesh/skirt/000681.jpg,9,0.553917,0.710269,0.658335,0.460152
/kaggle/input/datasets/afqwe0/clotheslabelled/Himesh/skirt/000681.jpg,9,0.541836,0.500586,0.701291,0.979683
/kaggle/input/datasets/afqwe0/clotheslabelled/Himesh/skirt/000674.jpg,9,0.504583,0.486407,0.524739,0.458212
/kaggle/input/datasets/afqwe0/clotheslabelled/Himesh/skirt/000646.jpg,9,0.701644,0.780646,0.407003,0.267491
/kaggle/input/datasets/afqwe0/clotheslabelled/Himesh/skirt/000029.jpg,9,0.402344,0.688094,0.810089,0.580455
/kaggle/input/datasets/afqwe0/clotheslabelled/Himesh/skirt/001807.jpg,9,0.494388,0.699298,1.0,0.382242
/kaggle/input/datasets/afqwe0/clotheslabelled/Himesh/skirt/001475.jpg,9,0.486271,0.395093,0.367596,0.471934
/kaggle/input/datasets/afqwe0/clotheslabelled/Himesh/skirt/001313.jpg,9,0.649022,0.490334,0.433591,0.969347
/kaggle/input/datasets/afqwe0/clotheslabelled/Himesh/skirt/001313.jpg,9,0.676525,0.226092,0.357941,0.442741
/kaggle/input/datasets/afqwe0/clotheslabelled/Himesh/skirt/001490.jpg,9,0.471921,0.742353,0.537706,0.41216
/kaggle/input/datasets/afqwe0/clotheslabelled/Himesh/skirt/000682.jpg,9,0.542384,0.493262,0.489183,0.971151
/kaggle/input/datasets/afqwe0/clotheslabelled/Himesh/skirt/000682.jpg,9,0.540628,0.600662,0.491643,0.41216
/kaggle/input/datasets/afqwe0/clotheslabelled/Himesh/skirt/002245.jpg,9,0.452153,0.751946,0.543247,0.3408
/kaggle/input/datasets/afqwe0/clotheslabelled/Himesh/skirt/001802.jpg,9,0.466222,0.832141,0.275214,0.355811
/kaggle/input/datasets/afqwe0/clotheslabelled/Himesh/skirt/001802.jpg,9,0.475924,0.514254,0.312461,1.0
/kaggle/input/datasets/afqwe0/clotheslabelled/Himesh/skirt/000630.jpg,9,0.506909,0.766476,0.459926,0.256168
/kaggle/input/datasets/afqwe0/clotheslabelled/Himesh/skirt/002439.jpg,9,0.498647,0.701969,1.0,0.523616
/kaggle/input/datasets/afqwe0/clotheslabelled/Himesh/skirt/000679.jpg,9,0.4496,0.720803,0.562335,0.528396
/kaggle/input/datasets/afqwe0/clotheslabelled/Himesh/skirt/000670.jpg,9,0.527536,0.452517,0.217677,0.398035
/kaggle/input/datasets/afqwe0/clotheslabelled/Himesh/skirt/000670.jpg,9,0.52858,0.490409,0.233258,0.951082
/kaggle/input/datasets/afqwe0/clotheslabelled/Himesh/skirt/001485.jpg,9,0.566834,0.684204,0.459036,0.326902
/kaggle/input/datasets/afqwe0/clotheslabelled/Himesh/skirt/000031.jpg,9,0.468562,0.677805,0.124685,0.647327
/kaggle/input/datasets/afqwe0/clotheslabelled/Himesh/skirt/001332.jpg,9,0.504069,0.572723,1.0,0.850071
/kaggle/input/datasets/afqwe0/clotheslabelled/Himesh/skirt/001332.jpg,9,0.502065,0.706242,1.0,0.579592
/kaggle/input/datasets/afqwe0/clotheslabelled/Himesh/skirt/001806.jpg,9,0.605061,0.650977,0.722443,0.342557
/kaggle/input/datasets/afqwe0/clotheslabelled/Himesh/skirt/001804.jpg,9,0.466577,0.631712,0.35914,0.475711
/kaggle/input/datasets/afqwe0/clotheslabelled/Himesh/skirt/001804.jpg,9,0.454229,0.497262,0.373742,0.976768
/kaggle/input/datasets/afqwe0/clotheslabelled/Himesh/skirt/000675.jpg,9,0.543114,0.731947,0.535152,0.47766
/kaggle/input/datasets/afqwe0/clotheslabelled/Himesh/skirt/002553.jpg,9,0.526516,0.315305,0.367472,0.628962
/kaggle/input/datasets/afqwe0/clotheslabelled/Himesh/skirt/002553.jpg,9,0.518071,0.349048,0.349962,0.179824
/kaggle/input/datasets/afqwe0/clotheslabelled/Himesh/skirt/000028.jpg,9,0.530283,0.597507,0.303305,0.820133
/kaggle/input/datasets/afqwe0/clotheslabelled/Himesh/skirt/000028.jpg,9,0.487368,0.772972,0.213694,0.343316
/kaggle/input/datasets/afqwe0/clotheslabelled/Himesh/skirt/001483.jpg,9,0.402488,0.589603,0.494912,0.346969
/kaggle/input/datasets/afqwe0/clotheslabelled/Himesh/skirt/002552.jpg,9,0.444716,0.887093,0.92031,0.216829
/kaggle/input/datasets/afqwe0/clotheslabelled/Himesh/skirt/001481.jpg,9,0.510252,0.716856,0.448531,0.508894
/kaggle/input/datasets/afqwe0/clotheslabelled/Himesh/skirt/002555.jpg,9,0.509267,0.538012,0.377101,0.848069
/kaggle/input/datasets/afqwe0/clotheslabelled/Himesh/skirt/002555.jpg,9,0.461806,0.498162,0.279416,0.253499
/kaggle/input/datasets/afqwe0/clotheslabelled/Himesh/skirt/001325.jpg,9,0.460216,0.501075,0.791268,0.979052
/kaggle/input/datasets/afqwe0/clotheslabelled/Himesh/skirt/002071.jpg,9,0.572597,0.759595,0.412041,0.346085
/kaggle/input/datasets/afqwe0/clotheslabelled/Himesh/skirt/000683.jpg,9,0.542749,0.493751,0.489183,0.971151
/kaggle/input/datasets/afqwe0/clotheslabelled/Himesh/skirt/000683.jpg,9,0.540263,0.600427,0.492935,0.41216
/kaggle/input/datasets/afqwe0/clotheslabelled/Himesh/skirt/000023.jpg,9,0.509215,0.714062,0.317518,0.511321
/kaggle/input/datasets/afqwe0/clotheslabelled/Himesh/skirt/001803.jpg,9,0.353753,0.60522,0.434605,0.528396
/kaggle/input/datasets/afqwe0/clotheslabelled/Himesh/skirt/001803.jpg,9,0.352726,0.504004,0.442337,0.965407
/kaggle/input/datasets/afqwe0/clotheslabelled/Himesh/skirt/000669.jpg,9,0.509474,0.488678,0.15844,0.426038
/kaggle/input/datasets/afqwe0/clotheslabelled/Himesh/skirt/000669.jpg,9,0.51591,0.474344,0.179305,0.972626
/kaggle/input/datasets/afqwe0/clotheslabelled/Himesh/skirt/000669.jpg,9,0.509439,0.422688,0.156368,0.53808
/kaggle/input/datasets/afqwe0/clotheslabelled/Himesh/skirt/000647.jpg,9,0.619545,0.586004,0.433586,0.7499
/kaggle/input/datasets/afqwe0/clotheslabelled/Himesh/skirt/000647.jpg,9,0.56628,0.55237,0.251245,0.168042
/kaggle/input/datasets/afqwe0/clotheslabelled/Himesh/skirt/000629.jpg,9,0.448324,0.801942,0.565084,0.354977
/kaggle/input/datasets/afqwe0/clotheslabelled/Himesh/skirt/001320.jpg,9,0.575456,0.490334,0.349784,0.959185
/kaggle/input/datasets/afqwe0/clotheslabelled/Himesh/skirt/001320.jpg,9,0.578875,0.247434,0.327468,0.448531
/kaggle/input/datasets/afqwe0/clotheslabelled/Himesh/skirt/002069.jpg,9,0.356044,0.747168,0.573672,0.346085
/kaggle/input/datasets/afqwe0/clotheslabelled/Himesh/skirt/000680.jpg,9,0.530694,0.721769,0.429384,0.503036
/kaggle/input/datasets/afqwe0/clotheslabelled/Himesh/skirt/002462.jpg,9,0.56708,0.640703,0.342605,0.338172
/kaggle/input/datasets/afqwe0/clotheslabelled/Himesh/skirt/002462.jpg,9,0.434197,0.516693,0.745167,0.938169
/kaggle/input/datasets/afqwe0/clotheslabelled/Himesh/skirt/000025.jpg,9,0.454365,0.726708,0.332947,0.572625
/kaggle/input/datasets/afqwe0/clotheslabelled/Himesh/skirt/002332.jpg,9,0.517068,0.561742,0.432383,0.250993
/kaggle/input/datasets/afqwe0/clotheslabelled/Himesh/skirt/002332.jpg,9,0.507962,0.497657,0.545743,0.999481
/kaggle/input/datasets/afqwe0/clotheslabelled/Himesh/skirt/001472.jpg,9,0.403508,0.642475,0.281441,0.623476
/kaggle/input/datasets/afqwe0/clotheslabelled/Himesh/skirt/001317.jpg,9,0.446328,0.702369,0.516701,0.435046
/kaggle/input/datasets/afqwe0/clotheslabelled/Himesh/skirt/002330.jpg,9,0.514418,0.501075,0.326467,0.98968
/kaggle/input/datasets/afqwe0/clotheslabelled/Himesh/skirt/002549.jpg,9,0.502645,0.691029,1.0,0.60785
/kaggle/input/datasets/afqwe0/clotheslabelled/Himesh/skirt/000637.jpg,9,0.449828,0.752572,0.456197,0.274825
/kaggle/input/datasets/afqwe0/clotheslabelled/Himesh/skirt/002454.jpg,9,0.420713,0.722373,0.716665,0.551679
/kaggle/input/datasets/afqwe0/clotheslabelled/Himesh/skirt/001331.jpg,9,0.404373,0.5609,0.472544,0.397105
/kaggle/input/datasets/afqwe0/clotheslabelled/Himesh/skirt/001331.jpg,9,0.405582,0.471078,0.466126,0.921978
/kaggle/input/datasets/afqwe0/clotheslabelled/Himesh/skirt/000032.jpg,9,0.539858,0.563493,0.230916,0.796361
/kaggle/input/datasets/afqwe0/clotheslabelled/Himesh/skirt/000032.jpg,9,0.53957,0.522559,0.229619,0.217677
/kaggle/input/datasets/afqwe0/clotheslabelled/Himesh/skirt/002548.jpg,9,0.294885,0.82629,0.628437,0.3408
/kaggle/input/datasets/afqwe0/clotheslabelled/Himesh/skirt/000627.jpg,9,0.510845,0.786794,0.558222,0.286655
/kaggle/input/datasets/afqwe0/clotheslabelled/Himesh/skirt/000627.jpg,9,0.495442,0.575134,0.597486,0.812987
/kaggle/input/datasets/afqwe0/clotheslabelled/Himesh/skirt/001319.jpg,9,0.48529,0.483502,0.515784,0.964349
/kaggle/input/datasets/afqwe0/clotheslabelled/Himesh/skirt/001489.jpg,9,0.721512,0.706116,0.450559,0.384088
/kaggle/input/datasets/afqwe0/clotheslabelled/Himesh/skirt/002331.jpg,9,0.49493,0.517449,0.508339,0.955353
/kaggle/input/datasets/afqwe0/clotheslabelled/Himesh/skirt/002331.jpg,9,0.520205,0.62212,0.375077,0.652338
/kaggle/input/datasets/afqwe0/clotheslabelled/Himesh/skirt/001811.jpg,9,0.495056,0.752003,0.301657,0.499058
/kaggle/input/datasets/afqwe0/clotheslabelled/Himesh/skirt/001811.jpg,9,0.494049,0.520091,0.302969,0.964526
/kaggle/input/datasets/afqwe0/clotheslabelled/Himesh/skirt/001488.jpg,9,0.326118,0.719069,0.249527,0.359718
/kaggle/input/datasets/afqwe0/clotheslabelled/Himesh/skirt/000635.jpg,9,0.527404,0.694252,0.494228,0.231169
/kaggle/input/datasets/afqwe0/clotheslabelled/Himesh/skirt/002441.jpg,9,0.567251,0.475376,0.564839,0.317518
/kaggle/input/datasets/afqwe0/clotheslabelled/Himesh/skirt/002441.jpg,9,0.503303,0.488381,0.748605,0.987578
/kaggle/input/datasets/afqwe0/clotheslabelled/Himesh/skirt/001809.jpg,9,0.633931,0.522133,0.291068,0.968173
/kaggle/input/datasets/afqwe0/clotheslabelled/Himesh/skirt/001809.jpg,9,0.638226,0.752344,0.283868,0.504079
/kaggle/input/datasets/afqwe0/clotheslabelled/Himesh/skirt/001487.jpg,9,0.537068,0.725772,0.672797,0.48156
/kaggle/input/datasets/afqwe0/clotheslabelled/Himesh/skirt/002557.jpg,9,0.528027,0.549882,0.526264,0.891887
/kaggle/input/datasets/afqwe0/clotheslabelled/Himesh/skirt/002557.jpg,9,0.494616,0.509032,0.438815,0.237122
/kaggle/input/datasets/afqwe0/clotheslabelled/Himesh/skirt/002326.jpg,9,0.513995,0.404222,0.271966,0.559395
/kaggle/input/datasets/afqwe0/clotheslabelled/Himesh/skirt/000656.jpg,9,0.480454,0.746014,0.669899,0.341678
/kaggle/input/datasets/afqwe0/clotheslabelled/Himesh/skirt/002547.jpg,9,0.491284,0.440421,0.296492,0.253499
/kaggle/input/datasets/afqwe0/clotheslabelled/Himesh/skirt/002547.jpg,9,0.484378,0.422683,0.424591,0.846045
/kaggle/input/datasets/afqwe0/clotheslabelled/Himesh/skirt/001799.jpg,9,0.431576,0.645683,0.350565,0.510847
/kaggle/input/datasets/afqwe0/clotheslabelled/Himesh/skirt/001799.jpg,9,0.435847,0.485548,0.370077,0.898092
/kaggle/input/datasets/afqwe0/clotheslabelled/Himesh/skirt/000684.jpg,9,0.475606,0.729754,0.435998,0.528396
/kaggle/input/datasets/afqwe0/clotheslabelled/Himesh/skirt/001333.jpg,9,0.533323,0.511412,0.47882,0.367596
/kaggle/input/datasets/afqwe0/clotheslabelled/Himesh/skirt/002067.jpg,9,0.551605,0.496291,0.813743,0.647003
/kaggle/input/datasets/afqwe0/clotheslabelled/Himesh/skirt/000668.jpg,9,0.502128,0.457624,0.185658,0.407238
/kaggle/input/datasets/afqwe0/clotheslabelled/Himesh/skirt/000668.jpg,9,0.503709,0.483375,0.213366,1.0
/kaggle/input/datasets/afqwe0/clotheslabelled/Himesh/skirt/001479.jpg,9,0.540856,0.764201,0.825265,0.462093
/kaggle/input/datasets/afqwe0/clotheslabelled/Himesh/skirt/000564.jpg,9,0.483526,0.540716,0.28506,0.759057
/kaggle/input/datasets/afqwe0/clotheslabelled/Himesh/skirt/000654.jpg,9,0.774257,0.728677,0.396661,0.241567
/kaggle/input/datasets/afqwe0/clotheslabelled/Himesh/skirt/000654.jpg,9,0.683339,0.614301,0.579469,0.765033
/kaggle/input/datasets/afqwe0/clotheslabelled/Himesh/skirt/002445.jpg,9,0.360837,0.419019,0.458181,0.307448
/kaggle/input/datasets/afqwe0/clotheslabelled/Himesh/skirt/002460.jpg,9,0.481369,0.68209,0.325616,0.300835
/kaggle/input/datasets/afqwe0/clotheslabelled/Himesh/skirt/002460.jpg,9,0.473594,0.526216,0.362888,0.923346
/kaggle/input/datasets/afqwe0/clotheslabelled/Himesh/skirt/001334.jpg,9,0.487409,0.738223,0.581687,0.462093
/kaggle/input/datasets/afqwe0/clotheslabelled/Himesh/skirt/001322.jpg,9,0.499245,0.517449,0.617572,0.923095
/kaggle/input/datasets/afqwe0/clotheslabelled/Himesh/skirt/000558.jpg,9,0.389063,0.449123,0.288363,0.205303
/kaggle/input/datasets/afqwe0/clotheslabelled/Himesh/skirt/000558.jpg,9,0.416754,0.554229,0.481488,0.732746
/kaggle/input/datasets/afqwe0/clotheslabelled/Himesh/skirt/001486.jpg,9,0.520494,0.694761,0.79095,0.414054
/kaggle/input/datasets/afqwe0/clotheslabelled/Himesh/skirt/002072.jpg,9,0.362866,0.79867,0.661222,0.390577
/kaggle/input/datasets/afqwe0/clotheslabelled/Himesh/skirt/000562.jpg,9,0.490846,0.506572,0.282282,1.0
/kaggle/input/datasets/afqwe0/clotheslabelled/Himesh/skirt/001335.jpg,9,0.533688,0.511107,0.477548,0.367596
/kaggle/input/datasets/afqwe0/clotheslabelled/Himesh/skirt/001805.jpg,9,0.691761,0.707027,0.684409,0.351408
/kaggle/input/datasets/afqwe0/clotheslabelled/Himesh/skirt/000653.jpg,9,0.556261,0.750977,0.392119,0.253941
/kaggle/input/datasets/afqwe0/clotheslabelled/Himesh/skirt/001477.jpg,9,0.498569,0.610574,0.877801,0.591826
/kaggle/input/datasets/afqwe0/clotheslabelled/Himesh/skirt/002461.jpg,9,0.433833,0.516205,0.74297,0.939958
/kaggle/input/datasets/afqwe0/clotheslabelled/Himesh/skirt/002461.jpg,9,0.567262,0.640478,0.339774,0.338172
/kaggle/input/datasets/afqwe0/clotheslabelled/Himesh/skirt/002458.jpg,9,0.408411,0.642549,0.530377,0.673285
/kaggle/input/datasets/afqwe0/clotheslabelled/Himesh/skirt/000563.jpg,9,0.484746,0.486684,0.686118,1.0
/kaggle/input/datasets/afqwe0/clotheslabelled/Himesh/skirt/000563.jpg,9,0.542455,0.782474,0.391507,0.465371
/kaggle/input/datasets/afqwe0/clotheslabelled/Himesh/skirt/001482.jpg,9,0.49768,0.564996,0.362286,0.214369
/kaggle/input/datasets/afqwe0/clotheslabelled/Himesh/skirt/001482.jpg,9,0.49757,0.486205,0.379445,0.540059
/kaggle/input/datasets/afqwe0/clotheslabelled/Himesh/skirt/001318.jpg,9,0.492981,0.535436,0.473853,0.947255
/kaggle/input/datasets/afqwe0/clotheslabelled/Himesh/skirt/001318.jpg,9,0.443072,0.780591,0.363067,0.30469
/kaggle/input/datasets/afqwe0/clotheslabelled/Himesh/skirt/001318.jpg,9,0.45703,0.599249,0.38132,0.679021
/kaggle/input/datasets/afqwe0/clotheslabelled/Himesh/skirt/001476.jpg,9,0.482917,0.590126,0.319214,0.861748
/kaggle/input/datasets/afqwe0/clotheslabelled/Himesh/skirt/000561.jpg,9,0.49502,0.509285,0.267216,0.192242
/kaggle/input/datasets/afqwe0/clotheslabelled/Himesh/skirt/000561.jpg,9,0.493215,0.540313,0.28126,0.889186
/kaggle/input/datasets/afqwe0/clotheslabelled/Himesh/skirt/001469.jpg,9,0.52972,0.481088,1.0,0.741824
/kaggle/input/datasets/afqwe0/clotheslabelled/Himesh/skirt/001484.jpg,9,0.52886,0.511778,0.711376,0.957944
/kaggle/input/datasets/afqwe0/clotheslabelled/Himesh/skirt/001484.jpg,9,0.431848,0.550472,0.487714,0.370324
/kaggle/input/datasets/afqwe0/clotheslabelled/Himesh/skirt/001314.jpg,9,0.476137,0.493262,0.530079,0.97704
/kaggle/input/datasets/afqwe0/clotheslabelled/Himesh/skirt/002329.jpg,9,0.482155,0.825033,0.460435,0.334684
/kaggle/input/datasets/afqwe0/clotheslabelled/Himesh/skirt/002329.jpg,9,0.423904,0.500586,0.645835,0.988677
/kaggle/input/datasets/afqwe0/clotheslabelled/Himesh/skirt/002465.jpg,9,0.601131,0.791672,0.307242,0.38132
/kaggle/input/datasets/afqwe0/clotheslabelled/Himesh/skirt/002465.jpg,9,0.574746,0.626625,0.37429,0.741006
/kaggle/input/datasets/afqwe0/clotheslabelled/Himesh/skirt/000565.jpg,9,0.47629,0.706548,0.254682,0.335963
/kaggle/input/datasets/afqwe0/clotheslabelled/Himesh/skirt/000565.jpg,9,0.512693,0.476157,0.463154,0.95419
/kaggle/input/datasets/afqwe0/clotheslabelled/Himesh/skirt/002550.jpg,9,0.52042,0.33262,0.374795,0.662891
/kaggle/input/datasets/afqwe0/clotheslabelled/Himesh/skirt/002550.jpg,9,0.528779,0.402909,0.351982,0.178103
/kaggle/input/datasets/afqwe0/clotheslabelled/Himesh/skirt/000559.jpg,9,0.520618,0.748486,0.243721,0.33111
/kaggle/input/datasets/afqwe0/clotheslabelled/Himesh/skirt/000559.jpg,9,0.51312,0.542367,0.450795,0.798529
/kaggle/input/datasets/afqwe0/clotheslabelled/Himesh/skirt/000560.jpg,9,0.526124,0.607435,0.477548,0.283074
/kaggle/input/datasets/afqwe0/clotheslabelled/Himesh/skirt/000560.jpg,9,0.494527,0.523908,0.567276,0.939958
/kaggle/input/datasets/afqwe0/clotheslabelled/Himesh/skirt/001328.jpg,9,0.451885,0.691663,0.888499,0.608695
/kaggle/input/datasets/afqwe0/clotheslabelled/Himesh/skirt/001329.jpg,9,0.518041,0.709018,0.885876,0.57387
/kaggle/input/datasets/afqwe0/clotheslabelled/Himesh/skirt/002464.jpg,9,0.48377,0.624805,0.164038,0.739486
/kaggle/input/datasets/afqwe0/clotheslabelled/Himesh/skirt/002444.jpg,9,0.507215,0.477386,0.549537,0.414054
/kaggle/input/datasets/afqwe0/clotheslabelled/Himesh/skirt/001321.jpg,9,0.481576,0.535584,0.551768,0.914962
/kaggle/input/datasets/afqwe0/clotheslabelled/Himesh/skirt/001321.jpg,9,0.442229,0.590116,0.462093,0.652338
/kaggle/input/datasets/afqwe0/clotheslabelled/Himesh/skirt/002244.jpg,9,0.463438,0.763412,0.183893,0.269583
/kaggle/input/datasets/afqwe0/clotheslabelled/Himesh/skirt/002244.jpg,9,0.483648,0.617968,0.249893,0.771687
/kaggle/input/datasets/afqwe0/clotheslabelled/Himesh/skirt/002467.jpg,9,0.492993,0.662473,0.293664,0.655873
/kaggle/input/datasets/afqwe0/clotheslabelled/Himesh/skirt/002467.jpg,9,0.488498,0.722198,0.26374,0.262472
/kaggle/input/datasets/afqwe0/clotheslabelled/Himesh/skirt/002327.jpg,9,0.495544,0.690604,0.810407,0.369414
/kaggle/input/datasets/afqwe0/clotheslabelled/Himesh/skirt/000022.jpg,9,0.463094,0.637728,0.24121,0.729687
/kaggle/input/datasets/afqwe0/clotheslabelled/Himesh/skirt/001323.jpg,9,0.583097,0.518424,0.42171,0.923095
/kaggle/input/datasets/afqwe0/clotheslabelled/Himesh/skirt/000636.jpg,9,0.484847,0.790537,0.442673,0.308281
/kaggle/input/datasets/afqwe0/clotheslabelled/Himesh/skirt/002556.jpg,9,0.508785,0.491165,0.543247,0.256168
/kaggle/input/datasets/afqwe0/clotheslabelled/Himesh/skirt/002556.jpg,9,0.545668,0.529848,0.630115,0.93907
/kaggle/input/datasets/afqwe0/clotheslabelled/Himesh/skirt/000671.jpg,9,0.513645,0.500023,0.158962,0.391221
/kaggle/input/datasets/afqwe0/clotheslabelled/Himesh/skirt/000671.jpg,9,0.518349,0.484554,0.195143,0.983251
/kaggle/input/datasets/afqwe0/clotheslabelled/Himesh/skirt/001327.jpg,9,0.516029,0.691237,0.99898,0.608781
/kaggle/input/datasets/afqwe0/clotheslabelled/Himesh/skirt/001327.jpg,9,0.519119,0.534127,1.0,0.928461
/kaggle/input/datasets/afqwe0/clotheslabelled/Himesh/skirt/002328.jpg,9,0.478035,0.483088,0.281008,0.743994
/kaggle/input/datasets/afqwe0/clotheslabelled/Himesh/skirt/001480.jpg,9,0.45603,0.670888,0.587601,0.469869
/kaggle/input/datasets/afqwe0/clotheslabelled/Himesh/skirt/001326.jpg,9,0.442977,0.383278,0.267977,0.755715
/kaggle/input/datasets/afqwe0/clotheslabelled/Himesh/skirt/001326.jpg,9,0.442048,0.413111,0.261331,0.308616
/kaggle/input/datasets/afqwe0/clotheslabelled/Himesh/skirt/000676.jpg,9,0.475606,0.729368,0.433586,0.526448
/kaggle/input/datasets/afqwe0/clotheslabelled/Himesh/skirt/000024.jpg,9,0.480722,0.648839,0.125112,0.703544
/kaggle/input/datasets/afqwe0/clotheslabelled/Himesh/skirt/002443.jpg,9,0.478668,0.724327,0.772557,0.524501
/kaggle/input/datasets/afqwe0/clotheslabelled/Himesh/skirt/001473.jpg,9,0.507781,0.627409,0.186752,0.779705
/kaggle/input/datasets/afqwe0/clotheslabelled/Himesh/skirt/000678.jpg,9,0.486677,0.504004,0.675831,0.959185
/kaggle/input/datasets/afqwe0/clotheslabelled/Himesh/skirt/000678.jpg,9,0.532522,0.620511,0.559592,0.39337
/kaggle/input/datasets/afqwe0/clotheslabelled/Himesh/skirt/000027.jpg,9,0.461581,0.554827,0.263274,0.801382
/kaggle/input/datasets/afqwe0/clotheslabelled/Himesh/skirt/002449.jpg,9,0.477677,0.724327,0.541855,0.487413
/kaggle/input/datasets/afqwe0/clotheslabelled/Himesh/skirt/002243.jpg,9,0.448415,0.780255,0.525777,0.336426
/kaggle/input/datasets/afqwe0/clotheslabelled/Himesh/skirt/002450.jpg,9,0.403105,0.500427,0.617565,0.383164
/kaggle/input/datasets/afqwe0/clotheslabelled/Himesh/skirt/002068.jpg,9,0.45718,0.751068,0.340837,0.304959
/kaggle/input/datasets/afqwe0/clotheslabelled/Himesh/skirt/002068.jpg,9,0.447205,0.52208,0.377894,0.795786
/kaggle/input/datasets/afqwe0/clotheslabelled/Himesh/skirt/002065.jpg,9,0.515791,0.461357,1.0,0.823443
/kaggle/input/datasets/afqwe0/clotheslabelled/Himesh/skirt/000672.jpg,9,0.576957,0.478251,0.142237,0.42366
/kaggle/input/datasets/afqwe0/clotheslabelled/Himesh/skirt/000672.jpg,9,0.562181,0.461191,0.192188,0.945638
/kaggle/input/datasets/afqwe0/clotheslabelled/Himesh/skirt/002070.jpg,9,0.49667,0.378461,0.262965,0.213712
/kaggle/input/datasets/afqwe0/clotheslabelled/Himesh/skirt/002070.jpg,9,0.489852,0.481543,0.27332,0.842401
/kaggle/input/datasets/afqwe0/clotheslabelled/Himesh/skirt/001810.jpg,9,0.363308,0.606736,0.719414,0.458212
/kaggle/input/datasets/afqwe0/clotheslabelled/Himesh/skirt/001810.jpg,9,0.366293,0.498145,0.715163,0.896324
/kaggle/input/datasets/afqwe0/clotheslabelled/Himesh/skirt/001316.jpg,9,0.441982,0.483746,0.781769,0.971151
/kaggle/input/datasets/afqwe0/clotheslabelled/Himesh/skirt/002551.jpg,9,0.601824,0.716047,0.582622,0.397105
/kaggle/input/datasets/afqwe0/clotheslabelled/Himesh/skirt/000030.jpg,9,0.464734,0.634923,0.227887,0.699361
/kaggle/input/datasets/afqwe0/clotheslabelled/Himesh/skirt/000677.jpg,9,0.427318,0.606153,0.355419,0.429294
/kaggle/input/datasets/afqwe0/clotheslabelled/Himesh/skirt/000677.jpg,9,0.469023,0.503028,0.660272,0.974062
/kaggle/input/datasets/afqwe0/clotheslabelled/Himesh/skirt/002468.jpg,9,0.493988,0.596468,0.165382,0.792144
/kaggle/input/datasets/afqwe0/clotheslabelled/Himesh/skirt/000024 (1).jpg,9,0.480722,0.648839,0.125112,0.703544
/kaggle/input/datasets/afqwe0/clotheslabelled/Himesh/skirt/001808.jpg,9,0.329443,0.633528,0.611917,0.518652
/kaggle/input/datasets/afqwe0/clotheslabelled/Himesh/skirt/002554.jpg,9,0.397667,0.536556,0.56587,0.826824
/kaggle/input/datasets/afqwe0/clotheslabelled/Himesh/skirt/002554.jpg,9,0.42494,0.502877,0.317925,0.259458
/kaggle/input/datasets/afqwe0/clotheslabelled/Himesh/skirt/001474.jpg,9,0.486758,0.603439,0.395789,0.889311
/kaggle/input/datasets/afqwe0/clotheslabelled/Himesh/skirt/001474.jpg,9,0.412764,0.834034,0.234765,0.2726
/kaggle/input/datasets/afqwe0/clotheslabelled/Himesh/skirt/000026.jpg,9,0.483785,0.566452,0.231683,0.7499
/kaggle/input/datasets/afqwe0/clotheslabelled/Himesh/skirt/002066.jpg,9,0.440927,0.499483,0.855948,1.0
/kaggle/input/datasets/afqwe0/clotheslabelled/Himesh/skirt/000673.jpg,9,0.564106,0.568102,0.405268,0.475711
/kaggle/input/datasets/afqwe0/clotheslabelled/Himesh/skirt/000673.jpg,9,0.564106,0.568102,0.405268,0.475711
/kaggle/input/datasets/afqwe0/clotheslabelled/Himesh/Jacket/9569b3b38fcf0c9f9b38e03e5f0e2f51.jpg,8,0.492066,0.55929,0.928461,0.687798
/kaggle/input/datasets/afqwe0/clotheslabelled/Himesh/Jacket/000737.jpg,8,0.475272,0.441047,0.98308,0.726582
/kaggle/input/datasets/afqwe0/clotheslabelled/Himesh/Jacket/25a3dd63d345bda82648ee7f1ccd43ea.jpg,8,0.502114,0.479701,0.757483,0.536176
/kaggle/input/datasets/afqwe0/clotheslabelled/Himesh/Jacket/001396.jpg,8,0.482787,0.527682,1.0,0.48156
/kaggle/input/datasets/afqwe0/clotheslabelled/Himesh/Jacket/38593c001137687573e2d53ca8f25fc7.jpg,8,0.509154,0.497009,0.850071,0.87923
/kaggle/input/datasets/afqwe0/clotheslabelled/Himesh/Jacket/2af2d0b7d77177993fd4db3edc6d3292.jpg,8,0.492798,0.49954,0.872435,0.903363
/kaggle/input/datasets/afqwe0/clotheslabelled/Himesh/Jacket/000723.jpg,8,0.503626,0.282479,0.825263,0.549746
/kaggle/input/datasets/afqwe0/clotheslabelled/Himesh/Jacket/000723.jpg,8,0.503626,0.282479,0.825263,0.549746
/kaggle/input/datasets/afqwe0/clotheslabelled/Himesh/Jacket/9324536aba0c4664a0bb6df88b9e15ec.jpg,8,0.501229,0.498037,0.850071,0.987716
/kaggle/input/datasets/afqwe0/clotheslabelled/Himesh/Jacket/d0157644dbf65730aba2246061fc699d.jpg,8,0.505951,0.498642,0.877561,0.960981
/kaggle/input/datasets/afqwe0/clotheslabelled/Himesh/Jacket/f91320482a1a2a25a109a6e95de31e14.jpg,8,0.500896,0.498863,0.810599,0.84193
/kaggle/input/datasets/afqwe0/clotheslabelled/Himesh/Jacket/001926.jpg,8,0.49534,0.462813,0.934054,0.872435
/kaggle/input/datasets/afqwe0/clotheslabelled/Himesh/Jacket/000739.jpg,8,0.468935,0.47171,0.934746,0.824576
/kaggle/input/datasets/afqwe0/clotheslabelled/Himesh/Jacket/000721.jpg,8,0.430782,0.465968,0.596622,0.948542
/kaggle/input/datasets/afqwe0/clotheslabelled/Himesh/Jacket/001351.jpg,8,0.456075,0.524835,0.577519,0.669839
/kaggle/input/datasets/afqwe0/clotheslabelled/Himesh/Jacket/000729.jpg,8,0.49762,0.50344,0.985508,0.986762
/kaggle/input/datasets/afqwe0/clotheslabelled/Himesh/Jacket/000729.jpg,8,0.49762,0.50344,0.985508,0.986762
/kaggle/input/datasets/afqwe0/clotheslabelled/Himesh/Jacket/000729.jpg,8,0.49762,0.50344,0.985508,0.986762
/kaggle/input/datasets/afqwe0/clotheslabelled/Himesh/Jacket/000729.jpg,8,0.49762,0.50344,0.985508,0.986762
/kaggle/input/datasets/afqwe0/clotheslabelled/Himesh/Jacket/38e697d68407d430844b66ff58bebce4.jpg,8,0.496598,0.53048,0.883923,0.809397
/kaggle/input/datasets/afqwe0/clotheslabelled/Himesh/Jacket/38e697d68407d430844b66ff58bebce4.jpg,8,0.496598,0.53048,0.883923,0.809397
/kaggle/input/datasets/afqwe0/clotheslabelled/Himesh/Jacket/001398.jpg,8,0.512496,0.566522,1.0,0.795786
/kaggle/input/datasets/afqwe0/clotheslabelled/Himesh/Jacket/001352.jpg,8,0.329564,0.462809,0.34173,0.335904
/kaggle/input/datasets/afqwe0/clotheslabelled/Himesh/Jacket/001352.jpg,8,0.598973,0.397167,0.35914,0.373975
/kaggle/input/datasets/afqwe0/clotheslabelled/Himesh/Jacket/001413.jpg,8,0.470668,0.371772,0.458681,0.414054
/kaggle/input/datasets/afqwe0/clotheslabelled/Himesh/Jacket/001408.jpg,8,0.541632,0.379559,0.535152,0.491318
/kaggle/input/datasets/afqwe0/clotheslabelled/Himesh/Jacket/001408.jpg,8,0.541632,0.379559,0.535152,0.491318
/kaggle/input/datasets/afqwe0/clotheslabelled/Himesh/Jacket/f6e3662b889d7702851c5707d58aa728.jpg,8,0.515742,0.503845,0.717171,0.944218
/kaggle/input/datasets/afqwe0/clotheslabelled/Himesh/Jacket/f6e3662b889d7702851c5707d58aa728.jpg,8,0.515742,0.503845,0.717171,0.944218
/kaggle/input/datasets/afqwe0/clotheslabelled/Himesh/Jacket/f6e3662b889d7702851c5707d58aa728.jpg,8,0.515742,0.503845,0.717171,0.944218
/kaggle/input/datasets/afqwe0/clotheslabelled/Himesh/Jacket/f6e3662b889d7702851c5707d58aa728.jpg,8,0.515742,0.503845,0.717171,0.944218
/kaggle/input/datasets/afqwe0/clotheslabelled/Himesh/Jacket/000736.jpg,8,0.502808,0.636184,1.0,0.715584
/kaggle/input/datasets/afqwe0/clotheslabelled/Himesh/Jacket/000736.jpg,8,0.502808,0.636184,1.0,0.715584
/kaggle/input/datasets/afqwe0/clotheslabelled/Himesh/Jacket/000736.jpg,8,0.502808,0.636184,1.0,0.715584
/kaggle/input/datasets/afqwe0/clotheslabelled/Himesh/Jacket/001399.jpg,8,0.541636,0.417438,0.732728,0.448531
/kaggle/input/datasets/afqwe0/clotheslabelled/Himesh/Jacket/001931.jpg,8,0.506939,0.679232,0.90943,0.626308
/kaggle/input/datasets/afqwe0/clotheslabelled/Himesh/Jacket/001931.jpg,8,0.506939,0.679232,0.90943,0.626308
/kaggle/input/datasets/afqwe0/clotheslabelled/Himesh/Jacket/001931.jpg,8,0.506939,0.679232,0.90943,0.626308
/kaggle/input/datasets/afqwe0/clotheslabelled/Himesh/Jacket/000738.jpg,8,0.504856,0.670771,1.0,0.644405
/kaggle/input/datasets/afqwe0/clotheslabelled/Himesh/Jacket/000738.jpg,8,0.504856,0.670771,1.0,0.644405
/kaggle/input/datasets/afqwe0/clotheslabelled/Himesh/Jacket/001412.jpg,8,0.499468,0.54516,0.798431,0.786038
/kaggle/input/datasets/afqwe0/clotheslabelled/Himesh/Jacket/000726.jpg,8,0.50891,0.558327,1.0,0.867126
/kaggle/input/datasets/afqwe0/clotheslabelled/Himesh/Jacket/000726.jpg,8,0.50891,0.558327,1.0,0.867126
/kaggle/input/datasets/afqwe0/clotheslabelled/Himesh/Jacket/8b8381a881124741395b94ff6cd1be80.jpg,8,0.499775,0.486149,0.952765,0.590969
/kaggle/input/datasets/afqwe0/clotheslabelled/Himesh/Jacket/001404.jpg,8,0.442017,0.562611,0.789673,0.743994
/kaggle/input/datasets/afqwe0/clotheslabelled/Himesh/Jacket/001404.jpg,8,0.442017,0.562611,0.789673,0.743994
/kaggle/input/datasets/afqwe0/clotheslabelled/Himesh/Jacket/001404.jpg,8,0.442017,0.562611,0.789673,0.743994
/kaggle/input/datasets/afqwe0/clotheslabelled/Himesh/Jacket/001393.jpg,8,0.499668,0.670555,0.996729,0.644405
/kaggle/input/datasets/afqwe0/clotheslabelled/Himesh/Jacket/001400.jpg,8,0.497342,0.48121,1.0,0.777436
/kaggle/input/datasets/afqwe0/clotheslabelled/Himesh/Jacket/001400.jpg,8,0.497342,0.48121,1.0,0.777436
/kaggle/input/datasets/afqwe0/clotheslabelled/Himesh/Jacket/254a18c0c538bf04737081099b7042c6.jpg,8,0.490719,0.502533,0.845711,0.612496
/kaggle/input/datasets/afqwe0/clotheslabelled/Himesh/Jacket/001930.jpg,8,0.459799,0.508498,0.84038,0.604967
/kaggle/input/datasets/afqwe0/clotheslabelled/Himesh/Jacket/000731.jpg,8,0.508029,0.687063,1.0,0.61241
/kaggle/input/datasets/afqwe0/clotheslabelled/Himesh/Jacket/000731.jpg,8,0.508029,0.687063,1.0,0.61241
/kaggle/input/datasets/afqwe0/clotheslabelled/Himesh/Jacket/000731.jpg,8,0.508029,0.687063,1.0,0.61241
/kaggle/input/datasets/afqwe0/clotheslabelled/Himesh/Jacket/000731.jpg,8,0.508029,0.687063,1.0,0.61241
/kaggle/input/datasets/afqwe0/clotheslabelled/Himesh/Jacket/001929.jpg,8,0.450206,0.599061,0.920482,0.619802
/kaggle/input/datasets/afqwe0/clotheslabelled/Himesh/Jacket/001392.jpg,8,0.567669,0.558712,0.887447,0.874164
/kaggle/input/datasets/afqwe0/clotheslabelled/Himesh/Jacket/df54f1c46d54a67f29fbc76f8f57f74d.jpg,8,0.490353,0.508239,0.947398,0.821159
/kaggle/input/datasets/afqwe0/clotheslabelled/Himesh/Jacket/01543133d37f3ec50a03d98d78f23dcb.jpg,8,0.498819,0.499569,0.979577,0.984106
/kaggle/input/datasets/afqwe0/clotheslabelled/Himesh/Jacket/01543133d37f3ec50a03d98d78f23dcb.jpg,8,0.498819,0.499569,0.979577,0.984106
/kaggle/input/datasets/afqwe0/clotheslabelled/Himesh/Jacket/01543133d37f3ec50a03d98d78f23dcb.jpg,8,0.498819,0.499569,0.979577,0.984106
/kaggle/input/datasets/afqwe0/clotheslabelled/Himesh/Jacket/001394.jpg,8,0.505914,0.532136,1.0,0.737996
/kaggle/input/datasets/afqwe0/clotheslabelled/Himesh/Jacket/000740.jpg,8,0.503705,0.459901,0.979957,0.896324
/kaggle/input/datasets/afqwe0/clotheslabelled/Himesh/Jacket/000730.jpg,8,0.643209,0.244536,0.575813,0.462093
/kaggle/input/datasets/afqwe0/clotheslabelled/Himesh/Jacket/000730.jpg,8,0.609535,0.465485,0.639351,0.927416
/kaggle/input/datasets/afqwe0/clotheslabelled/Himesh/Jacket/000730.jpg,8,0.643209,0.244536,0.575813,0.462093
/kaggle/input/datasets/afqwe0/clotheslabelled/Himesh/Jacket/000730.jpg,8,0.609535,0.465485,0.639351,0.927416
/kaggle/input/datasets/afqwe0/clotheslabelled/Himesh/Jacket/000730.jpg,8,0.643209,0.244536,0.575813,0.462093
/kaggle/input/datasets/afqwe0/clotheslabelled/Himesh/Jacket/000730.jpg,8,0.609535,0.465485,0.639351,0.927416
/kaggle/input/datasets/afqwe0/clotheslabelled/Himesh/Jacket/000730.jpg,8,0.643209,0.244536,0.575813,0.462093
/kaggle/input/datasets/afqwe0/clotheslabelled/Himesh/Jacket/000730.jpg,8,0.609535,0.465485,0.639351,0.927416
/kaggle/input/datasets/afqwe0/clotheslabelled/Himesh/Jacket/001401.jpg,8,0.560241,0.61268,0.92983,0.694469
/kaggle/input/datasets/afqwe0/clotheslabelled/Himesh/Jacket/001401.jpg,8,0.560241,0.61268,0.92983,0.694469
/kaggle/input/datasets/afqwe0/clotheslabelled/Himesh/Jacket/001401.jpg,8,0.560241,0.61268,0.92983,0.694469
/kaggle/input/datasets/afqwe0/clotheslabelled/Himesh/Jacket/001753.jpg,8,0.475423,0.344966,0.471213,0.436967
/kaggle/input/datasets/afqwe0/clotheslabelled/Himesh/Jacket/001753.jpg,8,0.475423,0.344966,0.471213,0.436967
/kaggle/input/datasets/afqwe0/clotheslabelled/Himesh/Jacket/001753.jpg,8,0.475423,0.344966,0.471213,0.436967
/kaggle/input/datasets/afqwe0/clotheslabelled/Himesh/Jacket/001753.jpg,8,0.475423,0.344966,0.471213,0.436967
/kaggle/input/datasets/afqwe0/clotheslabelled/Himesh/Jacket/b7e81a6d9f24da3406ac1e115c722e8c.jpg,8,0.500211,0.488283,0.894376,0.586239
/kaggle/input/datasets/afqwe0/clotheslabelled/Himesh/Jacket/001410.jpg,8,0.576558,0.615208,0.528448,0.630784
/kaggle/input/datasets/afqwe0/clotheslabelled/Himesh/Jacket/001410.jpg,8,0.576558,0.615208,0.528448,0.630784
/kaggle/input/datasets/afqwe0/clotheslabelled/Himesh/Jacket/001928.jpg,8,0.500432,0.554229,0.849317,0.806975
/kaggle/input/datasets/afqwe0/clotheslabelled/Himesh/Jacket/001416.jpg,8,0.506726,0.394831,0.523112,0.435046
/kaggle/input/datasets/afqwe0/clotheslabelled/Himesh/Jacket/001416.jpg,8,0.503018,0.511182,0.532466,0.669839
/kaggle/input/datasets/afqwe0/clotheslabelled/Himesh/Jacket/001416.jpg,8,0.506726,0.394831,0.523112,0.435046
/kaggle/input/datasets/afqwe0/clotheslabelled/Himesh/Jacket/001416.jpg,8,0.503018,0.511182,0.532466,0.669839
/kaggle/input/datasets/afqwe0/clotheslabelled/Himesh/Jacket/3c11e347f47e53536f76b5674ded5759.jpg,8,0.503448,0.521106,0.726582,0.919701
/kaggle/input/datasets/afqwe0/clotheslabelled/Himesh/Jacket/12fae460201367b5f1bb14de89bd9ac4.jpg,8,0.50708,0.499716,0.963517,0.731213
/kaggle/input/datasets/afqwe0/clotheslabelled/Himesh/Jacket/000727.jpg,8,0.500182,0.455054,1.0,0.911243
/kaggle/input/datasets/afqwe0/clotheslabelled/Himesh/Jacket/000732.jpg,8,0.512856,0.560012,1.0,0.867126
/kaggle/input/datasets/afqwe0/clotheslabelled/Himesh/Jacket/000724.jpg,8,0.502815,0.430555,1.0,0.803857
/kaggle/input/datasets/afqwe0/clotheslabelled/Himesh/Jacket/000724.jpg,8,0.502815,0.430555,1.0,0.803857
/kaggle/input/datasets/afqwe0/clotheslabelled/Himesh/Jacket/000724.jpg,8,0.502815,0.430555,1.0,0.803857
/kaggle/input/datasets/afqwe0/clotheslabelled/Himesh/Jacket/8d8699290a7d6b5d39e8ede6d2556efe.jpg,8,0.539954,0.506988,0.551768,0.803225
/kaggle/input/datasets/afqwe0/clotheslabelled/Himesh/Jacket/8d8699290a7d6b5d39e8ede6d2556efe.jpg,8,0.539954,0.506988,0.551768,0.803225
/kaggle/input/datasets/afqwe0/clotheslabelled/Himesh/Jacket/8ea1d2bd3cb1b8c16999d08494fa2fb9.jpg,8,0.501635,0.497376,0.99096,0.975596
/kaggle/input/datasets/afqwe0/clotheslabelled/Himesh/Jacket/aa9836c14b482f0c52677f002ae309c0.jpg,8,0.501343,0.486332,0.670782,0.848069
/kaggle/input/datasets/afqwe0/clotheslabelled/Himesh/Jacket/aa9836c14b482f0c52677f002ae309c0.jpg,8,0.501343,0.486332,0.670782,0.848069
/kaggle/input/datasets/afqwe0/clotheslabelled/Himesh/Jacket/000735.jpg,8,0.5134,0.63581,1.0,0.699419
/kaggle/input/datasets/afqwe0/clotheslabelled/Himesh/Jacket/a23025165ce989f30ea73f4c409b0443.jpg,8,0.502045,0.498367,0.877561,0.868916
/kaggle/input/datasets/afqwe0/clotheslabelled/Himesh/Jacket/001406.jpg,8,0.480454,0.498977,0.532466,0.755715
/kaggle/input/datasets/afqwe0/clotheslabelled/Himesh/Jacket/001406.jpg,8,0.480454,0.498977,0.532466,0.755715
/kaggle/input/datasets/afqwe0/clotheslabelled/Himesh/Jacket/001406.jpg,8,0.480454,0.498977,0.532466,0.755715
/kaggle/input/datasets/afqwe0/clotheslabelled/Himesh/Jacket/001406.jpg,8,0.480454,0.498977,0.532466,0.755715
/kaggle/input/datasets/afqwe0/clotheslabelled/Himesh/Jacket/001406.jpg,8,0.480454,0.498977,0.532466,0.755715
/kaggle/input/datasets/afqwe0/clotheslabelled/Himesh/Jacket/001406.jpg,8,0.480454,0.498977,0.532466,0.755715
/kaggle/input/datasets/afqwe0/clotheslabelled/Himesh/Jacket/001406.jpg,8,0.480454,0.498977,0.532466,0.755715
/kaggle/input/datasets/afqwe0/clotheslabelled/Himesh/Jacket/001406.jpg,8,0.480454,0.498977,0.532466,0.755715
/kaggle/input/datasets/afqwe0/clotheslabelled/Himesh/Jacket/001406.jpg,8,0.480454,0.498977,0.532466,0.755715
/kaggle/input/datasets/afqwe0/clotheslabelled/Himesh/Jacket/001406.jpg,8,0.480454,0.498977,0.532466,0.755715
/kaggle/input/datasets/afqwe0/clotheslabelled/Himesh/Jacket/001406.jpg,8,0.480454,0.498977,0.532466,0.755715
/kaggle/input/datasets/afqwe0/clotheslabelled/Himesh/Jacket/001406.jpg,8,0.480454,0.498977,0.532466,0.755715
/kaggle/input/datasets/afqwe0/clotheslabelled/Himesh/Jacket/001406.jpg,8,0.480454,0.498977,0.532466,0.755715
/kaggle/input/datasets/afqwe0/clotheslabelled/Himesh/Jacket/001406.jpg,8,0.480454,0.498977,0.532466,0.755715
/kaggle/input/datasets/afqwe0/clotheslabelled/Himesh/Jacket/001406.jpg,8,0.480454,0.498977,0.532466,0.755715
/kaggle/input/datasets/afqwe0/clotheslabelled/Himesh/Jacket/001406.jpg,8,0.480454,0.498977,0.532466,0.755715
/kaggle/input/datasets/afqwe0/clotheslabelled/Himesh/Jacket/001406.jpg,8,0.480454,0.498977,0.532466,0.755715
/kaggle/input/datasets/afqwe0/clotheslabelled/Himesh/Jacket/001406.jpg,8,0.480454,0.498977,0.532466,0.755715
/kaggle/input/datasets/afqwe0/clotheslabelled/Himesh/Jacket/001406.jpg,8,0.480454,0.498977,0.532466,0.755715
/kaggle/input/datasets/afqwe0/clotheslabelled/Himesh/Jacket/001406.jpg,8,0.480454,0.498977,0.532466,0.755715
/kaggle/input/datasets/afqwe0/clotheslabelled/Himesh/Jacket/001406.jpg,8,0.480454,0.498977,0.532466,0.755715
/kaggle/input/datasets/afqwe0/clotheslabelled/Himesh/Jacket/001406.jpg,8,0.480454,0.498977,0.532466,0.755715
/kaggle/input/datasets/afqwe0/clotheslabelled/Himesh/Jacket/001406.jpg,8,0.480454,0.498977,0.532466,0.755715
/kaggle/input/datasets/afqwe0/clotheslabelled/Himesh/Jacket/001406.jpg,8,0.480454,0.498977,0.532466,0.755715
/kaggle/input/datasets/afqwe0/clotheslabelled/Himesh/Jacket/001406.jpg,8,0.480454,0.498977,0.532466,0.755715
/kaggle/input/datasets/afqwe0/clotheslabelled/Himesh/Jacket/001406.jpg,8,0.480454,0.498977,0.532466,0.755715
/kaggle/input/datasets/afqwe0/clotheslabelled/Himesh/Jacket/001406.jpg,8,0.480454,0.498977,0.532466,0.755715
/kaggle/input/datasets/afqwe0/clotheslabelled/Himesh/Jacket/001406.jpg,8,0.480454,0.498977,0.532466,0.755715
/kaggle/input/datasets/afqwe0/clotheslabelled/Himesh/Jacket/001406.jpg,8,0.480454,0.498977,0.532466,0.755715
/kaggle/input/datasets/afqwe0/clotheslabelled/Himesh/Jacket/001406.jpg,8,0.480454,0.498977,0.532466,0.755715
/kaggle/input/datasets/afqwe0/clotheslabelled/Himesh/Jacket/001406.jpg,8,0.480454,0.498977,0.532466,0.755715
/kaggle/input/datasets/afqwe0/clotheslabelled/Himesh/Jacket/001406.jpg,8,0.480454,0.498977,0.532466,0.755715
/kaggle/input/datasets/afqwe0/clotheslabelled/Himesh/Jacket/001406.jpg,8,0.480454,0.498977,0.532466,0.755715
/kaggle/input/datasets/afqwe0/clotheslabelled/Himesh/Jacket/001406.jpg,8,0.480454,0.498977,0.532466,0.755715
/kaggle/input/datasets/afqwe0/clotheslabelled/Himesh/Jacket/001406.jpg,8,0.480454,0.498977,0.532466,0.755715
/kaggle/input/datasets/afqwe0/clotheslabelled/Himesh/Jacket/001406.jpg,8,0.480454,0.498977,0.532466,0.755715
/kaggle/input/datasets/afqwe0/clotheslabelled/Himesh/Jacket/001406.jpg,8,0.480454,0.498977,0.532466,0.755715
/kaggle/input/datasets/afqwe0/clotheslabelled/Himesh/Jacket/001406.jpg,8,0.480454,0.498977,0.532466,0.755715
/kaggle/input/datasets/afqwe0/clotheslabelled/Himesh/Jacket/001406.jpg,8,0.480454,0.498977,0.532466,0.755715
/kaggle/input/datasets/afqwe0/clotheslabelled/Himesh/Jacket/001406.jpg,8,0.480454,0.498977,0.532466,0.755715
/kaggle/input/datasets/afqwe0/clotheslabelled/Himesh/Jacket/001406.jpg,8,0.480454,0.498977,0.532466,0.755715
/kaggle/input/datasets/afqwe0/clotheslabelled/Himesh/Jacket/001406.jpg,8,0.480454,0.498977,0.532466,0.755715
/kaggle/input/datasets/afqwe0/clotheslabelled/Himesh/Jacket/001406.jpg,8,0.480454,0.498977,0.532466,0.755715
/kaggle/input/datasets/afqwe0/clotheslabelled/Himesh/Jacket/001406.jpg,8,0.480454,0.498977,0.532466,0.755715
/kaggle/input/datasets/afqwe0/clotheslabelled/Himesh/Jacket/001406.jpg,8,0.480454,0.498977,0.532466,0.755715
/kaggle/input/datasets/afqwe0/clotheslabelled/Himesh/Jacket/001406.jpg,8,0.480454,0.498977,0.532466,0.755715
/kaggle/input/datasets/afqwe0/clotheslabelled/Himesh/Jacket/001406.jpg,8,0.480454,0.498977,0.532466,0.755715
/kaggle/input/datasets/afqwe0/clotheslabelled/Himesh/Jacket/001406.jpg,8,0.480454,0.498977,0.532466,0.755715
/kaggle/input/datasets/afqwe0/clotheslabelled/Himesh/Jacket/001406.jpg,8,0.480454,0.498977,0.532466,0.755715
/kaggle/input/datasets/afqwe0/clotheslabelled/Himesh/Jacket/001406.jpg,8,0.480454,0.498977,0.532466,0.755715
/kaggle/input/datasets/afqwe0/clotheslabelled/Himesh/Jacket/001406.jpg,8,0.480454,0.498977,0.532466,0.755715
/kaggle/input/datasets/afqwe0/clotheslabelled/Himesh/Jacket/001406.jpg,8,0.480454,0.498977,0.532466,0.755715
/kaggle/input/datasets/afqwe0/clotheslabelled/Himesh/Jacket/001406.jpg,8,0.480454,0.498977,0.532466,0.755715
/kaggle/input/datasets/afqwe0/clotheslabelled/Himesh/Jacket/001406.jpg,8,0.480454,0.498977,0.532466,0.755715
/kaggle/input/datasets/afqwe0/clotheslabelled/Himesh/Jacket/001406.jpg,8,0.480454,0.498977,0.532466,0.755715
/kaggle/input/datasets/afqwe0/clotheslabelled/Himesh/Jacket/001406.jpg,8,0.480454,0.498977,0.532466,0.755715
/kaggle/input/datasets/afqwe0/clotheslabelled/Himesh/Jacket/001406.jpg,8,0.480454,0.498977,0.532466,0.755715
/kaggle/input/datasets/afqwe0/clotheslabelled/Himesh/Jacket/001406.jpg,8,0.480454,0.498977,0.532466,0.755715
/kaggle/input/datasets/afqwe0/clotheslabelled/Himesh/Jacket/001406.jpg,8,0.480454,0.498977,0.532466,0.755715
/kaggle/input/datasets/afqwe0/clotheslabelled/Himesh/Jacket/001406.jpg,8,0.480454,0.498977,0.532466,0.755715
/kaggle/input/datasets/afqwe0/clotheslabelled/Himesh/Jacket/001406.jpg,8,0.480454,0.498977,0.532466,0.755715
/kaggle/input/datasets/afqwe0/clotheslabelled/Himesh/Jacket/001406.jpg,8,0.480454,0.498977,0.532466,0.755715
/kaggle/input/datasets/afqwe0/clotheslabelled/Himesh/Jacket/001406.jpg,8,0.480454,0.498977,0.532466,0.755715
/kaggle/input/datasets/afqwe0/clotheslabelled/Himesh/Jacket/001406.jpg,8,0.480454,0.498977,0.532466,0.755715
/kaggle/input/datasets/afqwe0/clotheslabelled/Himesh/Jacket/001406.jpg,8,0.480454,0.498977,0.532466,0.755715
/kaggle/input/datasets/afqwe0/clotheslabelled/Himesh/Jacket/001406.jpg,8,0.480454,0.498977,0.532466,0.755715
/kaggle/input/datasets/afqwe0/clotheslabelled/Himesh/Jacket/001406.jpg,8,0.480454,0.498977,0.532466,0.755715
/kaggle/input/datasets/afqwe0/clotheslabelled/Himesh/Jacket/001406.jpg,8,0.480454,0.498977,0.532466,0.755715
/kaggle/input/datasets/afqwe0/clotheslabelled/Himesh/Jacket/001406.jpg,8,0.480454,0.498977,0.532466,0.755715
/kaggle/input/datasets/afqwe0/clotheslabelled/Himesh/Jacket/001406.jpg,8,0.480454,0.498977,0.532466,0.755715
/kaggle/input/datasets/afqwe0/clotheslabelled/Himesh/Jacket/001406.jpg,8,0.480454,0.498977,0.532466,0.755715
/kaggle/input/datasets/afqwe0/clotheslabelled/Himesh/Jacket/001406.jpg,8,0.480454,0.498977,0.532466,0.755715
/kaggle/input/datasets/afqwe0/clotheslabelled/Himesh/Jacket/001406.jpg,8,0.480454,0.498977,0.532466,0.755715
/kaggle/input/datasets/afqwe0/clotheslabelled/Himesh/Jacket/001406.jpg,8,0.480454,0.498977,0.532466,0.755715
/kaggle/input/datasets/afqwe0/clotheslabelled/Himesh/Jacket/001406.jpg,8,0.480454,0.498977,0.532466,0.755715
/kaggle/input/datasets/afqwe0/clotheslabelled/Himesh/Jacket/001406.jpg,8,0.480454,0.498977,0.532466,0.755715
/kaggle/input/datasets/afqwe0/clotheslabelled/Himesh/Jacket/001406.jpg,8,0.480454,0.498977,0.532466,0.755715
/kaggle/input/datasets/afqwe0/clotheslabelled/Himesh/Jacket/001406.jpg,8,0.480454,0.498977,0.532466,0.755715
/kaggle/input/datasets/afqwe0/clotheslabelled/Himesh/Jacket/001406.jpg,8,0.480454,0.498977,0.532466,0.755715
/kaggle/input/datasets/afqwe0/clotheslabelled/Himesh/Jacket/001406.jpg,8,0.480454,0.498977,0.532466,0.755715
/kaggle/input/datasets/afqwe0/clotheslabelled/Himesh/Jacket/001406.jpg,8,0.480454,0.498977,0.532466,0.755715
/kaggle/input/datasets/afqwe0/clotheslabelled/Himesh/Jacket/001406.jpg,8,0.480454,0.498977,0.532466,0.755715
/kaggle/input/datasets/afqwe0/clotheslabelled/Himesh/Jacket/001406.jpg,8,0.480454,0.498977,0.532466,0.755715
/kaggle/input/datasets/afqwe0/clotheslabelled/Himesh/Jacket/001406.jpg,8,0.480454,0.498977,0.532466,0.755715
/kaggle/input/datasets/afqwe0/clotheslabelled/Himesh/Jacket/001406.jpg,8,0.480454,0.498977,0.532466,0.755715
/kaggle/input/datasets/afqwe0/clotheslabelled/Himesh/Jacket/001406.jpg,8,0.480454,0.498977,0.532466,0.755715
/kaggle/input/datasets/afqwe0/clotheslabelled/Himesh/Jacket/001406.jpg,8,0.480454,0.498977,0.532466,0.755715
/kaggle/input/datasets/afqwe0/clotheslabelled/Himesh/Jacket/001406.jpg,8,0.480454,0.498977,0.532466,0.755715
/kaggle/input/datasets/afqwe0/clotheslabelled/Himesh/Jacket/001406.jpg,8,0.480454,0.498977,0.532466,0.755715
/kaggle/input/datasets/afqwe0/clotheslabelled/Himesh/Jacket/001406.jpg,8,0.480454,0.498977,0.532466,0.755715
/kaggle/input/datasets/afqwe0/clotheslabelled/Himesh/Jacket/001406.jpg,8,0.480454,0.498977,0.532466,0.755715
/kaggle/input/datasets/afqwe0/clotheslabelled/Himesh/Jacket/001406.jpg,8,0.480454,0.498977,0.532466,0.755715
/kaggle/input/datasets/afqwe0/clotheslabelled/Himesh/Jacket/001406.jpg,8,0.480454,0.498977,0.532466,0.755715
/kaggle/input/datasets/afqwe0/clotheslabelled/Himesh/Jacket/001406.jpg,8,0.480454,0.498977,0.532466,0.755715
/kaggle/input/datasets/afqwe0/clotheslabelled/Himesh/Jacket/001406.jpg,8,0.480454,0.498977,0.532466,0.755715
/kaggle/input/datasets/afqwe0/clotheslabelled/Himesh/Jacket/001406.jpg,8,0.480454,0.498977,0.532466,0.755715
/kaggle/input/datasets/afqwe0/clotheslabelled/Himesh/Jacket/001406.jpg,8,0.480454,0.498977,0.532466,0.755715
/kaggle/input/datasets/afqwe0/clotheslabelled/Himesh/Jacket/001406.jpg,8,0.480454,0.498977,0.532466,0.755715
/kaggle/input/datasets/afqwe0/clotheslabelled/Himesh/Jacket/001406.jpg,8,0.480454,0.498977,0.532466,0.755715
/kaggle/input/datasets/afqwe0/clotheslabelled/Himesh/Jacket/001406.jpg,8,0.480454,0.498977,0.532466,0.755715
/kaggle/input/datasets/afqwe0/clotheslabelled/Himesh/Jacket/001406.jpg,8,0.480454,0.498977,0.532466,0.755715
/kaggle/input/datasets/afqwe0/clotheslabelled/Himesh/Jacket/001406.jpg,8,0.480454,0.498977,0.532466,0.755715
/kaggle/input/datasets/afqwe0/clotheslabelled/Himesh/Jacket/001406.jpg,8,0.480454,0.498977,0.532466,0.755715
/kaggle/input/datasets/afqwe0/clotheslabelled/Himesh/Jacket/001406.jpg,8,0.480454,0.498977,0.532466,0.755715
/kaggle/input/datasets/afqwe0/clotheslabelled/Himesh/Jacket/001406.jpg,8,0.480454,0.498977,0.532466,0.755715
/kaggle/input/datasets/afqwe0/clotheslabelled/Himesh/Jacket/001406.jpg,8,0.480454,0.498977,0.532466,0.755715
/kaggle/input/datasets/afqwe0/clotheslabelled/Himesh/Jacket/001406.jpg,8,0.480454,0.498977,0.532466,0.755715
/kaggle/input/datasets/afqwe0/clotheslabelled/Himesh/Jacket/001406.jpg,8,0.480454,0.498977,0.532466,0.755715
/kaggle/input/datasets/afqwe0/clotheslabelled/Himesh/Jacket/001406.jpg,8,0.480454,0.498977,0.532466,0.755715
/kaggle/input/datasets/afqwe0/clotheslabelled/Himesh/Jacket/001406.jpg,8,0.480454,0.498977,0.532466,0.755715
/kaggle/input/datasets/afqwe0/clotheslabelled/Himesh/Jacket/001406.jpg,8,0.480454,0.498977,0.532466,0.755715
/kaggle/input/datasets/afqwe0/clotheslabelled/Himesh/Jacket/001406.jpg,8,0.480454,0.498977,0.532466,0.755715
/kaggle/input/datasets/afqwe0/clotheslabelled/Himesh/Jacket/001406.jpg,8,0.480454,0.498977,0.532466,0.755715
/kaggle/input/datasets/afqwe0/clotheslabelled/Himesh/Jacket/001406.jpg,8,0.480454,0.498977,0.532466,0.755715
/kaggle/input/datasets/afqwe0/clotheslabelled/Himesh/Jacket/001406.jpg,8,0.480454,0.498977,0.532466,0.755715
/kaggle/input/datasets/afqwe0/clotheslabelled/Himesh/Jacket/001406.jpg,8,0.480454,0.498977,0.532466,0.755715
/kaggle/input/datasets/afqwe0/clotheslabelled/Himesh/Jacket/001406.jpg,8,0.480454,0.498977,0.532466,0.755715
/kaggle/input/datasets/afqwe0/clotheslabelled/Himesh/Jacket/001406.jpg,8,0.480454,0.498977,0.532466,0.755715
/kaggle/input/datasets/afqwe0/clotheslabelled/Himesh/Jacket/001406.jpg,8,0.480454,0.498977,0.532466,0.755715
/kaggle/input/datasets/afqwe0/clotheslabelled/Himesh/Jacket/001406.jpg,8,0.480454,0.498977,0.532466,0.755715
/kaggle/input/datasets/afqwe0/clotheslabelled/Himesh/Jacket/001406.jpg,8,0.480454,0.498977,0.532466,0.755715
/kaggle/input/datasets/afqwe0/clotheslabelled/Himesh/Jacket/001406.jpg,8,0.480454,0.498977,0.532466,0.755715
/kaggle/input/datasets/afqwe0/clotheslabelled/Himesh/Jacket/001406.jpg,8,0.480454,0.498977,0.532466,0.755715
/kaggle/input/datasets/afqwe0/clotheslabelled/Himesh/Jacket/001406.jpg,8,0.480454,0.498977,0.532466,0.755715
/kaggle/input/datasets/afqwe0/clotheslabelled/Himesh/Jacket/001406.jpg,8,0.480454,0.498977,0.532466,0.755715
/kaggle/input/datasets/afqwe0/clotheslabelled/Himesh/Jacket/001406.jpg,8,0.480454,0.498977,0.532466,0.755715
/kaggle/input/datasets/afqwe0/clotheslabelled/Himesh/Jacket/001406.jpg,8,0.480454,0.498977,0.532466,0.755715
/kaggle/input/datasets/afqwe0/clotheslabelled/Himesh/Jacket/001406.jpg,8,0.480454,0.498977,0.532466,0.755715
/kaggle/input/datasets/afqwe0/clotheslabelled/Himesh/Jacket/001406.jpg,8,0.480454,0.498977,0.532466,0.755715
/kaggle/input/datasets/afqwe0/clotheslabelled/Himesh/Jacket/001406.jpg,8,0.480454,0.498977,0.532466,0.755715
/kaggle/input/datasets/afqwe0/clotheslabelled/Himesh/Jacket/001406.jpg,8,0.480454,0.498977,0.532466,0.755715
/kaggle/input/datasets/afqwe0/clotheslabelled/Himesh/Jacket/001406.jpg,8,0.480454,0.498977,0.532466,0.755715
/kaggle/input/datasets/afqwe0/clotheslabelled/Himesh/Jacket/001406.jpg,8,0.480454,0.498977,0.532466,0.755715
/kaggle/input/datasets/afqwe0/clotheslabelled/Himesh/Jacket/001406.jpg,8,0.480454,0.498977,0.532466,0.755715
/kaggle/input/datasets/afqwe0/clotheslabelled/Himesh/Jacket/001406.jpg,8,0.480454,0.498977,0.532466,0.755715
/kaggle/input/datasets/afqwe0/clotheslabelled/Himesh/Jacket/001406.jpg,8,0.480454,0.498977,0.532466,0.755715
/kaggle/input/datasets/afqwe0/clotheslabelled/Himesh/Jacket/001406.jpg,8,0.480454,0.498977,0.532466,0.755715
/kaggle/input/datasets/afqwe0/clotheslabelled/Himesh/Jacket/001406.jpg,8,0.480454,0.498977,0.532466,0.755715
/kaggle/input/datasets/afqwe0/clotheslabelled/Himesh/Jacket/001406.jpg,8,0.480454,0.498977,0.532466,0.755715
/kaggle/input/datasets/afqwe0/clotheslabelled/Himesh/Jacket/001406.jpg,8,0.480454,0.498977,0.532466,0.755715
/kaggle/input/datasets/afqwe0/clotheslabelled/Himesh/Jacket/001406.jpg,8,0.480454,0.498977,0.532466,0.755715
/kaggle/input/datasets/afqwe0/clotheslabelled/Himesh/Jacket/001406.jpg,8,0.480454,0.498977,0.532466,0.755715
/kaggle/input/datasets/afqwe0/clotheslabelled/Himesh/Jacket/001406.jpg,8,0.480454,0.498977,0.532466,0.755715
/kaggle/input/datasets/afqwe0/clotheslabelled/Himesh/Jacket/001406.jpg,8,0.480454,0.498977,0.532466,0.755715
/kaggle/input/datasets/afqwe0/clotheslabelled/Himesh/Jacket/001406.jpg,8,0.480454,0.498977,0.532466,0.755715
/kaggle/input/datasets/afqwe0/clotheslabelled/Himesh/Jacket/001406.jpg,8,0.480454,0.498977,0.532466,0.755715
/kaggle/input/datasets/afqwe0/clotheslabelled/Himesh/Jacket/001406.jpg,8,0.480454,0.498977,0.532466,0.755715
/kaggle/input/datasets/afqwe0/clotheslabelled/Himesh/Jacket/001406.jpg,8,0.480454,0.498977,0.532466,0.755715
/kaggle/input/datasets/afqwe0/clotheslabelled/Himesh/Jacket/001406.jpg,8,0.480454,0.498977,0.532466,0.755715
/kaggle/input/datasets/afqwe0/clotheslabelled/Himesh/Jacket/001406.jpg,8,0.480454,0.498977,0.532466,0.755715
/kaggle/input/datasets/afqwe0/clotheslabelled/Himesh/Jacket/001406.jpg,8,0.480454,0.498977,0.532466,0.755715
/kaggle/input/datasets/afqwe0/clotheslabelled/Himesh/Jacket/001406.jpg,8,0.480454,0.498977,0.532466,0.755715
/kaggle/input/datasets/afqwe0/clotheslabelled/Himesh/Jacket/001406.jpg,8,0.480454,0.498977,0.532466,0.755715
/kaggle/input/datasets/afqwe0/clotheslabelled/Himesh/Jacket/001406.jpg,8,0.480454,0.498977,0.532466,0.755715
/kaggle/input/datasets/afqwe0/clotheslabelled/Himesh/Jacket/001406.jpg,8,0.480454,0.498977,0.532466,0.755715
/kaggle/input/datasets/afqwe0/clotheslabelled/Himesh/Jacket/001406.jpg,8,0.480454,0.498977,0.532466,0.755715
/kaggle/input/datasets/afqwe0/clotheslabelled/Himesh/Jacket/001406.jpg,8,0.480454,0.498977,0.532466,0.755715
/kaggle/input/datasets/afqwe0/clotheslabelled/Himesh/Jacket/001406.jpg,8,0.480454,0.498977,0.532466,0.755715
/kaggle/input/datasets/afqwe0/clotheslabelled/Himesh/Jacket/001406.jpg,8,0.480454,0.498977,0.532466,0.755715
/kaggle/input/datasets/afqwe0/clotheslabelled/Himesh/Jacket/001406.jpg,8,0.480454,0.498977,0.532466,0.755715
/kaggle/input/datasets/afqwe0/clotheslabelled/Himesh/Jacket/001406.jpg,8,0.480454,0.498977,0.532466,0.755715
/kaggle/input/datasets/afqwe0/clotheslabelled/Himesh/Jacket/001406.jpg,8,0.480454,0.498977,0.532466,0.755715
/kaggle/input/datasets/afqwe0/clotheslabelled/Himesh/Jacket/001406.jpg,8,0.480454,0.498977,0.532466,0.755715
/kaggle/input/datasets/afqwe0/clotheslabelled/Himesh/Jacket/001406.jpg,8,0.480454,0.498977,0.532466,0.755715
/kaggle/input/datasets/afqwe0/clotheslabelled/Himesh/Jacket/001406.jpg,8,0.480454,0.498977,0.532466,0.755715
/kaggle/input/datasets/afqwe0/clotheslabelled/Himesh/Jacket/001406.jpg,8,0.480454,0.498977,0.532466,0.755715
/kaggle/input/datasets/afqwe0/clotheslabelled/Himesh/Jacket/001406.jpg,8,0.480454,0.498977,0.532466,0.755715
/kaggle/input/datasets/afqwe0/clotheslabelled/Himesh/Jacket/001406.jpg,8,0.480454,0.498977,0.532466,0.755715
/kaggle/input/datasets/afqwe0/clotheslabelled/Himesh/Jacket/001406.jpg,8,0.480454,0.498977,0.532466,0.755715
/kaggle/input/datasets/afqwe0/clotheslabelled/Himesh/Jacket/001406.jpg,8,0.480454,0.498977,0.532466,0.755715
/kaggle/input/datasets/afqwe0/clotheslabelled/Himesh/Jacket/001406.jpg,8,0.480454,0.498977,0.532466,0.755715
/kaggle/input/datasets/afqwe0/clotheslabelled/Himesh/Jacket/001406.jpg,8,0.480454,0.498977,0.532466,0.755715
/kaggle/input/datasets/afqwe0/clotheslabelled/Himesh/Jacket/001406.jpg,8,0.480454,0.498977,0.532466,0.755715
/kaggle/input/datasets/afqwe0/clotheslabelled/Himesh/Jacket/001406.jpg,8,0.480454,0.498977,0.532466,0.755715
/kaggle/input/datasets/afqwe0/clotheslabelled/Himesh/Jacket/001406.jpg,8,0.480454,0.498977,0.532466,0.755715
/kaggle/input/datasets/afqwe0/clotheslabelled/Himesh/Jacket/001406.jpg,8,0.480454,0.498977,0.532466,0.755715
/kaggle/input/datasets/afqwe0/clotheslabelled/Himesh/Jacket/001406.jpg,8,0.480454,0.498977,0.532466,0.755715
/kaggle/input/datasets/afqwe0/clotheslabelled/Himesh/Jacket/001406.jpg,8,0.480454,0.498977,0.532466,0.755715
/kaggle/input/datasets/afqwe0/clotheslabelled/Himesh/Jacket/001406.jpg,8,0.480454,0.498977,0.532466,0.755715
/kaggle/input/datasets/afqwe0/clotheslabelled/Himesh/Jacket/001406.jpg,8,0.480454,0.498977,0.532466,0.755715
/kaggle/input/datasets/afqwe0/clotheslabelled/Himesh/Jacket/001406.jpg,8,0.480454,0.498977,0.532466,0.755715
/kaggle/input/datasets/afqwe0/clotheslabelled/Himesh/Jacket/001406.jpg,8,0.480454,0.498977,0.532466,0.755715
/kaggle/input/datasets/afqwe0/clotheslabelled/Himesh/Jacket/001406.jpg,8,0.480454,0.498977,0.532466,0.755715
/kaggle/input/datasets/afqwe0/clotheslabelled/Himesh/Jacket/001406.jpg,8,0.480454,0.498977,0.532466,0.755715
/kaggle/input/datasets/afqwe0/clotheslabelled/Himesh/Jacket/001406.jpg,8,0.480454,0.498977,0.532466,0.755715
/kaggle/input/datasets/afqwe0/clotheslabelled/Himesh/Jacket/001406.jpg,8,0.480454,0.498977,0.532466,0.755715
/kaggle/input/datasets/afqwe0/clotheslabelled/Himesh/Jacket/001406.jpg,8,0.480454,0.498977,0.532466,0.755715
/kaggle/input/datasets/afqwe0/clotheslabelled/Himesh/Jacket/001406.jpg,8,0.480454,0.498977,0.532466,0.755715
/kaggle/input/datasets/afqwe0/clotheslabelled/Himesh/Jacket/001406.jpg,8,0.480454,0.498977,0.532466,0.755715
/kaggle/input/datasets/afqwe0/clotheslabelled/Himesh/Jacket/001406.jpg,8,0.480454,0.498977,0.532466,0.755715
/kaggle/input/datasets/afqwe0/clotheslabelled/Himesh/Jacket/001406.jpg,8,0.480454,0.498977,0.532466,0.755715
/kaggle/input/datasets/afqwe0/clotheslabelled/Himesh/Jacket/001406.jpg,8,0.480454,0.498977,0.532466,0.755715
/kaggle/input/datasets/afqwe0/clotheslabelled/Himesh/Jacket/001406.jpg,8,0.480454,0.498977,0.532466,0.755715
/kaggle/input/datasets/afqwe0/clotheslabelled/Himesh/Jacket/001406.jpg,8,0.480454,0.498977,0.532466,0.755715
/kaggle/input/datasets/afqwe0/clotheslabelled/Himesh/Jacket/001406.jpg,8,0.480454,0.498977,0.532466,0.755715
/kaggle/input/datasets/afqwe0/clotheslabelled/Himesh/Jacket/001406.jpg,8,0.480454,0.498977,0.532466,0.755715
/kaggle/input/datasets/afqwe0/clotheslabelled/Himesh/Jacket/001406.jpg,8,0.480454,0.498977,0.532466,0.755715
/kaggle/input/datasets/afqwe0/clotheslabelled/Himesh/Jacket/001406.jpg,8,0.480454,0.498977,0.532466,0.755715
/kaggle/input/datasets/afqwe0/clotheslabelled/Himesh/Jacket/001406.jpg,8,0.480454,0.498977,0.532466,0.755715
/kaggle/input/datasets/afqwe0/clotheslabelled/Himesh/Jacket/001406.jpg,8,0.480454,0.498977,0.532466,0.755715
/kaggle/input/datasets/afqwe0/clotheslabelled/Himesh/Jacket/001406.jpg,8,0.480454,0.498977,0.532466,0.755715
/kaggle/input/datasets/afqwe0/clotheslabelled/Himesh/Jacket/001406.jpg,8,0.480454,0.498977,0.532466,0.755715
/kaggle/input/datasets/afqwe0/clotheslabelled/Himesh/Jacket/001406.jpg,8,0.480454,0.498977,0.532466,0.755715
/kaggle/input/datasets/afqwe0/clotheslabelled/Himesh/Jacket/001406.jpg,8,0.480454,0.498977,0.532466,0.755715
/kaggle/input/datasets/afqwe0/clotheslabelled/Himesh/Jacket/001406.jpg,8,0.480454,0.498977,0.532466,0.755715
/kaggle/input/datasets/afqwe0/clotheslabelled/Himesh/Jacket/001406.jpg,8,0.480454,0.498977,0.532466,0.755715
/kaggle/input/datasets/afqwe0/clotheslabelled/Himesh/Jacket/001406.jpg,8,0.480454,0.498977,0.532466,0.755715
/kaggle/input/datasets/afqwe0/clotheslabelled/Himesh/Jacket/001406.jpg,8,0.480454,0.498977,0.532466,0.755715
/kaggle/input/datasets/afqwe0/clotheslabelled/Himesh/Jacket/001406.jpg,8,0.480454,0.498977,0.532466,0.755715
/kaggle/input/datasets/afqwe0/clotheslabelled/Himesh/Jacket/001406.jpg,8,0.480454,0.498977,0.532466,0.755715
/kaggle/input/datasets/afqwe0/clotheslabelled/Himesh/Jacket/001406.jpg,8,0.480454,0.498977,0.532466,0.755715
/kaggle/input/datasets/afqwe0/clotheslabelled/Himesh/Jacket/001406.jpg,8,0.480454,0.498977,0.532466,0.755715
/kaggle/input/datasets/afqwe0/clotheslabelled/Himesh/Jacket/001406.jpg,8,0.480454,0.498977,0.532466,0.755715
/kaggle/input/datasets/afqwe0/clotheslabelled/Himesh/Jacket/001406.jpg,8,0.480454,0.498977,0.532466,0.755715
/kaggle/input/datasets/afqwe0/clotheslabelled/Himesh/Jacket/001406.jpg,8,0.480454,0.498977,0.532466,0.755715
/kaggle/input/datasets/afqwe0/clotheslabelled/Himesh/Jacket/001406.jpg,8,0.480454,0.498977,0.532466,0.755715
/kaggle/input/datasets/afqwe0/clotheslabelled/Himesh/Jacket/001406.jpg,8,0.480454,0.498977,0.532466,0.755715
/kaggle/input/datasets/afqwe0/clotheslabelled/Himesh/Jacket/001406.jpg,8,0.480454,0.498977,0.532466,0.755715
/kaggle/input/datasets/afqwe0/clotheslabelled/Himesh/Jacket/001406.jpg,8,0.480454,0.498977,0.532466,0.755715
/kaggle/input/datasets/afqwe0/clotheslabelled/Himesh/Jacket/001406.jpg,8,0.480454,0.498977,0.532466,0.755715
/kaggle/input/datasets/afqwe0/clotheslabelled/Himesh/Jacket/001406.jpg,8,0.480454,0.498977,0.532466,0.755715
/kaggle/input/datasets/afqwe0/clotheslabelled/Himesh/Jacket/001406.jpg,8,0.480454,0.498977,0.532466,0.755715
/kaggle/input/datasets/afqwe0/clotheslabelled/Himesh/Jacket/001406.jpg,8,0.480454,0.498977,0.532466,0.755715
/kaggle/input/datasets/afqwe0/clotheslabelled/Himesh/Jacket/001406.jpg,8,0.480454,0.498977,0.532466,0.755715
/kaggle/input/datasets/afqwe0/clotheslabelled/Himesh/Jacket/001406.jpg,8,0.480454,0.498977,0.532466,0.755715
/kaggle/input/datasets/afqwe0/clotheslabelled/Himesh/Jacket/001406.jpg,8,0.480454,0.498977,0.532466,0.755715
/kaggle/input/datasets/afqwe0/clotheslabelled/Himesh/Jacket/001406.jpg,8,0.480454,0.498977,0.532466,0.755715
/kaggle/input/datasets/afqwe0/clotheslabelled/Himesh/Jacket/001406.jpg,8,0.480454,0.498977,0.532466,0.755715
/kaggle/input/datasets/afqwe0/clotheslabelled/Himesh/Jacket/001406.jpg,8,0.480454,0.498977,0.532466,0.755715
/kaggle/input/datasets/afqwe0/clotheslabelled/Himesh/Jacket/001406.jpg,8,0.480454,0.498977,0.532466,0.755715
/kaggle/input/datasets/afqwe0/clotheslabelled/Himesh/Jacket/001406.jpg,8,0.480454,0.498977,0.532466,0.755715
/kaggle/input/datasets/afqwe0/clotheslabelled/Himesh/Jacket/001406.jpg,8,0.480454,0.498977,0.532466,0.755715
/kaggle/input/datasets/afqwe0/clotheslabelled/Himesh/Jacket/001406.jpg,8,0.480454,0.498977,0.532466,0.755715
/kaggle/input/datasets/afqwe0/clotheslabelled/Himesh/Jacket/001406.jpg,8,0.480454,0.498977,0.532466,0.755715
/kaggle/input/datasets/afqwe0/clotheslabelled/Himesh/Jacket/001406.jpg,8,0.480454,0.498977,0.532466,0.755715
/kaggle/input/datasets/afqwe0/clotheslabelled/Himesh/Jacket/001406.jpg,8,0.480454,0.498977,0.532466,0.755715
/kaggle/input/datasets/afqwe0/clotheslabelled/Himesh/Jacket/001406.jpg,8,0.480454,0.498977,0.532466,0.755715
/kaggle/input/datasets/afqwe0/clotheslabelled/Himesh/Jacket/001406.jpg,8,0.480454,0.498977,0.532466,0.755715
/kaggle/input/datasets/afqwe0/clotheslabelled/Himesh/Jacket/001406.jpg,8,0.480454,0.498977,0.532466,0.755715
/kaggle/input/datasets/afqwe0/clotheslabelled/Himesh/Jacket/001406.jpg,8,0.480454,0.498977,0.532466,0.755715
/kaggle/input/datasets/afqwe0/clotheslabelled/Himesh/Jacket/001406.jpg,8,0.480454,0.498977,0.532466,0.755715
/kaggle/input/datasets/afqwe0/clotheslabelled/Himesh/Jacket/001406.jpg,8,0.480454,0.498977,0.532466,0.755715
/kaggle/input/datasets/afqwe0/clotheslabelled/Himesh/Jacket/001406.jpg,8,0.480454,0.498977,0.532466,0.755715
/kaggle/input/datasets/afqwe0/clotheslabelled/Himesh/Jacket/001406.jpg,8,0.480454,0.498977,0.532466,0.755715
/kaggle/input/datasets/afqwe0/clotheslabelled/Himesh/Jacket/001406.jpg,8,0.480454,0.498977,0.532466,0.755715
/kaggle/input/datasets/afqwe0/clotheslabelled/Himesh/Jacket/001406.jpg,8,0.480454,0.498977,0.532466,0.755715
/kaggle/input/datasets/afqwe0/clotheslabelled/Himesh/Jacket/001406.jpg,8,0.480454,0.498977,0.532466,0.755715
/kaggle/input/datasets/afqwe0/clotheslabelled/Himesh/Jacket/001406.jpg,8,0.480454,0.498977,0.532466,0.755715
/kaggle/input/datasets/afqwe0/clotheslabelled/Himesh/Jacket/001406.jpg,8,0.480454,0.498977,0.532466,0.755715
/kaggle/input/datasets/afqwe0/clotheslabelled/Himesh/Jacket/001406.jpg,8,0.480454,0.498977,0.532466,0.755715
/kaggle/input/datasets/afqwe0/clotheslabelled/Himesh/Jacket/001406.jpg,8,0.480454,0.498977,0.532466,0.755715
/kaggle/input/datasets/afqwe0/clotheslabelled/Himesh/Jacket/001406.jpg,8,0.480454,0.498977,0.532466,0.755715
/kaggle/input/datasets/afqwe0/clotheslabelled/Himesh/Jacket/001406.jpg,8,0.480454,0.498977,0.532466,0.755715
/kaggle/input/datasets/afqwe0/clotheslabelled/Himesh/Jacket/001406.jpg,8,0.480454,0.498977,0.532466,0.755715
/kaggle/input/datasets/afqwe0/clotheslabelled/Himesh/Jacket/001406.jpg,8,0.480454,0.498977,0.532466,0.755715
/kaggle/input/datasets/afqwe0/clotheslabelled/Himesh/Jacket/001406.jpg,8,0.480454,0.498977,0.532466,0.755715
/kaggle/input/datasets/afqwe0/clotheslabelled/Himesh/Jacket/001406.jpg,8,0.480454,0.498977,0.532466,0.755715
/kaggle/input/datasets/afqwe0/clotheslabelled/Himesh/Jacket/001406.jpg,8,0.480454,0.498977,0.532466,0.755715
/kaggle/input/datasets/afqwe0/clotheslabelled/Himesh/Jacket/001406.jpg,8,0.480454,0.498977,0.532466,0.755715
/kaggle/input/datasets/afqwe0/clotheslabelled/Himesh/Jacket/001406.jpg,8,0.480454,0.498977,0.532466,0.755715
/kaggle/input/datasets/afqwe0/clotheslabelled/Himesh/Jacket/001406.jpg,8,0.480454,0.498977,0.532466,0.755715
/kaggle/input/datasets/afqwe0/clotheslabelled/Himesh/Jacket/001406.jpg,8,0.480454,0.498977,0.532466,0.755715
/kaggle/input/datasets/afqwe0/clotheslabelled/Himesh/Jacket/001406.jpg,8,0.480454,0.498977,0.532466,0.755715
/kaggle/input/datasets/afqwe0/clotheslabelled/Himesh/Jacket/001406.jpg,8,0.480454,0.498977,0.532466,0.755715
/kaggle/input/datasets/afqwe0/clotheslabelled/Himesh/Jacket/001406.jpg,8,0.480454,0.498977,0.532466,0.755715
/kaggle/input/datasets/afqwe0/clotheslabelled/Himesh/Jacket/001406.jpg,8,0.480454,0.498977,0.532466,0.755715
/kaggle/input/datasets/afqwe0/clotheslabelled/Himesh/Jacket/001406.jpg,8,0.480454,0.498977,0.532466,0.755715
/kaggle/input/datasets/afqwe0/clotheslabelled/Himesh/Jacket/001406.jpg,8,0.480454,0.498977,0.532466,0.755715
/kaggle/input/datasets/afqwe0/clotheslabelled/Himesh/Jacket/001406.jpg,8,0.480454,0.498977,0.532466,0.755715
/kaggle/input/datasets/afqwe0/clotheslabelled/Himesh/Jacket/001406.jpg,8,0.480454,0.498977,0.532466,0.755715
/kaggle/input/datasets/afqwe0/clotheslabelled/Himesh/Jacket/001406.jpg,8,0.480454,0.498977,0.532466,0.755715
/kaggle/input/datasets/afqwe0/clotheslabelled/Himesh/Jacket/001406.jpg,8,0.480454,0.498977,0.532466,0.755715
/kaggle/input/datasets/afqwe0/clotheslabelled/Himesh/Jacket/001406.jpg,8,0.480454,0.498977,0.532466,0.755715
/kaggle/input/datasets/afqwe0/clotheslabelled/Himesh/Jacket/001406.jpg,8,0.480454,0.498977,0.532466,0.755715
/kaggle/input/datasets/afqwe0/clotheslabelled/Himesh/Jacket/001406.jpg,8,0.480454,0.498977,0.532466,0.755715
/kaggle/input/datasets/afqwe0/clotheslabelled/Himesh/Jacket/001406.jpg,8,0.480454,0.498977,0.532466,0.755715
/kaggle/input/datasets/afqwe0/clotheslabelled/Himesh/Jacket/001406.jpg,8,0.480454,0.498977,0.532466,0.755715
/kaggle/input/datasets/afqwe0/clotheslabelled/Himesh/Jacket/001406.jpg,8,0.480454,0.498977,0.532466,0.755715
/kaggle/input/datasets/afqwe0/clotheslabelled/Himesh/Jacket/001406.jpg,8,0.480454,0.498977,0.532466,0.755715
/kaggle/input/datasets/afqwe0/clotheslabelled/Himesh/Jacket/001406.jpg,8,0.480454,0.498977,0.532466,0.755715
/kaggle/input/datasets/afqwe0/clotheslabelled/Himesh/Jacket/001406.jpg,8,0.480454,0.498977,0.532466,0.755715
/kaggle/input/datasets/afqwe0/clotheslabelled/Himesh/Jacket/001406.jpg,8,0.480454,0.498977,0.532466,0.755715
/kaggle/input/datasets/afqwe0/clotheslabelled/Himesh/Jacket/001406.jpg,8,0.480454,0.498977,0.532466,0.755715
/kaggle/input/datasets/afqwe0/clotheslabelled/Himesh/Jacket/001406.jpg,8,0.480454,0.498977,0.532466,0.755715
/kaggle/input/datasets/afqwe0/clotheslabelled/Himesh/Jacket/001406.jpg,8,0.480454,0.498977,0.532466,0.755715
/kaggle/input/datasets/afqwe0/clotheslabelled/Himesh/Jacket/001406.jpg,8,0.480454,0.498977,0.532466,0.755715
/kaggle/input/datasets/afqwe0/clotheslabelled/Himesh/Jacket/001406.jpg,8,0.480454,0.498977,0.532466,0.755715
/kaggle/input/datasets/afqwe0/clotheslabelled/Himesh/Jacket/001406.jpg,8,0.480454,0.498977,0.532466,0.755715
/kaggle/input/datasets/afqwe0/clotheslabelled/Himesh/Jacket/001406.jpg,8,0.480454,0.498977,0.532466,0.755715
/kaggle/input/datasets/afqwe0/clotheslabelled/Himesh/Jacket/001406.jpg,8,0.480454,0.498977,0.532466,0.755715
/kaggle/input/datasets/afqwe0/clotheslabelled/Himesh/Jacket/001406.jpg,8,0.480454,0.498977,0.532466,0.755715
/kaggle/input/datasets/afqwe0/clotheslabelled/Himesh/Jacket/001406.jpg,8,0.480454,0.498977,0.532466,0.755715
/kaggle/input/datasets/afqwe0/clotheslabelled/Himesh/Jacket/001406.jpg,8,0.480454,0.498977,0.532466,0.755715
/kaggle/input/datasets/afqwe0/clotheslabelled/Himesh/Jacket/001406.jpg,8,0.480454,0.498977,0.532466,0.755715
/kaggle/input/datasets/afqwe0/clotheslabelled/Himesh/Jacket/001406.jpg,8,0.480454,0.498977,0.532466,0.755715
/kaggle/input/datasets/afqwe0/clotheslabelled/Himesh/Jacket/001406.jpg,8,0.480454,0.498977,0.532466,0.755715
/kaggle/input/datasets/afqwe0/clotheslabelled/Himesh/Jacket/001406.jpg,8,0.480454,0.498977,0.532466,0.755715
/kaggle/input/datasets/afqwe0/clotheslabelled/Himesh/Jacket/001406.jpg,8,0.480454,0.498977,0.532466,0.755715
/kaggle/input/datasets/afqwe0/clotheslabelled/Himesh/Jacket/001406.jpg,8,0.480454,0.498977,0.532466,0.755715
/kaggle/input/datasets/afqwe0/clotheslabelled/Himesh/Jacket/001406.jpg,8,0.480454,0.498977,0.532466,0.755715
/kaggle/input/datasets/afqwe0/clotheslabelled/Himesh/Jacket/001406.jpg,8,0.480454,0.498977,0.532466,0.755715
/kaggle/input/datasets/afqwe0/clotheslabelled/Himesh/Jacket/001406.jpg,8,0.480454,0.498977,0.532466,0.755715
/kaggle/input/datasets/afqwe0/clotheslabelled/Himesh/Jacket/001406.jpg,8,0.480454,0.498977,0.532466,0.755715
/kaggle/input/datasets/afqwe0/clotheslabelled/Himesh/Jacket/001406.jpg,8,0.480454,0.498977,0.532466,0.755715
/kaggle/input/datasets/afqwe0/clotheslabelled/Himesh/Jacket/001406.jpg,8,0.480454,0.498977,0.532466,0.755715
/kaggle/input/datasets/afqwe0/clotheslabelled/Himesh/Jacket/001406.jpg,8,0.480454,0.498977,0.532466,0.755715
/kaggle/input/datasets/afqwe0/clotheslabelled/Himesh/Jacket/001406.jpg,8,0.480454,0.498977,0.532466,0.755715
/kaggle/input/datasets/afqwe0/clotheslabelled/Himesh/Jacket/001406.jpg,8,0.480454,0.498977,0.532466,0.755715
/kaggle/input/datasets/afqwe0/clotheslabelled/Himesh/Jacket/001406.jpg,8,0.480454,0.498977,0.532466,0.755715
/kaggle/input/datasets/afqwe0/clotheslabelled/Himesh/Jacket/001406.jpg,8,0.480454,0.498977,0.532466,0.755715
/kaggle/input/datasets/afqwe0/clotheslabelled/Himesh/Jacket/001406.jpg,8,0.480454,0.498977,0.532466,0.755715
/kaggle/input/datasets/afqwe0/clotheslabelled/Himesh/Jacket/001406.jpg,8,0.480454,0.498977,0.532466,0.755715
/kaggle/input/datasets/afqwe0/clotheslabelled/Himesh/Jacket/001406.jpg,8,0.480454,0.498977,0.532466,0.755715
/kaggle/input/datasets/afqwe0/clotheslabelled/Himesh/Jacket/001406.jpg,8,0.480454,0.498977,0.532466,0.755715
/kaggle/input/datasets/afqwe0/clotheslabelled/Himesh/Jacket/001406.jpg,8,0.480454,0.498977,0.532466,0.755715
/kaggle/input/datasets/afqwe0/clotheslabelled/Himesh/Jacket/001406.jpg,8,0.480454,0.498977,0.532466,0.755715
/kaggle/input/datasets/afqwe0/clotheslabelled/Himesh/Jacket/001406.jpg,8,0.480454,0.498977,0.532466,0.755715
/kaggle/input/datasets/afqwe0/clotheslabelled/Himesh/Jacket/001406.jpg,8,0.480454,0.498977,0.532466,0.755715
/kaggle/input/datasets/afqwe0/clotheslabelled/Himesh/Jacket/001406.jpg,8,0.480454,0.498977,0.532466,0.755715
/kaggle/input/datasets/afqwe0/clotheslabelled/Himesh/Jacket/001406.jpg,8,0.480454,0.498977,0.532466,0.755715
/kaggle/input/datasets/afqwe0/clotheslabelled/Himesh/Jacket/001406.jpg,8,0.480454,0.498977,0.532466,0.755715
/kaggle/input/datasets/afqwe0/clotheslabelled/Himesh/Jacket/001406.jpg,8,0.480454,0.498977,0.532466,0.755715
/kaggle/input/datasets/afqwe0/clotheslabelled/Himesh/Jacket/001406.jpg,8,0.480454,0.498977,0.532466,0.755715
/kaggle/input/datasets/afqwe0/clotheslabelled/Himesh/Jacket/001406.jpg,8,0.480454,0.498977,0.532466,0.755715
/kaggle/input/datasets/afqwe0/clotheslabelled/Himesh/Jacket/001406.jpg,8,0.480454,0.498977,0.532466,0.755715
/kaggle/input/datasets/afqwe0/clotheslabelled/Himesh/Jacket/001406.jpg,8,0.480454,0.498977,0.532466,0.755715
/kaggle/input/datasets/afqwe0/clotheslabelled/Himesh/Jacket/001406.jpg,8,0.480454,0.498977,0.532466,0.755715
/kaggle/input/datasets/afqwe0/clotheslabelled/Himesh/Jacket/001406.jpg,8,0.480454,0.498977,0.532466,0.755715
/kaggle/input/datasets/afqwe0/clotheslabelled/Himesh/Jacket/001406.jpg,8,0.480454,0.498977,0.532466,0.755715
/kaggle/input/datasets/afqwe0/clotheslabelled/Himesh/Jacket/001406.jpg,8,0.480454,0.498977,0.532466,0.755715
/kaggle/input/datasets/afqwe0/clotheslabelled/Himesh/Jacket/001406.jpg,8,0.480454,0.498977,0.532466,0.755715
/kaggle/input/datasets/afqwe0/clotheslabelled/Himesh/Jacket/001406.jpg,8,0.480454,0.498977,0.532466,0.755715
/kaggle/input/datasets/afqwe0/clotheslabelled/Himesh/Jacket/001406.jpg,8,0.480454,0.498977,0.532466,0.755715
/kaggle/input/datasets/afqwe0/clotheslabelled/Himesh/Jacket/001406.jpg,8,0.480454,0.498977,0.532466,0.755715
/kaggle/input/datasets/afqwe0/clotheslabelled/Himesh/Jacket/001406.jpg,8,0.480454,0.498977,0.532466,0.755715
/kaggle/input/datasets/afqwe0/clotheslabelled/Himesh/Jacket/001406.jpg,8,0.480454,0.498977,0.532466,0.755715
/kaggle/input/datasets/afqwe0/clotheslabelled/Himesh/Jacket/001406.jpg,8,0.480454,0.498977,0.532466,0.755715
/kaggle/input/datasets/afqwe0/clotheslabelled/Himesh/Jacket/001406.jpg,8,0.480454,0.498977,0.532466,0.755715
/kaggle/input/datasets/afqwe0/clotheslabelled/Himesh/Jacket/001406.jpg,8,0.480454,0.498977,0.532466,0.755715
/kaggle/input/datasets/afqwe0/clotheslabelled/Himesh/Jacket/001406.jpg,8,0.480454,0.498977,0.532466,0.755715
/kaggle/input/datasets/afqwe0/clotheslabelled/Himesh/Jacket/001406.jpg,8,0.480454,0.498977,0.532466,0.755715
/kaggle/input/datasets/afqwe0/clotheslabelled/Himesh/Jacket/001406.jpg,8,0.480454,0.498977,0.532466,0.755715
/kaggle/input/datasets/afqwe0/clotheslabelled/Himesh/Jacket/001406.jpg,8,0.480454,0.498977,0.532466,0.755715
/kaggle/input/datasets/afqwe0/clotheslabelled/Himesh/Jacket/001406.jpg,8,0.480454,0.498977,0.532466,0.755715
/kaggle/input/datasets/afqwe0/clotheslabelled/Himesh/Jacket/001406.jpg,8,0.480454,0.498977,0.532466,0.755715
/kaggle/input/datasets/afqwe0/clotheslabelled/Himesh/Jacket/001406.jpg,8,0.480454,0.498977,0.532466,0.755715
/kaggle/input/datasets/afqwe0/clotheslabelled/Himesh/Jacket/001406.jpg,8,0.480454,0.498977,0.532466,0.755715
/kaggle/input/datasets/afqwe0/clotheslabelled/Himesh/Jacket/001406.jpg,8,0.480454,0.498977,0.532466,0.755715
/kaggle/input/datasets/afqwe0/clotheslabelled/Himesh/Jacket/001406.jpg,8,0.480454,0.498977,0.532466,0.755715
/kaggle/input/datasets/afqwe0/clotheslabelled/Himesh/Jacket/001406.jpg,8,0.480454,0.498977,0.532466,0.755715
/kaggle/input/datasets/afqwe0/clotheslabelled/Himesh/Jacket/001406.jpg,8,0.480454,0.498977,0.532466,0.755715
/kaggle/input/datasets/afqwe0/clotheslabelled/Himesh/Jacket/001406.jpg,8,0.480454,0.498977,0.532466,0.755715
/kaggle/input/datasets/afqwe0/clotheslabelled/Himesh/Jacket/001406.jpg,8,0.480454,0.498977,0.532466,0.755715
/kaggle/input/datasets/afqwe0/clotheslabelled/Himesh/Jacket/001406.jpg,8,0.480454,0.498977,0.532466,0.755715
/kaggle/input/datasets/afqwe0/clotheslabelled/Himesh/Jacket/001406.jpg,8,0.480454,0.498977,0.532466,0.755715
/kaggle/input/datasets/afqwe0/clotheslabelled/Himesh/Jacket/001406.jpg,8,0.480454,0.498977,0.532466,0.755715
/kaggle/input/datasets/afqwe0/clotheslabelled/Himesh/Jacket/001406.jpg,8,0.480454,0.498977,0.532466,0.755715
/kaggle/input/datasets/afqwe0/clotheslabelled/Himesh/Jacket/001406.jpg,8,0.480454,0.498977,0.532466,0.755715
/kaggle/input/datasets/afqwe0/clotheslabelled/Himesh/Jacket/001406.jpg,8,0.480454,0.498977,0.532466,0.755715
/kaggle/input/datasets/afqwe0/clotheslabelled/Himesh/Jacket/001406.jpg,8,0.480454,0.498977,0.532466,0.755715
/kaggle/input/datasets/afqwe0/clotheslabelled/Himesh/Jacket/001406.jpg,8,0.480454,0.498977,0.532466,0.755715
/kaggle/input/datasets/afqwe0/clotheslabelled/Himesh/Jacket/001406.jpg,8,0.480454,0.498977,0.532466,0.755715
/kaggle/input/datasets/afqwe0/clotheslabelled/Himesh/Jacket/001406.jpg,8,0.480454,0.498977,0.532466,0.755715
/kaggle/input/datasets/afqwe0/clotheslabelled/Himesh/Jacket/001406.jpg,8,0.480454,0.498977,0.532466,0.755715
/kaggle/input/datasets/afqwe0/clotheslabelled/Himesh/Jacket/001406.jpg,8,0.480454,0.498977,0.532466,0.755715
/kaggle/input/datasets/afqwe0/clotheslabelled/Himesh/Jacket/001406.jpg,8,0.480454,0.498977,0.532466,0.755715
/kaggle/input/datasets/afqwe0/clotheslabelled/Himesh/Jacket/001406.jpg,8,0.480454,0.498977,0.532466,0.755715
/kaggle/input/datasets/afqwe0/clotheslabelled/Himesh/Jacket/001406.jpg,8,0.480454,0.498977,0.532466,0.755715
/kaggle/input/datasets/afqwe0/clotheslabelled/Himesh/Jacket/001406.jpg,8,0.480454,0.498977,0.532466,0.755715
/kaggle/input/datasets/afqwe0/clotheslabelled/Himesh/Jacket/001406.jpg,8,0.480454,0.498977,0.532466,0.755715
/kaggle/input/datasets/afqwe0/clotheslabelled/Himesh/Jacket/001406.jpg,8,0.480454,0.498977,0.532466,0.755715
/kaggle/input/datasets/afqwe0/clotheslabelled/Himesh/Jacket/001406.jpg,8,0.480454,0.498977,0.532466,0.755715
/kaggle/input/datasets/afqwe0/clotheslabelled/Himesh/Jacket/001406.jpg,8,0.480454,0.498977,0.532466,0.755715
/kaggle/input/datasets/afqwe0/clotheslabelled/Himesh/Jacket/001406.jpg,8,0.480454,0.498977,0.532466,0.755715
/kaggle/input/datasets/afqwe0/clotheslabelled/Himesh/Jacket/001406.jpg,8,0.480454,0.498977,0.532466,0.755715
/kaggle/input/datasets/afqwe0/clotheslabelled/Himesh/Jacket/001406.jpg,8,0.480454,0.498977,0.532466,0.755715
/kaggle/input/datasets/afqwe0/clotheslabelled/Himesh/Jacket/001406.jpg,8,0.480454,0.498977,0.532466,0.755715
/kaggle/input/datasets/afqwe0/clotheslabelled/Himesh/Jacket/001406.jpg,8,0.480454,0.498977,0.532466,0.755715
/kaggle/input/datasets/afqwe0/clotheslabelled/Himesh/Jacket/001406.jpg,8,0.480454,0.498977,0.532466,0.755715
/kaggle/input/datasets/afqwe0/clotheslabelled/Himesh/Jacket/001406.jpg,8,0.480454,0.498977,0.532466,0.755715
/kaggle/input/datasets/afqwe0/clotheslabelled/Himesh/Jacket/001406.jpg,8,0.480454,0.498977,0.532466,0.755715
/kaggle/input/datasets/afqwe0/clotheslabelled/Himesh/Jacket/001406.jpg,8,0.480454,0.498977,0.532466,0.755715
/kaggle/input/datasets/afqwe0/clotheslabelled/Himesh/Jacket/001406.jpg,8,0.480454,0.498977,0.532466,0.755715
/kaggle/input/datasets/afqwe0/clotheslabelled/Himesh/Jacket/001406.jpg,8,0.480454,0.498977,0.532466,0.755715
/kaggle/input/datasets/afqwe0/clotheslabelled/Himesh/Jacket/001406.jpg,8,0.480454,0.498977,0.532466,0.755715
/kaggle/input/datasets/afqwe0/clotheslabelled/Himesh/Jacket/001406.jpg,8,0.480454,0.498977,0.532466,0.755715
/kaggle/input/datasets/afqwe0/clotheslabelled/Himesh/Jacket/001406.jpg,8,0.480454,0.498977,0.532466,0.755715
/kaggle/input/datasets/afqwe0/clotheslabelled/Himesh/Jacket/001406.jpg,8,0.480454,0.498977,0.532466,0.755715
/kaggle/input/datasets/afqwe0/clotheslabelled/Himesh/Jacket/001406.jpg,8,0.480454,0.498977,0.532466,0.755715
/kaggle/input/datasets/afqwe0/clotheslabelled/Himesh/Jacket/001406.jpg,8,0.480454,0.498977,0.532466,0.755715
/kaggle/input/datasets/afqwe0/clotheslabelled/Himesh/Jacket/001406.jpg,8,0.480454,0.498977,0.532466,0.755715
/kaggle/input/datasets/afqwe0/clotheslabelled/Himesh/Jacket/001406.jpg,8,0.480454,0.498977,0.532466,0.755715
/kaggle/input/datasets/afqwe0/clotheslabelled/Himesh/Jacket/001406.jpg,8,0.480454,0.498977,0.532466,0.755715
/kaggle/input/datasets/afqwe0/clotheslabelled/Himesh/Jacket/001406.jpg,8,0.480454,0.498977,0.532466,0.755715
/kaggle/input/datasets/afqwe0/clotheslabelled/Himesh/Jacket/001406.jpg,8,0.480454,0.498977,0.532466,0.755715
/kaggle/input/datasets/afqwe0/clotheslabelled/Himesh/Jacket/001406.jpg,8,0.480454,0.498977,0.532466,0.755715
/kaggle/input/datasets/afqwe0/clotheslabelled/Himesh/Jacket/001406.jpg,8,0.480454,0.498977,0.532466,0.755715
/kaggle/input/datasets/afqwe0/clotheslabelled/Himesh/Jacket/001406.jpg,8,0.480454,0.498977,0.532466,0.755715
/kaggle/input/datasets/afqwe0/clotheslabelled/Himesh/Jacket/001406.jpg,8,0.480454,0.498977,0.532466,0.755715
/kaggle/input/datasets/afqwe0/clotheslabelled/Himesh/Jacket/001406.jpg,8,0.480454,0.498977,0.532466,0.755715
/kaggle/input/datasets/afqwe0/clotheslabelled/Himesh/Jacket/001406.jpg,8,0.480454,0.498977,0.532466,0.755715
/kaggle/input/datasets/afqwe0/clotheslabelled/Himesh/Jacket/001406.jpg,8,0.480454,0.498977,0.532466,0.755715
/kaggle/input/datasets/afqwe0/clotheslabelled/Himesh/Jacket/001406.jpg,8,0.480454,0.498977,0.532466,0.755715
/kaggle/input/datasets/afqwe0/clotheslabelled/Himesh/Jacket/001406.jpg,8,0.480454,0.498977,0.532466,0.755715
/kaggle/input/datasets/afqwe0/clotheslabelled/Himesh/Jacket/001406.jpg,8,0.480454,0.498977,0.532466,0.755715
/kaggle/input/datasets/afqwe0/clotheslabelled/Himesh/Jacket/001406.jpg,8,0.480454,0.498977,0.532466,0.755715
/kaggle/input/datasets/afqwe0/clotheslabelled/Himesh/Jacket/001406.jpg,8,0.480454,0.498977,0.532466,0.755715
/kaggle/input/datasets/afqwe0/clotheslabelled/Himesh/Jacket/001406.jpg,8,0.480454,0.498977,0.532466,0.755715
/kaggle/input/datasets/afqwe0/clotheslabelled/Himesh/Jacket/001406.jpg,8,0.480454,0.498977,0.532466,0.755715
/kaggle/input/datasets/afqwe0/clotheslabelled/Himesh/Jacket/001406.jpg,8,0.480454,0.498977,0.532466,0.755715
/kaggle/input/datasets/afqwe0/clotheslabelled/Himesh/Jacket/001406.jpg,8,0.480454,0.498977,0.532466,0.755715
/kaggle/input/datasets/afqwe0/clotheslabelled/Himesh/Jacket/001406.jpg,8,0.480454,0.498977,0.532466,0.755715
/kaggle/input/datasets/afqwe0/clotheslabelled/Himesh/Jacket/001406.jpg,8,0.480454,0.498977,0.532466,0.755715
/kaggle/input/datasets/afqwe0/clotheslabelled/Himesh/Jacket/001406.jpg,8,0.480454,0.498977,0.532466,0.755715
/kaggle/input/datasets/afqwe0/clotheslabelled/Himesh/Jacket/001406.jpg,8,0.480454,0.498977,0.532466,0.755715
/kaggle/input/datasets/afqwe0/clotheslabelled/Himesh/Jacket/001406.jpg,8,0.480454,0.498977,0.532466,0.755715
/kaggle/input/datasets/afqwe0/clotheslabelled/Himesh/Jacket/001406.jpg,8,0.480454,0.498977,0.532466,0.755715
/kaggle/input/datasets/afqwe0/clotheslabelled/Himesh/Jacket/001406.jpg,8,0.480454,0.498977,0.532466,0.755715
/kaggle/input/datasets/afqwe0/clotheslabelled/Himesh/Jacket/001406.jpg,8,0.480454,0.498977,0.532466,0.755715
/kaggle/input/datasets/afqwe0/clotheslabelled/Himesh/Jacket/001406.jpg,8,0.480454,0.498977,0.532466,0.755715
/kaggle/input/datasets/afqwe0/clotheslabelled/Himesh/Jacket/001406.jpg,8,0.480454,0.498977,0.532466,0.755715
/kaggle/input/datasets/afqwe0/clotheslabelled/Himesh/Jacket/001406.jpg,8,0.480454,0.498977,0.532466,0.755715
/kaggle/input/datasets/afqwe0/clotheslabelled/Himesh/Jacket/001406.jpg,8,0.480454,0.498977,0.532466,0.755715
/kaggle/input/datasets/afqwe0/clotheslabelled/Himesh/Jacket/001406.jpg,8,0.480454,0.498977,0.532466,0.755715
/kaggle/input/datasets/afqwe0/clotheslabelled/Himesh/Jacket/001406.jpg,8,0.480454,0.498977,0.532466,0.755715
/kaggle/input/datasets/afqwe0/clotheslabelled/Himesh/Jacket/001406.jpg,8,0.480454,0.498977,0.532466,0.755715
/kaggle/input/datasets/afqwe0/clotheslabelled/Himesh/Jacket/001406.jpg,8,0.480454,0.498977,0.532466,0.755715
/kaggle/input/datasets/afqwe0/clotheslabelled/Himesh/Jacket/001406.jpg,8,0.480454,0.498977,0.532466,0.755715
/kaggle/input/datasets/afqwe0/clotheslabelled/Himesh/Jacket/001406.jpg,8,0.480454,0.498977,0.532466,0.755715
/kaggle/input/datasets/afqwe0/clotheslabelled/Himesh/Jacket/001406.jpg,8,0.480454,0.498977,0.532466,0.755715
/kaggle/input/datasets/afqwe0/clotheslabelled/Himesh/Jacket/001406.jpg,8,0.480454,0.498977,0.532466,0.755715
/kaggle/input/datasets/afqwe0/clotheslabelled/Himesh/Jacket/001406.jpg,8,0.480454,0.498977,0.532466,0.755715
/kaggle/input/datasets/afqwe0/clotheslabelled/Himesh/Jacket/001406.jpg,8,0.480454,0.498977,0.532466,0.755715
/kaggle/input/datasets/afqwe0/clotheslabelled/Himesh/Jacket/001406.jpg,8,0.480454,0.498977,0.532466,0.755715
/kaggle/input/datasets/afqwe0/clotheslabelled/Himesh/Jacket/001406.jpg,8,0.480454,0.498977,0.532466,0.755715
/kaggle/input/datasets/afqwe0/clotheslabelled/Himesh/Jacket/001406.jpg,8,0.480454,0.498977,0.532466,0.755715
/kaggle/input/datasets/afqwe0/clotheslabelled/Himesh/Jacket/001406.jpg,8,0.480454,0.498977,0.532466,0.755715
/kaggle/input/datasets/afqwe0/clotheslabelled/Himesh/Jacket/001406.jpg,8,0.480454,0.498977,0.532466,0.755715
/kaggle/input/datasets/afqwe0/clotheslabelled/Himesh/Jacket/001406.jpg,8,0.480454,0.498977,0.532466,0.755715
/kaggle/input/datasets/afqwe0/clotheslabelled/Himesh/Jacket/001406.jpg,8,0.480454,0.498977,0.532466,0.755715
/kaggle/input/datasets/afqwe0/clotheslabelled/Himesh/Jacket/001406.jpg,8,0.480454,0.498977,0.532466,0.755715
/kaggle/input/datasets/afqwe0/clotheslabelled/Himesh/Jacket/001406.jpg,8,0.480454,0.498977,0.532466,0.755715
/kaggle/input/datasets/afqwe0/clotheslabelled/Himesh/Jacket/001406.jpg,8,0.480454,0.498977,0.532466,0.755715
/kaggle/input/datasets/afqwe0/clotheslabelled/Himesh/Jacket/001406.jpg,8,0.480454,0.498977,0.532466,0.755715
/kaggle/input/datasets/afqwe0/clotheslabelled/Himesh/Jacket/001406.jpg,8,0.480454,0.498977,0.532466,0.755715
/kaggle/input/datasets/afqwe0/clotheslabelled/Himesh/Jacket/001406.jpg,8,0.480454,0.498977,0.532466,0.755715
/kaggle/input/datasets/afqwe0/clotheslabelled/Himesh/Jacket/001406.jpg,8,0.480454,0.498977,0.532466,0.755715
/kaggle/input/datasets/afqwe0/clotheslabelled/Himesh/Jacket/001406.jpg,8,0.480454,0.498977,0.532466,0.755715
/kaggle/input/datasets/afqwe0/clotheslabelled/Himesh/Jacket/001406.jpg,8,0.480454,0.498977,0.532466,0.755715
/kaggle/input/datasets/afqwe0/clotheslabelled/Himesh/Jacket/001406.jpg,8,0.480454,0.498977,0.532466,0.755715
/kaggle/input/datasets/afqwe0/clotheslabelled/Himesh/Jacket/001406.jpg,8,0.480454,0.498977,0.532466,0.755715
/kaggle/input/datasets/afqwe0/clotheslabelled/Himesh/Jacket/001406.jpg,8,0.480454,0.498977,0.532466,0.755715
/kaggle/input/datasets/afqwe0/clotheslabelled/Himesh/Jacket/001406.jpg,8,0.480454,0.498977,0.532466,0.755715
/kaggle/input/datasets/afqwe0/clotheslabelled/Himesh/Jacket/001406.jpg,8,0.480454,0.498977,0.532466,0.755715
/kaggle/input/datasets/afqwe0/clotheslabelled/Himesh/Jacket/001406.jpg,8,0.480454,0.498977,0.532466,0.755715
/kaggle/input/datasets/afqwe0/clotheslabelled/Himesh/Jacket/001406.jpg,8,0.480454,0.498977,0.532466,0.755715
/kaggle/input/datasets/afqwe0/clotheslabelled/Himesh/Jacket/001406.jpg,8,0.480454,0.498977,0.532466,0.755715
/kaggle/input/datasets/afqwe0/clotheslabelled/Himesh/Jacket/001406.jpg,8,0.480454,0.498977,0.532466,0.755715
/kaggle/input/datasets/afqwe0/clotheslabelled/Himesh/Jacket/001406.jpg,8,0.480454,0.498977,0.532466,0.755715
/kaggle/input/datasets/afqwe0/clotheslabelled/Himesh/Jacket/001406.jpg,8,0.480454,0.498977,0.532466,0.755715
/kaggle/input/datasets/afqwe0/clotheslabelled/Himesh/Jacket/001406.jpg,8,0.480454,0.498977,0.532466,0.755715
/kaggle/input/datasets/afqwe0/clotheslabelled/Himesh/Jacket/001406.jpg,8,0.480454,0.498977,0.532466,0.755715
/kaggle/input/datasets/afqwe0/clotheslabelled/Himesh/Jacket/001406.jpg,8,0.480454,0.498977,0.532466,0.755715
/kaggle/input/datasets/afqwe0/clotheslabelled/Himesh/Jacket/001406.jpg,8,0.480454,0.498977,0.532466,0.755715
/kaggle/input/datasets/afqwe0/clotheslabelled/Himesh/Jacket/001406.jpg,8,0.480454,0.498977,0.532466,0.755715
/kaggle/input/datasets/afqwe0/clotheslabelled/Himesh/Jacket/001406.jpg,8,0.480454,0.498977,0.532466,0.755715
/kaggle/input/datasets/afqwe0/clotheslabelled/Himesh/Jacket/001406.jpg,8,0.480454,0.498977,0.532466,0.755715
/kaggle/input/datasets/afqwe0/clotheslabelled/Himesh/Jacket/001406.jpg,8,0.480454,0.498977,0.532466,0.755715
/kaggle/input/datasets/afqwe0/clotheslabelled/Himesh/Jacket/001406.jpg,8,0.480454,0.498977,0.532466,0.755715
/kaggle/input/datasets/afqwe0/clotheslabelled/Himesh/Jacket/001406.jpg,8,0.480454,0.498977,0.532466,0.755715
/kaggle/input/datasets/afqwe0/clotheslabelled/Himesh/Jacket/001406.jpg,8,0.480454,0.498977,0.532466,0.755715
/kaggle/input/datasets/afqwe0/clotheslabelled/Himesh/Jacket/001406.jpg,8,0.480454,0.498977,0.532466,0.755715
/kaggle/input/datasets/afqwe0/clotheslabelled/Himesh/Jacket/001406.jpg,8,0.480454,0.498977,0.532466,0.755715
/kaggle/input/datasets/afqwe0/clotheslabelled/Himesh/Jacket/001406.jpg,8,0.480454,0.498977,0.532466,0.755715
/kaggle/input/datasets/afqwe0/clotheslabelled/Himesh/Jacket/001406.jpg,8,0.480454,0.498977,0.532466,0.755715
/kaggle/input/datasets/afqwe0/clotheslabelled/Himesh/Jacket/001406.jpg,8,0.480454,0.498977,0.532466,0.755715
/kaggle/input/datasets/afqwe0/clotheslabelled/Himesh/Jacket/001406.jpg,8,0.480454,0.498977,0.532466,0.755715
/kaggle/input/datasets/afqwe0/clotheslabelled/Himesh/Jacket/001406.jpg,8,0.480454,0.498977,0.532466,0.755715
/kaggle/input/datasets/afqwe0/clotheslabelled/Himesh/Jacket/001406.jpg,8,0.480454,0.498977,0.532466,0.755715
/kaggle/input/datasets/afqwe0/clotheslabelled/Himesh/Jacket/001406.jpg,8,0.480454,0.498977,0.532466,0.755715
/kaggle/input/datasets/afqwe0/clotheslabelled/Himesh/Jacket/001406.jpg,8,0.480454,0.498977,0.532466,0.755715
/kaggle/input/datasets/afqwe0/clotheslabelled/Himesh/Jacket/001406.jpg,8,0.480454,0.498977,0.532466,0.755715
/kaggle/input/datasets/afqwe0/clotheslabelled/Himesh/Jacket/001406.jpg,8,0.480454,0.498977,0.532466,0.755715
/kaggle/input/datasets/afqwe0/clotheslabelled/Himesh/Jacket/001406.jpg,8,0.480454,0.498977,0.532466,0.755715
/kaggle/input/datasets/afqwe0/clotheslabelled/Himesh/Jacket/001406.jpg,8,0.480454,0.498977,0.532466,0.755715
/kaggle/input/datasets/afqwe0/clotheslabelled/Himesh/Jacket/001406.jpg,8,0.480454,0.498977,0.532466,0.755715
/kaggle/input/datasets/afqwe0/clotheslabelled/Himesh/Jacket/001406.jpg,8,0.480454,0.498977,0.532466,0.755715
/kaggle/input/datasets/afqwe0/clotheslabelled/Himesh/Jacket/001406.jpg,8,0.480454,0.498977,0.532466,0.755715
/kaggle/input/datasets/afqwe0/clotheslabelled/Himesh/Jacket/001406.jpg,8,0.480454,0.498977,0.532466,0.755715
/kaggle/input/datasets/afqwe0/clotheslabelled/Himesh/Jacket/001406.jpg,8,0.480454,0.498977,0.532466,0.755715
/kaggle/input/datasets/afqwe0/clotheslabelled/Himesh/Jacket/001406.jpg,8,0.480454,0.498977,0.532466,0.755715
/kaggle/input/datasets/afqwe0/clotheslabelled/Himesh/Jacket/001406.jpg,8,0.480454,0.498977,0.532466,0.755715
/kaggle/input/datasets/afqwe0/clotheslabelled/Himesh/Jacket/001406.jpg,8,0.480454,0.498977,0.532466,0.755715
/kaggle/input/datasets/afqwe0/clotheslabelled/Himesh/Jacket/001406.jpg,8,0.480454,0.498977,0.532466,0.755715
/kaggle/input/datasets/afqwe0/clotheslabelled/Himesh/Jacket/001406.jpg,8,0.480454,0.498977,0.532466,0.755715
/kaggle/input/datasets/afqwe0/clotheslabelled/Himesh/Jacket/001406.jpg,8,0.480454,0.498977,0.532466,0.755715
/kaggle/input/datasets/afqwe0/clotheslabelled/Himesh/Jacket/001406.jpg,8,0.480454,0.498977,0.532466,0.755715
/kaggle/input/datasets/afqwe0/clotheslabelled/Himesh/Jacket/001406.jpg,8,0.480454,0.498977,0.532466,0.755715
/kaggle/input/datasets/afqwe0/clotheslabelled/Himesh/Jacket/001406.jpg,8,0.480454,0.498977,0.532466,0.755715
/kaggle/input/datasets/afqwe0/clotheslabelled/Himesh/Jacket/001406.jpg,8,0.480454,0.498977,0.532466,0.755715
/kaggle/input/datasets/afqwe0/clotheslabelled/Himesh/Jacket/001406.jpg,8,0.480454,0.498977,0.532466,0.755715
/kaggle/input/datasets/afqwe0/clotheslabelled/Himesh/Jacket/001406.jpg,8,0.480454,0.498977,0.532466,0.755715
/kaggle/input/datasets/afqwe0/clotheslabelled/Himesh/Jacket/001406.jpg,8,0.480454,0.498977,0.532466,0.755715
/kaggle/input/datasets/afqwe0/clotheslabelled/Himesh/Jacket/001406.jpg,8,0.480454,0.498977,0.532466,0.755715
/kaggle/input/datasets/afqwe0/clotheslabelled/Himesh/Jacket/001406.jpg,8,0.480454,0.498977,0.532466,0.755715
/kaggle/input/datasets/afqwe0/clotheslabelled/Himesh/Jacket/001406.jpg,8,0.480454,0.498977,0.532466,0.755715
/kaggle/input/datasets/afqwe0/clotheslabelled/Himesh/Jacket/001406.jpg,8,0.480454,0.498977,0.532466,0.755715
/kaggle/input/datasets/afqwe0/clotheslabelled/Himesh/Jacket/001406.jpg,8,0.480454,0.498977,0.532466,0.755715
/kaggle/input/datasets/afqwe0/clotheslabelled/Himesh/Jacket/001406.jpg,8,0.480454,0.498977,0.532466,0.755715
/kaggle/input/datasets/afqwe0/clotheslabelled/Himesh/Jacket/001406.jpg,8,0.480454,0.498977,0.532466,0.755715
/kaggle/input/datasets/afqwe0/clotheslabelled/Himesh/Jacket/001406.jpg,8,0.480454,0.498977,0.532466,0.755715
/kaggle/input/datasets/afqwe0/clotheslabelled/Himesh/Jacket/001406.jpg,8,0.480454,0.498977,0.532466,0.755715
/kaggle/input/datasets/afqwe0/clotheslabelled/Himesh/Jacket/001406.jpg,8,0.480454,0.498977,0.532466,0.755715
/kaggle/input/datasets/afqwe0/clotheslabelled/Himesh/Jacket/001406.jpg,8,0.480454,0.498977,0.532466,0.755715
/kaggle/input/datasets/afqwe0/clotheslabelled/Himesh/Jacket/001406.jpg,8,0.480454,0.498977,0.532466,0.755715
/kaggle/input/datasets/afqwe0/clotheslabelled/Himesh/Jacket/001406.jpg,8,0.480454,0.498977,0.532466,0.755715
/kaggle/input/datasets/afqwe0/clotheslabelled/Himesh/Jacket/001406.jpg,8,0.480454,0.498977,0.532466,0.755715
/kaggle/input/datasets/afqwe0/clotheslabelled/Himesh/Jacket/001406.jpg,8,0.480454,0.498977,0.532466,0.755715
/kaggle/input/datasets/afqwe0/clotheslabelled/Himesh/Jacket/001406.jpg,8,0.480454,0.498977,0.532466,0.755715
/kaggle/input/datasets/afqwe0/clotheslabelled/Himesh/Jacket/001406.jpg,8,0.480454,0.498977,0.532466,0.755715
/kaggle/input/datasets/afqwe0/clotheslabelled/Himesh/Jacket/001406.jpg,8,0.480454,0.498977,0.532466,0.755715
/kaggle/input/datasets/afqwe0/clotheslabelled/Himesh/Jacket/001406.jpg,8,0.480454,0.498977,0.532466,0.755715
/kaggle/input/datasets/afqwe0/clotheslabelled/Himesh/Jacket/001406.jpg,8,0.480454,0.498977,0.532466,0.755715
/kaggle/input/datasets/afqwe0/clotheslabelled/Himesh/Jacket/001406.jpg,8,0.480454,0.498977,0.532466,0.755715
/kaggle/input/datasets/afqwe0/clotheslabelled/Himesh/Jacket/001406.jpg,8,0.480454,0.498977,0.532466,0.755715
/kaggle/input/datasets/afqwe0/clotheslabelled/Himesh/Jacket/001406.jpg,8,0.480454,0.498977,0.532466,0.755715
/kaggle/input/datasets/afqwe0/clotheslabelled/Himesh/Jacket/001406.jpg,8,0.480454,0.498977,0.532466,0.755715
/kaggle/input/datasets/afqwe0/clotheslabelled/Himesh/Jacket/001406.jpg,8,0.480454,0.498977,0.532466,0.755715
/kaggle/input/datasets/afqwe0/clotheslabelled/Himesh/Jacket/001406.jpg,8,0.480454,0.498977,0.532466,0.755715
/kaggle/input/datasets/afqwe0/clotheslabelled/Himesh/Jacket/001406.jpg,8,0.480454,0.498977,0.532466,0.755715
/kaggle/input/datasets/afqwe0/clotheslabelled/Himesh/Jacket/001406.jpg,8,0.480454,0.498977,0.532466,0.755715
/kaggle/input/datasets/afqwe0/clotheslabelled/Himesh/Jacket/001406.jpg,8,0.480454,0.498977,0.532466,0.755715
/kaggle/input/datasets/afqwe0/clotheslabelled/Himesh/Jacket/001406.jpg,8,0.480454,0.498977,0.532466,0.755715
/kaggle/input/datasets/afqwe0/clotheslabelled/Himesh/Jacket/001406.jpg,8,0.480454,0.498977,0.532466,0.755715
/kaggle/input/datasets/afqwe0/clotheslabelled/Himesh/Jacket/001406.jpg,8,0.480454,0.498977,0.532466,0.755715
/kaggle/input/datasets/afqwe0/clotheslabelled/Himesh/Jacket/001406.jpg,8,0.480454,0.498977,0.532466,0.755715
/kaggle/input/datasets/afqwe0/clotheslabelled/Himesh/Jacket/001406.jpg,8,0.480454,0.498977,0.532466,0.755715
/kaggle/input/datasets/afqwe0/clotheslabelled/Himesh/Jacket/001406.jpg,8,0.480454,0.498977,0.532466,0.755715
/kaggle/input/datasets/afqwe0/clotheslabelled/Himesh/Jacket/001406.jpg,8,0.480454,0.498977,0.532466,0.755715
/kaggle/input/datasets/afqwe0/clotheslabelled/Himesh/Jacket/001406.jpg,8,0.480454,0.498977,0.532466,0.755715
/kaggle/input/datasets/afqwe0/clotheslabelled/Himesh/Jacket/001406.jpg,8,0.480454,0.498977,0.532466,0.755715
/kaggle/input/datasets/afqwe0/clotheslabelled/Himesh/Jacket/001406.jpg,8,0.480454,0.498977,0.532466,0.755715
/kaggle/input/datasets/afqwe0/clotheslabelled/Himesh/Jacket/001406.jpg,8,0.480454,0.498977,0.532466,0.755715
/kaggle/input/datasets/afqwe0/clotheslabelled/Himesh/Jacket/001406.jpg,8,0.480454,0.498977,0.532466,0.755715
/kaggle/input/datasets/afqwe0/clotheslabelled/Himesh/Jacket/001406.jpg,8,0.480454,0.498977,0.532466,0.755715
/kaggle/input/datasets/afqwe0/clotheslabelled/Himesh/Jacket/001406.jpg,8,0.480454,0.498977,0.532466,0.755715
/kaggle/input/datasets/afqwe0/clotheslabelled/Himesh/Jacket/001406.jpg,8,0.480454,0.498977,0.532466,0.755715
/kaggle/input/datasets/afqwe0/clotheslabelled/Himesh/Jacket/001406.jpg,8,0.480454,0.498977,0.532466,0.755715
/kaggle/input/datasets/afqwe0/clotheslabelled/Himesh/Jacket/001406.jpg,8,0.480454,0.498977,0.532466,0.755715
/kaggle/input/datasets/afqwe0/clotheslabelled/Himesh/Jacket/001406.jpg,8,0.480454,0.498977,0.532466,0.755715
/kaggle/input/datasets/afqwe0/clotheslabelled/Himesh/Jacket/001406.jpg,8,0.480454,0.498977,0.532466,0.755715
/kaggle/input/datasets/afqwe0/clotheslabelled/Himesh/Jacket/001406.jpg,8,0.480454,0.498977,0.532466,0.755715
/kaggle/input/datasets/afqwe0/clotheslabelled/Himesh/Jacket/001406.jpg,8,0.480454,0.498977,0.532466,0.755715
/kaggle/input/datasets/afqwe0/clotheslabelled/Himesh/Jacket/001406.jpg,8,0.480454,0.498977,0.532466,0.755715
/kaggle/input/datasets/afqwe0/clotheslabelled/Himesh/Jacket/001406.jpg,8,0.480454,0.498977,0.532466,0.755715
/kaggle/input/datasets/afqwe0/clotheslabelled/Himesh/Jacket/001406.jpg,8,0.480454,0.498977,0.532466,0.755715
/kaggle/input/datasets/afqwe0/clotheslabelled/Himesh/Jacket/001406.jpg,8,0.480454,0.498977,0.532466,0.755715
/kaggle/input/datasets/afqwe0/clotheslabelled/Himesh/Jacket/001406.jpg,8,0.480454,0.498977,0.532466,0.755715
/kaggle/input/datasets/afqwe0/clotheslabelled/Himesh/Jacket/001406.jpg,8,0.480454,0.498977,0.532466,0.755715
/kaggle/input/datasets/afqwe0/clotheslabelled/Himesh/Jacket/001406.jpg,8,0.480454,0.498977,0.532466,0.755715
/kaggle/input/datasets/afqwe0/clotheslabelled/Himesh/Jacket/001406.jpg,8,0.480454,0.498977,0.532466,0.755715
/kaggle/input/datasets/afqwe0/clotheslabelled/Himesh/Jacket/001406.jpg,8,0.480454,0.498977,0.532466,0.755715
/kaggle/input/datasets/afqwe0/clotheslabelled/Himesh/Jacket/001406.jpg,8,0.480454,0.498977,0.532466,0.755715
/kaggle/input/datasets/afqwe0/clotheslabelled/Himesh/Jacket/001406.jpg,8,0.480454,0.498977,0.532466,0.755715
/kaggle/input/datasets/afqwe0/clotheslabelled/Himesh/Jacket/001406.jpg,8,0.480454,0.498977,0.532466,0.755715
/kaggle/input/datasets/afqwe0/clotheslabelled/Himesh/Jacket/001406.jpg,8,0.480454,0.498977,0.532466,0.755715
/kaggle/input/datasets/afqwe0/clotheslabelled/Himesh/Jacket/001406.jpg,8,0.480454,0.498977,0.532466,0.755715
/kaggle/input/datasets/afqwe0/clotheslabelled/Himesh/Jacket/001406.jpg,8,0.480454,0.498977,0.532466,0.755715
/kaggle/input/datasets/afqwe0/clotheslabelled/Himesh/Jacket/001406.jpg,8,0.480454,0.498977,0.532466,0.755715
/kaggle/input/datasets/afqwe0/clotheslabelled/Himesh/Jacket/001406.jpg,8,0.480454,0.498977,0.532466,0.755715
/kaggle/input/datasets/afqwe0/clotheslabelled/Himesh/Jacket/001406.jpg,8,0.480454,0.498977,0.532466,0.755715
/kaggle/input/datasets/afqwe0/clotheslabelled/Himesh/Jacket/001406.jpg,8,0.480454,0.498977,0.532466,0.755715
/kaggle/input/datasets/afqwe0/clotheslabelled/Himesh/Jacket/001406.jpg,8,0.480454,0.498977,0.532466,0.755715
/kaggle/input/datasets/afqwe0/clotheslabelled/Himesh/Jacket/001406.jpg,8,0.480454,0.498977,0.532466,0.755715
/kaggle/input/datasets/afqwe0/clotheslabelled/Himesh/Jacket/001406.jpg,8,0.480454,0.498977,0.532466,0.755715
/kaggle/input/datasets/afqwe0/clotheslabelled/Himesh/Jacket/001406.jpg,8,0.480454,0.498977,0.532466,0.755715
/kaggle/input/datasets/afqwe0/clotheslabelled/Himesh/Jacket/001406.jpg,8,0.480454,0.498977,0.532466,0.755715
/kaggle/input/datasets/afqwe0/clotheslabelled/Himesh/Jacket/001406.jpg,8,0.480454,0.498977,0.532466,0.755715
/kaggle/input/datasets/afqwe0/clotheslabelled/Himesh/Jacket/001406.jpg,8,0.480454,0.498977,0.532466,0.755715
/kaggle/input/datasets/afqwe0/clotheslabelled/Himesh/Jacket/001406.jpg,8,0.480454,0.498977,0.532466,0.755715
/kaggle/input/datasets/afqwe0/clotheslabelled/Himesh/Jacket/001406.jpg,8,0.480454,0.498977,0.532466,0.755715
/kaggle/input/datasets/afqwe0/clotheslabelled/Himesh/Jacket/001406.jpg,8,0.480454,0.498977,0.532466,0.755715
/kaggle/input/datasets/afqwe0/clotheslabelled/Himesh/Jacket/001406.jpg,8,0.480454,0.498977,0.532466,0.755715
/kaggle/input/datasets/afqwe0/clotheslabelled/Himesh/Jacket/001406.jpg,8,0.480454,0.498977,0.532466,0.755715
/kaggle/input/datasets/afqwe0/clotheslabelled/Himesh/Jacket/001406.jpg,8,0.480454,0.498977,0.532466,0.755715
/kaggle/input/datasets/afqwe0/clotheslabelled/Himesh/Jacket/001406.jpg,8,0.480454,0.498977,0.532466,0.755715
/kaggle/input/datasets/afqwe0/clotheslabelled/Himesh/Jacket/001406.jpg,8,0.480454,0.498977,0.532466,0.755715
/kaggle/input/datasets/afqwe0/clotheslabelled/Himesh/Jacket/001406.jpg,8,0.480454,0.498977,0.532466,0.755715
/kaggle/input/datasets/afqwe0/clotheslabelled/Himesh/Jacket/001406.jpg,8,0.480454,0.498977,0.532466,0.755715
/kaggle/input/datasets/afqwe0/clotheslabelled/Himesh/Jacket/001406.jpg,8,0.480454,0.498977,0.532466,0.755715
/kaggle/input/datasets/afqwe0/clotheslabelled/Himesh/Jacket/001406.jpg,8,0.480454,0.498977,0.532466,0.755715
/kaggle/input/datasets/afqwe0/clotheslabelled/Himesh/Jacket/001406.jpg,8,0.480454,0.498977,0.532466,0.755715
/kaggle/input/datasets/afqwe0/clotheslabelled/Himesh/Jacket/001406.jpg,8,0.480454,0.498977,0.532466,0.755715
/kaggle/input/datasets/afqwe0/clotheslabelled/Himesh/Jacket/001406.jpg,8,0.480454,0.498977,0.532466,0.755715
/kaggle/input/datasets/afqwe0/clotheslabelled/Himesh/Jacket/001406.jpg,8,0.480454,0.498977,0.532466,0.755715
/kaggle/input/datasets/afqwe0/clotheslabelled/Himesh/Jacket/001406.jpg,8,0.480454,0.498977,0.532466,0.755715
/kaggle/input/datasets/afqwe0/clotheslabelled/Himesh/Jacket/001406.jpg,8,0.480454,0.498977,0.532466,0.755715
/kaggle/input/datasets/afqwe0/clotheslabelled/Himesh/Jacket/001406.jpg,8,0.480454,0.498977,0.532466,0.755715
/kaggle/input/datasets/afqwe0/clotheslabelled/Himesh/Jacket/001406.jpg,8,0.480454,0.498977,0.532466,0.755715
/kaggle/input/datasets/afqwe0/clotheslabelled/Himesh/Jacket/001406.jpg,8,0.480454,0.498977,0.532466,0.755715
/kaggle/input/datasets/afqwe0/clotheslabelled/Himesh/Jacket/001406.jpg,8,0.480454,0.498977,0.532466,0.755715
/kaggle/input/datasets/afqwe0/clotheslabelled/Himesh/Jacket/001406.jpg,8,0.480454,0.498977,0.532466,0.755715
/kaggle/input/datasets/afqwe0/clotheslabelled/Himesh/Jacket/001406.jpg,8,0.480454,0.498977,0.532466,0.755715
/kaggle/input/datasets/afqwe0/clotheslabelled/Himesh/Jacket/001406.jpg,8,0.480454,0.498977,0.532466,0.755715
/kaggle/input/datasets/afqwe0/clotheslabelled/Himesh/Jacket/001406.jpg,8,0.480454,0.498977,0.532466,0.755715
/kaggle/input/datasets/afqwe0/clotheslabelled/Himesh/Jacket/001406.jpg,8,0.480454,0.498977,0.532466,0.755715
/kaggle/input/datasets/afqwe0/clotheslabelled/Himesh/Jacket/001406.jpg,8,0.480454,0.498977,0.532466,0.755715
/kaggle/input/datasets/afqwe0/clotheslabelled/Himesh/Jacket/001406.jpg,8,0.480454,0.498977,0.532466,0.755715
/kaggle/input/datasets/afqwe0/clotheslabelled/Himesh/Jacket/001406.jpg,8,0.480454,0.498977,0.532466,0.755715
/kaggle/input/datasets/afqwe0/clotheslabelled/Himesh/Jacket/001406.jpg,8,0.480454,0.498977,0.532466,0.755715
/kaggle/input/datasets/afqwe0/clotheslabelled/Himesh/Jacket/001406.jpg,8,0.480454,0.498977,0.532466,0.755715
/kaggle/input/datasets/afqwe0/clotheslabelled/Himesh/Jacket/001406.jpg,8,0.480454,0.498977,0.532466,0.755715
/kaggle/input/datasets/afqwe0/clotheslabelled/Himesh/Jacket/001406.jpg,8,0.480454,0.498977,0.532466,0.755715
/kaggle/input/datasets/afqwe0/clotheslabelled/Himesh/Jacket/001406.jpg,8,0.480454,0.498977,0.532466,0.755715
/kaggle/input/datasets/afqwe0/clotheslabelled/Himesh/Jacket/001406.jpg,8,0.480454,0.498977,0.532466,0.755715
/kaggle/input/datasets/afqwe0/clotheslabelled/Himesh/Jacket/001406.jpg,8,0.480454,0.498977,0.532466,0.755715
/kaggle/input/datasets/afqwe0/clotheslabelled/Himesh/Jacket/001406.jpg,8,0.480454,0.498977,0.532466,0.755715
/kaggle/input/datasets/afqwe0/clotheslabelled/Himesh/Jacket/001406.jpg,8,0.480454,0.498977,0.532466,0.755715
/kaggle/input/datasets/afqwe0/clotheslabelled/Himesh/Jacket/001406.jpg,8,0.480454,0.498977,0.532466,0.755715
/kaggle/input/datasets/afqwe0/clotheslabelled/Himesh/Jacket/001406.jpg,8,0.480454,0.498977,0.532466,0.755715
/kaggle/input/datasets/afqwe0/clotheslabelled/Himesh/Jacket/001406.jpg,8,0.480454,0.498977,0.532466,0.755715
/kaggle/input/datasets/afqwe0/clotheslabelled/Himesh/Jacket/001406.jpg,8,0.480454,0.498977,0.532466,0.755715
/kaggle/input/datasets/afqwe0/clotheslabelled/Himesh/Jacket/001406.jpg,8,0.480454,0.498977,0.532466,0.755715
/kaggle/input/datasets/afqwe0/clotheslabelled/Himesh/Jacket/001406.jpg,8,0.480454,0.498977,0.532466,0.755715
/kaggle/input/datasets/afqwe0/clotheslabelled/Himesh/Jacket/001406.jpg,8,0.480454,0.498977,0.532466,0.755715
/kaggle/input/datasets/afqwe0/clotheslabelled/Himesh/Jacket/001406.jpg,8,0.480454,0.498977,0.532466,0.755715
/kaggle/input/datasets/afqwe0/clotheslabelled/Himesh/Jacket/001406.jpg,8,0.480454,0.498977,0.532466,0.755715
/kaggle/input/datasets/afqwe0/clotheslabelled/Himesh/Jacket/001406.jpg,8,0.480454,0.498977,0.532466,0.755715
/kaggle/input/datasets/afqwe0/clotheslabelled/Himesh/Jacket/001406.jpg,8,0.480454,0.498977,0.532466,0.755715
/kaggle/input/datasets/afqwe0/clotheslabelled/Himesh/Jacket/001406.jpg,8,0.480454,0.498977,0.532466,0.755715
/kaggle/input/datasets/afqwe0/clotheslabelled/Himesh/Jacket/001406.jpg,8,0.480454,0.498977,0.532466,0.755715
/kaggle/input/datasets/afqwe0/clotheslabelled/Himesh/Jacket/001406.jpg,8,0.480454,0.498977,0.532466,0.755715
/kaggle/input/datasets/afqwe0/clotheslabelled/Himesh/Jacket/001406.jpg,8,0.480454,0.498977,0.532466,0.755715
/kaggle/input/datasets/afqwe0/clotheslabelled/Himesh/Jacket/001406.jpg,8,0.480454,0.498977,0.532466,0.755715
/kaggle/input/datasets/afqwe0/clotheslabelled/Himesh/Jacket/001406.jpg,8,0.480454,0.498977,0.532466,0.755715
/kaggle/input/datasets/afqwe0/clotheslabelled/Himesh/Jacket/001406.jpg,8,0.480454,0.498977,0.532466,0.755715
/kaggle/input/datasets/afqwe0/clotheslabelled/Himesh/Jacket/001406.jpg,8,0.480454,0.498977,0.532466,0.755715
/kaggle/input/datasets/afqwe0/clotheslabelled/Himesh/Jacket/001406.jpg,8,0.480454,0.498977,0.532466,0.755715
/kaggle/input/datasets/afqwe0/clotheslabelled/Himesh/Jacket/001406.jpg,8,0.480454,0.498977,0.532466,0.755715
/kaggle/input/datasets/afqwe0/clotheslabelled/Himesh/Jacket/001406.jpg,8,0.480454,0.498977,0.532466,0.755715
/kaggle/input/datasets/afqwe0/clotheslabelled/Himesh/Jacket/001406.jpg,8,0.480454,0.498977,0.532466,0.755715
/kaggle/input/datasets/afqwe0/clotheslabelled/Himesh/Jacket/001406.jpg,8,0.480454,0.498977,0.532466,0.755715
/kaggle/input/datasets/afqwe0/clotheslabelled/Himesh/Jacket/001406.jpg,8,0.480454,0.498977,0.532466,0.755715
/kaggle/input/datasets/afqwe0/clotheslabelled/Himesh/Jacket/001406.jpg,8,0.480454,0.498977,0.532466,0.755715
/kaggle/input/datasets/afqwe0/clotheslabelled/Himesh/Jacket/001406.jpg,8,0.480454,0.498977,0.532466,0.755715
/kaggle/input/datasets/afqwe0/clotheslabelled/Himesh/Jacket/001406.jpg,8,0.480454,0.498977,0.532466,0.755715
/kaggle/input/datasets/afqwe0/clotheslabelled/Himesh/Jacket/001406.jpg,8,0.480454,0.498977,0.532466,0.755715
/kaggle/input/datasets/afqwe0/clotheslabelled/Himesh/Jacket/001406.jpg,8,0.480454,0.498977,0.532466,0.755715
/kaggle/input/datasets/afqwe0/clotheslabelled/Himesh/Jacket/001406.jpg,8,0.480454,0.498977,0.532466,0.755715
/kaggle/input/datasets/afqwe0/clotheslabelled/Himesh/Jacket/001406.jpg,8,0.480454,0.498977,0.532466,0.755715
/kaggle/input/datasets/afqwe0/clotheslabelled/Himesh/Jacket/001406.jpg,8,0.480454,0.498977,0.532466,0.755715
/kaggle/input/datasets/afqwe0/clotheslabelled/Himesh/Jacket/001406.jpg,8,0.480454,0.498977,0.532466,0.755715
/kaggle/input/datasets/afqwe0/clotheslabelled/Himesh/Jacket/001406.jpg,8,0.480454,0.498977,0.532466,0.755715
/kaggle/input/datasets/afqwe0/clotheslabelled/Himesh/Jacket/001406.jpg,8,0.480454,0.498977,0.532466,0.755715
/kaggle/input/datasets/afqwe0/clotheslabelled/Himesh/Jacket/001406.jpg,8,0.480454,0.498977,0.532466,0.755715
/kaggle/input/datasets/afqwe0/clotheslabelled/Himesh/Jacket/001406.jpg,8,0.480454,0.498977,0.532466,0.755715
/kaggle/input/datasets/afqwe0/clotheslabelled/Himesh/Jacket/001406.jpg,8,0.480454,0.498977,0.532466,0.755715
/kaggle/input/datasets/afqwe0/clotheslabelled/Himesh/Jacket/001406.jpg,8,0.480454,0.498977,0.532466,0.755715
/kaggle/input/datasets/afqwe0/clotheslabelled/Himesh/Jacket/001406.jpg,8,0.480454,0.498977,0.532466,0.755715
/kaggle/input/datasets/afqwe0/clotheslabelled/Himesh/Jacket/001406.jpg,8,0.480454,0.498977,0.532466,0.755715
/kaggle/input/datasets/afqwe0/clotheslabelled/Himesh/Jacket/001406.jpg,8,0.480454,0.498977,0.532466,0.755715
/kaggle/input/datasets/afqwe0/clotheslabelled/Himesh/Jacket/001406.jpg,8,0.480454,0.498977,0.532466,0.755715
/kaggle/input/datasets/afqwe0/clotheslabelled/Himesh/Jacket/001406.jpg,8,0.480454,0.498977,0.532466,0.755715
/kaggle/input/datasets/afqwe0/clotheslabelled/Himesh/Jacket/001406.jpg,8,0.480454,0.498977,0.532466,0.755715
/kaggle/input/datasets/afqwe0/clotheslabelled/Himesh/Jacket/001406.jpg,8,0.480454,0.498977,0.532466,0.755715
/kaggle/input/datasets/afqwe0/clotheslabelled/Himesh/Jacket/001406.jpg,8,0.480454,0.498977,0.532466,0.755715
/kaggle/input/datasets/afqwe0/clotheslabelled/Himesh/Jacket/001406.jpg,8,0.480454,0.498977,0.532466,0.755715
/kaggle/input/datasets/afqwe0/clotheslabelled/Himesh/Jacket/001406.jpg,8,0.480454,0.498977,0.532466,0.755715
/kaggle/input/datasets/afqwe0/clotheslabelled/Himesh/Jacket/001406.jpg,8,0.480454,0.498977,0.532466,0.755715
/kaggle/input/datasets/afqwe0/clotheslabelled/Himesh/Jacket/001406.jpg,8,0.480454,0.498977,0.532466,0.755715
/kaggle/input/datasets/afqwe0/clotheslabelled/Himesh/Jacket/001406.jpg,8,0.480454,0.498977,0.532466,0.755715
/kaggle/input/datasets/afqwe0/clotheslabelled/Himesh/Jacket/001406.jpg,8,0.480454,0.498977,0.532466,0.755715
/kaggle/input/datasets/afqwe0/clotheslabelled/Himesh/Jacket/001406.jpg,8,0.480454,0.498977,0.532466,0.755715
/kaggle/input/datasets/afqwe0/clotheslabelled/Himesh/Jacket/001406.jpg,8,0.480454,0.498977,0.532466,0.755715
/kaggle/input/datasets/afqwe0/clotheslabelled/Himesh/Jacket/001406.jpg,8,0.480454,0.498977,0.532466,0.755715
/kaggle/input/datasets/afqwe0/clotheslabelled/Himesh/Jacket/001406.jpg,8,0.480454,0.498977,0.532466,0.755715
/kaggle/input/datasets/afqwe0/clotheslabelled/Himesh/Jacket/001406.jpg,8,0.480454,0.498977,0.532466,0.755715
/kaggle/input/datasets/afqwe0/clotheslabelled/Himesh/Jacket/001406.jpg,8,0.480454,0.498977,0.532466,0.755715
/kaggle/input/datasets/afqwe0/clotheslabelled/Himesh/Jacket/001406.jpg,8,0.480454,0.498977,0.532466,0.755715
/kaggle/input/datasets/afqwe0/clotheslabelled/Himesh/Jacket/001406.jpg,8,0.480454,0.498977,0.532466,0.755715
/kaggle/input/datasets/afqwe0/clotheslabelled/Himesh/Jacket/001406.jpg,8,0.480454,0.498977,0.532466,0.755715
/kaggle/input/datasets/afqwe0/clotheslabelled/Himesh/Jacket/001406.jpg,8,0.480454,0.498977,0.532466,0.755715
/kaggle/input/datasets/afqwe0/clotheslabelled/Himesh/Jacket/001406.jpg,8,0.480454,0.498977,0.532466,0.755715
/kaggle/input/datasets/afqwe0/clotheslabelled/Himesh/Jacket/001406.jpg,8,0.480454,0.498977,0.532466,0.755715
/kaggle/input/datasets/afqwe0/clotheslabelled/Himesh/Jacket/001406.jpg,8,0.480454,0.498977,0.532466,0.755715
/kaggle/input/datasets/afqwe0/clotheslabelled/Himesh/Jacket/001406.jpg,8,0.480454,0.498977,0.532466,0.755715
/kaggle/input/datasets/afqwe0/clotheslabelled/Himesh/Jacket/001406.jpg,8,0.480454,0.498977,0.532466,0.755715
/kaggle/input/datasets/afqwe0/clotheslabelled/Himesh/Jacket/001406.jpg,8,0.480454,0.498977,0.532466,0.755715
/kaggle/input/datasets/afqwe0/clotheslabelled/Himesh/Jacket/001406.jpg,8,0.480454,0.498977,0.532466,0.755715
/kaggle/input/datasets/afqwe0/clotheslabelled/Himesh/Jacket/001406.jpg,8,0.480454,0.498977,0.532466,0.755715
/kaggle/input/datasets/afqwe0/clotheslabelled/Himesh/Jacket/001406.jpg,8,0.480454,0.498977,0.532466,0.755715
/kaggle/input/datasets/afqwe0/clotheslabelled/Himesh/Jacket/001406.jpg,8,0.480454,0.498977,0.532466,0.755715
/kaggle/input/datasets/afqwe0/clotheslabelled/Himesh/Jacket/001406.jpg,8,0.480454,0.498977,0.532466,0.755715
/kaggle/input/datasets/afqwe0/clotheslabelled/Himesh/Jacket/001406.jpg,8,0.480454,0.498977,0.532466,0.755715
/kaggle/input/datasets/afqwe0/clotheslabelled/Himesh/Jacket/001406.jpg,8,0.480454,0.498977,0.532466,0.755715
/kaggle/input/datasets/afqwe0/clotheslabelled/Himesh/Jacket/001406.jpg,8,0.480454,0.498977,0.532466,0.755715
/kaggle/input/datasets/afqwe0/clotheslabelled/Himesh/Jacket/001406.jpg,8,0.480454,0.498977,0.532466,0.755715
/kaggle/input/datasets/afqwe0/clotheslabelled/Himesh/Jacket/001406.jpg,8,0.480454,0.498977,0.532466,0.755715
/kaggle/input/datasets/afqwe0/clotheslabelled/Himesh/Jacket/001406.jpg,8,0.480454,0.498977,0.532466,0.755715
/kaggle/input/datasets/afqwe0/clotheslabelled/Himesh/Jacket/001406.jpg,8,0.480454,0.498977,0.532466,0.755715
/kaggle/input/datasets/afqwe0/clotheslabelled/Himesh/Jacket/001406.jpg,8,0.480454,0.498977,0.532466,0.755715
/kaggle/input/datasets/afqwe0/clotheslabelled/Himesh/Jacket/001406.jpg,8,0.480454,0.498977,0.532466,0.755715
/kaggle/input/datasets/afqwe0/clotheslabelled/Himesh/Jacket/001406.jpg,8,0.480454,0.498977,0.532466,0.755715
/kaggle/input/datasets/afqwe0/clotheslabelled/Himesh/Jacket/001406.jpg,8,0.480454,0.498977,0.532466,0.755715
/kaggle/input/datasets/afqwe0/clotheslabelled/Himesh/Jacket/001406.jpg,8,0.480454,0.498977,0.532466,0.755715
/kaggle/input/datasets/afqwe0/clotheslabelled/Himesh/Jacket/001406.jpg,8,0.480454,0.498977,0.532466,0.755715
/kaggle/input/datasets/afqwe0/clotheslabelled/Himesh/Jacket/001406.jpg,8,0.480454,0.498977,0.532466,0.755715
/kaggle/input/datasets/afqwe0/clotheslabelled/Himesh/Jacket/001406.jpg,8,0.480454,0.498977,0.532466,0.755715
/kaggle/input/datasets/afqwe0/clotheslabelled/Himesh/Jacket/001406.jpg,8,0.480454,0.498977,0.532466,0.755715
/kaggle/input/datasets/afqwe0/clotheslabelled/Himesh/Jacket/001406.jpg,8,0.480454,0.498977,0.532466,0.755715
/kaggle/input/datasets/afqwe0/clotheslabelled/Himesh/Jacket/001406.jpg,8,0.480454,0.498977,0.532466,0.755715
/kaggle/input/datasets/afqwe0/clotheslabelled/Himesh/Jacket/001406.jpg,8,0.480454,0.498977,0.532466,0.755715
/kaggle/input/datasets/afqwe0/clotheslabelled/Himesh/Jacket/001406.jpg,8,0.480454,0.498977,0.532466,0.755715
/kaggle/input/datasets/afqwe0/clotheslabelled/Himesh/Jacket/001406.jpg,8,0.480454,0.498977,0.532466,0.755715
/kaggle/input/datasets/afqwe0/clotheslabelled/Himesh/Jacket/001406.jpg,8,0.480454,0.498977,0.532466,0.755715
/kaggle/input/datasets/afqwe0/clotheslabelled/Himesh/Jacket/001406.jpg,8,0.480454,0.498977,0.532466,0.755715
/kaggle/input/datasets/afqwe0/clotheslabelled/Himesh/Jacket/001406.jpg,8,0.480454,0.498977,0.532466,0.755715
/kaggle/input/datasets/afqwe0/clotheslabelled/Himesh/Jacket/001406.jpg,8,0.480454,0.498977,0.532466,0.755715
/kaggle/input/datasets/afqwe0/clotheslabelled/Himesh/Jacket/001406.jpg,8,0.480454,0.498977,0.532466,0.755715
/kaggle/input/datasets/afqwe0/clotheslabelled/Himesh/Jacket/001406.jpg,8,0.480454,0.498977,0.532466,0.755715
/kaggle/input/datasets/afqwe0/clotheslabelled/Himesh/Jacket/001406.jpg,8,0.480454,0.498977,0.532466,0.755715
/kaggle/input/datasets/afqwe0/clotheslabelled/Himesh/Jacket/001406.jpg,8,0.480454,0.498977,0.532466,0.755715
/kaggle/input/datasets/afqwe0/clotheslabelled/Himesh/Jacket/001406.jpg,8,0.480454,0.498977,0.532466,0.755715
/kaggle/input/datasets/afqwe0/clotheslabelled/Himesh/Jacket/001406.jpg,8,0.480454,0.498977,0.532466,0.755715
/kaggle/input/datasets/afqwe0/clotheslabelled/Himesh/Jacket/001406.jpg,8,0.480454,0.498977,0.532466,0.755715
/kaggle/input/datasets/afqwe0/clotheslabelled/Himesh/Jacket/001406.jpg,8,0.480454,0.498977,0.532466,0.755715
/kaggle/input/datasets/afqwe0/clotheslabelled/Himesh/Jacket/001406.jpg,8,0.480454,0.498977,0.532466,0.755715
/kaggle/input/datasets/afqwe0/clotheslabelled/Himesh/Jacket/001406.jpg,8,0.480454,0.498977,0.532466,0.755715
/kaggle/input/datasets/afqwe0/clotheslabelled/Himesh/Jacket/001406.jpg,8,0.480454,0.498977,0.532466,0.755715
/kaggle/input/datasets/afqwe0/clotheslabelled/Himesh/Jacket/001406.jpg,8,0.480454,0.498977,0.532466,0.755715
/kaggle/input/datasets/afqwe0/clotheslabelled/Himesh/Jacket/001406.jpg,8,0.480454,0.498977,0.532466,0.755715
/kaggle/input/datasets/afqwe0/clotheslabelled/Himesh/Jacket/001406.jpg,8,0.480454,0.498977,0.532466,0.755715
/kaggle/input/datasets/afqwe0/clotheslabelled/Himesh/Jacket/001406.jpg,8,0.480454,0.498977,0.532466,0.755715
/kaggle/input/datasets/afqwe0/clotheslabelled/Himesh/Jacket/001406.jpg,8,0.480454,0.498977,0.532466,0.755715
/kaggle/input/datasets/afqwe0/clotheslabelled/Himesh/Jacket/001406.jpg,8,0.480454,0.498977,0.532466,0.755715
/kaggle/input/datasets/afqwe0/clotheslabelled/Himesh/Jacket/001406.jpg,8,0.480454,0.498977,0.532466,0.755715
/kaggle/input/datasets/afqwe0/clotheslabelled/Himesh/Jacket/001406.jpg,8,0.480454,0.498977,0.532466,0.755715
/kaggle/input/datasets/afqwe0/clotheslabelled/Himesh/Jacket/001406.jpg,8,0.480454,0.498977,0.532466,0.755715
/kaggle/input/datasets/afqwe0/clotheslabelled/Himesh/Jacket/001406.jpg,8,0.480454,0.498977,0.532466,0.755715
/kaggle/input/datasets/afqwe0/clotheslabelled/Himesh/Jacket/001406.jpg,8,0.480454,0.498977,0.532466,0.755715
/kaggle/input/datasets/afqwe0/clotheslabelled/Himesh/Jacket/001406.jpg,8,0.480454,0.498977,0.532466,0.755715
/kaggle/input/datasets/afqwe0/clotheslabelled/Himesh/Jacket/001406.jpg,8,0.480454,0.498977,0.532466,0.755715
/kaggle/input/datasets/afqwe0/clotheslabelled/Himesh/Jacket/001406.jpg,8,0.480454,0.498977,0.532466,0.755715
/kaggle/input/datasets/afqwe0/clotheslabelled/Himesh/Jacket/001406.jpg,8,0.480454,0.498977,0.532466,0.755715
/kaggle/input/datasets/afqwe0/clotheslabelled/Himesh/Jacket/001406.jpg,8,0.480454,0.498977,0.532466,0.755715
/kaggle/input/datasets/afqwe0/clotheslabelled/Himesh/Jacket/001406.jpg,8,0.480454,0.498977,0.532466,0.755715
/kaggle/input/datasets/afqwe0/clotheslabelled/Himesh/Jacket/001406.jpg,8,0.480454,0.498977,0.532466,0.755715
/kaggle/input/datasets/afqwe0/clotheslabelled/Himesh/Jacket/001406.jpg,8,0.480454,0.498977,0.532466,0.755715
/kaggle/input/datasets/afqwe0/clotheslabelled/Himesh/Jacket/001406.jpg,8,0.480454,0.498977,0.532466,0.755715
/kaggle/input/datasets/afqwe0/clotheslabelled/Himesh/Jacket/001406.jpg,8,0.480454,0.498977,0.532466,0.755715
/kaggle/input/datasets/afqwe0/clotheslabelled/Himesh/Jacket/001406.jpg,8,0.480454,0.498977,0.532466,0.755715
/kaggle/input/datasets/afqwe0/clotheslabelled/Himesh/Jacket/001406.jpg,8,0.480454,0.498977,0.532466,0.755715
/kaggle/input/datasets/afqwe0/clotheslabelled/Himesh/Jacket/001406.jpg,8,0.480454,0.498977,0.532466,0.755715
/kaggle/input/datasets/afqwe0/clotheslabelled/Himesh/Jacket/001406.jpg,8,0.480454,0.498977,0.532466,0.755715
/kaggle/input/datasets/afqwe0/clotheslabelled/Himesh/Jacket/001406.jpg,8,0.480454,0.498977,0.532466,0.755715
/kaggle/input/datasets/afqwe0/clotheslabelled/Himesh/Jacket/001406.jpg,8,0.480454,0.498977,0.532466,0.755715
/kaggle/input/datasets/afqwe0/clotheslabelled/Himesh/Jacket/001406.jpg,8,0.480454,0.498977,0.532466,0.755715
/kaggle/input/datasets/afqwe0/clotheslabelled/Himesh/Jacket/001406.jpg,8,0.480454,0.498977,0.532466,0.755715
/kaggle/input/datasets/afqwe0/clotheslabelled/Himesh/Jacket/001406.jpg,8,0.480454,0.498977,0.532466,0.755715
/kaggle/input/datasets/afqwe0/clotheslabelled/Himesh/Jacket/001406.jpg,8,0.480454,0.498977,0.532466,0.755715
/kaggle/input/datasets/afqwe0/clotheslabelled/Himesh/Jacket/001406.jpg,8,0.480454,0.498977,0.532466,0.755715
/kaggle/input/datasets/afqwe0/clotheslabelled/Himesh/Jacket/001406.jpg,8,0.480454,0.498977,0.532466,0.755715
/kaggle/input/datasets/afqwe0/clotheslabelled/Himesh/Jacket/001406.jpg,8,0.480454,0.498977,0.532466,0.755715
/kaggle/input/datasets/afqwe0/clotheslabelled/Himesh/Jacket/001406.jpg,8,0.480454,0.498977,0.532466,0.755715
/kaggle/input/datasets/afqwe0/clotheslabelled/Himesh/Jacket/001406.jpg,8,0.480454,0.498977,0.532466,0.755715
/kaggle/input/datasets/afqwe0/clotheslabelled/Himesh/Jacket/001406.jpg,8,0.480454,0.498977,0.532466,0.755715
/kaggle/input/datasets/afqwe0/clotheslabelled/Himesh/Jacket/001406.jpg,8,0.480454,0.498977,0.532466,0.755715
/kaggle/input/datasets/afqwe0/clotheslabelled/Himesh/Jacket/001406.jpg,8,0.480454,0.498977,0.532466,0.755715
/kaggle/input/datasets/afqwe0/clotheslabelled/Himesh/Jacket/001406.jpg,8,0.480454,0.498977,0.532466,0.755715
/kaggle/input/datasets/afqwe0/clotheslabelled/Himesh/Jacket/001406.jpg,8,0.480454,0.498977,0.532466,0.755715
/kaggle/input/datasets/afqwe0/clotheslabelled/Himesh/Jacket/001406.jpg,8,0.480454,0.498977,0.532466,0.755715
/kaggle/input/datasets/afqwe0/clotheslabelled/Himesh/Jacket/001406.jpg,8,0.480454,0.498977,0.532466,0.755715
/kaggle/input/datasets/afqwe0/clotheslabelled/Himesh/Jacket/001406.jpg,8,0.480454,0.498977,0.532466,0.755715
/kaggle/input/datasets/afqwe0/clotheslabelled/Himesh/Jacket/001406.jpg,8,0.480454,0.498977,0.532466,0.755715
/kaggle/input/datasets/afqwe0/clotheslabelled/Himesh/Jacket/001406.jpg,8,0.480454,0.498977,0.532466,0.755715
/kaggle/input/datasets/afqwe0/clotheslabelled/Himesh/Jacket/001406.jpg,8,0.480454,0.498977,0.532466,0.755715
/kaggle/input/datasets/afqwe0/clotheslabelled/Himesh/Jacket/001406.jpg,8,0.480454,0.498977,0.532466,0.755715
/kaggle/input/datasets/afqwe0/clotheslabelled/Himesh/Jacket/001406.jpg,8,0.480454,0.498977,0.532466,0.755715
/kaggle/input/datasets/afqwe0/clotheslabelled/Himesh/Jacket/001406.jpg,8,0.480454,0.498977,0.532466,0.755715
/kaggle/input/datasets/afqwe0/clotheslabelled/Himesh/Jacket/001406.jpg,8,0.480454,0.498977,0.532466,0.755715
/kaggle/input/datasets/afqwe0/clotheslabelled/Himesh/Jacket/001406.jpg,8,0.480454,0.498977,0.532466,0.755715
/kaggle/input/datasets/afqwe0/clotheslabelled/Himesh/Jacket/001406.jpg,8,0.480454,0.498977,0.532466,0.755715
/kaggle/input/datasets/afqwe0/clotheslabelled/Himesh/Jacket/001406.jpg,8,0.480454,0.498977,0.532466,0.755715
/kaggle/input/datasets/afqwe0/clotheslabelled/Himesh/Jacket/001406.jpg,8,0.480454,0.498977,0.532466,0.755715
/kaggle/input/datasets/afqwe0/clotheslabelled/Himesh/Jacket/001406.jpg,8,0.480454,0.498977,0.532466,0.755715
/kaggle/input/datasets/afqwe0/clotheslabelled/Himesh/Jacket/001406.jpg,8,0.480454,0.498977,0.532466,0.755715
/kaggle/input/datasets/afqwe0/clotheslabelled/Himesh/Jacket/001406.jpg,8,0.480454,0.498977,0.532466,0.755715
/kaggle/input/datasets/afqwe0/clotheslabelled/Himesh/Jacket/001406.jpg,8,0.480454,0.498977,0.532466,0.755715
/kaggle/input/datasets/afqwe0/clotheslabelled/Himesh/Jacket/001406.jpg,8,0.480454,0.498977,0.532466,0.755715
/kaggle/input/datasets/afqwe0/clotheslabelled/Himesh/Jacket/001406.jpg,8,0.480454,0.498977,0.532466,0.755715
/kaggle/input/datasets/afqwe0/clotheslabelled/Himesh/Jacket/001406.jpg,8,0.480454,0.498977,0.532466,0.755715
/kaggle/input/datasets/afqwe0/clotheslabelled/Himesh/Jacket/001406.jpg,8,0.480454,0.498977,0.532466,0.755715
/kaggle/input/datasets/afqwe0/clotheslabelled/Himesh/Jacket/001406.jpg,8,0.480454,0.498977,0.532466,0.755715
/kaggle/input/datasets/afqwe0/clotheslabelled/Himesh/Jacket/001406.jpg,8,0.480454,0.498977,0.532466,0.755715
/kaggle/input/datasets/afqwe0/clotheslabelled/Himesh/Jacket/001406.jpg,8,0.480454,0.498977,0.532466,0.755715
/kaggle/input/datasets/afqwe0/clotheslabelled/Himesh/Jacket/001406.jpg,8,0.480454,0.498977,0.532466,0.755715
/kaggle/input/datasets/afqwe0/clotheslabelled/Himesh/Jacket/001406.jpg,8,0.480454,0.498977,0.532466,0.755715
/kaggle/input/datasets/afqwe0/clotheslabelled/Himesh/Jacket/001406.jpg,8,0.480454,0.498977,0.532466,0.755715
/kaggle/input/datasets/afqwe0/clotheslabelled/Himesh/Jacket/001406.jpg,8,0.480454,0.498977,0.532466,0.755715
/kaggle/input/datasets/afqwe0/clotheslabelled/Himesh/Jacket/001406.jpg,8,0.480454,0.498977,0.532466,0.755715
/kaggle/input/datasets/afqwe0/clotheslabelled/Himesh/Jacket/001406.jpg,8,0.480454,0.498977,0.532466,0.755715
/kaggle/input/datasets/afqwe0/clotheslabelled/Himesh/Jacket/001406.jpg,8,0.480454,0.498977,0.532466,0.755715
/kaggle/input/datasets/afqwe0/clotheslabelled/Himesh/Jacket/001406.jpg,8,0.480454,0.498977,0.532466,0.755715
/kaggle/input/datasets/afqwe0/clotheslabelled/Himesh/Jacket/001406.jpg,8,0.480454,0.498977,0.532466,0.755715
/kaggle/input/datasets/afqwe0/clotheslabelled/Himesh/Jacket/001406.jpg,8,0.480454,0.498977,0.532466,0.755715
/kaggle/input/datasets/afqwe0/clotheslabelled/Himesh/Jacket/001406.jpg,8,0.480454,0.498977,0.532466,0.755715
/kaggle/input/datasets/afqwe0/clotheslabelled/Himesh/Jacket/001406.jpg,8,0.480454,0.498977,0.532466,0.755715
/kaggle/input/datasets/afqwe0/clotheslabelled/Himesh/Jacket/001406.jpg,8,0.480454,0.498977,0.532466,0.755715
/kaggle/input/datasets/afqwe0/clotheslabelled/Himesh/Jacket/001406.jpg,8,0.480454,0.498977,0.532466,0.755715
/kaggle/input/datasets/afqwe0/clotheslabelled/Himesh/Jacket/001406.jpg,8,0.480454,0.498977,0.532466,0.755715
/kaggle/input/datasets/afqwe0/clotheslabelled/Himesh/Jacket/001406.jpg,8,0.480454,0.498977,0.532466,0.755715
/kaggle/input/datasets/afqwe0/clotheslabelled/Himesh/Jacket/001406.jpg,8,0.480454,0.498977,0.532466,0.755715
/kaggle/input/datasets/afqwe0/clotheslabelled/Himesh/Jacket/001406.jpg,8,0.480454,0.498977,0.532466,0.755715
/kaggle/input/datasets/afqwe0/clotheslabelled/Himesh/Jacket/001406.jpg,8,0.480454,0.498977,0.532466,0.755715
/kaggle/input/datasets/afqwe0/clotheslabelled/Himesh/Jacket/001406.jpg,8,0.480454,0.498977,0.532466,0.755715
/kaggle/input/datasets/afqwe0/clotheslabelled/Himesh/Jacket/001406.jpg,8,0.480454,0.498977,0.532466,0.755715
/kaggle/input/datasets/afqwe0/clotheslabelled/Himesh/Jacket/001406.jpg,8,0.480454,0.498977,0.532466,0.755715
/kaggle/input/datasets/afqwe0/clotheslabelled/Himesh/Jacket/001406.jpg,8,0.480454,0.498977,0.532466,0.755715
/kaggle/input/datasets/afqwe0/clotheslabelled/Himesh/Jacket/001406.jpg,8,0.480454,0.498977,0.532466,0.755715
/kaggle/input/datasets/afqwe0/clotheslabelled/Himesh/Jacket/001406.jpg,8,0.480454,0.498977,0.532466,0.755715
/kaggle/input/datasets/afqwe0/clotheslabelled/Himesh/Jacket/001406.jpg,8,0.480454,0.498977,0.532466,0.755715
/kaggle/input/datasets/afqwe0/clotheslabelled/Himesh/Jacket/001406.jpg,8,0.480454,0.498977,0.532466,0.755715
/kaggle/input/datasets/afqwe0/clotheslabelled/Himesh/Jacket/001406.jpg,8,0.480454,0.498977,0.532466,0.755715
/kaggle/input/datasets/afqwe0/clotheslabelled/Himesh/Jacket/001406.jpg,8,0.480454,0.498977,0.532466,0.755715
/kaggle/input/datasets/afqwe0/clotheslabelled/Himesh/Jacket/001406.jpg,8,0.480454,0.498977,0.532466,0.755715
/kaggle/input/datasets/afqwe0/clotheslabelled/Himesh/Jacket/001406.jpg,8,0.480454,0.498977,0.532466,0.755715
/kaggle/input/datasets/afqwe0/clotheslabelled/Himesh/Jacket/001406.jpg,8,0.480454,0.498977,0.532466,0.755715
/kaggle/input/datasets/afqwe0/clotheslabelled/Himesh/Jacket/001406.jpg,8,0.480454,0.498977,0.532466,0.755715
/kaggle/input/datasets/afqwe0/clotheslabelled/Himesh/Jacket/001406.jpg,8,0.480454,0.498977,0.532466,0.755715
/kaggle/input/datasets/afqwe0/clotheslabelled/Himesh/Jacket/001406.jpg,8,0.480454,0.498977,0.532466,0.755715
/kaggle/input/datasets/afqwe0/clotheslabelled/Himesh/Jacket/001406.jpg,8,0.480454,0.498977,0.532466,0.755715
/kaggle/input/datasets/afqwe0/clotheslabelled/Himesh/Jacket/001406.jpg,8,0.480454,0.498977,0.532466,0.755715
/kaggle/input/datasets/afqwe0/clotheslabelled/Himesh/Jacket/001406.jpg,8,0.480454,0.498977,0.532466,0.755715
/kaggle/input/datasets/afqwe0/clotheslabelled/Himesh/Jacket/001406.jpg,8,0.480454,0.498977,0.532466,0.755715
/kaggle/input/datasets/afqwe0/clotheslabelled/Himesh/Jacket/001406.jpg,8,0.480454,0.498977,0.532466,0.755715
/kaggle/input/datasets/afqwe0/clotheslabelled/Himesh/Jacket/001406.jpg,8,0.480454,0.498977,0.532466,0.755715
/kaggle/input/datasets/afqwe0/clotheslabelled/Himesh/Jacket/001406.jpg,8,0.480454,0.498977,0.532466,0.755715
/kaggle/input/datasets/afqwe0/clotheslabelled/Himesh/Jacket/001406.jpg,8,0.480454,0.498977,0.532466,0.755715
/kaggle/input/datasets/afqwe0/clotheslabelled/Himesh/Jacket/001406.jpg,8,0.480454,0.498977,0.532466,0.755715
/kaggle/input/datasets/afqwe0/clotheslabelled/Himesh/Jacket/001406.jpg,8,0.480454,0.498977,0.532466,0.755715
/kaggle/input/datasets/afqwe0/clotheslabelled/Himesh/Jacket/001406.jpg,8,0.480454,0.498977,0.532466,0.755715
/kaggle/input/datasets/afqwe0/clotheslabelled/Himesh/Jacket/001406.jpg,8,0.480454,0.498977,0.532466,0.755715
/kaggle/input/datasets/afqwe0/clotheslabelled/Himesh/Jacket/001406.jpg,8,0.480454,0.498977,0.532466,0.755715
/kaggle/input/datasets/afqwe0/clotheslabelled/Himesh/Jacket/001406.jpg,8,0.480454,0.498977,0.532466,0.755715
/kaggle/input/datasets/afqwe0/clotheslabelled/Himesh/Jacket/001406.jpg,8,0.480454,0.498977,0.532466,0.755715
/kaggle/input/datasets/afqwe0/clotheslabelled/Himesh/Jacket/001406.jpg,8,0.480454,0.498977,0.532466,0.755715
/kaggle/input/datasets/afqwe0/clotheslabelled/Himesh/Jacket/001406.jpg,8,0.480454,0.498977,0.532466,0.755715
/kaggle/input/datasets/afqwe0/clotheslabelled/Himesh/Jacket/001406.jpg,8,0.480454,0.498977,0.532466,0.755715
/kaggle/input/datasets/afqwe0/clotheslabelled/Himesh/Jacket/001406.jpg,8,0.480454,0.498977,0.532466,0.755715
/kaggle/input/datasets/afqwe0/clotheslabelled/Himesh/Jacket/001406.jpg,8,0.480454,0.498977,0.532466,0.755715
/kaggle/input/datasets/afqwe0/clotheslabelled/Himesh/Jacket/001406.jpg,8,0.480454,0.498977,0.532466,0.755715
/kaggle/input/datasets/afqwe0/clotheslabelled/Himesh/Jacket/001406.jpg,8,0.480454,0.498977,0.532466,0.755715
/kaggle/input/datasets/afqwe0/clotheslabelled/Himesh/Jacket/001406.jpg,8,0.480454,0.498977,0.532466,0.755715
/kaggle/input/datasets/afqwe0/clotheslabelled/Himesh/Jacket/001406.jpg,8,0.480454,0.498977,0.532466,0.755715
/kaggle/input/datasets/afqwe0/clotheslabelled/Himesh/Jacket/001406.jpg,8,0.480454,0.498977,0.532466,0.755715
/kaggle/input/datasets/afqwe0/clotheslabelled/Himesh/Jacket/001406.jpg,8,0.480454,0.498977,0.532466,0.755715
/kaggle/input/datasets/afqwe0/clotheslabelled/Himesh/Jacket/001406.jpg,8,0.480454,0.498977,0.532466,0.755715
/kaggle/input/datasets/afqwe0/clotheslabelled/Himesh/Jacket/001406.jpg,8,0.480454,0.498977,0.532466,0.755715
/kaggle/input/datasets/afqwe0/clotheslabelled/Himesh/Jacket/001406.jpg,8,0.480454,0.498977,0.532466,0.755715
/kaggle/input/datasets/afqwe0/clotheslabelled/Himesh/Jacket/001406.jpg,8,0.480454,0.498977,0.532466,0.755715
/kaggle/input/datasets/afqwe0/clotheslabelled/Himesh/Jacket/001406.jpg,8,0.480454,0.498977,0.532466,0.755715
/kaggle/input/datasets/afqwe0/clotheslabelled/Himesh/Jacket/001406.jpg,8,0.480454,0.498977,0.532466,0.755715
/kaggle/input/datasets/afqwe0/clotheslabelled/Himesh/Jacket/001406.jpg,8,0.480454,0.498977,0.532466,0.755715
/kaggle/input/datasets/afqwe0/clotheslabelled/Himesh/Jacket/001406.jpg,8,0.480454,0.498977,0.532466,0.755715
/kaggle/input/datasets/afqwe0/clotheslabelled/Himesh/Jacket/001406.jpg,8,0.480454,0.498977,0.532466,0.755715
/kaggle/input/datasets/afqwe0/clotheslabelled/Himesh/Jacket/001406.jpg,8,0.480454,0.498977,0.532466,0.755715
/kaggle/input/datasets/afqwe0/clotheslabelled/Himesh/Jacket/001406.jpg,8,0.480454,0.498977,0.532466,0.755715
/kaggle/input/datasets/afqwe0/clotheslabelled/Himesh/Jacket/001406.jpg,8,0.480454,0.498977,0.532466,0.755715
/kaggle/input/datasets/afqwe0/clotheslabelled/Himesh/Jacket/001406.jpg,8,0.480454,0.498977,0.532466,0.755715
/kaggle/input/datasets/afqwe0/clotheslabelled/Himesh/Jacket/001406.jpg,8,0.480454,0.498977,0.532466,0.755715
/kaggle/input/datasets/afqwe0/clotheslabelled/Himesh/Jacket/001406.jpg,8,0.480454,0.498977,0.532466,0.755715
/kaggle/input/datasets/afqwe0/clotheslabelled/Himesh/Jacket/001406.jpg,8,0.480454,0.498977,0.532466,0.755715
/kaggle/input/datasets/afqwe0/clotheslabelled/Himesh/Jacket/001406.jpg,8,0.480454,0.498977,0.532466,0.755715
/kaggle/input/datasets/afqwe0/clotheslabelled/Himesh/Jacket/001406.jpg,8,0.480454,0.498977,0.532466,0.755715
/kaggle/input/datasets/afqwe0/clotheslabelled/Himesh/Jacket/001406.jpg,8,0.480454,0.498977,0.532466,0.755715
/kaggle/input/datasets/afqwe0/clotheslabelled/Himesh/Jacket/001406.jpg,8,0.480454,0.498977,0.532466,0.755715
/kaggle/input/datasets/afqwe0/clotheslabelled/Himesh/Jacket/001406.jpg,8,0.480454,0.498977,0.532466,0.755715
/kaggle/input/datasets/afqwe0/clotheslabelled/Himesh/Jacket/001406.jpg,8,0.480454,0.498977,0.532466,0.755715
/kaggle/input/datasets/afqwe0/clotheslabelled/Himesh/Jacket/001406.jpg,8,0.480454,0.498977,0.532466,0.755715
/kaggle/input/datasets/afqwe0/clotheslabelled/Himesh/Jacket/001406.jpg,8,0.480454,0.498977,0.532466,0.755715
/kaggle/input/datasets/afqwe0/clotheslabelled/Himesh/Jacket/001406.jpg,8,0.480454,0.498977,0.532466,0.755715
/kaggle/input/datasets/afqwe0/clotheslabelled/Himesh/Jacket/001406.jpg,8,0.480454,0.498977,0.532466,0.755715
/kaggle/input/datasets/afqwe0/clotheslabelled/Himesh/Jacket/001406.jpg,8,0.480454,0.498977,0.532466,0.755715
/kaggle/input/datasets/afqwe0/clotheslabelled/Himesh/Jacket/001406.jpg,8,0.480454,0.498977,0.532466,0.755715
/kaggle/input/datasets/afqwe0/clotheslabelled/Himesh/Jacket/001406.jpg,8,0.480454,0.498977,0.532466,0.755715
/kaggle/input/datasets/afqwe0/clotheslabelled/Himesh/Jacket/001406.jpg,8,0.480454,0.498977,0.532466,0.755715
/kaggle/input/datasets/afqwe0/clotheslabelled/Himesh/Jacket/001406.jpg,8,0.480454,0.498977,0.532466,0.755715
/kaggle/input/datasets/afqwe0/clotheslabelled/Himesh/Jacket/001406.jpg,8,0.480454,0.498977,0.532466,0.755715
/kaggle/input/datasets/afqwe0/clotheslabelled/Himesh/Jacket/001406.jpg,8,0.480454,0.498977,0.532466,0.755715
/kaggle/input/datasets/afqwe0/clotheslabelled/Himesh/Jacket/001406.jpg,8,0.480454,0.498977,0.532466,0.755715
/kaggle/input/datasets/afqwe0/clotheslabelled/Himesh/Jacket/001406.jpg,8,0.480454,0.498977,0.532466,0.755715
/kaggle/input/datasets/afqwe0/clotheslabelled/Himesh/Jacket/001406.jpg,8,0.480454,0.498977,0.532466,0.755715
/kaggle/input/datasets/afqwe0/clotheslabelled/Himesh/Jacket/001406.jpg,8,0.480454,0.498977,0.532466,0.755715
/kaggle/input/datasets/afqwe0/clotheslabelled/Himesh/Jacket/001406.jpg,8,0.480454,0.498977,0.532466,0.755715
/kaggle/input/datasets/afqwe0/clotheslabelled/Himesh/Jacket/001406.jpg,8,0.480454,0.498977,0.532466,0.755715
/kaggle/input/datasets/afqwe0/clotheslabelled/Himesh/Jacket/001406.jpg,8,0.480454,0.498977,0.532466,0.755715
/kaggle/input/datasets/afqwe0/clotheslabelled/Himesh/Jacket/001406.jpg,8,0.480454,0.498977,0.532466,0.755715
/kaggle/input/datasets/afqwe0/clotheslabelled/Himesh/Jacket/001406.jpg,8,0.480454,0.498977,0.532466,0.755715
/kaggle/input/datasets/afqwe0/clotheslabelled/Himesh/Jacket/001406.jpg,8,0.480454,0.498977,0.532466,0.755715
/kaggle/input/datasets/afqwe0/clotheslabelled/Himesh/Jacket/001406.jpg,8,0.480454,0.498977,0.532466,0.755715
/kaggle/input/datasets/afqwe0/clotheslabelled/Himesh/Jacket/001406.jpg,8,0.480454,0.498977,0.532466,0.755715
/kaggle/input/datasets/afqwe0/clotheslabelled/Himesh/Jacket/001406.jpg,8,0.480454,0.498977,0.532466,0.755715
/kaggle/input/datasets/afqwe0/clotheslabelled/Himesh/Jacket/001406.jpg,8,0.480454,0.498977,0.532466,0.755715
/kaggle/input/datasets/afqwe0/clotheslabelled/Himesh/Jacket/001406.jpg,8,0.480454,0.498977,0.532466,0.755715
/kaggle/input/datasets/afqwe0/clotheslabelled/Himesh/Jacket/001406.jpg,8,0.480454,0.498977,0.532466,0.755715
/kaggle/input/datasets/afqwe0/clotheslabelled/Himesh/Jacket/001406.jpg,8,0.480454,0.498977,0.532466,0.755715
/kaggle/input/datasets/afqwe0/clotheslabelled/Himesh/Jacket/001406.jpg,8,0.480454,0.498977,0.532466,0.755715
/kaggle/input/datasets/afqwe0/clotheslabelled/Himesh/Jacket/001406.jpg,8,0.480454,0.498977,0.532466,0.755715
/kaggle/input/datasets/afqwe0/clotheslabelled/Himesh/Jacket/001406.jpg,8,0.480454,0.498977,0.532466,0.755715
/kaggle/input/datasets/afqwe0/clotheslabelled/Himesh/Jacket/001406.jpg,8,0.480454,0.498977,0.532466,0.755715
/kaggle/input/datasets/afqwe0/clotheslabelled/Himesh/Jacket/001406.jpg,8,0.480454,0.498977,0.532466,0.755715
/kaggle/input/datasets/afqwe0/clotheslabelled/Himesh/Jacket/001406.jpg,8,0.480454,0.498977,0.532466,0.755715
/kaggle/input/datasets/afqwe0/clotheslabelled/Himesh/Jacket/001406.jpg,8,0.480454,0.498977,0.532466,0.755715
/kaggle/input/datasets/afqwe0/clotheslabelled/Himesh/Jacket/001406.jpg,8,0.480454,0.498977,0.532466,0.755715
/kaggle/input/datasets/afqwe0/clotheslabelled/Himesh/Jacket/001406.jpg,8,0.480454,0.498977,0.532466,0.755715
/kaggle/input/datasets/afqwe0/clotheslabelled/Himesh/Jacket/001406.jpg,8,0.480454,0.498977,0.532466,0.755715
/kaggle/input/datasets/afqwe0/clotheslabelled/Himesh/Jacket/001406.jpg,8,0.480454,0.498977,0.532466,0.755715
/kaggle/input/datasets/afqwe0/clotheslabelled/Himesh/Jacket/001406.jpg,8,0.480454,0.498977,0.532466,0.755715
/kaggle/input/datasets/afqwe0/clotheslabelled/Himesh/Jacket/001406.jpg,8,0.480454,0.498977,0.532466,0.755715
/kaggle/input/datasets/afqwe0/clotheslabelled/Himesh/Jacket/001406.jpg,8,0.480454,0.498977,0.532466,0.755715
/kaggle/input/datasets/afqwe0/clotheslabelled/Himesh/Jacket/001406.jpg,8,0.480454,0.498977,0.532466,0.755715
/kaggle/input/datasets/afqwe0/clotheslabelled/Himesh/Jacket/001406.jpg,8,0.480454,0.498977,0.532466,0.755715
/kaggle/input/datasets/afqwe0/clotheslabelled/Himesh/Jacket/001406.jpg,8,0.480454,0.498977,0.532466,0.755715
/kaggle/input/datasets/afqwe0/clotheslabelled/Himesh/Jacket/001406.jpg,8,0.480454,0.498977,0.532466,0.755715
/kaggle/input/datasets/afqwe0/clotheslabelled/Himesh/Jacket/001406.jpg,8,0.480454,0.498977,0.532466,0.755715
/kaggle/input/datasets/afqwe0/clotheslabelled/Himesh/Jacket/001406.jpg,8,0.480454,0.498977,0.532466,0.755715
/kaggle/input/datasets/afqwe0/clotheslabelled/Himesh/Jacket/001406.jpg,8,0.480454,0.498977,0.532466,0.755715
/kaggle/input/datasets/afqwe0/clotheslabelled/Himesh/Jacket/001406.jpg,8,0.480454,0.498977,0.532466,0.755715
/kaggle/input/datasets/afqwe0/clotheslabelled/Himesh/Jacket/001406.jpg,8,0.480454,0.498977,0.532466,0.755715
/kaggle/input/datasets/afqwe0/clotheslabelled/Himesh/Jacket/001406.jpg,8,0.480454,0.498977,0.532466,0.755715
/kaggle/input/datasets/afqwe0/clotheslabelled/Himesh/Jacket/001406.jpg,8,0.480454,0.498977,0.532466,0.755715
/kaggle/input/datasets/afqwe0/clotheslabelled/Himesh/Jacket/001406.jpg,8,0.480454,0.498977,0.532466,0.755715
/kaggle/input/datasets/afqwe0/clotheslabelled/Himesh/Jacket/001406.jpg,8,0.480454,0.498977,0.532466,0.755715
/kaggle/input/datasets/afqwe0/clotheslabelled/Himesh/Jacket/001406.jpg,8,0.480454,0.498977,0.532466,0.755715
/kaggle/input/datasets/afqwe0/clotheslabelled/Himesh/Jacket/001406.jpg,8,0.480454,0.498977,0.532466,0.755715
/kaggle/input/datasets/afqwe0/clotheslabelled/Himesh/Jacket/001406.jpg,8,0.480454,0.498977,0.532466,0.755715
/kaggle/input/datasets/afqwe0/clotheslabelled/Himesh/Jacket/001406.jpg,8,0.480454,0.498977,0.532466,0.755715
/kaggle/input/datasets/afqwe0/clotheslabelled/Himesh/Jacket/001406.jpg,8,0.480454,0.498977,0.532466,0.755715
/kaggle/input/datasets/afqwe0/clotheslabelled/Himesh/Jacket/001406.jpg,8,0.480454,0.498977,0.532466,0.755715
/kaggle/input/datasets/afqwe0/clotheslabelled/Himesh/Jacket/001406.jpg,8,0.480454,0.498977,0.532466,0.755715
/kaggle/input/datasets/afqwe0/clotheslabelled/Himesh/Jacket/001406.jpg,8,0.480454,0.498977,0.532466,0.755715
/kaggle/input/datasets/afqwe0/clotheslabelled/Himesh/Jacket/001406.jpg,8,0.480454,0.498977,0.532466,0.755715
/kaggle/input/datasets/afqwe0/clotheslabelled/Himesh/Jacket/001406.jpg,8,0.480454,0.498977,0.532466,0.755715
/kaggle/input/datasets/afqwe0/clotheslabelled/Himesh/Jacket/001406.jpg,8,0.480454,0.498977,0.532466,0.755715
/kaggle/input/datasets/afqwe0/clotheslabelled/Himesh/Jacket/001406.jpg,8,0.480454,0.498977,0.532466,0.755715
/kaggle/input/datasets/afqwe0/clotheslabelled/Himesh/Jacket/001406.jpg,8,0.480454,0.498977,0.532466,0.755715
/kaggle/input/datasets/afqwe0/clotheslabelled/Himesh/Jacket/001406.jpg,8,0.480454,0.498977,0.532466,0.755715
/kaggle/input/datasets/afqwe0/clotheslabelled/Himesh/Jacket/001406.jpg,8,0.480454,0.498977,0.532466,0.755715
/kaggle/input/datasets/afqwe0/clotheslabelled/Himesh/Jacket/001406.jpg,8,0.480454,0.498977,0.532466,0.755715
/kaggle/input/datasets/afqwe0/clotheslabelled/Himesh/Jacket/001406.jpg,8,0.480454,0.498977,0.532466,0.755715
/kaggle/input/datasets/afqwe0/clotheslabelled/Himesh/Jacket/001406.jpg,8,0.480454,0.498977,0.532466,0.755715
/kaggle/input/datasets/afqwe0/clotheslabelled/Himesh/Jacket/001406.jpg,8,0.480454,0.498977,0.532466,0.755715
/kaggle/input/datasets/afqwe0/clotheslabelled/Himesh/Jacket/001406.jpg,8,0.480454,0.498977,0.532466,0.755715
/kaggle/input/datasets/afqwe0/clotheslabelled/Himesh/Jacket/001406.jpg,8,0.480454,0.498977,0.532466,0.755715
/kaggle/input/datasets/afqwe0/clotheslabelled/Himesh/Jacket/001406.jpg,8,0.480454,0.498977,0.532466,0.755715
/kaggle/input/datasets/afqwe0/clotheslabelled/Himesh/Jacket/001406.jpg,8,0.480454,0.498977,0.532466,0.755715
/kaggle/input/datasets/afqwe0/clotheslabelled/Himesh/Jacket/001406.jpg,8,0.480454,0.498977,0.532466,0.755715
/kaggle/input/datasets/afqwe0/clotheslabelled/Himesh/Jacket/001406.jpg,8,0.480454,0.498977,0.532466,0.755715
/kaggle/input/datasets/afqwe0/clotheslabelled/Himesh/Jacket/001406.jpg,8,0.480454,0.498977,0.532466,0.755715
/kaggle/input/datasets/afqwe0/clotheslabelled/Himesh/Jacket/001406.jpg,8,0.480454,0.498977,0.532466,0.755715
/kaggle/input/datasets/afqwe0/clotheslabelled/Himesh/Jacket/001406.jpg,8,0.480454,0.498977,0.532466,0.755715
/kaggle/input/datasets/afqwe0/clotheslabelled/Himesh/Jacket/001406.jpg,8,0.480454,0.498977,0.532466,0.755715
/kaggle/input/datasets/afqwe0/clotheslabelled/Himesh/Jacket/001406.jpg,8,0.480454,0.498977,0.532466,0.755715
/kaggle/input/datasets/afqwe0/clotheslabelled/Himesh/Jacket/001406.jpg,8,0.480454,0.498977,0.532466,0.755715
/kaggle/input/datasets/afqwe0/clotheslabelled/Himesh/Jacket/001406.jpg,8,0.480454,0.498977,0.532466,0.755715
/kaggle/input/datasets/afqwe0/clotheslabelled/Himesh/Jacket/001406.jpg,8,0.480454,0.498977,0.532466,0.755715
/kaggle/input/datasets/afqwe0/clotheslabelled/Himesh/Jacket/001406.jpg,8,0.480454,0.498977,0.532466,0.755715
/kaggle/input/datasets/afqwe0/clotheslabelled/Himesh/Jacket/001406.jpg,8,0.480454,0.498977,0.532466,0.755715
/kaggle/input/datasets/afqwe0/clotheslabelled/Himesh/Jacket/001406.jpg,8,0.480454,0.498977,0.532466,0.755715
/kaggle/input/datasets/afqwe0/clotheslabelled/Himesh/Jacket/001406.jpg,8,0.480454,0.498977,0.532466,0.755715
/kaggle/input/datasets/afqwe0/clotheslabelled/Himesh/Jacket/001406.jpg,8,0.480454,0.498977,0.532466,0.755715
/kaggle/input/datasets/afqwe0/clotheslabelled/Himesh/Jacket/001406.jpg,8,0.480454,0.498977,0.532466,0.755715
/kaggle/input/datasets/afqwe0/clotheslabelled/Himesh/Jacket/001406.jpg,8,0.480454,0.498977,0.532466,0.755715
/kaggle/input/datasets/afqwe0/clotheslabelled/Himesh/Jacket/001406.jpg,8,0.480454,0.498977,0.532466,0.755715
/kaggle/input/datasets/afqwe0/clotheslabelled/Himesh/Jacket/001406.jpg,8,0.480454,0.498977,0.532466,0.755715
/kaggle/input/datasets/afqwe0/clotheslabelled/Himesh/Jacket/001406.jpg,8,0.480454,0.498977,0.532466,0.755715
/kaggle/input/datasets/afqwe0/clotheslabelled/Himesh/Jacket/001406.jpg,8,0.480454,0.498977,0.532466,0.755715
/kaggle/input/datasets/afqwe0/clotheslabelled/Himesh/Jacket/001406.jpg,8,0.480454,0.498977,0.532466,0.755715
/kaggle/input/datasets/afqwe0/clotheslabelled/Himesh/Jacket/001406.jpg,8,0.480454,0.498977,0.532466,0.755715
/kaggle/input/datasets/afqwe0/clotheslabelled/Himesh/Jacket/001406.jpg,8,0.480454,0.498977,0.532466,0.755715
/kaggle/input/datasets/afqwe0/clotheslabelled/Himesh/Jacket/001406.jpg,8,0.480454,0.498977,0.532466,0.755715
/kaggle/input/datasets/afqwe0/clotheslabelled/Himesh/Jacket/001406.jpg,8,0.480454,0.498977,0.532466,0.755715
/kaggle/input/datasets/afqwe0/clotheslabelled/Himesh/Jacket/001406.jpg,8,0.480454,0.498977,0.532466,0.755715
/kaggle/input/datasets/afqwe0/clotheslabelled/Himesh/Jacket/001406.jpg,8,0.480454,0.498977,0.532466,0.755715
/kaggle/input/datasets/afqwe0/clotheslabelled/Himesh/Jacket/001406.jpg,8,0.480454,0.498977,0.532466,0.755715
/kaggle/input/datasets/afqwe0/clotheslabelled/Himesh/Jacket/001406.jpg,8,0.480454,0.498977,0.532466,0.755715
/kaggle/input/datasets/afqwe0/clotheslabelled/Himesh/Jacket/001406.jpg,8,0.480454,0.498977,0.532466,0.755715
/kaggle/input/datasets/afqwe0/clotheslabelled/Himesh/Jacket/001406.jpg,8,0.480454,0.498977,0.532466,0.755715
/kaggle/input/datasets/afqwe0/clotheslabelled/Himesh/Jacket/001406.jpg,8,0.480454,0.498977,0.532466,0.755715
/kaggle/input/datasets/afqwe0/clotheslabelled/Himesh/Jacket/001406.jpg,8,0.480454,0.498977,0.532466,0.755715
/kaggle/input/datasets/afqwe0/clotheslabelled/Himesh/Jacket/001406.jpg,8,0.480454,0.498977,0.532466,0.755715
/kaggle/input/datasets/afqwe0/clotheslabelled/Himesh/Jacket/001406.jpg,8,0.480454,0.498977,0.532466,0.755715
/kaggle/input/datasets/afqwe0/clotheslabelled/Himesh/Jacket/001406.jpg,8,0.480454,0.498977,0.532466,0.755715
/kaggle/input/datasets/afqwe0/clotheslabelled/Himesh/Jacket/001406.jpg,8,0.480454,0.498977,0.532466,0.755715
/kaggle/input/datasets/afqwe0/clotheslabelled/Himesh/Jacket/001406.jpg,8,0.480454,0.498977,0.532466,0.755715
/kaggle/input/datasets/afqwe0/clotheslabelled/Himesh/Jacket/001406.jpg,8,0.480454,0.498977,0.532466,0.755715
/kaggle/input/datasets/afqwe0/clotheslabelled/Himesh/Jacket/001406.jpg,8,0.480454,0.498977,0.532466,0.755715
/kaggle/input/datasets/afqwe0/clotheslabelled/Himesh/Jacket/001406.jpg,8,0.480454,0.498977,0.532466,0.755715
/kaggle/input/datasets/afqwe0/clotheslabelled/Himesh/Jacket/001406.jpg,8,0.480454,0.498977,0.532466,0.755715
/kaggle/input/datasets/afqwe0/clotheslabelled/Himesh/Jacket/001406.jpg,8,0.480454,0.498977,0.532466,0.755715
/kaggle/input/datasets/afqwe0/clotheslabelled/Himesh/Jacket/001406.jpg,8,0.480454,0.498977,0.532466,0.755715
/kaggle/input/datasets/afqwe0/clotheslabelled/Himesh/Jacket/001406.jpg,8,0.480454,0.498977,0.532466,0.755715
/kaggle/input/datasets/afqwe0/clotheslabelled/Himesh/Jacket/001406.jpg,8,0.480454,0.498977,0.532466,0.755715
/kaggle/input/datasets/afqwe0/clotheslabelled/Himesh/Jacket/001406.jpg,8,0.480454,0.498977,0.532466,0.755715
/kaggle/input/datasets/afqwe0/clotheslabelled/Himesh/Jacket/001406.jpg,8,0.480454,0.498977,0.532466,0.755715
/kaggle/input/datasets/afqwe0/clotheslabelled/Himesh/Jacket/001406.jpg,8,0.480454,0.498977,0.532466,0.755715
/kaggle/input/datasets/afqwe0/clotheslabelled/Himesh/Jacket/001406.jpg,8,0.480454,0.498977,0.532466,0.755715
/kaggle/input/datasets/afqwe0/clotheslabelled/Himesh/Jacket/001406.jpg,8,0.480454,0.498977,0.532466,0.755715
/kaggle/input/datasets/afqwe0/clotheslabelled/Himesh/Jacket/001406.jpg,8,0.480454,0.498977,0.532466,0.755715
/kaggle/input/datasets/afqwe0/clotheslabelled/Himesh/Jacket/001406.jpg,8,0.480454,0.498977,0.532466,0.755715
/kaggle/input/datasets/afqwe0/clotheslabelled/Himesh/Jacket/001406.jpg,8,0.480454,0.498977,0.532466,0.755715
/kaggle/input/datasets/afqwe0/clotheslabelled/Himesh/Jacket/001406.jpg,8,0.480454,0.498977,0.532466,0.755715
/kaggle/input/datasets/afqwe0/clotheslabelled/Himesh/Jacket/001406.jpg,8,0.480454,0.498977,0.532466,0.755715
/kaggle/input/datasets/afqwe0/clotheslabelled/Himesh/Jacket/001406.jpg,8,0.480454,0.498977,0.532466,0.755715
/kaggle/input/datasets/afqwe0/clotheslabelled/Himesh/Jacket/001406.jpg,8,0.480454,0.498977,0.532466,0.755715
/kaggle/input/datasets/afqwe0/clotheslabelled/Himesh/Jacket/001406.jpg,8,0.480454,0.498977,0.532466,0.755715
/kaggle/input/datasets/afqwe0/clotheslabelled/Himesh/Jacket/001406.jpg,8,0.480454,0.498977,0.532466,0.755715
/kaggle/input/datasets/afqwe0/clotheslabelled/Himesh/Jacket/001406.jpg,8,0.480454,0.498977,0.532466,0.755715
/kaggle/input/datasets/afqwe0/clotheslabelled/Himesh/Jacket/001406.jpg,8,0.480454,0.498977,0.532466,0.755715
/kaggle/input/datasets/afqwe0/clotheslabelled/Himesh/Jacket/001406.jpg,8,0.480454,0.498977,0.532466,0.755715
/kaggle/input/datasets/afqwe0/clotheslabelled/Himesh/Jacket/001406.jpg,8,0.480454,0.498977,0.532466,0.755715
/kaggle/input/datasets/afqwe0/clotheslabelled/Himesh/Jacket/001406.jpg,8,0.480454,0.498977,0.532466,0.755715
/kaggle/input/datasets/afqwe0/clotheslabelled/Himesh/Jacket/001406.jpg,8,0.480454,0.498977,0.532466,0.755715
/kaggle/input/datasets/afqwe0/clotheslabelled/Himesh/Jacket/001406.jpg,8,0.480454,0.498977,0.532466,0.755715
/kaggle/input/datasets/afqwe0/clotheslabelled/Himesh/Jacket/001406.jpg,8,0.480454,0.498977,0.532466,0.755715
/kaggle/input/datasets/afqwe0/clotheslabelled/Himesh/Jacket/001406.jpg,8,0.480454,0.498977,0.532466,0.755715
/kaggle/input/datasets/afqwe0/clotheslabelled/Himesh/Jacket/001406.jpg,8,0.480454,0.498977,0.532466,0.755715
/kaggle/input/datasets/afqwe0/clotheslabelled/Himesh/Jacket/001406.jpg,8,0.480454,0.498977,0.532466,0.755715
/kaggle/input/datasets/afqwe0/clotheslabelled/Himesh/Jacket/001406.jpg,8,0.480454,0.498977,0.532466,0.755715
/kaggle/input/datasets/afqwe0/clotheslabelled/Himesh/Jacket/001406.jpg,8,0.480454,0.498977,0.532466,0.755715
/kaggle/input/datasets/afqwe0/clotheslabelled/Himesh/Jacket/001406.jpg,8,0.480454,0.498977,0.532466,0.755715
/kaggle/input/datasets/afqwe0/clotheslabelled/Himesh/Jacket/001406.jpg,8,0.480454,0.498977,0.532466,0.755715
/kaggle/input/datasets/afqwe0/clotheslabelled/Himesh/Jacket/001406.jpg,8,0.480454,0.498977,0.532466,0.755715
/kaggle/input/datasets/afqwe0/clotheslabelled/Himesh/Jacket/001406.jpg,8,0.480454,0.498977,0.532466,0.755715
/kaggle/input/datasets/afqwe0/clotheslabelled/Himesh/Jacket/001406.jpg,8,0.480454,0.498977,0.532466,0.755715
/kaggle/input/datasets/afqwe0/clotheslabelled/Himesh/Jacket/001406.jpg,8,0.480454,0.498977,0.532466,0.755715
/kaggle/input/datasets/afqwe0/clotheslabelled/Himesh/Jacket/001406.jpg,8,0.480454,0.498977,0.532466,0.755715
/kaggle/input/datasets/afqwe0/clotheslabelled/Himesh/Jacket/001406.jpg,8,0.480454,0.498977,0.532466,0.755715
/kaggle/input/datasets/afqwe0/clotheslabelled/Himesh/Jacket/001406.jpg,8,0.480454,0.498977,0.532466,0.755715
/kaggle/input/datasets/afqwe0/clotheslabelled/Himesh/Jacket/001406.jpg,8,0.480454,0.498977,0.532466,0.755715
/kaggle/input/datasets/afqwe0/clotheslabelled/Himesh/Jacket/001406.jpg,8,0.480454,0.498977,0.532466,0.755715
/kaggle/input/datasets/afqwe0/clotheslabelled/Himesh/Jacket/001406.jpg,8,0.480454,0.498977,0.532466,0.755715
/kaggle/input/datasets/afqwe0/clotheslabelled/Himesh/Jacket/001406.jpg,8,0.480454,0.498977,0.532466,0.755715
/kaggle/input/datasets/afqwe0/clotheslabelled/Himesh/Jacket/001406.jpg,8,0.480454,0.498977,0.532466,0.755715
/kaggle/input/datasets/afqwe0/clotheslabelled/Himesh/Jacket/001406.jpg,8,0.480454,0.498977,0.532466,0.755715
/kaggle/input/datasets/afqwe0/clotheslabelled/Himesh/Jacket/001406.jpg,8,0.480454,0.498977,0.532466,0.755715
/kaggle/input/datasets/afqwe0/clotheslabelled/Himesh/Jacket/001406.jpg,8,0.480454,0.498977,0.532466,0.755715
/kaggle/input/datasets/afqwe0/clotheslabelled/Himesh/Jacket/001406.jpg,8,0.480454,0.498977,0.532466,0.755715
/kaggle/input/datasets/afqwe0/clotheslabelled/Himesh/Jacket/001406.jpg,8,0.480454,0.498977,0.532466,0.755715
/kaggle/input/datasets/afqwe0/clotheslabelled/Himesh/Jacket/001406.jpg,8,0.480454,0.498977,0.532466,0.755715
/kaggle/input/datasets/afqwe0/clotheslabelled/Himesh/Jacket/001406.jpg,8,0.480454,0.498977,0.532466,0.755715
/kaggle/input/datasets/afqwe0/clotheslabelled/Himesh/Jacket/001406.jpg,8,0.480454,0.498977,0.532466,0.755715
/kaggle/input/datasets/afqwe0/clotheslabelled/Himesh/Jacket/001406.jpg,8,0.480454,0.498977,0.532466,0.755715
/kaggle/input/datasets/afqwe0/clotheslabelled/Himesh/Jacket/001406.jpg,8,0.480454,0.498977,0.532466,0.755715
/kaggle/input/datasets/afqwe0/clotheslabelled/Himesh/Jacket/001406.jpg,8,0.480454,0.498977,0.532466,0.755715
/kaggle/input/datasets/afqwe0/clotheslabelled/Himesh/Jacket/001406.jpg,8,0.480454,0.498977,0.532466,0.755715
/kaggle/input/datasets/afqwe0/clotheslabelled/Himesh/Jacket/001406.jpg,8,0.480454,0.498977,0.532466,0.755715
/kaggle/input/datasets/afqwe0/clotheslabelled/Himesh/Jacket/001406.jpg,8,0.480454,0.498977,0.532466,0.755715
/kaggle/input/datasets/afqwe0/clotheslabelled/Himesh/Jacket/001406.jpg,8,0.480454,0.498977,0.532466,0.755715
/kaggle/input/datasets/afqwe0/clotheslabelled/Himesh/Jacket/001406.jpg,8,0.480454,0.498977,0.532466,0.755715
/kaggle/input/datasets/afqwe0/clotheslabelled/Himesh/Jacket/001406.jpg,8,0.480454,0.498977,0.532466,0.755715
/kaggle/input/datasets/afqwe0/clotheslabelled/Himesh/Jacket/001406.jpg,8,0.480454,0.498977,0.532466,0.755715
/kaggle/input/datasets/afqwe0/clotheslabelled/Himesh/Jacket/001406.jpg,8,0.480454,0.498977,0.532466,0.755715
/kaggle/input/datasets/afqwe0/clotheslabelled/Himesh/Jacket/001406.jpg,8,0.480454,0.498977,0.532466,0.755715
/kaggle/input/datasets/afqwe0/clotheslabelled/Himesh/Jacket/001406.jpg,8,0.480454,0.498977,0.532466,0.755715
/kaggle/input/datasets/afqwe0/clotheslabelled/Himesh/Jacket/001406.jpg,8,0.480454,0.498977,0.532466,0.755715
/kaggle/input/datasets/afqwe0/clotheslabelled/Himesh/Jacket/001406.jpg,8,0.480454,0.498977,0.532466,0.755715
/kaggle/input/datasets/afqwe0/clotheslabelled/Himesh/Jacket/001406.jpg,8,0.480454,0.498977,0.532466,0.755715
/kaggle/input/datasets/afqwe0/clotheslabelled/Himesh/Jacket/001406.jpg,8,0.480454,0.498977,0.532466,0.755715
/kaggle/input/datasets/afqwe0/clotheslabelled/Himesh/Jacket/001406.jpg,8,0.480454,0.498977,0.532466,0.755715
/kaggle/input/datasets/afqwe0/clotheslabelled/Himesh/Jacket/001406.jpg,8,0.480454,0.498977,0.532466,0.755715
/kaggle/input/datasets/afqwe0/clotheslabelled/Himesh/Jacket/001406.jpg,8,0.480454,0.498977,0.532466,0.755715
/kaggle/input/datasets/afqwe0/clotheslabelled/Himesh/Jacket/001406.jpg,8,0.480454,0.498977,0.532466,0.755715
/kaggle/input/datasets/afqwe0/clotheslabelled/Himesh/Jacket/001406.jpg,8,0.480454,0.498977,0.532466,0.755715
/kaggle/input/datasets/afqwe0/clotheslabelled/Himesh/Jacket/001406.jpg,8,0.480454,0.498977,0.532466,0.755715
/kaggle/input/datasets/afqwe0/clotheslabelled/Himesh/Jacket/001406.jpg,8,0.480454,0.498977,0.532466,0.755715
/kaggle/input/datasets/afqwe0/clotheslabelled/Himesh/Jacket/001406.jpg,8,0.480454,0.498977,0.532466,0.755715
/kaggle/input/datasets/afqwe0/clotheslabelled/Himesh/Jacket/001406.jpg,8,0.480454,0.498977,0.532466,0.755715
/kaggle/input/datasets/afqwe0/clotheslabelled/Himesh/Jacket/001406.jpg,8,0.480454,0.498977,0.532466,0.755715
/kaggle/input/datasets/afqwe0/clotheslabelled/Himesh/Jacket/001406.jpg,8,0.480454,0.498977,0.532466,0.755715
/kaggle/input/datasets/afqwe0/clotheslabelled/Himesh/Jacket/001406.jpg,8,0.480454,0.498977,0.532466,0.755715
/kaggle/input/datasets/afqwe0/clotheslabelled/Himesh/Jacket/001406.jpg,8,0.480454,0.498977,0.532466,0.755715
/kaggle/input/datasets/afqwe0/clotheslabelled/Himesh/Jacket/001406.jpg,8,0.480454,0.498977,0.532466,0.755715
/kaggle/input/datasets/afqwe0/clotheslabelled/Himesh/Jacket/001406.jpg,8,0.480454,0.498977,0.532466,0.755715
/kaggle/input/datasets/afqwe0/clotheslabelled/Himesh/Jacket/001406.jpg,8,0.480454,0.498977,0.532466,0.755715
/kaggle/input/datasets/afqwe0/clotheslabelled/Himesh/Jacket/001406.jpg,8,0.480454,0.498977,0.532466,0.755715
/kaggle/input/datasets/afqwe0/clotheslabelled/Himesh/Jacket/001406.jpg,8,0.480454,0.498977,0.532466,0.755715
/kaggle/input/datasets/afqwe0/clotheslabelled/Himesh/Jacket/001406.jpg,8,0.480454,0.498977,0.532466,0.755715
/kaggle/input/datasets/afqwe0/clotheslabelled/Himesh/Jacket/001406.jpg,8,0.480454,0.498977,0.532466,0.755715
/kaggle/input/datasets/afqwe0/clotheslabelled/Himesh/Jacket/001406.jpg,8,0.480454,0.498977,0.532466,0.755715
/kaggle/input/datasets/afqwe0/clotheslabelled/Himesh/Jacket/001406.jpg,8,0.480454,0.498977,0.532466,0.755715
/kaggle/input/datasets/afqwe0/clotheslabelled/Himesh/Jacket/001406.jpg,8,0.480454,0.498977,0.532466,0.755715
/kaggle/input/datasets/afqwe0/clotheslabelled/Himesh/Jacket/001406.jpg,8,0.480454,0.498977,0.532466,0.755715
/kaggle/input/datasets/afqwe0/clotheslabelled/Himesh/Jacket/001406.jpg,8,0.480454,0.498977,0.532466,0.755715
/kaggle/input/datasets/afqwe0/clotheslabelled/Himesh/Jacket/001406.jpg,8,0.480454,0.498977,0.532466,0.755715
/kaggle/input/datasets/afqwe0/clotheslabelled/Himesh/Jacket/001406.jpg,8,0.480454,0.498977,0.532466,0.755715
/kaggle/input/datasets/afqwe0/clotheslabelled/Himesh/Jacket/001406.jpg,8,0.480454,0.498977,0.532466,0.755715
/kaggle/input/datasets/afqwe0/clotheslabelled/Himesh/Jacket/001406.jpg,8,0.480454,0.498977,0.532466,0.755715
/kaggle/input/datasets/afqwe0/clotheslabelled/Himesh/Jacket/001406.jpg,8,0.480454,0.498977,0.532466,0.755715
/kaggle/input/datasets/afqwe0/clotheslabelled/Himesh/Jacket/001406.jpg,8,0.480454,0.498977,0.532466,0.755715
/kaggle/input/datasets/afqwe0/clotheslabelled/Himesh/Jacket/001406.jpg,8,0.480454,0.498977,0.532466,0.755715
/kaggle/input/datasets/afqwe0/clotheslabelled/Himesh/Jacket/001406.jpg,8,0.480454,0.498977,0.532466,0.755715
/kaggle/input/datasets/afqwe0/clotheslabelled/Himesh/Jacket/001406.jpg,8,0.480454,0.498977,0.532466,0.755715
/kaggle/input/datasets/afqwe0/clotheslabelled/Himesh/Jacket/001406.jpg,8,0.480454,0.498977,0.532466,0.755715
/kaggle/input/datasets/afqwe0/clotheslabelled/Himesh/Jacket/001406.jpg,8,0.480454,0.498977,0.532466,0.755715
/kaggle/input/datasets/afqwe0/clotheslabelled/Himesh/Jacket/001406.jpg,8,0.480454,0.498977,0.532466,0.755715
/kaggle/input/datasets/afqwe0/clotheslabelled/Himesh/Jacket/001406.jpg,8,0.480454,0.498977,0.532466,0.755715
/kaggle/input/datasets/afqwe0/clotheslabelled/Himesh/Jacket/001406.jpg,8,0.480454,0.498977,0.532466,0.755715
/kaggle/input/datasets/afqwe0/clotheslabelled/Himesh/Jacket/001406.jpg,8,0.480454,0.498977,0.532466,0.755715
/kaggle/input/datasets/afqwe0/clotheslabelled/Himesh/Jacket/001406.jpg,8,0.480454,0.498977,0.532466,0.755715
/kaggle/input/datasets/afqwe0/clotheslabelled/Himesh/Jacket/001406.jpg,8,0.480454,0.498977,0.532466,0.755715
/kaggle/input/datasets/afqwe0/clotheslabelled/Himesh/Jacket/001406.jpg,8,0.480454,0.498977,0.532466,0.755715
/kaggle/input/datasets/afqwe0/clotheslabelled/Himesh/Jacket/001406.jpg,8,0.480454,0.498977,0.532466,0.755715
/kaggle/input/datasets/afqwe0/clotheslabelled/Himesh/Jacket/001406.jpg,8,0.480454,0.498977,0.532466,0.755715
/kaggle/input/datasets/afqwe0/clotheslabelled/Himesh/Jacket/001406.jpg,8,0.480454,0.498977,0.532466,0.755715
/kaggle/input/datasets/afqwe0/clotheslabelled/Himesh/Jacket/001406.jpg,8,0.480454,0.498977,0.532466,0.755715
/kaggle/input/datasets/afqwe0/clotheslabelled/Himesh/Jacket/001406.jpg,8,0.480454,0.498977,0.532466,0.755715
/kaggle/input/datasets/afqwe0/clotheslabelled/Himesh/Jacket/001406.jpg,8,0.480454,0.498977,0.532466,0.755715
/kaggle/input/datasets/afqwe0/clotheslabelled/Himesh/Jacket/001406.jpg,8,0.480454,0.498977,0.532466,0.755715
/kaggle/input/datasets/afqwe0/clotheslabelled/Himesh/Jacket/001406.jpg,8,0.480454,0.498977,0.532466,0.755715
/kaggle/input/datasets/afqwe0/clotheslabelled/Himesh/Jacket/001406.jpg,8,0.480454,0.498977,0.532466,0.755715
/kaggle/input/datasets/afqwe0/clotheslabelled/Himesh/Jacket/001406.jpg,8,0.480454,0.498977,0.532466,0.755715
/kaggle/input/datasets/afqwe0/clotheslabelled/Himesh/Jacket/001406.jpg,8,0.480454,0.498977,0.532466,0.755715
/kaggle/input/datasets/afqwe0/clotheslabelled/Himesh/Jacket/001406.jpg,8,0.480454,0.498977,0.532466,0.755715
/kaggle/input/datasets/afqwe0/clotheslabelled/Himesh/Jacket/001406.jpg,8,0.480454,0.498977,0.532466,0.755715
/kaggle/input/datasets/afqwe0/clotheslabelled/Himesh/Jacket/001406.jpg,8,0.480454,0.498977,0.532466,0.755715
/kaggle/input/datasets/afqwe0/clotheslabelled/Himesh/Jacket/001406.jpg,8,0.480454,0.498977,0.532466,0.755715
/kaggle/input/datasets/afqwe0/clotheslabelled/Himesh/Jacket/001406.jpg,8,0.480454,0.498977,0.532466,0.755715
/kaggle/input/datasets/afqwe0/clotheslabelled/Himesh/Jacket/001406.jpg,8,0.480454,0.498977,0.532466,0.755715
/kaggle/input/datasets/afqwe0/clotheslabelled/Himesh/Jacket/001406.jpg,8,0.480454,0.498977,0.532466,0.755715
/kaggle/input/datasets/afqwe0/clotheslabelled/Himesh/Jacket/001406.jpg,8,0.480454,0.498977,0.532466,0.755715
/kaggle/input/datasets/afqwe0/clotheslabelled/Himesh/Jacket/001406.jpg,8,0.480454,0.498977,0.532466,0.755715
/kaggle/input/datasets/afqwe0/clotheslabelled/Himesh/Jacket/001406.jpg,8,0.480454,0.498977,0.532466,0.755715
/kaggle/input/datasets/afqwe0/clotheslabelled/Himesh/Jacket/001406.jpg,8,0.480454,0.498977,0.532466,0.755715
/kaggle/input/datasets/afqwe0/clotheslabelled/Himesh/Jacket/001406.jpg,8,0.480454,0.498977,0.532466,0.755715
/kaggle/input/datasets/afqwe0/clotheslabelled/Himesh/Jacket/001406.jpg,8,0.480454,0.498977,0.532466,0.755715
/kaggle/input/datasets/afqwe0/clotheslabelled/Himesh/Jacket/001406.jpg,8,0.480454,0.498977,0.532466,0.755715
/kaggle/input/datasets/afqwe0/clotheslabelled/Himesh/Jacket/001406.jpg,8,0.480454,0.498977,0.532466,0.755715
/kaggle/input/datasets/afqwe0/clotheslabelled/Himesh/Jacket/001406.jpg,8,0.480454,0.498977,0.532466,0.755715
/kaggle/input/datasets/afqwe0/clotheslabelled/Himesh/Jacket/001406.jpg,8,0.480454,0.498977,0.532466,0.755715
/kaggle/input/datasets/afqwe0/clotheslabelled/Himesh/Jacket/001406.jpg,8,0.480454,0.498977,0.532466,0.755715
/kaggle/input/datasets/afqwe0/clotheslabelled/Himesh/Jacket/001406.jpg,8,0.480454,0.498977,0.532466,0.755715
/kaggle/input/datasets/afqwe0/clotheslabelled/Himesh/Jacket/001406.jpg,8,0.480454,0.498977,0.532466,0.755715
/kaggle/input/datasets/afqwe0/clotheslabelled/Himesh/Jacket/001406.jpg,8,0.480454,0.498977,0.532466,0.755715
/kaggle/input/datasets/afqwe0/clotheslabelled/Himesh/Jacket/001406.jpg,8,0.480454,0.498977,0.532466,0.755715
/kaggle/input/datasets/afqwe0/clotheslabelled/Himesh/Jacket/001406.jpg,8,0.480454,0.498977,0.532466,0.755715
/kaggle/input/datasets/afqwe0/clotheslabelled/Himesh/Jacket/001406.jpg,8,0.480454,0.498977,0.532466,0.755715
/kaggle/input/datasets/afqwe0/clotheslabelled/Himesh/Jacket/001406.jpg,8,0.480454,0.498977,0.532466,0.755715
/kaggle/input/datasets/afqwe0/clotheslabelled/Himesh/Jacket/001406.jpg,8,0.480454,0.498977,0.532466,0.755715
/kaggle/input/datasets/afqwe0/clotheslabelled/Himesh/Jacket/001406.jpg,8,0.480454,0.498977,0.532466,0.755715
/kaggle/input/datasets/afqwe0/clotheslabelled/Himesh/Jacket/001406.jpg,8,0.480454,0.498977,0.532466,0.755715
/kaggle/input/datasets/afqwe0/clotheslabelled/Himesh/Jacket/001406.jpg,8,0.480454,0.498977,0.532466,0.755715
/kaggle/input/datasets/afqwe0/clotheslabelled/Himesh/Jacket/001406.jpg,8,0.480454,0.498977,0.532466,0.755715
/kaggle/input/datasets/afqwe0/clotheslabelled/Himesh/Jacket/001406.jpg,8,0.480454,0.498977,0.532466,0.755715
/kaggle/input/datasets/afqwe0/clotheslabelled/Himesh/Jacket/001406.jpg,8,0.480454,0.498977,0.532466,0.755715
/kaggle/input/datasets/afqwe0/clotheslabelled/Himesh/Jacket/001406.jpg,8,0.480454,0.498977,0.532466,0.755715
/kaggle/input/datasets/afqwe0/clotheslabelled/Himesh/Jacket/001406.jpg,8,0.480454,0.498977,0.532466,0.755715
/kaggle/input/datasets/afqwe0/clotheslabelled/Himesh/Jacket/001406.jpg,8,0.480454,0.498977,0.532466,0.755715
/kaggle/input/datasets/afqwe0/clotheslabelled/Himesh/Jacket/001406.jpg,8,0.480454,0.498977,0.532466,0.755715
/kaggle/input/datasets/afqwe0/clotheslabelled/Himesh/Jacket/001406.jpg,8,0.480454,0.498977,0.532466,0.755715
/kaggle/input/datasets/afqwe0/clotheslabelled/Himesh/Jacket/001406.jpg,8,0.480454,0.498977,0.532466,0.755715
/kaggle/input/datasets/afqwe0/clotheslabelled/Himesh/Jacket/001406.jpg,8,0.480454,0.498977,0.532466,0.755715
/kaggle/input/datasets/afqwe0/clotheslabelled/Himesh/Jacket/001406.jpg,8,0.480454,0.498977,0.532466,0.755715
/kaggle/input/datasets/afqwe0/clotheslabelled/Himesh/Jacket/001406.jpg,8,0.480454,0.498977,0.532466,0.755715
/kaggle/input/datasets/afqwe0/clotheslabelled/Himesh/Jacket/001406.jpg,8,0.480454,0.498977,0.532466,0.755715
/kaggle/input/datasets/afqwe0/clotheslabelled/Himesh/Jacket/001406.jpg,8,0.480454,0.498977,0.532466,0.755715
/kaggle/input/datasets/afqwe0/clotheslabelled/Himesh/Jacket/001406.jpg,8,0.480454,0.498977,0.532466,0.755715
/kaggle/input/datasets/afqwe0/clotheslabelled/Himesh/Jacket/001406.jpg,8,0.480454,0.498977,0.532466,0.755715
/kaggle/input/datasets/afqwe0/clotheslabelled/Himesh/Jacket/001406.jpg,8,0.480454,0.498977,0.532466,0.755715
/kaggle/input/datasets/afqwe0/clotheslabelled/Himesh/Jacket/001406.jpg,8,0.480454,0.498977,0.532466,0.755715
/kaggle/input/datasets/afqwe0/clotheslabelled/Himesh/Jacket/001406.jpg,8,0.480454,0.498977,0.532466,0.755715
/kaggle/input/datasets/afqwe0/clotheslabelled/Himesh/Jacket/001406.jpg,8,0.480454,0.498977,0.532466,0.755715
/kaggle/input/datasets/afqwe0/clotheslabelled/Himesh/Jacket/001406.jpg,8,0.480454,0.498977,0.532466,0.755715
/kaggle/input/datasets/afqwe0/clotheslabelled/Himesh/Jacket/001406.jpg,8,0.480454,0.498977,0.532466,0.755715
/kaggle/input/datasets/afqwe0/clotheslabelled/Himesh/Jacket/001406.jpg,8,0.480454,0.498977,0.532466,0.755715
/kaggle/input/datasets/afqwe0/clotheslabelled/Himesh/Jacket/001406.jpg,8,0.480454,0.498977,0.532466,0.755715
/kaggle/input/datasets/afqwe0/clotheslabelled/Himesh/Jacket/001406.jpg,8,0.480454,0.498977,0.532466,0.755715
/kaggle/input/datasets/afqwe0/clotheslabelled/Himesh/Jacket/001406.jpg,8,0.480454,0.498977,0.532466,0.755715
/kaggle/input/datasets/afqwe0/clotheslabelled/Himesh/Jacket/001406.jpg,8,0.480454,0.498977,0.532466,0.755715
/kaggle/input/datasets/afqwe0/clotheslabelled/Himesh/Jacket/001406.jpg,8,0.480454,0.498977,0.532466,0.755715
/kaggle/input/datasets/afqwe0/clotheslabelled/Himesh/Jacket/001406.jpg,8,0.480454,0.498977,0.532466,0.755715
/kaggle/input/datasets/afqwe0/clotheslabelled/Himesh/Jacket/001406.jpg,8,0.480454,0.498977,0.532466,0.755715
/kaggle/input/datasets/afqwe0/clotheslabelled/Himesh/Jacket/001406.jpg,8,0.480454,0.498977,0.532466,0.755715
/kaggle/input/datasets/afqwe0/clotheslabelled/Himesh/Jacket/001406.jpg,8,0.480454,0.498977,0.532466,0.755715
/kaggle/input/datasets/afqwe0/clotheslabelled/Himesh/Jacket/001406.jpg,8,0.480454,0.498977,0.532466,0.755715
/kaggle/input/datasets/afqwe0/clotheslabelled/Himesh/Jacket/001406.jpg,8,0.480454,0.498977,0.532466,0.755715
/kaggle/input/datasets/afqwe0/clotheslabelled/Himesh/Jacket/001406.jpg,8,0.480454,0.498977,0.532466,0.755715
/kaggle/input/datasets/afqwe0/clotheslabelled/Himesh/Jacket/001406.jpg,8,0.480454,0.498977,0.532466,0.755715
/kaggle/input/datasets/afqwe0/clotheslabelled/Himesh/Jacket/001406.jpg,8,0.480454,0.498977,0.532466,0.755715
/kaggle/input/datasets/afqwe0/clotheslabelled/Himesh/Jacket/001406.jpg,8,0.480454,0.498977,0.532466,0.755715
/kaggle/input/datasets/afqwe0/clotheslabelled/Himesh/Jacket/001406.jpg,8,0.480454,0.498977,0.532466,0.755715
/kaggle/input/datasets/afqwe0/clotheslabelled/Himesh/Jacket/001406.jpg,8,0.480454,0.498977,0.532466,0.755715
/kaggle/input/datasets/afqwe0/clotheslabelled/Himesh/Jacket/001406.jpg,8,0.480454,0.498977,0.532466,0.755715
/kaggle/input/datasets/afqwe0/clotheslabelled/Himesh/Jacket/001406.jpg,8,0.480454,0.498977,0.532466,0.755715
/kaggle/input/datasets/afqwe0/clotheslabelled/Himesh/Jacket/001406.jpg,8,0.480454,0.498977,0.532466,0.755715
/kaggle/input/datasets/afqwe0/clotheslabelled/Himesh/Jacket/001406.jpg,8,0.480454,0.498977,0.532466,0.755715
/kaggle/input/datasets/afqwe0/clotheslabelled/Himesh/Jacket/001406.jpg,8,0.480454,0.498977,0.532466,0.755715
/kaggle/input/datasets/afqwe0/clotheslabelled/Himesh/Jacket/001406.jpg,8,0.480454,0.498977,0.532466,0.755715
/kaggle/input/datasets/afqwe0/clotheslabelled/Himesh/Jacket/001406.jpg,8,0.480454,0.498977,0.532466,0.755715
/kaggle/input/datasets/afqwe0/clotheslabelled/Himesh/Jacket/001406.jpg,8,0.480454,0.498977,0.532466,0.755715
/kaggle/input/datasets/afqwe0/clotheslabelled/Himesh/Jacket/001406.jpg,8,0.480454,0.498977,0.532466,0.755715
/kaggle/input/datasets/afqwe0/clotheslabelled/Himesh/Jacket/001406.jpg,8,0.480454,0.498977,0.532466,0.755715
/kaggle/input/datasets/afqwe0/clotheslabelled/Himesh/Jacket/001406.jpg,8,0.480454,0.498977,0.532466,0.755715
/kaggle/input/datasets/afqwe0/clotheslabelled/Himesh/Jacket/001406.jpg,8,0.480454,0.498977,0.532466,0.755715
/kaggle/input/datasets/afqwe0/clotheslabelled/Himesh/Jacket/001406.jpg,8,0.480454,0.498977,0.532466,0.755715
/kaggle/input/datasets/afqwe0/clotheslabelled/Himesh/Jacket/001406.jpg,8,0.480454,0.498977,0.532466,0.755715
/kaggle/input/datasets/afqwe0/clotheslabelled/Himesh/Jacket/001406.jpg,8,0.480454,0.498977,0.532466,0.755715
/kaggle/input/datasets/afqwe0/clotheslabelled/Himesh/Jacket/001406.jpg,8,0.480454,0.498977,0.532466,0.755715
/kaggle/input/datasets/afqwe0/clotheslabelled/Himesh/Jacket/001406.jpg,8,0.480454,0.498977,0.532466,0.755715
/kaggle/input/datasets/afqwe0/clotheslabelled/Himesh/Jacket/001406.jpg,8,0.480454,0.498977,0.532466,0.755715
/kaggle/input/datasets/afqwe0/clotheslabelled/Himesh/Jacket/001406.jpg,8,0.480454,0.498977,0.532466,0.755715
/kaggle/input/datasets/afqwe0/clotheslabelled/Himesh/Jacket/001406.jpg,8,0.480454,0.498977,0.532466,0.755715
/kaggle/input/datasets/afqwe0/clotheslabelled/Himesh/Jacket/001406.jpg,8,0.480454,0.498977,0.532466,0.755715
/kaggle/input/datasets/afqwe0/clotheslabelled/Himesh/Jacket/001406.jpg,8,0.480454,0.498977,0.532466,0.755715
/kaggle/input/datasets/afqwe0/clotheslabelled/Himesh/Jacket/001406.jpg,8,0.480454,0.498977,0.532466,0.755715
/kaggle/input/datasets/afqwe0/clotheslabelled/Himesh/Jacket/001406.jpg,8,0.480454,0.498977,0.532466,0.755715
/kaggle/input/datasets/afqwe0/clotheslabelled/Himesh/Jacket/001406.jpg,8,0.480454,0.498977,0.532466,0.755715
/kaggle/input/datasets/afqwe0/clotheslabelled/Himesh/Jacket/001406.jpg,8,0.480454,0.498977,0.532466,0.755715
/kaggle/input/datasets/afqwe0/clotheslabelled/Himesh/Jacket/001406.jpg,8,0.480454,0.498977,0.532466,0.755715
/kaggle/input/datasets/afqwe0/clotheslabelled/Himesh/Jacket/001406.jpg,8,0.480454,0.498977,0.532466,0.755715
/kaggle/input/datasets/afqwe0/clotheslabelled/Himesh/Jacket/001406.jpg,8,0.480454,0.498977,0.532466,0.755715
/kaggle/input/datasets/afqwe0/clotheslabelled/Himesh/Jacket/001406.jpg,8,0.480454,0.498977,0.532466,0.755715
/kaggle/input/datasets/afqwe0/clotheslabelled/Himesh/Jacket/001406.jpg,8,0.480454,0.498977,0.532466,0.755715
/kaggle/input/datasets/afqwe0/clotheslabelled/Himesh/Jacket/001406.jpg,8,0.480454,0.498977,0.532466,0.755715
/kaggle/input/datasets/afqwe0/clotheslabelled/Himesh/Jacket/001406.jpg,8,0.480454,0.498977,0.532466,0.755715
/kaggle/input/datasets/afqwe0/clotheslabelled/Himesh/Jacket/001406.jpg,8,0.480454,0.498977,0.532466,0.755715
/kaggle/input/datasets/afqwe0/clotheslabelled/Himesh/Jacket/001406.jpg,8,0.480454,0.498977,0.532466,0.755715
/kaggle/input/datasets/afqwe0/clotheslabelled/Himesh/Jacket/001406.jpg,8,0.480454,0.498977,0.532466,0.755715
/kaggle/input/datasets/afqwe0/clotheslabelled/Himesh/Jacket/001406.jpg,8,0.480454,0.498977,0.532466,0.755715
/kaggle/input/datasets/afqwe0/clotheslabelled/Himesh/Jacket/001406.jpg,8,0.480454,0.498977,0.532466,0.755715
/kaggle/input/datasets/afqwe0/clotheslabelled/Himesh/Jacket/001406.jpg,8,0.480454,0.498977,0.532466,0.755715
/kaggle/input/datasets/afqwe0/clotheslabelled/Himesh/Jacket/001406.jpg,8,0.480454,0.498977,0.532466,0.755715
/kaggle/input/datasets/afqwe0/clotheslabelled/Himesh/Jacket/001406.jpg,8,0.480454,0.498977,0.532466,0.755715
/kaggle/input/datasets/afqwe0/clotheslabelled/Himesh/Jacket/001406.jpg,8,0.480454,0.498977,0.532466,0.755715
/kaggle/input/datasets/afqwe0/clotheslabelled/Himesh/Jacket/001406.jpg,8,0.480454,0.498977,0.532466,0.755715
/kaggle/input/datasets/afqwe0/clotheslabelled/Himesh/Jacket/001406.jpg,8,0.480454,0.498977,0.532466,0.755715
/kaggle/input/datasets/afqwe0/clotheslabelled/Himesh/Jacket/001406.jpg,8,0.480454,0.498977,0.532466,0.755715
/kaggle/input/datasets/afqwe0/clotheslabelled/Himesh/Jacket/001406.jpg,8,0.480454,0.498977,0.532466,0.755715
/kaggle/input/datasets/afqwe0/clotheslabelled/Himesh/Jacket/001406.jpg,8,0.480454,0.498977,0.532466,0.755715
/kaggle/input/datasets/afqwe0/clotheslabelled/Himesh/Jacket/001406.jpg,8,0.480454,0.498977,0.532466,0.755715
/kaggle/input/datasets/afqwe0/clotheslabelled/Himesh/Jacket/001406.jpg,8,0.480454,0.498977,0.532466,0.755715
/kaggle/input/datasets/afqwe0/clotheslabelled/Himesh/Jacket/001406.jpg,8,0.480454,0.498977,0.532466,0.755715
/kaggle/input/datasets/afqwe0/clotheslabelled/Himesh/Jacket/001406.jpg,8,0.480454,0.498977,0.532466,0.755715
/kaggle/input/datasets/afqwe0/clotheslabelled/Himesh/Jacket/001406.jpg,8,0.480454,0.498977,0.532466,0.755715
/kaggle/input/datasets/afqwe0/clotheslabelled/Himesh/Jacket/001406.jpg,8,0.480454,0.498977,0.532466,0.755715
/kaggle/input/datasets/afqwe0/clotheslabelled/Himesh/Jacket/001406.jpg,8,0.480454,0.498977,0.532466,0.755715
/kaggle/input/datasets/afqwe0/clotheslabelled/Himesh/Jacket/001406.jpg,8,0.480454,0.498977,0.532466,0.755715
/kaggle/input/datasets/afqwe0/clotheslabelled/Himesh/Jacket/001406.jpg,8,0.480454,0.498977,0.532466,0.755715
/kaggle/input/datasets/afqwe0/clotheslabelled/Himesh/Jacket/001406.jpg,8,0.480454,0.498977,0.532466,0.755715
/kaggle/input/datasets/afqwe0/clotheslabelled/Himesh/Jacket/001406.jpg,8,0.480454,0.498977,0.532466,0.755715
/kaggle/input/datasets/afqwe0/clotheslabelled/Himesh/Jacket/001406.jpg,8,0.480454,0.498977,0.532466,0.755715
/kaggle/input/datasets/afqwe0/clotheslabelled/Himesh/Jacket/001406.jpg,8,0.480454,0.498977,0.532466,0.755715
/kaggle/input/datasets/afqwe0/clotheslabelled/Himesh/Jacket/001406.jpg,8,0.480454,0.498977,0.532466,0.755715
/kaggle/input/datasets/afqwe0/clotheslabelled/Himesh/Jacket/001406.jpg,8,0.480454,0.498977,0.532466,0.755715
/kaggle/input/datasets/afqwe0/clotheslabelled/Himesh/Jacket/001406.jpg,8,0.480454,0.498977,0.532466,0.755715
/kaggle/input/datasets/afqwe0/clotheslabelled/Himesh/Jacket/001406.jpg,8,0.480454,0.498977,0.532466,0.755715
/kaggle/input/datasets/afqwe0/clotheslabelled/Himesh/Jacket/001406.jpg,8,0.480454,0.498977,0.532466,0.755715
/kaggle/input/datasets/afqwe0/clotheslabelled/Himesh/Jacket/001406.jpg,8,0.480454,0.498977,0.532466,0.755715
/kaggle/input/datasets/afqwe0/clotheslabelled/Himesh/Jacket/001406.jpg,8,0.480454,0.498977,0.532466,0.755715
/kaggle/input/datasets/afqwe0/clotheslabelled/Himesh/Jacket/001406.jpg,8,0.480454,0.498977,0.532466,0.755715
/kaggle/input/datasets/afqwe0/clotheslabelled/Himesh/Jacket/001406.jpg,8,0.480454,0.498977,0.532466,0.755715
/kaggle/input/datasets/afqwe0/clotheslabelled/Himesh/Jacket/001406.jpg,8,0.480454,0.498977,0.532466,0.755715
/kaggle/input/datasets/afqwe0/clotheslabelled/Himesh/Jacket/001406.jpg,8,0.480454,0.498977,0.532466,0.755715
/kaggle/input/datasets/afqwe0/clotheslabelled/Himesh/Jacket/001406.jpg,8,0.480454,0.498977,0.532466,0.755715
/kaggle/input/datasets/afqwe0/clotheslabelled/Himesh/Jacket/001406.jpg,8,0.480454,0.498977,0.532466,0.755715
/kaggle/input/datasets/afqwe0/clotheslabelled/Himesh/Jacket/001406.jpg,8,0.480454,0.498977,0.532466,0.755715
/kaggle/input/datasets/afqwe0/clotheslabelled/Himesh/Jacket/001406.jpg,8,0.480454,0.498977,0.532466,0.755715
/kaggle/input/datasets/afqwe0/clotheslabelled/Himesh/Jacket/001406.jpg,8,0.480454,0.498977,0.532466,0.755715
/kaggle/input/datasets/afqwe0/clotheslabelled/Himesh/Jacket/001406.jpg,8,0.480454,0.498977,0.532466,0.755715
/kaggle/input/datasets/afqwe0/clotheslabelled/Himesh/Jacket/001406.jpg,8,0.480454,0.498977,0.532466,0.755715
/kaggle/input/datasets/afqwe0/clotheslabelled/Himesh/Jacket/001406.jpg,8,0.480454,0.498977,0.532466,0.755715
/kaggle/input/datasets/afqwe0/clotheslabelled/Himesh/Jacket/001406.jpg,8,0.480454,0.498977,0.532466,0.755715
/kaggle/input/datasets/afqwe0/clotheslabelled/Himesh/Jacket/001406.jpg,8,0.480454,0.498977,0.532466,0.755715
/kaggle/input/datasets/afqwe0/clotheslabelled/Himesh/Jacket/001406.jpg,8,0.480454,0.498977,0.532466,0.755715
/kaggle/input/datasets/afqwe0/clotheslabelled/Himesh/Jacket/001406.jpg,8,0.480454,0.498977,0.532466,0.755715
/kaggle/input/datasets/afqwe0/clotheslabelled/Himesh/Jacket/001406.jpg,8,0.480454,0.498977,0.532466,0.755715
/kaggle/input/datasets/afqwe0/clotheslabelled/Himesh/Jacket/001406.jpg,8,0.480454,0.498977,0.532466,0.755715
/kaggle/input/datasets/afqwe0/clotheslabelled/Himesh/Jacket/001406.jpg,8,0.480454,0.498977,0.532466,0.755715
/kaggle/input/datasets/afqwe0/clotheslabelled/Himesh/Jacket/001406.jpg,8,0.480454,0.498977,0.532466,0.755715
/kaggle/input/datasets/afqwe0/clotheslabelled/Himesh/Jacket/001406.jpg,8,0.480454,0.498977,0.532466,0.755715
/kaggle/input/datasets/afqwe0/clotheslabelled/Himesh/Jacket/001406.jpg,8,0.480454,0.498977,0.532466,0.755715
/kaggle/input/datasets/afqwe0/clotheslabelled/Himesh/Jacket/001406.jpg,8,0.480454,0.498977,0.532466,0.755715
/kaggle/input/datasets/afqwe0/clotheslabelled/Himesh/Jacket/001406.jpg,8,0.480454,0.498977,0.532466,0.755715
/kaggle/input/datasets/afqwe0/clotheslabelled/Himesh/Jacket/001406.jpg,8,0.480454,0.498977,0.532466,0.755715
/kaggle/input/datasets/afqwe0/clotheslabelled/Himesh/Jacket/001406.jpg,8,0.480454,0.498977,0.532466,0.755715
/kaggle/input/datasets/afqwe0/clotheslabelled/Himesh/Jacket/001406.jpg,8,0.480454,0.498977,0.532466,0.755715
/kaggle/input/datasets/afqwe0/clotheslabelled/Himesh/Jacket/001406.jpg,8,0.480454,0.498977,0.532466,0.755715
/kaggle/input/datasets/afqwe0/clotheslabelled/Himesh/Jacket/001406.jpg,8,0.480454,0.498977,0.532466,0.755715
/kaggle/input/datasets/afqwe0/clotheslabelled/Himesh/Jacket/001406.jpg,8,0.480454,0.498977,0.532466,0.755715
/kaggle/input/datasets/afqwe0/clotheslabelled/Himesh/Jacket/001406.jpg,8,0.480454,0.498977,0.532466,0.755715
/kaggle/input/datasets/afqwe0/clotheslabelled/Himesh/Jacket/001406.jpg,8,0.480454,0.498977,0.532466,0.755715
/kaggle/input/datasets/afqwe0/clotheslabelled/Himesh/Jacket/001406.jpg,8,0.480454,0.498977,0.532466,0.755715
/kaggle/input/datasets/afqwe0/clotheslabelled/Himesh/Jacket/001406.jpg,8,0.480454,0.498977,0.532466,0.755715
/kaggle/input/datasets/afqwe0/clotheslabelled/Himesh/Jacket/001406.jpg,8,0.480454,0.498977,0.532466,0.755715
/kaggle/input/datasets/afqwe0/clotheslabelled/Himesh/Jacket/001406.jpg,8,0.480454,0.498977,0.532466,0.755715
/kaggle/input/datasets/afqwe0/clotheslabelled/Himesh/Jacket/001406.jpg,8,0.480454,0.498977,0.532466,0.755715
/kaggle/input/datasets/afqwe0/clotheslabelled/Himesh/Jacket/001406.jpg,8,0.480454,0.498977,0.532466,0.755715
/kaggle/input/datasets/afqwe0/clotheslabelled/Himesh/Jacket/001406.jpg,8,0.480454,0.498977,0.532466,0.755715
/kaggle/input/datasets/afqwe0/clotheslabelled/Himesh/Jacket/001406.jpg,8,0.480454,0.498977,0.532466,0.755715
/kaggle/input/datasets/afqwe0/clotheslabelled/Himesh/Jacket/001406.jpg,8,0.480454,0.498977,0.532466,0.755715
/kaggle/input/datasets/afqwe0/clotheslabelled/Himesh/Jacket/001406.jpg,8,0.480454,0.498977,0.532466,0.755715
/kaggle/input/datasets/afqwe0/clotheslabelled/Himesh/Jacket/001406.jpg,8,0.480454,0.498977,0.532466,0.755715
/kaggle/input/datasets/afqwe0/clotheslabelled/Himesh/Jacket/001406.jpg,8,0.480454,0.498977,0.532466,0.755715
/kaggle/input/datasets/afqwe0/clotheslabelled/Himesh/Jacket/001406.jpg,8,0.480454,0.498977,0.532466,0.755715
/kaggle/input/datasets/afqwe0/clotheslabelled/Himesh/Jacket/001406.jpg,8,0.480454,0.498977,0.532466,0.755715
/kaggle/input/datasets/afqwe0/clotheslabelled/Himesh/Jacket/001406.jpg,8,0.480454,0.498977,0.532466,0.755715
/kaggle/input/datasets/afqwe0/clotheslabelled/Himesh/Jacket/001406.jpg,8,0.480454,0.498977,0.532466,0.755715
/kaggle/input/datasets/afqwe0/clotheslabelled/Himesh/Jacket/001406.jpg,8,0.480454,0.498977,0.532466,0.755715
/kaggle/input/datasets/afqwe0/clotheslabelled/Himesh/Jacket/001406.jpg,8,0.480454,0.498977,0.532466,0.755715
/kaggle/input/datasets/afqwe0/clotheslabelled/Himesh/Jacket/001406.jpg,8,0.480454,0.498977,0.532466,0.755715
/kaggle/input/datasets/afqwe0/clotheslabelled/Himesh/Jacket/001406.jpg,8,0.480454,0.498977,0.532466,0.755715
/kaggle/input/datasets/afqwe0/clotheslabelled/Himesh/Jacket/001406.jpg,8,0.480454,0.498977,0.532466,0.755715
/kaggle/input/datasets/afqwe0/clotheslabelled/Himesh/Jacket/001406.jpg,8,0.480454,0.498977,0.532466,0.755715
/kaggle/input/datasets/afqwe0/clotheslabelled/Himesh/Jacket/001406.jpg,8,0.480454,0.498977,0.532466,0.755715
/kaggle/input/datasets/afqwe0/clotheslabelled/Himesh/Jacket/001406.jpg,8,0.480454,0.498977,0.532466,0.755715
/kaggle/input/datasets/afqwe0/clotheslabelled/Himesh/Jacket/001406.jpg,8,0.480454,0.498977,0.532466,0.755715
/kaggle/input/datasets/afqwe0/clotheslabelled/Himesh/Jacket/001406.jpg,8,0.480454,0.498977,0.532466,0.755715
/kaggle/input/datasets/afqwe0/clotheslabelled/Himesh/Jacket/001406.jpg,8,0.480454,0.498977,0.532466,0.755715
/kaggle/input/datasets/afqwe0/clotheslabelled/Himesh/Jacket/001406.jpg,8,0.480454,0.498977,0.532466,0.755715
/kaggle/input/datasets/afqwe0/clotheslabelled/Himesh/Jacket/001406.jpg,8,0.480454,0.498977,0.532466,0.755715
/kaggle/input/datasets/afqwe0/clotheslabelled/Himesh/Jacket/001406.jpg,8,0.480454,0.498977,0.532466,0.755715
/kaggle/input/datasets/afqwe0/clotheslabelled/Himesh/Jacket/001406.jpg,8,0.480454,0.498977,0.532466,0.755715
/kaggle/input/datasets/afqwe0/clotheslabelled/Himesh/Jacket/001406.jpg,8,0.480454,0.498977,0.532466,0.755715
/kaggle/input/datasets/afqwe0/clotheslabelled/Himesh/Jacket/001406.jpg,8,0.480454,0.498977,0.532466,0.755715
/kaggle/input/datasets/afqwe0/clotheslabelled/Himesh/Jacket/001406.jpg,8,0.480454,0.498977,0.532466,0.755715
/kaggle/input/datasets/afqwe0/clotheslabelled/Himesh/Jacket/001406.jpg,8,0.480454,0.498977,0.532466,0.755715
/kaggle/input/datasets/afqwe0/clotheslabelled/Himesh/Jacket/001406.jpg,8,0.480454,0.498977,0.532466,0.755715
/kaggle/input/datasets/afqwe0/clotheslabelled/Himesh/Jacket/001406.jpg,8,0.480454,0.498977,0.532466,0.755715
/kaggle/input/datasets/afqwe0/clotheslabelled/Himesh/Jacket/001406.jpg,8,0.480454,0.498977,0.532466,0.755715
/kaggle/input/datasets/afqwe0/clotheslabelled/Himesh/Jacket/001406.jpg,8,0.480454,0.498977,0.532466,0.755715
/kaggle/input/datasets/afqwe0/clotheslabelled/Himesh/Jacket/001406.jpg,8,0.480454,0.498977,0.532466,0.755715
/kaggle/input/datasets/afqwe0/clotheslabelled/Himesh/Jacket/001406.jpg,8,0.480454,0.498977,0.532466,0.755715
/kaggle/input/datasets/afqwe0/clotheslabelled/Himesh/Jacket/001406.jpg,8,0.480454,0.498977,0.532466,0.755715
/kaggle/input/datasets/afqwe0/clotheslabelled/Himesh/Jacket/001406.jpg,8,0.480454,0.498977,0.532466,0.755715
/kaggle/input/datasets/afqwe0/clotheslabelled/Himesh/Jacket/001406.jpg,8,0.480454,0.498977,0.532466,0.755715
/kaggle/input/datasets/afqwe0/clotheslabelled/Himesh/Jacket/001406.jpg,8,0.480454,0.498977,0.532466,0.755715
/kaggle/input/datasets/afqwe0/clotheslabelled/Himesh/Jacket/001406.jpg,8,0.480454,0.498977,0.532466,0.755715
/kaggle/input/datasets/afqwe0/clotheslabelled/Himesh/Jacket/001406.jpg,8,0.480454,0.498977,0.532466,0.755715
/kaggle/input/datasets/afqwe0/clotheslabelled/Himesh/Jacket/001406.jpg,8,0.480454,0.498977,0.532466,0.755715
/kaggle/input/datasets/afqwe0/clotheslabelled/Himesh/Jacket/001406.jpg,8,0.480454,0.498977,0.532466,0.755715
/kaggle/input/datasets/afqwe0/clotheslabelled/Himesh/Jacket/001406.jpg,8,0.480454,0.498977,0.532466,0.755715
/kaggle/input/datasets/afqwe0/clotheslabelled/Himesh/Jacket/001406.jpg,8,0.480454,0.498977,0.532466,0.755715
/kaggle/input/datasets/afqwe0/clotheslabelled/Himesh/Jacket/001406.jpg,8,0.480454,0.498977,0.532466,0.755715
/kaggle/input/datasets/afqwe0/clotheslabelled/Himesh/Jacket/001406.jpg,8,0.480454,0.498977,0.532466,0.755715
/kaggle/input/datasets/afqwe0/clotheslabelled/Himesh/Jacket/001406.jpg,8,0.480454,0.498977,0.532466,0.755715
/kaggle/input/datasets/afqwe0/clotheslabelled/Himesh/Jacket/001406.jpg,8,0.480454,0.498977,0.532466,0.755715
/kaggle/input/datasets/afqwe0/clotheslabelled/Himesh/Jacket/001406.jpg,8,0.480454,0.498977,0.532466,0.755715
/kaggle/input/datasets/afqwe0/clotheslabelled/Himesh/Jacket/001406.jpg,8,0.480454,0.498977,0.532466,0.755715
/kaggle/input/datasets/afqwe0/clotheslabelled/Himesh/Jacket/001406.jpg,8,0.480454,0.498977,0.532466,0.755715
/kaggle/input/datasets/afqwe0/clotheslabelled/Himesh/Jacket/001406.jpg,8,0.480454,0.498977,0.532466,0.755715
/kaggle/input/datasets/afqwe0/clotheslabelled/Himesh/Jacket/001406.jpg,8,0.480454,0.498977,0.532466,0.755715
/kaggle/input/datasets/afqwe0/clotheslabelled/Himesh/Jacket/001406.jpg,8,0.480454,0.498977,0.532466,0.755715
/kaggle/input/datasets/afqwe0/clotheslabelled/Himesh/Jacket/001406.jpg,8,0.480454,0.498977,0.532466,0.755715
/kaggle/input/datasets/afqwe0/clotheslabelled/Himesh/Jacket/001406.jpg,8,0.480454,0.498977,0.532466,0.755715
/kaggle/input/datasets/afqwe0/clotheslabelled/Himesh/Jacket/001406.jpg,8,0.480454,0.498977,0.532466,0.755715
/kaggle/input/datasets/afqwe0/clotheslabelled/Himesh/Jacket/001406.jpg,8,0.480454,0.498977,0.532466,0.755715
/kaggle/input/datasets/afqwe0/clotheslabelled/Himesh/Jacket/001406.jpg,8,0.480454,0.498977,0.532466,0.755715
/kaggle/input/datasets/afqwe0/clotheslabelled/Himesh/Jacket/001406.jpg,8,0.480454,0.498977,0.532466,0.755715
/kaggle/input/datasets/afqwe0/clotheslabelled/Himesh/Jacket/001406.jpg,8,0.480454,0.498977,0.532466,0.755715
/kaggle/input/datasets/afqwe0/clotheslabelled/Himesh/Jacket/001406.jpg,8,0.480454,0.498977,0.532466,0.755715
/kaggle/input/datasets/afqwe0/clotheslabelled/Himesh/Jacket/001406.jpg,8,0.480454,0.498977,0.532466,0.755715
/kaggle/input/datasets/afqwe0/clotheslabelled/Himesh/Jacket/001406.jpg,8,0.480454,0.498977,0.532466,0.755715
/kaggle/input/datasets/afqwe0/clotheslabelled/Himesh/Jacket/001406.jpg,8,0.480454,0.498977,0.532466,0.755715
/kaggle/input/datasets/afqwe0/clotheslabelled/Himesh/Jacket/001406.jpg,8,0.480454,0.498977,0.532466,0.755715
/kaggle/input/datasets/afqwe0/clotheslabelled/Himesh/Jacket/001406.jpg,8,0.480454,0.498977,0.532466,0.755715
/kaggle/input/datasets/afqwe0/clotheslabelled/Himesh/Jacket/001406.jpg,8,0.480454,0.498977,0.532466,0.755715
/kaggle/input/datasets/afqwe0/clotheslabelled/Himesh/Jacket/001406.jpg,8,0.480454,0.498977,0.532466,0.755715
/kaggle/input/datasets/afqwe0/clotheslabelled/Himesh/Jacket/001406.jpg,8,0.480454,0.498977,0.532466,0.755715
/kaggle/input/datasets/afqwe0/clotheslabelled/Himesh/Jacket/001406.jpg,8,0.480454,0.498977,0.532466,0.755715
/kaggle/input/datasets/afqwe0/clotheslabelled/Himesh/Jacket/001406.jpg,8,0.480454,0.498977,0.532466,0.755715
/kaggle/input/datasets/afqwe0/clotheslabelled/Himesh/Jacket/001406.jpg,8,0.480454,0.498977,0.532466,0.755715
/kaggle/input/datasets/afqwe0/clotheslabelled/Himesh/Jacket/001406.jpg,8,0.480454,0.498977,0.532466,0.755715
/kaggle/input/datasets/afqwe0/clotheslabelled/Himesh/Jacket/001406.jpg,8,0.480454,0.498977,0.532466,0.755715
/kaggle/input/datasets/afqwe0/clotheslabelled/Himesh/Jacket/001406.jpg,8,0.480454,0.498977,0.532466,0.755715
/kaggle/input/datasets/afqwe0/clotheslabelled/Himesh/Jacket/001406.jpg,8,0.480454,0.498977,0.532466,0.755715
/kaggle/input/datasets/afqwe0/clotheslabelled/Himesh/Jacket/001406.jpg,8,0.480454,0.498977,0.532466,0.755715
/kaggle/input/datasets/afqwe0/clotheslabelled/Himesh/Jacket/001406.jpg,8,0.480454,0.498977,0.532466,0.755715
/kaggle/input/datasets/afqwe0/clotheslabelled/Himesh/Jacket/001406.jpg,8,0.480454,0.498977,0.532466,0.755715
/kaggle/input/datasets/afqwe0/clotheslabelled/Himesh/Jacket/001406.jpg,8,0.480454,0.498977,0.532466,0.755715
/kaggle/input/datasets/afqwe0/clotheslabelled/Himesh/Jacket/001406.jpg,8,0.480454,0.498977,0.532466,0.755715
/kaggle/input/datasets/afqwe0/clotheslabelled/Himesh/Jacket/001406.jpg,8,0.480454,0.498977,0.532466,0.755715
/kaggle/input/datasets/afqwe0/clotheslabelled/Himesh/Jacket/001406.jpg,8,0.480454,0.498977,0.532466,0.755715
/kaggle/input/datasets/afqwe0/clotheslabelled/Himesh/Jacket/001406.jpg,8,0.480454,0.498977,0.532466,0.755715
/kaggle/input/datasets/afqwe0/clotheslabelled/Himesh/Jacket/001406.jpg,8,0.480454,0.498977,0.532466,0.755715
/kaggle/input/datasets/afqwe0/clotheslabelled/Himesh/Jacket/001406.jpg,8,0.480454,0.498977,0.532466,0.755715
/kaggle/input/datasets/afqwe0/clotheslabelled/Himesh/Jacket/001406.jpg,8,0.480454,0.498977,0.532466,0.755715
/kaggle/input/datasets/afqwe0/clotheslabelled/Himesh/Jacket/001406.jpg,8,0.480454,0.498977,0.532466,0.755715
/kaggle/input/datasets/afqwe0/clotheslabelled/Himesh/Jacket/001406.jpg,8,0.480454,0.498977,0.532466,0.755715
/kaggle/input/datasets/afqwe0/clotheslabelled/Himesh/Jacket/001406.jpg,8,0.480454,0.498977,0.532466,0.755715
/kaggle/input/datasets/afqwe0/clotheslabelled/Himesh/Jacket/001406.jpg,8,0.480454,0.498977,0.532466,0.755715
/kaggle/input/datasets/afqwe0/clotheslabelled/Himesh/Jacket/001406.jpg,8,0.480454,0.498977,0.532466,0.755715
/kaggle/input/datasets/afqwe0/clotheslabelled/Himesh/Jacket/001406.jpg,8,0.480454,0.498977,0.532466,0.755715
/kaggle/input/datasets/afqwe0/clotheslabelled/Himesh/Jacket/001406.jpg,8,0.480454,0.498977,0.532466,0.755715
/kaggle/input/datasets/afqwe0/clotheslabelled/Himesh/Jacket/001406.jpg,8,0.480454,0.498977,0.532466,0.755715
/kaggle/input/datasets/afqwe0/clotheslabelled/Himesh/Jacket/001406.jpg,8,0.480454,0.498977,0.532466,0.755715
/kaggle/input/datasets/afqwe0/clotheslabelled/Himesh/Jacket/001406.jpg,8,0.480454,0.498977,0.532466,0.755715
/kaggle/input/datasets/afqwe0/clotheslabelled/Himesh/Jacket/001406.jpg,8,0.480454,0.498977,0.532466,0.755715
/kaggle/input/datasets/afqwe0/clotheslabelled/Himesh/Jacket/001406.jpg,8,0.480454,0.498977,0.532466,0.755715
/kaggle/input/datasets/afqwe0/clotheslabelled/Himesh/Jacket/001406.jpg,8,0.480454,0.498977,0.532466,0.755715
/kaggle/input/datasets/afqwe0/clotheslabelled/Himesh/Jacket/001406.jpg,8,0.480454,0.498977,0.532466,0.755715
/kaggle/input/datasets/afqwe0/clotheslabelled/Himesh/Jacket/001406.jpg,8,0.480454,0.498977,0.532466,0.755715
/kaggle/input/datasets/afqwe0/clotheslabelled/Himesh/Jacket/001406.jpg,8,0.480454,0.498977,0.532466,0.755715
/kaggle/input/datasets/afqwe0/clotheslabelled/Himesh/Jacket/001406.jpg,8,0.480454,0.498977,0.532466,0.755715
/kaggle/input/datasets/afqwe0/clotheslabelled/Himesh/Jacket/001406.jpg,8,0.480454,0.498977,0.532466,0.755715
/kaggle/input/datasets/afqwe0/clotheslabelled/Himesh/Jacket/001406.jpg,8,0.480454,0.498977,0.532466,0.755715
/kaggle/input/datasets/afqwe0/clotheslabelled/Himesh/Jacket/001406.jpg,8,0.480454,0.498977,0.532466,0.755715
/kaggle/input/datasets/afqwe0/clotheslabelled/Himesh/Jacket/001406.jpg,8,0.480454,0.498977,0.532466,0.755715
/kaggle/input/datasets/afqwe0/clotheslabelled/Himesh/Jacket/001406.jpg,8,0.480454,0.498977,0.532466,0.755715
/kaggle/input/datasets/afqwe0/clotheslabelled/Himesh/Jacket/001406.jpg,8,0.480454,0.498977,0.532466,0.755715
/kaggle/input/datasets/afqwe0/clotheslabelled/Himesh/Jacket/001406.jpg,8,0.480454,0.498977,0.532466,0.755715
/kaggle/input/datasets/afqwe0/clotheslabelled/Himesh/Jacket/001406.jpg,8,0.480454,0.498977,0.532466,0.755715
/kaggle/input/datasets/afqwe0/clotheslabelled/Himesh/Jacket/001406.jpg,8,0.480454,0.498977,0.532466,0.755715
/kaggle/input/datasets/afqwe0/clotheslabelled/Himesh/Jacket/001406.jpg,8,0.480454,0.498977,0.532466,0.755715
/kaggle/input/datasets/afqwe0/clotheslabelled/Himesh/Jacket/001406.jpg,8,0.480454,0.498977,0.532466,0.755715
/kaggle/input/datasets/afqwe0/clotheslabelled/Himesh/Jacket/001406.jpg,8,0.480454,0.498977,0.532466,0.755715
/kaggle/input/datasets/afqwe0/clotheslabelled/Himesh/Jacket/001406.jpg,8,0.480454,0.498977,0.532466,0.755715
/kaggle/input/datasets/afqwe0/clotheslabelled/Himesh/Jacket/001406.jpg,8,0.480454,0.498977,0.532466,0.755715
/kaggle/input/datasets/afqwe0/clotheslabelled/Himesh/Jacket/001406.jpg,8,0.480454,0.498977,0.532466,0.755715
/kaggle/input/datasets/afqwe0/clotheslabelled/Himesh/Jacket/001406.jpg,8,0.480454,0.498977,0.532466,0.755715
/kaggle/input/datasets/afqwe0/clotheslabelled/Himesh/Jacket/001406.jpg,8,0.480454,0.498977,0.532466,0.755715
/kaggle/input/datasets/afqwe0/clotheslabelled/Himesh/Jacket/001406.jpg,8,0.480454,0.498977,0.532466,0.755715
/kaggle/input/datasets/afqwe0/clotheslabelled/Himesh/Jacket/001406.jpg,8,0.480454,0.498977,0.532466,0.755715
/kaggle/input/datasets/afqwe0/clotheslabelled/Himesh/Jacket/001406.jpg,8,0.480454,0.498977,0.532466,0.755715
/kaggle/input/datasets/afqwe0/clotheslabelled/Himesh/Jacket/001406.jpg,8,0.480454,0.498977,0.532466,0.755715
/kaggle/input/datasets/afqwe0/clotheslabelled/Himesh/Jacket/001406.jpg,8,0.480454,0.498977,0.532466,0.755715
/kaggle/input/datasets/afqwe0/clotheslabelled/Himesh/Jacket/001406.jpg,8,0.480454,0.498977,0.532466,0.755715
/kaggle/input/datasets/afqwe0/clotheslabelled/Himesh/Jacket/001406.jpg,8,0.480454,0.498977,0.532466,0.755715
/kaggle/input/datasets/afqwe0/clotheslabelled/Himesh/Jacket/001406.jpg,8,0.480454,0.498977,0.532466,0.755715
/kaggle/input/datasets/afqwe0/clotheslabelled/Himesh/Jacket/001406.jpg,8,0.480454,0.498977,0.532466,0.755715
/kaggle/input/datasets/afqwe0/clotheslabelled/Himesh/Jacket/001406.jpg,8,0.480454,0.498977,0.532466,0.755715
/kaggle/input/datasets/afqwe0/clotheslabelled/Himesh/Jacket/001406.jpg,8,0.480454,0.498977,0.532466,0.755715
/kaggle/input/datasets/afqwe0/clotheslabelled/Himesh/Jacket/001406.jpg,8,0.480454,0.498977,0.532466,0.755715
/kaggle/input/datasets/afqwe0/clotheslabelled/Himesh/Jacket/001406.jpg,8,0.480454,0.498977,0.532466,0.755715
/kaggle/input/datasets/afqwe0/clotheslabelled/Himesh/Jacket/001406.jpg,8,0.480454,0.498977,0.532466,0.755715
/kaggle/input/datasets/afqwe0/clotheslabelled/Himesh/Jacket/001406.jpg,8,0.480454,0.498977,0.532466,0.755715
/kaggle/input/datasets/afqwe0/clotheslabelled/Himesh/Jacket/001406.jpg,8,0.480454,0.498977,0.532466,0.755715
/kaggle/input/datasets/afqwe0/clotheslabelled/Himesh/Jacket/001406.jpg,8,0.480454,0.498977,0.532466,0.755715
/kaggle/input/datasets/afqwe0/clotheslabelled/Himesh/Jacket/001406.jpg,8,0.480454,0.498977,0.532466,0.755715
/kaggle/input/datasets/afqwe0/clotheslabelled/Himesh/Jacket/001406.jpg,8,0.480454,0.498977,0.532466,0.755715
/kaggle/input/datasets/afqwe0/clotheslabelled/Himesh/Jacket/001406.jpg,8,0.480454,0.498977,0.532466,0.755715
/kaggle/input/datasets/afqwe0/clotheslabelled/Himesh/Jacket/001406.jpg,8,0.480454,0.498977,0.532466,0.755715
/kaggle/input/datasets/afqwe0/clotheslabelled/Himesh/Jacket/001406.jpg,8,0.480454,0.498977,0.532466,0.755715
/kaggle/input/datasets/afqwe0/clotheslabelled/Himesh/Jacket/001406.jpg,8,0.480454,0.498977,0.532466,0.755715
/kaggle/input/datasets/afqwe0/clotheslabelled/Himesh/Jacket/001406.jpg,8,0.480454,0.498977,0.532466,0.755715
/kaggle/input/datasets/afqwe0/clotheslabelled/Himesh/Jacket/001406.jpg,8,0.480454,0.498977,0.532466,0.755715
/kaggle/input/datasets/afqwe0/clotheslabelled/Himesh/Jacket/001406.jpg,8,0.480454,0.498977,0.532466,0.755715
/kaggle/input/datasets/afqwe0/clotheslabelled/Himesh/Jacket/001406.jpg,8,0.480454,0.498977,0.532466,0.755715
/kaggle/input/datasets/afqwe0/clotheslabelled/Himesh/Jacket/001406.jpg,8,0.480454,0.498977,0.532466,0.755715
/kaggle/input/datasets/afqwe0/clotheslabelled/Himesh/Jacket/001406.jpg,8,0.480454,0.498977,0.532466,0.755715
/kaggle/input/datasets/afqwe0/clotheslabelled/Himesh/Jacket/001406.jpg,8,0.480454,0.498977,0.532466,0.755715
/kaggle/input/datasets/afqwe0/clotheslabelled/Himesh/Jacket/001406.jpg,8,0.480454,0.498977,0.532466,0.755715
/kaggle/input/datasets/afqwe0/clotheslabelled/Himesh/Jacket/001406.jpg,8,0.480454,0.498977,0.532466,0.755715
/kaggle/input/datasets/afqwe0/clotheslabelled/Himesh/Jacket/001406.jpg,8,0.480454,0.498977,0.532466,0.755715
/kaggle/input/datasets/afqwe0/clotheslabelled/Himesh/Jacket/001406.jpg,8,0.480454,0.498977,0.532466,0.755715
/kaggle/input/datasets/afqwe0/clotheslabelled/Himesh/Jacket/001406.jpg,8,0.480454,0.498977,0.532466,0.755715
/kaggle/input/datasets/afqwe0/clotheslabelled/Himesh/Jacket/001406.jpg,8,0.480454,0.498977,0.532466,0.755715
/kaggle/input/datasets/afqwe0/clotheslabelled/Himesh/Jacket/001406.jpg,8,0.480454,0.498977,0.532466,0.755715
/kaggle/input/datasets/afqwe0/clotheslabelled/Himesh/Jacket/001406.jpg,8,0.480454,0.498977,0.532466,0.755715
/kaggle/input/datasets/afqwe0/clotheslabelled/Himesh/Jacket/001406.jpg,8,0.480454,0.498977,0.532466,0.755715
/kaggle/input/datasets/afqwe0/clotheslabelled/Himesh/Jacket/001406.jpg,8,0.480454,0.498977,0.532466,0.755715
/kaggle/input/datasets/afqwe0/clotheslabelled/Himesh/Jacket/001406.jpg,8,0.480454,0.498977,0.532466,0.755715
/kaggle/input/datasets/afqwe0/clotheslabelled/Himesh/Jacket/001406.jpg,8,0.480454,0.498977,0.532466,0.755715
/kaggle/input/datasets/afqwe0/clotheslabelled/Himesh/Jacket/001406.jpg,8,0.480454,0.498977,0.532466,0.755715
/kaggle/input/datasets/afqwe0/clotheslabelled/Himesh/Jacket/001406.jpg,8,0.480454,0.498977,0.532466,0.755715
/kaggle/input/datasets/afqwe0/clotheslabelled/Himesh/Jacket/001406.jpg,8,0.480454,0.498977,0.532466,0.755715
/kaggle/input/datasets/afqwe0/clotheslabelled/Himesh/Jacket/001406.jpg,8,0.480454,0.498977,0.532466,0.755715
/kaggle/input/datasets/afqwe0/clotheslabelled/Himesh/Jacket/001406.jpg,8,0.480454,0.498977,0.532466,0.755715
/kaggle/input/datasets/afqwe0/clotheslabelled/Himesh/Jacket/001406.jpg,8,0.480454,0.498977,0.532466,0.755715
/kaggle/input/datasets/afqwe0/clotheslabelled/Himesh/Jacket/001406.jpg,8,0.480454,0.498977,0.532466,0.755715
/kaggle/input/datasets/afqwe0/clotheslabelled/Himesh/Jacket/001406.jpg,8,0.480454,0.498977,0.532466,0.755715
/kaggle/input/datasets/afqwe0/clotheslabelled/Himesh/Jacket/001406.jpg,8,0.480454,0.498977,0.532466,0.755715
/kaggle/input/datasets/afqwe0/clotheslabelled/Himesh/Jacket/001406.jpg,8,0.480454,0.498977,0.532466,0.755715
/kaggle/input/datasets/afqwe0/clotheslabelled/Himesh/Jacket/001406.jpg,8,0.480454,0.498977,0.532466,0.755715
/kaggle/input/datasets/afqwe0/clotheslabelled/Himesh/Jacket/001406.jpg,8,0.480454,0.498977,0.532466,0.755715
/kaggle/input/datasets/afqwe0/clotheslabelled/Himesh/Jacket/001406.jpg,8,0.480454,0.498977,0.532466,0.755715
/kaggle/input/datasets/afqwe0/clotheslabelled/Himesh/Jacket/001406.jpg,8,0.480454,0.498977,0.532466,0.755715
/kaggle/input/datasets/afqwe0/clotheslabelled/Himesh/Jacket/001406.jpg,8,0.480454,0.498977,0.532466,0.755715
/kaggle/input/datasets/afqwe0/clotheslabelled/Himesh/Jacket/001406.jpg,8,0.480454,0.498977,0.532466,0.755715
/kaggle/input/datasets/afqwe0/clotheslabelled/Himesh/Jacket/001406.jpg,8,0.480454,0.498977,0.532466,0.755715
/kaggle/input/datasets/afqwe0/clotheslabelled/Himesh/Jacket/001406.jpg,8,0.480454,0.498977,0.532466,0.755715
/kaggle/input/datasets/afqwe0/clotheslabelled/Himesh/Jacket/001406.jpg,8,0.480454,0.498977,0.532466,0.755715
/kaggle/input/datasets/afqwe0/clotheslabelled/Himesh/Jacket/001406.jpg,8,0.480454,0.498977,0.532466,0.755715
/kaggle/input/datasets/afqwe0/clotheslabelled/Himesh/Jacket/001406.jpg,8,0.480454,0.498977,0.532466,0.755715
/kaggle/input/datasets/afqwe0/clotheslabelled/Himesh/Jacket/001406.jpg,8,0.480454,0.498977,0.532466,0.755715
/kaggle/input/datasets/afqwe0/clotheslabelled/Himesh/Jacket/001406.jpg,8,0.480454,0.498977,0.532466,0.755715
/kaggle/input/datasets/afqwe0/clotheslabelled/Himesh/Jacket/001406.jpg,8,0.480454,0.498977,0.532466,0.755715
/kaggle/input/datasets/afqwe0/clotheslabelled/Himesh/Jacket/001406.jpg,8,0.480454,0.498977,0.532466,0.755715
/kaggle/input/datasets/afqwe0/clotheslabelled/Himesh/Jacket/001406.jpg,8,0.480454,0.498977,0.532466,0.755715
/kaggle/input/datasets/afqwe0/clotheslabelled/Himesh/Jacket/001406.jpg,8,0.480454,0.498977,0.532466,0.755715
/kaggle/input/datasets/afqwe0/clotheslabelled/Himesh/Jacket/001406.jpg,8,0.480454,0.498977,0.532466,0.755715
/kaggle/input/datasets/afqwe0/clotheslabelled/Himesh/Jacket/001406.jpg,8,0.480454,0.498977,0.532466,0.755715
/kaggle/input/datasets/afqwe0/clotheslabelled/Himesh/Jacket/001406.jpg,8,0.480454,0.498977,0.532466,0.755715
/kaggle/input/datasets/afqwe0/clotheslabelled/Himesh/Jacket/001406.jpg,8,0.480454,0.498977,0.532466,0.755715
/kaggle/input/datasets/afqwe0/clotheslabelled/Himesh/Jacket/001406.jpg,8,0.480454,0.498977,0.532466,0.755715
/kaggle/input/datasets/afqwe0/clotheslabelled/Himesh/Jacket/001406.jpg,8,0.480454,0.498977,0.532466,0.755715
/kaggle/input/datasets/afqwe0/clotheslabelled/Himesh/Jacket/001406.jpg,8,0.480454,0.498977,0.532466,0.755715
/kaggle/input/datasets/afqwe0/clotheslabelled/Himesh/Jacket/001406.jpg,8,0.480454,0.498977,0.532466,0.755715
/kaggle/input/datasets/afqwe0/clotheslabelled/Himesh/Jacket/001406.jpg,8,0.480454,0.498977,0.532466,0.755715
/kaggle/input/datasets/afqwe0/clotheslabelled/Himesh/Jacket/001406.jpg,8,0.480454,0.498977,0.532466,0.755715
/kaggle/input/datasets/afqwe0/clotheslabelled/Himesh/Jacket/001406.jpg,8,0.480454,0.498977,0.532466,0.755715
/kaggle/input/datasets/afqwe0/clotheslabelled/Himesh/Jacket/001406.jpg,8,0.480454,0.498977,0.532466,0.755715
/kaggle/input/datasets/afqwe0/clotheslabelled/Himesh/Jacket/001406.jpg,8,0.480454,0.498977,0.532466,0.755715
/kaggle/input/datasets/afqwe0/clotheslabelled/Himesh/Jacket/001406.jpg,8,0.480454,0.498977,0.532466,0.755715
/kaggle/input/datasets/afqwe0/clotheslabelled/Himesh/Jacket/001406.jpg,8,0.480454,0.498977,0.532466,0.755715
/kaggle/input/datasets/afqwe0/clotheslabelled/Himesh/Jacket/001406.jpg,8,0.480454,0.498977,0.532466,0.755715
/kaggle/input/datasets/afqwe0/clotheslabelled/Himesh/Jacket/001406.jpg,8,0.480454,0.498977,0.532466,0.755715
/kaggle/input/datasets/afqwe0/clotheslabelled/Himesh/Jacket/001406.jpg,8,0.480454,0.498977,0.532466,0.755715
/kaggle/input/datasets/afqwe0/clotheslabelled/Himesh/Jacket/001406.jpg,8,0.480454,0.498977,0.532466,0.755715
/kaggle/input/datasets/afqwe0/clotheslabelled/Himesh/Jacket/001406.jpg,8,0.480454,0.498977,0.532466,0.755715
/kaggle/input/datasets/afqwe0/clotheslabelled/Himesh/Jacket/001406.jpg,8,0.480454,0.498977,0.532466,0.755715
/kaggle/input/datasets/afqwe0/clotheslabelled/Himesh/Jacket/001406.jpg,8,0.480454,0.498977,0.532466,0.755715
/kaggle/input/datasets/afqwe0/clotheslabelled/Himesh/Jacket/001406.jpg,8,0.480454,0.498977,0.532466,0.755715
/kaggle/input/datasets/afqwe0/clotheslabelled/Himesh/Jacket/001406.jpg,8,0.480454,0.498977,0.532466,0.755715
/kaggle/input/datasets/afqwe0/clotheslabelled/Himesh/Jacket/001406.jpg,8,0.480454,0.498977,0.532466,0.755715
/kaggle/input/datasets/afqwe0/clotheslabelled/Himesh/Jacket/001406.jpg,8,0.480454,0.498977,0.532466,0.755715
/kaggle/input/datasets/afqwe0/clotheslabelled/Himesh/Jacket/001406.jpg,8,0.480454,0.498977,0.532466,0.755715
/kaggle/input/datasets/afqwe0/clotheslabelled/Himesh/Jacket/001406.jpg,8,0.480454,0.498977,0.532466,0.755715
/kaggle/input/datasets/afqwe0/clotheslabelled/Himesh/Jacket/001406.jpg,8,0.480454,0.498977,0.532466,0.755715
/kaggle/input/datasets/afqwe0/clotheslabelled/Himesh/Jacket/001406.jpg,8,0.480454,0.498977,0.532466,0.755715
/kaggle/input/datasets/afqwe0/clotheslabelled/Himesh/Jacket/001406.jpg,8,0.480454,0.498977,0.532466,0.755715
/kaggle/input/datasets/afqwe0/clotheslabelled/Himesh/Jacket/001406.jpg,8,0.480454,0.498977,0.532466,0.755715
/kaggle/input/datasets/afqwe0/clotheslabelled/Himesh/Jacket/001406.jpg,8,0.480454,0.498977,0.532466,0.755715
/kaggle/input/datasets/afqwe0/clotheslabelled/Himesh/Jacket/001406.jpg,8,0.480454,0.498977,0.532466,0.755715
/kaggle/input/datasets/afqwe0/clotheslabelled/Himesh/Jacket/001406.jpg,8,0.480454,0.498977,0.532466,0.755715
/kaggle/input/datasets/afqwe0/clotheslabelled/Himesh/Jacket/001406.jpg,8,0.480454,0.498977,0.532466,0.755715
/kaggle/input/datasets/afqwe0/clotheslabelled/Himesh/Jacket/001406.jpg,8,0.480454,0.498977,0.532466,0.755715
/kaggle/input/datasets/afqwe0/clotheslabelled/Himesh/Jacket/001406.jpg,8,0.480454,0.498977,0.532466,0.755715
/kaggle/input/datasets/afqwe0/clotheslabelled/Himesh/Jacket/001406.jpg,8,0.480454,0.498977,0.532466,0.755715
/kaggle/input/datasets/afqwe0/clotheslabelled/Himesh/Jacket/001406.jpg,8,0.480454,0.498977,0.532466,0.755715
/kaggle/input/datasets/afqwe0/clotheslabelled/Himesh/Jacket/001406.jpg,8,0.480454,0.498977,0.532466,0.755715
/kaggle/input/datasets/afqwe0/clotheslabelled/Himesh/Jacket/001406.jpg,8,0.480454,0.498977,0.532466,0.755715
/kaggle/input/datasets/afqwe0/clotheslabelled/Himesh/Jacket/001406.jpg,8,0.480454,0.498977,0.532466,0.755715
/kaggle/input/datasets/afqwe0/clotheslabelled/Himesh/Jacket/001406.jpg,8,0.480454,0.498977,0.532466,0.755715
/kaggle/input/datasets/afqwe0/clotheslabelled/Himesh/Jacket/001406.jpg,8,0.480454,0.498977,0.532466,0.755715
/kaggle/input/datasets/afqwe0/clotheslabelled/Himesh/Jacket/001406.jpg,8,0.480454,0.498977,0.532466,0.755715
/kaggle/input/datasets/afqwe0/clotheslabelled/Himesh/Jacket/001406.jpg,8,0.480454,0.498977,0.532466,0.755715
/kaggle/input/datasets/afqwe0/clotheslabelled/Himesh/Jacket/001406.jpg,8,0.480454,0.498977,0.532466,0.755715
/kaggle/input/datasets/afqwe0/clotheslabelled/Himesh/Jacket/001406.jpg,8,0.480454,0.498977,0.532466,0.755715
/kaggle/input/datasets/afqwe0/clotheslabelled/Himesh/Jacket/001406.jpg,8,0.480454,0.498977,0.532466,0.755715
/kaggle/input/datasets/afqwe0/clotheslabelled/Himesh/Jacket/001406.jpg,8,0.480454,0.498977,0.532466,0.755715
/kaggle/input/datasets/afqwe0/clotheslabelled/Himesh/Jacket/001406.jpg,8,0.480454,0.498977,0.532466,0.755715
/kaggle/input/datasets/afqwe0/clotheslabelled/Himesh/Jacket/001406.jpg,8,0.480454,0.498977,0.532466,0.755715
/kaggle/input/datasets/afqwe0/clotheslabelled/Himesh/Jacket/001406.jpg,8,0.480454,0.498977,0.532466,0.755715
/kaggle/input/datasets/afqwe0/clotheslabelled/Himesh/Jacket/001406.jpg,8,0.480454,0.498977,0.532466,0.755715
/kaggle/input/datasets/afqwe0/clotheslabelled/Himesh/Jacket/001406.jpg,8,0.480454,0.498977,0.532466,0.755715
/kaggle/input/datasets/afqwe0/clotheslabelled/Himesh/Jacket/001406.jpg,8,0.480454,0.498977,0.532466,0.755715
/kaggle/input/datasets/afqwe0/clotheslabelled/Himesh/Jacket/001406.jpg,8,0.480454,0.498977,0.532466,0.755715
/kaggle/input/datasets/afqwe0/clotheslabelled/Himesh/Jacket/001406.jpg,8,0.480454,0.498977,0.532466,0.755715
/kaggle/input/datasets/afqwe0/clotheslabelled/Himesh/Jacket/001406.jpg,8,0.480454,0.498977,0.532466,0.755715
/kaggle/input/datasets/afqwe0/clotheslabelled/Himesh/Jacket/001406.jpg,8,0.480454,0.498977,0.532466,0.755715
/kaggle/input/datasets/afqwe0/clotheslabelled/Himesh/Jacket/001406.jpg,8,0.480454,0.498977,0.532466,0.755715
/kaggle/input/datasets/afqwe0/clotheslabelled/Himesh/Jacket/001406.jpg,8,0.480454,0.498977,0.532466,0.755715
/kaggle/input/datasets/afqwe0/clotheslabelled/Himesh/Jacket/001406.jpg,8,0.480454,0.498977,0.532466,0.755715
/kaggle/input/datasets/afqwe0/clotheslabelled/Himesh/Jacket/001406.jpg,8,0.480454,0.498977,0.532466,0.755715
/kaggle/input/datasets/afqwe0/clotheslabelled/Himesh/Jacket/001406.jpg,8,0.480454,0.498977,0.532466,0.755715
/kaggle/input/datasets/afqwe0/clotheslabelled/Himesh/Jacket/001406.jpg,8,0.480454,0.498977,0.532466,0.755715
/kaggle/input/datasets/afqwe0/clotheslabelled/Himesh/Jacket/001406.jpg,8,0.480454,0.498977,0.532466,0.755715
/kaggle/input/datasets/afqwe0/clotheslabelled/Himesh/Jacket/001406.jpg,8,0.480454,0.498977,0.532466,0.755715
/kaggle/input/datasets/afqwe0/clotheslabelled/Himesh/Jacket/001406.jpg,8,0.480454,0.498977,0.532466,0.755715
/kaggle/input/datasets/afqwe0/clotheslabelled/Himesh/Jacket/001406.jpg,8,0.480454,0.498977,0.532466,0.755715
/kaggle/input/datasets/afqwe0/clotheslabelled/Himesh/Jacket/001406.jpg,8,0.480454,0.498977,0.532466,0.755715
/kaggle/input/datasets/afqwe0/clotheslabelled/Himesh/Jacket/001406.jpg,8,0.480454,0.498977,0.532466,0.755715
/kaggle/input/datasets/afqwe0/clotheslabelled/Himesh/Jacket/001406.jpg,8,0.480454,0.498977,0.532466,0.755715
/kaggle/input/datasets/afqwe0/clotheslabelled/Himesh/Jacket/001406.jpg,8,0.480454,0.498977,0.532466,0.755715
/kaggle/input/datasets/afqwe0/clotheslabelled/Himesh/Jacket/001406.jpg,8,0.480454,0.498977,0.532466,0.755715
/kaggle/input/datasets/afqwe0/clotheslabelled/Himesh/Jacket/001406.jpg,8,0.480454,0.498977,0.532466,0.755715
/kaggle/input/datasets/afqwe0/clotheslabelled/Himesh/Jacket/001406.jpg,8,0.480454,0.498977,0.532466,0.755715
/kaggle/input/datasets/afqwe0/clotheslabelled/Himesh/Jacket/001406.jpg,8,0.480454,0.498977,0.532466,0.755715
/kaggle/input/datasets/afqwe0/clotheslabelled/Himesh/Jacket/001406.jpg,8,0.480454,0.498977,0.532466,0.755715
/kaggle/input/datasets/afqwe0/clotheslabelled/Himesh/Jacket/001406.jpg,8,0.480454,0.498977,0.532466,0.755715
/kaggle/input/datasets/afqwe0/clotheslabelled/Himesh/Jacket/001406.jpg,8,0.480454,0.498977,0.532466,0.755715
/kaggle/input/datasets/afqwe0/clotheslabelled/Himesh/Jacket/001406.jpg,8,0.480454,0.498977,0.532466,0.755715
/kaggle/input/datasets/afqwe0/clotheslabelled/Himesh/Jacket/001406.jpg,8,0.480454,0.498977,0.532466,0.755715
/kaggle/input/datasets/afqwe0/clotheslabelled/Himesh/Jacket/001406.jpg,8,0.480454,0.498977,0.532466,0.755715
/kaggle/input/datasets/afqwe0/clotheslabelled/Himesh/Jacket/001406.jpg,8,0.480454,0.498977,0.532466,0.755715
/kaggle/input/datasets/afqwe0/clotheslabelled/Himesh/Jacket/001406.jpg,8,0.480454,0.498977,0.532466,0.755715
/kaggle/input/datasets/afqwe0/clotheslabelled/Himesh/Jacket/001406.jpg,8,0.480454,0.498977,0.532466,0.755715
/kaggle/input/datasets/afqwe0/clotheslabelled/Himesh/Jacket/001406.jpg,8,0.480454,0.498977,0.532466,0.755715
/kaggle/input/datasets/afqwe0/clotheslabelled/Himesh/Jacket/001406.jpg,8,0.480454,0.498977,0.532466,0.755715
/kaggle/input/datasets/afqwe0/clotheslabelled/Himesh/Jacket/001406.jpg,8,0.480454,0.498977,0.532466,0.755715
/kaggle/input/datasets/afqwe0/clotheslabelled/Himesh/Jacket/001406.jpg,8,0.480454,0.498977,0.532466,0.755715
/kaggle/input/datasets/afqwe0/clotheslabelled/Himesh/Jacket/001406.jpg,8,0.480454,0.498977,0.532466,0.755715
/kaggle/input/datasets/afqwe0/clotheslabelled/Himesh/Jacket/001406.jpg,8,0.480454,0.498977,0.532466,0.755715
/kaggle/input/datasets/afqwe0/clotheslabelled/Himesh/Jacket/001406.jpg,8,0.480454,0.498977,0.532466,0.755715
/kaggle/input/datasets/afqwe0/clotheslabelled/Himesh/Jacket/001406.jpg,8,0.480454,0.498977,0.532466,0.755715
/kaggle/input/datasets/afqwe0/clotheslabelled/Himesh/Jacket/001406.jpg,8,0.480454,0.498977,0.532466,0.755715
/kaggle/input/datasets/afqwe0/clotheslabelled/Himesh/Jacket/001406.jpg,8,0.480454,0.498977,0.532466,0.755715
/kaggle/input/datasets/afqwe0/clotheslabelled/Himesh/Jacket/001406.jpg,8,0.480454,0.498977,0.532466,0.755715
/kaggle/input/datasets/afqwe0/clotheslabelled/Himesh/Jacket/001406.jpg,8,0.480454,0.498977,0.532466,0.755715
/kaggle/input/datasets/afqwe0/clotheslabelled/Himesh/Jacket/001406.jpg,8,0.480454,0.498977,0.532466,0.755715
/kaggle/input/datasets/afqwe0/clotheslabelled/Himesh/Jacket/001406.jpg,8,0.480454,0.498977,0.532466,0.755715
/kaggle/input/datasets/afqwe0/clotheslabelled/Himesh/Jacket/001406.jpg,8,0.480454,0.498977,0.532466,0.755715
/kaggle/input/datasets/afqwe0/clotheslabelled/Himesh/Jacket/001406.jpg,8,0.480454,0.498977,0.532466,0.755715
/kaggle/input/datasets/afqwe0/clotheslabelled/Himesh/Jacket/001406.jpg,8,0.480454,0.498977,0.532466,0.755715
/kaggle/input/datasets/afqwe0/clotheslabelled/Himesh/Jacket/001406.jpg,8,0.480454,0.498977,0.532466,0.755715
/kaggle/input/datasets/afqwe0/clotheslabelled/Himesh/Jacket/001406.jpg,8,0.480454,0.498977,0.532466,0.755715
/kaggle/input/datasets/afqwe0/clotheslabelled/Himesh/Jacket/001406.jpg,8,0.480454,0.498977,0.532466,0.755715
/kaggle/input/datasets/afqwe0/clotheslabelled/Himesh/Jacket/001406.jpg,8,0.480454,0.498977,0.532466,0.755715
/kaggle/input/datasets/afqwe0/clotheslabelled/Himesh/Jacket/001406.jpg,8,0.480454,0.498977,0.532466,0.755715
/kaggle/input/datasets/afqwe0/clotheslabelled/Himesh/Jacket/001406.jpg,8,0.480454,0.498977,0.532466,0.755715
/kaggle/input/datasets/afqwe0/clotheslabelled/Himesh/Jacket/001406.jpg,8,0.480454,0.498977,0.532466,0.755715
/kaggle/input/datasets/afqwe0/clotheslabelled/Himesh/Jacket/001406.jpg,8,0.480454,0.498977,0.532466,0.755715
/kaggle/input/datasets/afqwe0/clotheslabelled/Himesh/Jacket/001406.jpg,8,0.480454,0.498977,0.532466,0.755715
/kaggle/input/datasets/afqwe0/clotheslabelled/Himesh/Jacket/001406.jpg,8,0.480454,0.498977,0.532466,0.755715
/kaggle/input/datasets/afqwe0/clotheslabelled/Himesh/Jacket/001406.jpg,8,0.480454,0.498977,0.532466,0.755715
/kaggle/input/datasets/afqwe0/clotheslabelled/Himesh/Jacket/001406.jpg,8,0.480454,0.498977,0.532466,0.755715
/kaggle/input/datasets/afqwe0/clotheslabelled/Himesh/Jacket/001406.jpg,8,0.480454,0.498977,0.532466,0.755715
/kaggle/input/datasets/afqwe0/clotheslabelled/Himesh/Jacket/001406.jpg,8,0.480454,0.498977,0.532466,0.755715
/kaggle/input/datasets/afqwe0/clotheslabelled/Himesh/Jacket/001406.jpg,8,0.480454,0.498977,0.532466,0.755715
/kaggle/input/datasets/afqwe0/clotheslabelled/Himesh/Jacket/001406.jpg,8,0.480454,0.498977,0.532466,0.755715
/kaggle/input/datasets/afqwe0/clotheslabelled/Himesh/Jacket/001406.jpg,8,0.480454,0.498977,0.532466,0.755715
/kaggle/input/datasets/afqwe0/clotheslabelled/Himesh/Jacket/001406.jpg,8,0.480454,0.498977,0.532466,0.755715
/kaggle/input/datasets/afqwe0/clotheslabelled/Himesh/Jacket/001406.jpg,8,0.480454,0.498977,0.532466,0.755715
/kaggle/input/datasets/afqwe0/clotheslabelled/Himesh/Jacket/001406.jpg,8,0.480454,0.498977,0.532466,0.755715
/kaggle/input/datasets/afqwe0/clotheslabelled/Himesh/Jacket/001406.jpg,8,0.480454,0.498977,0.532466,0.755715
/kaggle/input/datasets/afqwe0/clotheslabelled/Himesh/Jacket/001406.jpg,8,0.480454,0.498977,0.532466,0.755715
/kaggle/input/datasets/afqwe0/clotheslabelled/Himesh/Jacket/001406.jpg,8,0.480454,0.498977,0.532466,0.755715
/kaggle/input/datasets/afqwe0/clotheslabelled/Himesh/Jacket/001406.jpg,8,0.480454,0.498977,0.532466,0.755715
/kaggle/input/datasets/afqwe0/clotheslabelled/Himesh/Jacket/001406.jpg,8,0.480454,0.498977,0.532466,0.755715
/kaggle/input/datasets/afqwe0/clotheslabelled/Himesh/Jacket/001406.jpg,8,0.480454,0.498977,0.532466,0.755715
/kaggle/input/datasets/afqwe0/clotheslabelled/Himesh/Jacket/001406.jpg,8,0.480454,0.498977,0.532466,0.755715
/kaggle/input/datasets/afqwe0/clotheslabelled/Himesh/Jacket/001406.jpg,8,0.480454,0.498977,0.532466,0.755715
/kaggle/input/datasets/afqwe0/clotheslabelled/Himesh/Jacket/001406.jpg,8,0.480454,0.498977,0.532466,0.755715
/kaggle/input/datasets/afqwe0/clotheslabelled/Himesh/Jacket/001406.jpg,8,0.480454,0.498977,0.532466,0.755715
/kaggle/input/datasets/afqwe0/clotheslabelled/Himesh/Jacket/001406.jpg,8,0.480454,0.498977,0.532466,0.755715
/kaggle/input/datasets/afqwe0/clotheslabelled/Himesh/Jacket/001406.jpg,8,0.480454,0.498977,0.532466,0.755715
/kaggle/input/datasets/afqwe0/clotheslabelled/Himesh/Jacket/001406.jpg,8,0.480454,0.498977,0.532466,0.755715
/kaggle/input/datasets/afqwe0/clotheslabelled/Himesh/Jacket/001406.jpg,8,0.480454,0.498977,0.532466,0.755715
/kaggle/input/datasets/afqwe0/clotheslabelled/Himesh/Jacket/001406.jpg,8,0.480454,0.498977,0.532466,0.755715
/kaggle/input/datasets/afqwe0/clotheslabelled/Himesh/Jacket/001406.jpg,8,0.480454,0.498977,0.532466,0.755715
/kaggle/input/datasets/afqwe0/clotheslabelled/Himesh/Jacket/001406.jpg,8,0.480454,0.498977,0.532466,0.755715
/kaggle/input/datasets/afqwe0/clotheslabelled/Himesh/Jacket/001406.jpg,8,0.480454,0.498977,0.532466,0.755715
/kaggle/input/datasets/afqwe0/clotheslabelled/Himesh/Jacket/001406.jpg,8,0.480454,0.498977,0.532466,0.755715
/kaggle/input/datasets/afqwe0/clotheslabelled/Himesh/Jacket/001406.jpg,8,0.480454,0.498977,0.532466,0.755715
/kaggle/input/datasets/afqwe0/clotheslabelled/Himesh/Jacket/001406.jpg,8,0.480454,0.498977,0.532466,0.755715
/kaggle/input/datasets/afqwe0/clotheslabelled/Himesh/Jacket/001406.jpg,8,0.480454,0.498977,0.532466,0.755715
/kaggle/input/datasets/afqwe0/clotheslabelled/Himesh/Jacket/001406.jpg,8,0.480454,0.498977,0.532466,0.755715
/kaggle/input/datasets/afqwe0/clotheslabelled/Himesh/Jacket/001406.jpg,8,0.480454,0.498977,0.532466,0.755715
/kaggle/input/datasets/afqwe0/clotheslabelled/Himesh/Jacket/001406.jpg,8,0.480454,0.498977,0.532466,0.755715
/kaggle/input/datasets/afqwe0/clotheslabelled/Himesh/Jacket/001406.jpg,8,0.480454,0.498977,0.532466,0.755715
/kaggle/input/datasets/afqwe0/clotheslabelled/Himesh/Jacket/001406.jpg,8,0.480454,0.498977,0.532466,0.755715
/kaggle/input/datasets/afqwe0/clotheslabelled/Himesh/Jacket/001406.jpg,8,0.480454,0.498977,0.532466,0.755715
/kaggle/input/datasets/afqwe0/clotheslabelled/Himesh/Jacket/001406.jpg,8,0.480454,0.498977,0.532466,0.755715
/kaggle/input/datasets/afqwe0/clotheslabelled/Himesh/Jacket/001406.jpg,8,0.480454,0.498977,0.532466,0.755715
/kaggle/input/datasets/afqwe0/clotheslabelled/Himesh/Jacket/001406.jpg,8,0.480454,0.498977,0.532466,0.755715
/kaggle/input/datasets/afqwe0/clotheslabelled/Himesh/Jacket/001406.jpg,8,0.480454,0.498977,0.532466,0.755715
/kaggle/input/datasets/afqwe0/clotheslabelled/Himesh/Jacket/001406.jpg,8,0.480454,0.498977,0.532466,0.755715
/kaggle/input/datasets/afqwe0/clotheslabelled/Himesh/Jacket/001406.jpg,8,0.480454,0.498977,0.532466,0.755715
/kaggle/input/datasets/afqwe0/clotheslabelled/Himesh/Jacket/001406.jpg,8,0.480454,0.498977,0.532466,0.755715
/kaggle/input/datasets/afqwe0/clotheslabelled/Himesh/Jacket/001406.jpg,8,0.480454,0.498977,0.532466,0.755715
/kaggle/input/datasets/afqwe0/clotheslabelled/Himesh/Jacket/001406.jpg,8,0.480454,0.498977,0.532466,0.755715
/kaggle/input/datasets/afqwe0/clotheslabelled/Himesh/Jacket/001406.jpg,8,0.480454,0.498977,0.532466,0.755715
/kaggle/input/datasets/afqwe0/clotheslabelled/Himesh/Jacket/001406.jpg,8,0.480454,0.498977,0.532466,0.755715
/kaggle/input/datasets/afqwe0/clotheslabelled/Himesh/Jacket/001406.jpg,8,0.480454,0.498977,0.532466,0.755715
/kaggle/input/datasets/afqwe0/clotheslabelled/Himesh/Jacket/001406.jpg,8,0.480454,0.498977,0.532466,0.755715
/kaggle/input/datasets/afqwe0/clotheslabelled/Himesh/Jacket/001406.jpg,8,0.480454,0.498977,0.532466,0.755715
/kaggle/input/datasets/afqwe0/clotheslabelled/Himesh/Jacket/001406.jpg,8,0.480454,0.498977,0.532466,0.755715
/kaggle/input/datasets/afqwe0/clotheslabelled/Himesh/Jacket/001406.jpg,8,0.480454,0.498977,0.532466,0.755715
/kaggle/input/datasets/afqwe0/clotheslabelled/Himesh/Jacket/001406.jpg,8,0.480454,0.498977,0.532466,0.755715
/kaggle/input/datasets/afqwe0/clotheslabelled/Himesh/Jacket/001406.jpg,8,0.480454,0.498977,0.532466,0.755715
/kaggle/input/datasets/afqwe0/clotheslabelled/Himesh/Jacket/001406.jpg,8,0.480454,0.498977,0.532466,0.755715
/kaggle/input/datasets/afqwe0/clotheslabelled/Himesh/Jacket/001406.jpg,8,0.480454,0.498977,0.532466,0.755715
/kaggle/input/datasets/afqwe0/clotheslabelled/Himesh/Jacket/001406.jpg,8,0.480454,0.498977,0.532466,0.755715
/kaggle/input/datasets/afqwe0/clotheslabelled/Himesh/Jacket/001406.jpg,8,0.480454,0.498977,0.532466,0.755715
/kaggle/input/datasets/afqwe0/clotheslabelled/Himesh/Jacket/001406.jpg,8,0.480454,0.498977,0.532466,0.755715
/kaggle/input/datasets/afqwe0/clotheslabelled/Himesh/Jacket/001406.jpg,8,0.480454,0.498977,0.532466,0.755715
/kaggle/input/datasets/afqwe0/clotheslabelled/Himesh/Jacket/001406.jpg,8,0.480454,0.498977,0.532466,0.755715
/kaggle/input/datasets/afqwe0/clotheslabelled/Himesh/Jacket/001406.jpg,8,0.480454,0.498977,0.532466,0.755715
/kaggle/input/datasets/afqwe0/clotheslabelled/Himesh/Jacket/001406.jpg,8,0.480454,0.498977,0.532466,0.755715
/kaggle/input/datasets/afqwe0/clotheslabelled/Himesh/Jacket/001406.jpg,8,0.480454,0.498977,0.532466,0.755715
/kaggle/input/datasets/afqwe0/clotheslabelled/Himesh/Jacket/001406.jpg,8,0.480454,0.498977,0.532466,0.755715
/kaggle/input/datasets/afqwe0/clotheslabelled/Himesh/Jacket/001406.jpg,8,0.480454,0.498977,0.532466,0.755715
/kaggle/input/datasets/afqwe0/clotheslabelled/Himesh/Jacket/001406.jpg,8,0.480454,0.498977,0.532466,0.755715
/kaggle/input/datasets/afqwe0/clotheslabelled/Himesh/Jacket/001406.jpg,8,0.480454,0.498977,0.532466,0.755715
/kaggle/input/datasets/afqwe0/clotheslabelled/Himesh/Jacket/001406.jpg,8,0.480454,0.498977,0.532466,0.755715
/kaggle/input/datasets/afqwe0/clotheslabelled/Himesh/Jacket/001406.jpg,8,0.480454,0.498977,0.532466,0.755715
/kaggle/input/datasets/afqwe0/clotheslabelled/Himesh/Jacket/001406.jpg,8,0.480454,0.498977,0.532466,0.755715
/kaggle/input/datasets/afqwe0/clotheslabelled/Himesh/Jacket/001406.jpg,8,0.480454,0.498977,0.532466,0.755715
/kaggle/input/datasets/afqwe0/clotheslabelled/Himesh/Jacket/001406.jpg,8,0.480454,0.498977,0.532466,0.755715
/kaggle/input/datasets/afqwe0/clotheslabelled/Himesh/Jacket/001406.jpg,8,0.480454,0.498977,0.532466,0.755715
/kaggle/input/datasets/afqwe0/clotheslabelled/Himesh/Jacket/001406.jpg,8,0.480454,0.498977,0.532466,0.755715
/kaggle/input/datasets/afqwe0/clotheslabelled/Himesh/Jacket/001406.jpg,8,0.480454,0.498977,0.532466,0.755715
/kaggle/input/datasets/afqwe0/clotheslabelled/Himesh/Jacket/001406.jpg,8,0.480454,0.498977,0.532466,0.755715
/kaggle/input/datasets/afqwe0/clotheslabelled/Himesh/Jacket/001406.jpg,8,0.480454,0.498977,0.532466,0.755715
/kaggle/input/datasets/afqwe0/clotheslabelled/Himesh/Jacket/001406.jpg,8,0.480454,0.498977,0.532466,0.755715
/kaggle/input/datasets/afqwe0/clotheslabelled/Himesh/Jacket/001406.jpg,8,0.480454,0.498977,0.532466,0.755715
/kaggle/input/datasets/afqwe0/clotheslabelled/Himesh/Jacket/001406.jpg,8,0.480454,0.498977,0.532466,0.755715
/kaggle/input/datasets/afqwe0/clotheslabelled/Himesh/Jacket/001406.jpg,8,0.480454,0.498977,0.532466,0.755715
/kaggle/input/datasets/afqwe0/clotheslabelled/Himesh/Jacket/001406.jpg,8,0.480454,0.498977,0.532466,0.755715
/kaggle/input/datasets/afqwe0/clotheslabelled/Himesh/Jacket/001406.jpg,8,0.480454,0.498977,0.532466,0.755715
/kaggle/input/datasets/afqwe0/clotheslabelled/Himesh/Jacket/001406.jpg,8,0.480454,0.498977,0.532466,0.755715
/kaggle/input/datasets/afqwe0/clotheslabelled/Himesh/Jacket/001406.jpg,8,0.480454,0.498977,0.532466,0.755715
/kaggle/input/datasets/afqwe0/clotheslabelled/Himesh/Jacket/001406.jpg,8,0.480454,0.498977,0.532466,0.755715
/kaggle/input/datasets/afqwe0/clotheslabelled/Himesh/Jacket/001406.jpg,8,0.480454,0.498977,0.532466,0.755715
/kaggle/input/datasets/afqwe0/clotheslabelled/Himesh/Jacket/001406.jpg,8,0.480454,0.498977,0.532466,0.755715
/kaggle/input/datasets/afqwe0/clotheslabelled/Himesh/Jacket/001406.jpg,8,0.480454,0.498977,0.532466,0.755715
/kaggle/input/datasets/afqwe0/clotheslabelled/Himesh/Jacket/001406.jpg,8,0.480454,0.498977,0.532466,0.755715
/kaggle/input/datasets/afqwe0/clotheslabelled/Himesh/Jacket/001406.jpg,8,0.480454,0.498977,0.532466,0.755715
/kaggle/input/datasets/afqwe0/clotheslabelled/Himesh/Jacket/001406.jpg,8,0.480454,0.498977,0.532466,0.755715
/kaggle/input/datasets/afqwe0/clotheslabelled/Himesh/Jacket/001406.jpg,8,0.480454,0.498977,0.532466,0.755715
/kaggle/input/datasets/afqwe0/clotheslabelled/Himesh/Jacket/001406.jpg,8,0.480454,0.498977,0.532466,0.755715
/kaggle/input/datasets/afqwe0/clotheslabelled/Himesh/Jacket/001406.jpg,8,0.480454,0.498977,0.532466,0.755715
/kaggle/input/datasets/afqwe0/clotheslabelled/Himesh/Jacket/001406.jpg,8,0.480454,0.498977,0.532466,0.755715
/kaggle/input/datasets/afqwe0/clotheslabelled/Himesh/Jacket/001406.jpg,8,0.480454,0.498977,0.532466,0.755715
/kaggle/input/datasets/afqwe0/clotheslabelled/Himesh/Jacket/001406.jpg,8,0.480454,0.498977,0.532466,0.755715
/kaggle/input/datasets/afqwe0/clotheslabelled/Himesh/Jacket/001406.jpg,8,0.480454,0.498977,0.532466,0.755715
/kaggle/input/datasets/afqwe0/clotheslabelled/Himesh/Jacket/001406.jpg,8,0.480454,0.498977,0.532466,0.755715
/kaggle/input/datasets/afqwe0/clotheslabelled/Himesh/Jacket/001406.jpg,8,0.480454,0.498977,0.532466,0.755715
/kaggle/input/datasets/afqwe0/clotheslabelled/Himesh/Jacket/001406.jpg,8,0.480454,0.498977,0.532466,0.755715
/kaggle/input/datasets/afqwe0/clotheslabelled/Himesh/Jacket/001406.jpg,8,0.480454,0.498977,0.532466,0.755715
/kaggle/input/datasets/afqwe0/clotheslabelled/Himesh/Jacket/001406.jpg,8,0.480454,0.498977,0.532466,0.755715
/kaggle/input/datasets/afqwe0/clotheslabelled/Himesh/Jacket/001406.jpg,8,0.480454,0.498977,0.532466,0.755715
/kaggle/input/datasets/afqwe0/clotheslabelled/Himesh/Jacket/001406.jpg,8,0.480454,0.498977,0.532466,0.755715
/kaggle/input/datasets/afqwe0/clotheslabelled/Himesh/Jacket/001406.jpg,8,0.480454,0.498977,0.532466,0.755715
/kaggle/input/datasets/afqwe0/clotheslabelled/Himesh/Jacket/001406.jpg,8,0.480454,0.498977,0.532466,0.755715
/kaggle/input/datasets/afqwe0/clotheslabelled/Himesh/Jacket/001406.jpg,8,0.480454,0.498977,0.532466,0.755715
/kaggle/input/datasets/afqwe0/clotheslabelled/Himesh/Jacket/001406.jpg,8,0.480454,0.498977,0.532466,0.755715
/kaggle/input/datasets/afqwe0/clotheslabelled/Himesh/Jacket/001406.jpg,8,0.480454,0.498977,0.532466,0.755715
/kaggle/input/datasets/afqwe0/clotheslabelled/Himesh/Jacket/001406.jpg,8,0.480454,0.498977,0.532466,0.755715
/kaggle/input/datasets/afqwe0/clotheslabelled/Himesh/Jacket/001406.jpg,8,0.480454,0.498977,0.532466,0.755715
/kaggle/input/datasets/afqwe0/clotheslabelled/Himesh/Jacket/001406.jpg,8,0.480454,0.498977,0.532466,0.755715
/kaggle/input/datasets/afqwe0/clotheslabelled/Himesh/Jacket/001406.jpg,8,0.480454,0.498977,0.532466,0.755715
/kaggle/input/datasets/afqwe0/clotheslabelled/Himesh/Jacket/001406.jpg,8,0.480454,0.498977,0.532466,0.755715
/kaggle/input/datasets/afqwe0/clotheslabelled/Himesh/Jacket/001406.jpg,8,0.480454,0.498977,0.532466,0.755715
/kaggle/input/datasets/afqwe0/clotheslabelled/Himesh/Jacket/001406.jpg,8,0.480454,0.498977,0.532466,0.755715
/kaggle/input/datasets/afqwe0/clotheslabelled/Himesh/Jacket/001406.jpg,8,0.480454,0.498977,0.532466,0.755715
/kaggle/input/datasets/afqwe0/clotheslabelled/Himesh/Jacket/001406.jpg,8,0.480454,0.498977,0.532466,0.755715
/kaggle/input/datasets/afqwe0/clotheslabelled/Himesh/Jacket/001406.jpg,8,0.480454,0.498977,0.532466,0.755715
/kaggle/input/datasets/afqwe0/clotheslabelled/Himesh/Jacket/001406.jpg,8,0.480454,0.498977,0.532466,0.755715
/kaggle/input/datasets/afqwe0/clotheslabelled/Himesh/Jacket/001406.jpg,8,0.480454,0.498977,0.532466,0.755715
/kaggle/input/datasets/afqwe0/clotheslabelled/Himesh/Jacket/001406.jpg,8,0.480454,0.498977,0.532466,0.755715
/kaggle/input/datasets/afqwe0/clotheslabelled/Himesh/Jacket/001406.jpg,8,0.480454,0.498977,0.532466,0.755715
/kaggle/input/datasets/afqwe0/clotheslabelled/Himesh/Jacket/001406.jpg,8,0.480454,0.498977,0.532466,0.755715
/kaggle/input/datasets/afqwe0/clotheslabelled/Himesh/Jacket/001406.jpg,8,0.480454,0.498977,0.532466,0.755715
/kaggle/input/datasets/afqwe0/clotheslabelled/Himesh/Jacket/001406.jpg,8,0.480454,0.498977,0.532466,0.755715
/kaggle/input/datasets/afqwe0/clotheslabelled/Himesh/Jacket/001406.jpg,8,0.480454,0.498977,0.532466,0.755715
/kaggle/input/datasets/afqwe0/clotheslabelled/Himesh/Jacket/001406.jpg,8,0.480454,0.498977,0.532466,0.755715
/kaggle/input/datasets/afqwe0/clotheslabelled/Himesh/Jacket/001406.jpg,8,0.480454,0.498977,0.532466,0.755715
/kaggle/input/datasets/afqwe0/clotheslabelled/Himesh/Jacket/001406.jpg,8,0.480454,0.498977,0.532466,0.755715
/kaggle/input/datasets/afqwe0/clotheslabelled/Himesh/Jacket/001406.jpg,8,0.480454,0.498977,0.532466,0.755715
/kaggle/input/datasets/afqwe0/clotheslabelled/Himesh/Jacket/001406.jpg,8,0.480454,0.498977,0.532466,0.755715
/kaggle/input/datasets/afqwe0/clotheslabelled/Himesh/Jacket/001406.jpg,8,0.480454,0.498977,0.532466,0.755715
/kaggle/input/datasets/afqwe0/clotheslabelled/Himesh/Jacket/001406.jpg,8,0.480454,0.498977,0.532466,0.755715
/kaggle/input/datasets/afqwe0/clotheslabelled/Himesh/Jacket/001406.jpg,8,0.480454,0.498977,0.532466,0.755715
/kaggle/input/datasets/afqwe0/clotheslabelled/Himesh/Jacket/001406.jpg,8,0.480454,0.498977,0.532466,0.755715
/kaggle/input/datasets/afqwe0/clotheslabelled/Himesh/Jacket/001406.jpg,8,0.480454,0.498977,0.532466,0.755715
/kaggle/input/datasets/afqwe0/clotheslabelled/Himesh/Jacket/001406.jpg,8,0.480454,0.498977,0.532466,0.755715
/kaggle/input/datasets/afqwe0/clotheslabelled/Himesh/Jacket/001406.jpg,8,0.480454,0.498977,0.532466,0.755715
/kaggle/input/datasets/afqwe0/clotheslabelled/Himesh/Jacket/001406.jpg,8,0.480454,0.498977,0.532466,0.755715
/kaggle/input/datasets/afqwe0/clotheslabelled/Himesh/Jacket/001406.jpg,8,0.480454,0.498977,0.532466,0.755715
/kaggle/input/datasets/afqwe0/clotheslabelled/Himesh/Jacket/001406.jpg,8,0.480454,0.498977,0.532466,0.755715
/kaggle/input/datasets/afqwe0/clotheslabelled/Himesh/Jacket/001406.jpg,8,0.480454,0.498977,0.532466,0.755715
/kaggle/input/datasets/afqwe0/clotheslabelled/Himesh/Jacket/001406.jpg,8,0.480454,0.498977,0.532466,0.755715
/kaggle/input/datasets/afqwe0/clotheslabelled/Himesh/Jacket/001406.jpg,8,0.480454,0.498977,0.532466,0.755715
/kaggle/input/datasets/afqwe0/clotheslabelled/Himesh/Jacket/001406.jpg,8,0.480454,0.498977,0.532466,0.755715
/kaggle/input/datasets/afqwe0/clotheslabelled/Himesh/Jacket/001406.jpg,8,0.480454,0.498977,0.532466,0.755715
/kaggle/input/datasets/afqwe0/clotheslabelled/Himesh/Jacket/001406.jpg,8,0.480454,0.498977,0.532466,0.755715
/kaggle/input/datasets/afqwe0/clotheslabelled/Himesh/Jacket/001406.jpg,8,0.480454,0.498977,0.532466,0.755715
/kaggle/input/datasets/afqwe0/clotheslabelled/Himesh/Jacket/001406.jpg,8,0.480454,0.498977,0.532466,0.755715
/kaggle/input/datasets/afqwe0/clotheslabelled/Himesh/Jacket/001406.jpg,8,0.480454,0.498977,0.532466,0.755715
/kaggle/input/datasets/afqwe0/clotheslabelled/Himesh/Jacket/001406.jpg,8,0.480454,0.498977,0.532466,0.755715
/kaggle/input/datasets/afqwe0/clotheslabelled/Himesh/Jacket/001406.jpg,8,0.480454,0.498977,0.532466,0.755715
/kaggle/input/datasets/afqwe0/clotheslabelled/Himesh/Jacket/001406.jpg,8,0.480454,0.498977,0.532466,0.755715
/kaggle/input/datasets/afqwe0/clotheslabelled/Himesh/Jacket/001406.jpg,8,0.480454,0.498977,0.532466,0.755715
/kaggle/input/datasets/afqwe0/clotheslabelled/Himesh/Jacket/001406.jpg,8,0.480454,0.498977,0.532466,0.755715
/kaggle/input/datasets/afqwe0/clotheslabelled/Himesh/Jacket/001406.jpg,8,0.480454,0.498977,0.532466,0.755715
/kaggle/input/datasets/afqwe0/clotheslabelled/Himesh/Jacket/001406.jpg,8,0.480454,0.498977,0.532466,0.755715
/kaggle/input/datasets/afqwe0/clotheslabelled/Himesh/Jacket/001406.jpg,8,0.480454,0.498977,0.532466,0.755715
/kaggle/input/datasets/afqwe0/clotheslabelled/Himesh/Jacket/001406.jpg,8,0.480454,0.498977,0.532466,0.755715
/kaggle/input/datasets/afqwe0/clotheslabelled/Himesh/Jacket/001406.jpg,8,0.480454,0.498977,0.532466,0.755715
/kaggle/input/datasets/afqwe0/clotheslabelled/Himesh/Jacket/001406.jpg,8,0.480454,0.498977,0.532466,0.755715
/kaggle/input/datasets/afqwe0/clotheslabelled/Himesh/Jacket/001406.jpg,8,0.480454,0.498977,0.532466,0.755715
/kaggle/input/datasets/afqwe0/clotheslabelled/Himesh/Jacket/001406.jpg,8,0.480454,0.498977,0.532466,0.755715
/kaggle/input/datasets/afqwe0/clotheslabelled/Himesh/Jacket/001406.jpg,8,0.480454,0.498977,0.532466,0.755715
/kaggle/input/datasets/afqwe0/clotheslabelled/Himesh/Jacket/001406.jpg,8,0.480454,0.498977,0.532466,0.755715
/kaggle/input/datasets/afqwe0/clotheslabelled/Himesh/Jacket/001406.jpg,8,0.480454,0.498977,0.532466,0.755715
/kaggle/input/datasets/afqwe0/clotheslabelled/Himesh/Jacket/001406.jpg,8,0.480454,0.498977,0.532466,0.755715
/kaggle/input/datasets/afqwe0/clotheslabelled/Himesh/Jacket/001406.jpg,8,0.480454,0.498977,0.532466,0.755715
/kaggle/input/datasets/afqwe0/clotheslabelled/Himesh/Jacket/001406.jpg,8,0.480454,0.498977,0.532466,0.755715
/kaggle/input/datasets/afqwe0/clotheslabelled/Himesh/Jacket/001406.jpg,8,0.480454,0.498977,0.532466,0.755715
/kaggle/input/datasets/afqwe0/clotheslabelled/Himesh/Jacket/001406.jpg,8,0.480454,0.498977,0.532466,0.755715
/kaggle/input/datasets/afqwe0/clotheslabelled/Himesh/Jacket/001406.jpg,8,0.480454,0.498977,0.532466,0.755715
/kaggle/input/datasets/afqwe0/clotheslabelled/Himesh/Jacket/001406.jpg,8,0.480454,0.498977,0.532466,0.755715
/kaggle/input/datasets/afqwe0/clotheslabelled/Himesh/Jacket/001406.jpg,8,0.480454,0.498977,0.532466,0.755715
/kaggle/input/datasets/afqwe0/clotheslabelled/Himesh/Jacket/001406.jpg,8,0.480454,0.498977,0.532466,0.755715
/kaggle/input/datasets/afqwe0/clotheslabelled/Himesh/Jacket/001406.jpg,8,0.480454,0.498977,0.532466,0.755715
/kaggle/input/datasets/afqwe0/clotheslabelled/Himesh/Jacket/001406.jpg,8,0.480454,0.498977,0.532466,0.755715
/kaggle/input/datasets/afqwe0/clotheslabelled/Himesh/Jacket/001406.jpg,8,0.480454,0.498977,0.532466,0.755715
/kaggle/input/datasets/afqwe0/clotheslabelled/Himesh/Jacket/001406.jpg,8,0.480454,0.498977,0.532466,0.755715
/kaggle/input/datasets/afqwe0/clotheslabelled/Himesh/Jacket/001406.jpg,8,0.480454,0.498977,0.532466,0.755715
/kaggle/input/datasets/afqwe0/clotheslabelled/Himesh/Jacket/001406.jpg,8,0.480454,0.498977,0.532466,0.755715
/kaggle/input/datasets/afqwe0/clotheslabelled/Himesh/Jacket/001406.jpg,8,0.480454,0.498977,0.532466,0.755715
/kaggle/input/datasets/afqwe0/clotheslabelled/Himesh/Jacket/001406.jpg,8,0.480454,0.498977,0.532466,0.755715
/kaggle/input/datasets/afqwe0/clotheslabelled/Himesh/Jacket/001406.jpg,8,0.480454,0.498977,0.532466,0.755715
/kaggle/input/datasets/afqwe0/clotheslabelled/Himesh/Jacket/001406.jpg,8,0.480454,0.498977,0.532466,0.755715
/kaggle/input/datasets/afqwe0/clotheslabelled/Himesh/Jacket/001406.jpg,8,0.480454,0.498977,0.532466,0.755715
/kaggle/input/datasets/afqwe0/clotheslabelled/Himesh/Jacket/001406.jpg,8,0.480454,0.498977,0.532466,0.755715
/kaggle/input/datasets/afqwe0/clotheslabelled/Himesh/Jacket/001406.jpg,8,0.480454,0.498977,0.532466,0.755715
/kaggle/input/datasets/afqwe0/clotheslabelled/Himesh/Jacket/001406.jpg,8,0.480454,0.498977,0.532466,0.755715
/kaggle/input/datasets/afqwe0/clotheslabelled/Himesh/Jacket/001406.jpg,8,0.480454,0.498977,0.532466,0.755715
/kaggle/input/datasets/afqwe0/clotheslabelled/Himesh/Jacket/001406.jpg,8,0.480454,0.498977,0.532466,0.755715
/kaggle/input/datasets/afqwe0/clotheslabelled/Himesh/Jacket/001406.jpg,8,0.480454,0.498977,0.532466,0.755715
/kaggle/input/datasets/afqwe0/clotheslabelled/Himesh/Jacket/001406.jpg,8,0.480454,0.498977,0.532466,0.755715
/kaggle/input/datasets/afqwe0/clotheslabelled/Himesh/Jacket/001406.jpg,8,0.480454,0.498977,0.532466,0.755715
/kaggle/input/datasets/afqwe0/clotheslabelled/Himesh/Jacket/001406.jpg,8,0.480454,0.498977,0.532466,0.755715
/kaggle/input/datasets/afqwe0/clotheslabelled/Himesh/Jacket/001406.jpg,8,0.480454,0.498977,0.532466,0.755715
/kaggle/input/datasets/afqwe0/clotheslabelled/Himesh/Jacket/001406.jpg,8,0.480454,0.498977,0.532466,0.755715
/kaggle/input/datasets/afqwe0/clotheslabelled/Himesh/Jacket/001406.jpg,8,0.480454,0.498977,0.532466,0.755715
/kaggle/input/datasets/afqwe0/clotheslabelled/Himesh/Jacket/001406.jpg,8,0.480454,0.498977,0.532466,0.755715
/kaggle/input/datasets/afqwe0/clotheslabelled/Himesh/Jacket/001406.jpg,8,0.480454,0.498977,0.532466,0.755715
/kaggle/input/datasets/afqwe0/clotheslabelled/Himesh/Jacket/001406.jpg,8,0.480454,0.498977,0.532466,0.755715
/kaggle/input/datasets/afqwe0/clotheslabelled/Himesh/Jacket/001406.jpg,8,0.480454,0.498977,0.532466,0.755715
/kaggle/input/datasets/afqwe0/clotheslabelled/Himesh/Jacket/001406.jpg,8,0.480454,0.498977,0.532466,0.755715
/kaggle/input/datasets/afqwe0/clotheslabelled/Himesh/Jacket/001406.jpg,8,0.480454,0.498977,0.532466,0.755715
/kaggle/input/datasets/afqwe0/clotheslabelled/Himesh/Jacket/001406.jpg,8,0.480454,0.498977,0.532466,0.755715
/kaggle/input/datasets/afqwe0/clotheslabelled/Himesh/Jacket/001406.jpg,8,0.480454,0.498977,0.532466,0.755715
/kaggle/input/datasets/afqwe0/clotheslabelled/Himesh/Jacket/001406.jpg,8,0.480454,0.498977,0.532466,0.755715
/kaggle/input/datasets/afqwe0/clotheslabelled/Himesh/Jacket/001406.jpg,8,0.480454,0.498977,0.532466,0.755715
/kaggle/input/datasets/afqwe0/clotheslabelled/Himesh/Jacket/001406.jpg,8,0.480454,0.498977,0.532466,0.755715
/kaggle/input/datasets/afqwe0/clotheslabelled/Himesh/Jacket/001406.jpg,8,0.480454,0.498977,0.532466,0.755715
/kaggle/input/datasets/afqwe0/clotheslabelled/Himesh/Jacket/001406.jpg,8,0.480454,0.498977,0.532466,0.755715
/kaggle/input/datasets/afqwe0/clotheslabelled/Himesh/Jacket/001406.jpg,8,0.480454,0.498977,0.532466,0.755715
/kaggle/input/datasets/afqwe0/clotheslabelled/Himesh/Jacket/001406.jpg,8,0.480454,0.498977,0.532466,0.755715
/kaggle/input/datasets/afqwe0/clotheslabelled/Himesh/Jacket/001406.jpg,8,0.480454,0.498977,0.532466,0.755715
/kaggle/input/datasets/afqwe0/clotheslabelled/Himesh/Jacket/001406.jpg,8,0.480454,0.498977,0.532466,0.755715
/kaggle/input/datasets/afqwe0/clotheslabelled/Himesh/Jacket/001406.jpg,8,0.480454,0.498977,0.532466,0.755715
/kaggle/input/datasets/afqwe0/clotheslabelled/Himesh/Jacket/001406.jpg,8,0.480454,0.498977,0.532466,0.755715
/kaggle/input/datasets/afqwe0/clotheslabelled/Himesh/Jacket/001406.jpg,8,0.480454,0.498977,0.532466,0.755715
/kaggle/input/datasets/afqwe0/clotheslabelled/Himesh/Jacket/001406.jpg,8,0.480454,0.498977,0.532466,0.755715
/kaggle/input/datasets/afqwe0/clotheslabelled/Himesh/Jacket/001406.jpg,8,0.480454,0.498977,0.532466,0.755715
/kaggle/input/datasets/afqwe0/clotheslabelled/Himesh/Jacket/001406.jpg,8,0.480454,0.498977,0.532466,0.755715
/kaggle/input/datasets/afqwe0/clotheslabelled/Himesh/Jacket/001406.jpg,8,0.480454,0.498977,0.532466,0.755715
/kaggle/input/datasets/afqwe0/clotheslabelled/Himesh/Jacket/001406.jpg,8,0.480454,0.498977,0.532466,0.755715
/kaggle/input/datasets/afqwe0/clotheslabelled/Himesh/Jacket/001406.jpg,8,0.480454,0.498977,0.532466,0.755715
/kaggle/input/datasets/afqwe0/clotheslabelled/Himesh/Jacket/001406.jpg,8,0.480454,0.498977,0.532466,0.755715
/kaggle/input/datasets/afqwe0/clotheslabelled/Himesh/Jacket/001406.jpg,8,0.480454,0.498977,0.532466,0.755715
/kaggle/input/datasets/afqwe0/clotheslabelled/Himesh/Jacket/001406.jpg,8,0.480454,0.498977,0.532466,0.755715
/kaggle/input/datasets/afqwe0/clotheslabelled/Himesh/Jacket/001406.jpg,8,0.480454,0.498977,0.532466,0.755715
/kaggle/input/datasets/afqwe0/clotheslabelled/Himesh/Jacket/001406.jpg,8,0.480454,0.498977,0.532466,0.755715
/kaggle/input/datasets/afqwe0/clotheslabelled/Himesh/Jacket/001406.jpg,8,0.480454,0.498977,0.532466,0.755715
/kaggle/input/datasets/afqwe0/clotheslabelled/Himesh/Jacket/001406.jpg,8,0.480454,0.498977,0.532466,0.755715
/kaggle/input/datasets/afqwe0/clotheslabelled/Himesh/Jacket/001406.jpg,8,0.480454,0.498977,0.532466,0.755715
/kaggle/input/datasets/afqwe0/clotheslabelled/Himesh/Jacket/001406.jpg,8,0.480454,0.498977,0.532466,0.755715
/kaggle/input/datasets/afqwe0/clotheslabelled/Himesh/Jacket/001406.jpg,8,0.480454,0.498977,0.532466,0.755715
/kaggle/input/datasets/afqwe0/clotheslabelled/Himesh/Jacket/001406.jpg,8,0.480454,0.498977,0.532466,0.755715
/kaggle/input/datasets/afqwe0/clotheslabelled/Himesh/Jacket/001406.jpg,8,0.480454,0.498977,0.532466,0.755715
/kaggle/input/datasets/afqwe0/clotheslabelled/Himesh/Jacket/001406.jpg,8,0.480454,0.498977,0.532466,0.755715
/kaggle/input/datasets/afqwe0/clotheslabelled/Himesh/Jacket/001406.jpg,8,0.480454,0.498977,0.532466,0.755715
/kaggle/input/datasets/afqwe0/clotheslabelled/Himesh/Jacket/001406.jpg,8,0.480454,0.498977,0.532466,0.755715
/kaggle/input/datasets/afqwe0/clotheslabelled/Himesh/Jacket/001406.jpg,8,0.480454,0.498977,0.532466,0.755715
/kaggle/input/datasets/afqwe0/clotheslabelled/Himesh/Jacket/001406.jpg,8,0.480454,0.498977,0.532466,0.755715
/kaggle/input/datasets/afqwe0/clotheslabelled/Himesh/Jacket/001406.jpg,8,0.480454,0.498977,0.532466,0.755715
/kaggle/input/datasets/afqwe0/clotheslabelled/Himesh/Jacket/001406.jpg,8,0.480454,0.498977,0.532466,0.755715
/kaggle/input/datasets/afqwe0/clotheslabelled/Himesh/Jacket/001406.jpg,8,0.480454,0.498977,0.532466,0.755715
/kaggle/input/datasets/afqwe0/clotheslabelled/Himesh/Jacket/001406.jpg,8,0.480454,0.498977,0.532466,0.755715
/kaggle/input/datasets/afqwe0/clotheslabelled/Himesh/Jacket/001406.jpg,8,0.480454,0.498977,0.532466,0.755715
/kaggle/input/datasets/afqwe0/clotheslabelled/Himesh/Jacket/001406.jpg,8,0.480454,0.498977,0.532466,0.755715
/kaggle/input/datasets/afqwe0/clotheslabelled/Himesh/Jacket/001406.jpg,8,0.480454,0.498977,0.532466,0.755715
/kaggle/input/datasets/afqwe0/clotheslabelled/Himesh/Jacket/001406.jpg,8,0.480454,0.498977,0.532466,0.755715
/kaggle/input/datasets/afqwe0/clotheslabelled/Himesh/Jacket/001406.jpg,8,0.480454,0.498977,0.532466,0.755715
/kaggle/input/datasets/afqwe0/clotheslabelled/Himesh/Jacket/001406.jpg,8,0.480454,0.498977,0.532466,0.755715
/kaggle/input/datasets/afqwe0/clotheslabelled/Himesh/Jacket/001406.jpg,8,0.480454,0.498977,0.532466,0.755715
/kaggle/input/datasets/afqwe0/clotheslabelled/Himesh/Jacket/001406.jpg,8,0.480454,0.498977,0.532466,0.755715
/kaggle/input/datasets/afqwe0/clotheslabelled/Himesh/Jacket/001406.jpg,8,0.480454,0.498977,0.532466,0.755715
/kaggle/input/datasets/afqwe0/clotheslabelled/Himesh/Jacket/001406.jpg,8,0.480454,0.498977,0.532466,0.755715
/kaggle/input/datasets/afqwe0/clotheslabelled/Himesh/Jacket/001406.jpg,8,0.480454,0.498977,0.532466,0.755715
/kaggle/input/datasets/afqwe0/clotheslabelled/Himesh/Jacket/001406.jpg,8,0.480454,0.498977,0.532466,0.755715
/kaggle/input/datasets/afqwe0/clotheslabelled/Himesh/Jacket/001406.jpg,8,0.480454,0.498977,0.532466,0.755715
/kaggle/input/datasets/afqwe0/clotheslabelled/Himesh/Jacket/001406.jpg,8,0.480454,0.498977,0.532466,0.755715
/kaggle/input/datasets/afqwe0/clotheslabelled/Himesh/Jacket/001406.jpg,8,0.480454,0.498977,0.532466,0.755715
/kaggle/input/datasets/afqwe0/clotheslabelled/Himesh/Jacket/001406.jpg,8,0.480454,0.498977,0.532466,0.755715
/kaggle/input/datasets/afqwe0/clotheslabelled/Himesh/Jacket/001406.jpg,8,0.480454,0.498977,0.532466,0.755715
/kaggle/input/datasets/afqwe0/clotheslabelled/Himesh/Jacket/001406.jpg,8,0.480454,0.498977,0.532466,0.755715
/kaggle/input/datasets/afqwe0/clotheslabelled/Himesh/Jacket/001406.jpg,8,0.480454,0.498977,0.532466,0.755715
/kaggle/input/datasets/afqwe0/clotheslabelled/Himesh/Jacket/001406.jpg,8,0.480454,0.498977,0.532466,0.755715
/kaggle/input/datasets/afqwe0/clotheslabelled/Himesh/Jacket/001406.jpg,8,0.480454,0.498977,0.532466,0.755715
/kaggle/input/datasets/afqwe0/clotheslabelled/Himesh/Jacket/001406.jpg,8,0.480454,0.498977,0.532466,0.755715
/kaggle/input/datasets/afqwe0/clotheslabelled/Himesh/Jacket/001406.jpg,8,0.480454,0.498977,0.532466,0.755715
/kaggle/input/datasets/afqwe0/clotheslabelled/Himesh/Jacket/001406.jpg,8,0.480454,0.498977,0.532466,0.755715
/kaggle/input/datasets/afqwe0/clotheslabelled/Himesh/Jacket/001406.jpg,8,0.480454,0.498977,0.532466,0.755715
/kaggle/input/datasets/afqwe0/clotheslabelled/Himesh/Jacket/001406.jpg,8,0.480454,0.498977,0.532466,0.755715
/kaggle/input/datasets/afqwe0/clotheslabelled/Himesh/Jacket/001406.jpg,8,0.480454,0.498977,0.532466,0.755715
/kaggle/input/datasets/afqwe0/clotheslabelled/Himesh/Jacket/001406.jpg,8,0.480454,0.498977,0.532466,0.755715
/kaggle/input/datasets/afqwe0/clotheslabelled/Himesh/Jacket/001406.jpg,8,0.480454,0.498977,0.532466,0.755715
/kaggle/input/datasets/afqwe0/clotheslabelled/Himesh/Jacket/001406.jpg,8,0.480454,0.498977,0.532466,0.755715
/kaggle/input/datasets/afqwe0/clotheslabelled/Himesh/Jacket/001406.jpg,8,0.480454,0.498977,0.532466,0.755715
/kaggle/input/datasets/afqwe0/clotheslabelled/Himesh/Jacket/001406.jpg,8,0.480454,0.498977,0.532466,0.755715
/kaggle/input/datasets/afqwe0/clotheslabelled/Himesh/Jacket/001406.jpg,8,0.480454,0.498977,0.532466,0.755715
/kaggle/input/datasets/afqwe0/clotheslabelled/Himesh/Jacket/001406.jpg,8,0.480454,0.498977,0.532466,0.755715
/kaggle/input/datasets/afqwe0/clotheslabelled/Himesh/Jacket/001406.jpg,8,0.480454,0.498977,0.532466,0.755715
/kaggle/input/datasets/afqwe0/clotheslabelled/Himesh/Jacket/001406.jpg,8,0.480454,0.498977,0.532466,0.755715
/kaggle/input/datasets/afqwe0/clotheslabelled/Himesh/Jacket/001406.jpg,8,0.480454,0.498977,0.532466,0.755715
/kaggle/input/datasets/afqwe0/clotheslabelled/Himesh/Jacket/001406.jpg,8,0.480454,0.498977,0.532466,0.755715
/kaggle/input/datasets/afqwe0/clotheslabelled/Himesh/Jacket/001406.jpg,8,0.480454,0.498977,0.532466,0.755715
/kaggle/input/datasets/afqwe0/clotheslabelled/Himesh/Jacket/001406.jpg,8,0.480454,0.498977,0.532466,0.755715
/kaggle/input/datasets/afqwe0/clotheslabelled/Himesh/Jacket/001406.jpg,8,0.480454,0.498977,0.532466,0.755715
/kaggle/input/datasets/afqwe0/clotheslabelled/Himesh/Jacket/001406.jpg,8,0.480454,0.498977,0.532466,0.755715
/kaggle/input/datasets/afqwe0/clotheslabelled/Himesh/Jacket/001406.jpg,8,0.480454,0.498977,0.532466,0.755715
/kaggle/input/datasets/afqwe0/clotheslabelled/Himesh/Jacket/001406.jpg,8,0.480454,0.498977,0.532466,0.755715
/kaggle/input/datasets/afqwe0/clotheslabelled/Himesh/Jacket/001406.jpg,8,0.480454,0.498977,0.532466,0.755715
/kaggle/input/datasets/afqwe0/clotheslabelled/Himesh/Jacket/001406.jpg,8,0.480454,0.498977,0.532466,0.755715
/kaggle/input/datasets/afqwe0/clotheslabelled/Himesh/Jacket/001406.jpg,8,0.480454,0.498977,0.532466,0.755715
/kaggle/input/datasets/afqwe0/clotheslabelled/Himesh/Jacket/001406.jpg,8,0.480454,0.498977,0.532466,0.755715
/kaggle/input/datasets/afqwe0/clotheslabelled/Himesh/Jacket/001406.jpg,8,0.480454,0.498977,0.532466,0.755715
/kaggle/input/datasets/afqwe0/clotheslabelled/Himesh/Jacket/001406.jpg,8,0.480454,0.498977,0.532466,0.755715
/kaggle/input/datasets/afqwe0/clotheslabelled/Himesh/Jacket/001406.jpg,8,0.480454,0.498977,0.532466,0.755715
/kaggle/input/datasets/afqwe0/clotheslabelled/Himesh/Jacket/001406.jpg,8,0.480454,0.498977,0.532466,0.755715
/kaggle/input/datasets/afqwe0/clotheslabelled/Himesh/Jacket/001406.jpg,8,0.480454,0.498977,0.532466,0.755715
/kaggle/input/datasets/afqwe0/clotheslabelled/Himesh/Jacket/001406.jpg,8,0.480454,0.498977,0.532466,0.755715
/kaggle/input/datasets/afqwe0/clotheslabelled/Himesh/Jacket/001406.jpg,8,0.480454,0.498977,0.532466,0.755715
/kaggle/input/datasets/afqwe0/clotheslabelled/Himesh/Jacket/001406.jpg,8,0.480454,0.498977,0.532466,0.755715
/kaggle/input/datasets/afqwe0/clotheslabelled/Himesh/Jacket/001406.jpg,8,0.480454,0.498977,0.532466,0.755715
/kaggle/input/datasets/afqwe0/clotheslabelled/Himesh/Jacket/001406.jpg,8,0.480454,0.498977,0.532466,0.755715
/kaggle/input/datasets/afqwe0/clotheslabelled/Himesh/Jacket/001406.jpg,8,0.480454,0.498977,0.532466,0.755715
/kaggle/input/datasets/afqwe0/clotheslabelled/Himesh/Jacket/001406.jpg,8,0.480454,0.498977,0.532466,0.755715
/kaggle/input/datasets/afqwe0/clotheslabelled/Himesh/Jacket/001406.jpg,8,0.480454,0.498977,0.532466,0.755715
/kaggle/input/datasets/afqwe0/clotheslabelled/Himesh/Jacket/001406.jpg,8,0.480454,0.498977,0.532466,0.755715
/kaggle/input/datasets/afqwe0/clotheslabelled/Himesh/Jacket/001406.jpg,8,0.480454,0.498977,0.532466,0.755715
/kaggle/input/datasets/afqwe0/clotheslabelled/Himesh/Jacket/001406.jpg,8,0.480454,0.498977,0.532466,0.755715
/kaggle/input/datasets/afqwe0/clotheslabelled/Himesh/Jacket/001406.jpg,8,0.480454,0.498977,0.532466,0.755715
/kaggle/input/datasets/afqwe0/clotheslabelled/Himesh/Jacket/001406.jpg,8,0.480454,0.498977,0.532466,0.755715
/kaggle/input/datasets/afqwe0/clotheslabelled/Himesh/Jacket/001406.jpg,8,0.480454,0.498977,0.532466,0.755715
/kaggle/input/datasets/afqwe0/clotheslabelled/Himesh/Jacket/001406.jpg,8,0.480454,0.498977,0.532466,0.755715
/kaggle/input/datasets/afqwe0/clotheslabelled/Himesh/Jacket/001406.jpg,8,0.480454,0.498977,0.532466,0.755715
/kaggle/input/datasets/afqwe0/clotheslabelled/Himesh/Jacket/001406.jpg,8,0.480454,0.498977,0.532466,0.755715
/kaggle/input/datasets/afqwe0/clotheslabelled/Himesh/Jacket/001406.jpg,8,0.480454,0.498977,0.532466,0.755715
/kaggle/input/datasets/afqwe0/clotheslabelled/Himesh/Jacket/001406.jpg,8,0.480454,0.498977,0.532466,0.755715
/kaggle/input/datasets/afqwe0/clotheslabelled/Himesh/Jacket/001406.jpg,8,0.480454,0.498977,0.532466,0.755715
/kaggle/input/datasets/afqwe0/clotheslabelled/Himesh/Jacket/001406.jpg,8,0.480454,0.498977,0.532466,0.755715
/kaggle/input/datasets/afqwe0/clotheslabelled/Himesh/Jacket/001406.jpg,8,0.480454,0.498977,0.532466,0.755715
/kaggle/input/datasets/afqwe0/clotheslabelled/Himesh/Jacket/001406.jpg,8,0.480454,0.498977,0.532466,0.755715
/kaggle/input/datasets/afqwe0/clotheslabelled/Himesh/Jacket/001406.jpg,8,0.480454,0.498977,0.532466,0.755715
/kaggle/input/datasets/afqwe0/clotheslabelled/Himesh/Jacket/001406.jpg,8,0.480454,0.498977,0.532466,0.755715
/kaggle/input/datasets/afqwe0/clotheslabelled/Himesh/Jacket/001406.jpg,8,0.480454,0.498977,0.532466,0.755715
/kaggle/input/datasets/afqwe0/clotheslabelled/Himesh/Jacket/001406.jpg,8,0.480454,0.498977,0.532466,0.755715
/kaggle/input/datasets/afqwe0/clotheslabelled/Himesh/Jacket/001406.jpg,8,0.480454,0.498977,0.532466,0.755715
/kaggle/input/datasets/afqwe0/clotheslabelled/Himesh/Jacket/001406.jpg,8,0.480454,0.498977,0.532466,0.755715
/kaggle/input/datasets/afqwe0/clotheslabelled/Himesh/Jacket/001406.jpg,8,0.480454,0.498977,0.532466,0.755715
/kaggle/input/datasets/afqwe0/clotheslabelled/Himesh/Jacket/001406.jpg,8,0.480454,0.498977,0.532466,0.755715
/kaggle/input/datasets/afqwe0/clotheslabelled/Himesh/Jacket/001406.jpg,8,0.480454,0.498977,0.532466,0.755715
/kaggle/input/datasets/afqwe0/clotheslabelled/Himesh/Jacket/001406.jpg,8,0.480454,0.498977,0.532466,0.755715
/kaggle/input/datasets/afqwe0/clotheslabelled/Himesh/Jacket/001406.jpg,8,0.480454,0.498977,0.532466,0.755715
/kaggle/input/datasets/afqwe0/clotheslabelled/Himesh/Jacket/001406.jpg,8,0.480454,0.498977,0.532466,0.755715
/kaggle/input/datasets/afqwe0/clotheslabelled/Himesh/Jacket/001406.jpg,8,0.480454,0.498977,0.532466,0.755715
/kaggle/input/datasets/afqwe0/clotheslabelled/Himesh/Jacket/001406.jpg,8,0.480454,0.498977,0.532466,0.755715
/kaggle/input/datasets/afqwe0/clotheslabelled/Himesh/Jacket/001406.jpg,8,0.480454,0.498977,0.532466,0.755715
/kaggle/input/datasets/afqwe0/clotheslabelled/Himesh/Jacket/001406.jpg,8,0.480454,0.498977,0.532466,0.755715
/kaggle/input/datasets/afqwe0/clotheslabelled/Himesh/Jacket/001406.jpg,8,0.480454,0.498977,0.532466,0.755715
/kaggle/input/datasets/afqwe0/clotheslabelled/Himesh/Jacket/001406.jpg,8,0.480454,0.498977,0.532466,0.755715
/kaggle/input/datasets/afqwe0/clotheslabelled/Himesh/Jacket/001406.jpg,8,0.480454,0.498977,0.532466,0.755715
/kaggle/input/datasets/afqwe0/clotheslabelled/Himesh/Jacket/001406.jpg,8,0.480454,0.498977,0.532466,0.755715
/kaggle/input/datasets/afqwe0/clotheslabelled/Himesh/Jacket/001406.jpg,8,0.480454,0.498977,0.532466,0.755715
/kaggle/input/datasets/afqwe0/clotheslabelled/Himesh/Jacket/001406.jpg,8,0.480454,0.498977,0.532466,0.755715
/kaggle/input/datasets/afqwe0/clotheslabelled/Himesh/Jacket/001406.jpg,8,0.480454,0.498977,0.532466,0.755715
/kaggle/input/datasets/afqwe0/clotheslabelled/Himesh/Jacket/001406.jpg,8,0.480454,0.498977,0.532466,0.755715
/kaggle/input/datasets/afqwe0/clotheslabelled/Himesh/Jacket/001406.jpg,8,0.480454,0.498977,0.532466,0.755715
/kaggle/input/datasets/afqwe0/clotheslabelled/Himesh/Jacket/001406.jpg,8,0.480454,0.498977,0.532466,0.755715
/kaggle/input/datasets/afqwe0/clotheslabelled/Himesh/Jacket/001406.jpg,8,0.480454,0.498977,0.532466,0.755715
/kaggle/input/datasets/afqwe0/clotheslabelled/Himesh/Jacket/001406.jpg,8,0.480454,0.498977,0.532466,0.755715
/kaggle/input/datasets/afqwe0/clotheslabelled/Himesh/Jacket/001406.jpg,8,0.480454,0.498977,0.532466,0.755715
/kaggle/input/datasets/afqwe0/clotheslabelled/Himesh/Jacket/001406.jpg,8,0.480454,0.498977,0.532466,0.755715
/kaggle/input/datasets/afqwe0/clotheslabelled/Himesh/Jacket/001406.jpg,8,0.480454,0.498977,0.532466,0.755715
/kaggle/input/datasets/afqwe0/clotheslabelled/Himesh/Jacket/001406.jpg,8,0.480454,0.498977,0.532466,0.755715
/kaggle/input/datasets/afqwe0/clotheslabelled/Himesh/Jacket/001406.jpg,8,0.480454,0.498977,0.532466,0.755715
/kaggle/input/datasets/afqwe0/clotheslabelled/Himesh/Jacket/001406.jpg,8,0.480454,0.498977,0.532466,0.755715
/kaggle/input/datasets/afqwe0/clotheslabelled/Himesh/Jacket/001406.jpg,8,0.480454,0.498977,0.532466,0.755715
/kaggle/input/datasets/afqwe0/clotheslabelled/Himesh/Jacket/001406.jpg,8,0.480454,0.498977,0.532466,0.755715
/kaggle/input/datasets/afqwe0/clotheslabelled/Himesh/Jacket/001406.jpg,8,0.480454,0.498977,0.532466,0.755715
/kaggle/input/datasets/afqwe0/clotheslabelled/Himesh/Jacket/001406.jpg,8,0.480454,0.498977,0.532466,0.755715
/kaggle/input/datasets/afqwe0/clotheslabelled/Himesh/Jacket/001406.jpg,8,0.480454,0.498977,0.532466,0.755715
/kaggle/input/datasets/afqwe0/clotheslabelled/Himesh/Jacket/001406.jpg,8,0.480454,0.498977,0.532466,0.755715
/kaggle/input/datasets/afqwe0/clotheslabelled/Himesh/Jacket/001406.jpg,8,0.480454,0.498977,0.532466,0.755715
/kaggle/input/datasets/afqwe0/clotheslabelled/Himesh/Jacket/001406.jpg,8,0.480454,0.498977,0.532466,0.755715
/kaggle/input/datasets/afqwe0/clotheslabelled/Himesh/Jacket/001406.jpg,8,0.480454,0.498977,0.532466,0.755715
/kaggle/input/datasets/afqwe0/clotheslabelled/Himesh/Jacket/001406.jpg,8,0.480454,0.498977,0.532466,0.755715
/kaggle/input/datasets/afqwe0/clotheslabelled/Himesh/Jacket/001406.jpg,8,0.480454,0.498977,0.532466,0.755715
/kaggle/input/datasets/afqwe0/clotheslabelled/Himesh/Jacket/001406.jpg,8,0.480454,0.498977,0.532466,0.755715
/kaggle/input/datasets/afqwe0/clotheslabelled/Himesh/Jacket/001406.jpg,8,0.480454,0.498977,0.532466,0.755715
/kaggle/input/datasets/afqwe0/clotheslabelled/Himesh/Jacket/001406.jpg,8,0.480454,0.498977,0.532466,0.755715
/kaggle/input/datasets/afqwe0/clotheslabelled/Himesh/Jacket/001406.jpg,8,0.480454,0.498977,0.532466,0.755715
/kaggle/input/datasets/afqwe0/clotheslabelled/Himesh/Jacket/001406.jpg,8,0.480454,0.498977,0.532466,0.755715
/kaggle/input/datasets/afqwe0/clotheslabelled/Himesh/Jacket/001406.jpg,8,0.480454,0.498977,0.532466,0.755715
/kaggle/input/datasets/afqwe0/clotheslabelled/Himesh/Jacket/001406.jpg,8,0.480454,0.498977,0.532466,0.755715
/kaggle/input/datasets/afqwe0/clotheslabelled/Himesh/Jacket/001406.jpg,8,0.480454,0.498977,0.532466,0.755715
/kaggle/input/datasets/afqwe0/clotheslabelled/Himesh/Jacket/001406.jpg,8,0.480454,0.498977,0.532466,0.755715
/kaggle/input/datasets/afqwe0/clotheslabelled/Himesh/Jacket/001406.jpg,8,0.480454,0.498977,0.532466,0.755715
/kaggle/input/datasets/afqwe0/clotheslabelled/Himesh/Jacket/001406.jpg,8,0.480454,0.498977,0.532466,0.755715
/kaggle/input/datasets/afqwe0/clotheslabelled/Himesh/Jacket/001406.jpg,8,0.480454,0.498977,0.532466,0.755715
/kaggle/input/datasets/afqwe0/clotheslabelled/Himesh/Jacket/001406.jpg,8,0.480454,0.498977,0.532466,0.755715
/kaggle/input/datasets/afqwe0/clotheslabelled/Himesh/Jacket/001406.jpg,8,0.480454,0.498977,0.532466,0.755715
/kaggle/input/datasets/afqwe0/clotheslabelled/Himesh/Jacket/001406.jpg,8,0.480454,0.498977,0.532466,0.755715
/kaggle/input/datasets/afqwe0/clotheslabelled/Himesh/Jacket/001406.jpg,8,0.480454,0.498977,0.532466,0.755715
/kaggle/input/datasets/afqwe0/clotheslabelled/Himesh/Jacket/001406.jpg,8,0.480454,0.498977,0.532466,0.755715
/kaggle/input/datasets/afqwe0/clotheslabelled/Himesh/Jacket/001406.jpg,8,0.480454,0.498977,0.532466,0.755715
/kaggle/input/datasets/afqwe0/clotheslabelled/Himesh/Jacket/001406.jpg,8,0.480454,0.498977,0.532466,0.755715
/kaggle/input/datasets/afqwe0/clotheslabelled/Himesh/Jacket/001406.jpg,8,0.480454,0.498977,0.532466,0.755715
/kaggle/input/datasets/afqwe0/clotheslabelled/Himesh/Jacket/001406.jpg,8,0.480454,0.498977,0.532466,0.755715
/kaggle/input/datasets/afqwe0/clotheslabelled/Himesh/Jacket/001406.jpg,8,0.480454,0.498977,0.532466,0.755715
/kaggle/input/datasets/afqwe0/clotheslabelled/Himesh/Jacket/001406.jpg,8,0.480454,0.498977,0.532466,0.755715
/kaggle/input/datasets/afqwe0/clotheslabelled/Himesh/Jacket/001406.jpg,8,0.480454,0.498977,0.532466,0.755715
/kaggle/input/datasets/afqwe0/clotheslabelled/Himesh/Jacket/001406.jpg,8,0.480454,0.498977,0.532466,0.755715
/kaggle/input/datasets/afqwe0/clotheslabelled/Himesh/Jacket/001406.jpg,8,0.480454,0.498977,0.532466,0.755715
/kaggle/input/datasets/afqwe0/clotheslabelled/Himesh/Jacket/001406.jpg,8,0.480454,0.498977,0.532466,0.755715
/kaggle/input/datasets/afqwe0/clotheslabelled/Himesh/Jacket/001406.jpg,8,0.480454,0.498977,0.532466,0.755715
/kaggle/input/datasets/afqwe0/clotheslabelled/Himesh/Jacket/001406.jpg,8,0.480454,0.498977,0.532466,0.755715
/kaggle/input/datasets/afqwe0/clotheslabelled/Himesh/Jacket/001406.jpg,8,0.480454,0.498977,0.532466,0.755715
/kaggle/input/datasets/afqwe0/clotheslabelled/Himesh/Jacket/001406.jpg,8,0.480454,0.498977,0.532466,0.755715
/kaggle/input/datasets/afqwe0/clotheslabelled/Himesh/Jacket/001406.jpg,8,0.480454,0.498977,0.532466,0.755715
/kaggle/input/datasets/afqwe0/clotheslabelled/Himesh/Jacket/001406.jpg,8,0.480454,0.498977,0.532466,0.755715
/kaggle/input/datasets/afqwe0/clotheslabelled/Himesh/Jacket/001406.jpg,8,0.480454,0.498977,0.532466,0.755715
/kaggle/input/datasets/afqwe0/clotheslabelled/Himesh/Jacket/001406.jpg,8,0.480454,0.498977,0.532466,0.755715
/kaggle/input/datasets/afqwe0/clotheslabelled/Himesh/Jacket/001406.jpg,8,0.480454,0.498977,0.532466,0.755715
/kaggle/input/datasets/afqwe0/clotheslabelled/Himesh/Jacket/001406.jpg,8,0.480454,0.498977,0.532466,0.755715
/kaggle/input/datasets/afqwe0/clotheslabelled/Himesh/Jacket/001406.jpg,8,0.480454,0.498977,0.532466,0.755715
/kaggle/input/datasets/afqwe0/clotheslabelled/Himesh/Jacket/001406.jpg,8,0.480454,0.498977,0.532466,0.755715
/kaggle/input/datasets/afqwe0/clotheslabelled/Himesh/Jacket/001406.jpg,8,0.480454,0.498977,0.532466,0.755715
/kaggle/input/datasets/afqwe0/clotheslabelled/Himesh/Jacket/001406.jpg,8,0.480454,0.498977,0.532466,0.755715
/kaggle/input/datasets/afqwe0/clotheslabelled/Himesh/Jacket/001406.jpg,8,0.480454,0.498977,0.532466,0.755715
/kaggle/input/datasets/afqwe0/clotheslabelled/Himesh/Jacket/001406.jpg,8,0.480454,0.498977,0.532466,0.755715
/kaggle/input/datasets/afqwe0/clotheslabelled/Himesh/Jacket/001406.jpg,8,0.480454,0.498977,0.532466,0.755715
/kaggle/input/datasets/afqwe0/clotheslabelled/Himesh/Jacket/001406.jpg,8,0.480454,0.498977,0.532466,0.755715
/kaggle/input/datasets/afqwe0/clotheslabelled/Himesh/Jacket/001406.jpg,8,0.480454,0.498977,0.532466,0.755715
/kaggle/input/datasets/afqwe0/clotheslabelled/Himesh/Jacket/001406.jpg,8,0.480454,0.498977,0.532466,0.755715
/kaggle/input/datasets/afqwe0/clotheslabelled/Himesh/Jacket/001406.jpg,8,0.480454,0.498977,0.532466,0.755715
/kaggle/input/datasets/afqwe0/clotheslabelled/Himesh/Jacket/001406.jpg,8,0.480454,0.498977,0.532466,0.755715
/kaggle/input/datasets/afqwe0/clotheslabelled/Himesh/Jacket/001406.jpg,8,0.480454,0.498977,0.532466,0.755715
/kaggle/input/datasets/afqwe0/clotheslabelled/Himesh/Jacket/001406.jpg,8,0.480454,0.498977,0.532466,0.755715
/kaggle/input/datasets/afqwe0/clotheslabelled/Himesh/Jacket/001406.jpg,8,0.480454,0.498977,0.532466,0.755715
/kaggle/input/datasets/afqwe0/clotheslabelled/Himesh/Jacket/001406.jpg,8,0.480454,0.498977,0.532466,0.755715
/kaggle/input/datasets/afqwe0/clotheslabelled/Himesh/Jacket/001406.jpg,8,0.480454,0.498977,0.532466,0.755715
/kaggle/input/datasets/afqwe0/clotheslabelled/Himesh/Jacket/001406.jpg,8,0.480454,0.498977,0.532466,0.755715
/kaggle/input/datasets/afqwe0/clotheslabelled/Himesh/Jacket/001406.jpg,8,0.480454,0.498977,0.532466,0.755715
/kaggle/input/datasets/afqwe0/clotheslabelled/Himesh/Jacket/001406.jpg,8,0.480454,0.498977,0.532466,0.755715
/kaggle/input/datasets/afqwe0/clotheslabelled/Himesh/Jacket/001406.jpg,8,0.480454,0.498977,0.532466,0.755715
/kaggle/input/datasets/afqwe0/clotheslabelled/Himesh/Jacket/001406.jpg,8,0.480454,0.498977,0.532466,0.755715
/kaggle/input/datasets/afqwe0/clotheslabelled/Himesh/Jacket/001406.jpg,8,0.480454,0.498977,0.532466,0.755715
/kaggle/input/datasets/afqwe0/clotheslabelled/Himesh/Jacket/001406.jpg,8,0.480454,0.498977,0.532466,0.755715
/kaggle/input/datasets/afqwe0/clotheslabelled/Himesh/Jacket/001406.jpg,8,0.480454,0.498977,0.532466,0.755715
/kaggle/input/datasets/afqwe0/clotheslabelled/Himesh/Jacket/001406.jpg,8,0.480454,0.498977,0.532466,0.755715
/kaggle/input/datasets/afqwe0/clotheslabelled/Himesh/Jacket/001406.jpg,8,0.480454,0.498977,0.532466,0.755715
/kaggle/input/datasets/afqwe0/clotheslabelled/Himesh/Jacket/001406.jpg,8,0.480454,0.498977,0.532466,0.755715
/kaggle/input/datasets/afqwe0/clotheslabelled/Himesh/Jacket/001406.jpg,8,0.480454,0.498977,0.532466,0.755715
/kaggle/input/datasets/afqwe0/clotheslabelled/Himesh/Jacket/001406.jpg,8,0.480454,0.498977,0.532466,0.755715
/kaggle/input/datasets/afqwe0/clotheslabelled/Himesh/Jacket/001406.jpg,8,0.480454,0.498977,0.532466,0.755715
/kaggle/input/datasets/afqwe0/clotheslabelled/Himesh/Jacket/001406.jpg,8,0.480454,0.498977,0.532466,0.755715
/kaggle/input/datasets/afqwe0/clotheslabelled/Himesh/Jacket/001406.jpg,8,0.480454,0.498977,0.532466,0.755715
/kaggle/input/datasets/afqwe0/clotheslabelled/Himesh/Jacket/001406.jpg,8,0.480454,0.498977,0.532466,0.755715
/kaggle/input/datasets/afqwe0/clotheslabelled/Himesh/Jacket/001406.jpg,8,0.480454,0.498977,0.532466,0.755715
/kaggle/input/datasets/afqwe0/clotheslabelled/Himesh/Jacket/001406.jpg,8,0.480454,0.498977,0.532466,0.755715
/kaggle/input/datasets/afqwe0/clotheslabelled/Himesh/Jacket/001406.jpg,8,0.480454,0.498977,0.532466,0.755715
/kaggle/input/datasets/afqwe0/clotheslabelled/Himesh/Jacket/001406.jpg,8,0.480454,0.498977,0.532466,0.755715
/kaggle/input/datasets/afqwe0/clotheslabelled/Himesh/Jacket/001406.jpg,8,0.480454,0.498977,0.532466,0.755715
/kaggle/input/datasets/afqwe0/clotheslabelled/Himesh/Jacket/001406.jpg,8,0.480454,0.498977,0.532466,0.755715
/kaggle/input/datasets/afqwe0/clotheslabelled/Himesh/Jacket/001406.jpg,8,0.480454,0.498977,0.532466,0.755715
/kaggle/input/datasets/afqwe0/clotheslabelled/Himesh/Jacket/001406.jpg,8,0.480454,0.498977,0.532466,0.755715
/kaggle/input/datasets/afqwe0/clotheslabelled/Himesh/Jacket/001406.jpg,8,0.480454,0.498977,0.532466,0.755715
/kaggle/input/datasets/afqwe0/clotheslabelled/Himesh/Jacket/001406.jpg,8,0.480454,0.498977,0.532466,0.755715
/kaggle/input/datasets/afqwe0/clotheslabelled/Himesh/Jacket/001406.jpg,8,0.480454,0.498977,0.532466,0.755715
/kaggle/input/datasets/afqwe0/clotheslabelled/Himesh/Jacket/001406.jpg,8,0.480454,0.498977,0.532466,0.755715
/kaggle/input/datasets/afqwe0/clotheslabelled/Himesh/Jacket/001406.jpg,8,0.480454,0.498977,0.532466,0.755715
/kaggle/input/datasets/afqwe0/clotheslabelled/Himesh/Jacket/001406.jpg,8,0.480454,0.498977,0.532466,0.755715
/kaggle/input/datasets/afqwe0/clotheslabelled/Himesh/Jacket/001406.jpg,8,0.480454,0.498977,0.532466,0.755715
/kaggle/input/datasets/afqwe0/clotheslabelled/Himesh/Jacket/001406.jpg,8,0.480454,0.498977,0.532466,0.755715
/kaggle/input/datasets/afqwe0/clotheslabelled/Himesh/Jacket/001406.jpg,8,0.480454,0.498977,0.532466,0.755715
/kaggle/input/datasets/afqwe0/clotheslabelled/Himesh/Jacket/001406.jpg,8,0.480454,0.498977,0.532466,0.755715
/kaggle/input/datasets/afqwe0/clotheslabelled/Himesh/Jacket/001406.jpg,8,0.480454,0.498977,0.532466,0.755715
/kaggle/input/datasets/afqwe0/clotheslabelled/Himesh/Jacket/001406.jpg,8,0.480454,0.498977,0.532466,0.755715
/kaggle/input/datasets/afqwe0/clotheslabelled/Himesh/Jacket/001406.jpg,8,0.480454,0.498977,0.532466,0.755715
/kaggle/input/datasets/afqwe0/clotheslabelled/Himesh/Jacket/001406.jpg,8,0.480454,0.498977,0.532466,0.755715
/kaggle/input/datasets/afqwe0/clotheslabelled/Himesh/Jacket/001406.jpg,8,0.480454,0.498977,0.532466,0.755715
/kaggle/input/datasets/afqwe0/clotheslabelled/Himesh/Jacket/001406.jpg,8,0.480454,0.498977,0.532466,0.755715
/kaggle/input/datasets/afqwe0/clotheslabelled/Himesh/Jacket/001406.jpg,8,0.480454,0.498977,0.532466,0.755715
/kaggle/input/datasets/afqwe0/clotheslabelled/Himesh/Jacket/001406.jpg,8,0.480454,0.498977,0.532466,0.755715
/kaggle/input/datasets/afqwe0/clotheslabelled/Himesh/Jacket/001406.jpg,8,0.480454,0.498977,0.532466,0.755715
/kaggle/input/datasets/afqwe0/clotheslabelled/Himesh/Jacket/001406.jpg,8,0.480454,0.498977,0.532466,0.755715
/kaggle/input/datasets/afqwe0/clotheslabelled/Himesh/Jacket/001406.jpg,8,0.480454,0.498977,0.532466,0.755715
/kaggle/input/datasets/afqwe0/clotheslabelled/Himesh/Jacket/001406.jpg,8,0.480454,0.498977,0.532466,0.755715
/kaggle/input/datasets/afqwe0/clotheslabelled/Himesh/Jacket/001406.jpg,8,0.480454,0.498977,0.532466,0.755715
/kaggle/input/datasets/afqwe0/clotheslabelled/Himesh/Jacket/001406.jpg,8,0.480454,0.498977,0.532466,0.755715
/kaggle/input/datasets/afqwe0/clotheslabelled/Himesh/Jacket/001406.jpg,8,0.480454,0.498977,0.532466,0.755715
/kaggle/input/datasets/afqwe0/clotheslabelled/Himesh/Jacket/001406.jpg,8,0.480454,0.498977,0.532466,0.755715
/kaggle/input/datasets/afqwe0/clotheslabelled/Himesh/Jacket/001406.jpg,8,0.480454,0.498977,0.532466,0.755715
/kaggle/input/datasets/afqwe0/clotheslabelled/Himesh/Jacket/001406.jpg,8,0.480454,0.498977,0.532466,0.755715
/kaggle/input/datasets/afqwe0/clotheslabelled/Himesh/Jacket/001406.jpg,8,0.480454,0.498977,0.532466,0.755715
/kaggle/input/datasets/afqwe0/clotheslabelled/Himesh/Jacket/001406.jpg,8,0.480454,0.498977,0.532466,0.755715
/kaggle/input/datasets/afqwe0/clotheslabelled/Himesh/Jacket/001406.jpg,8,0.480454,0.498977,0.532466,0.755715
/kaggle/input/datasets/afqwe0/clotheslabelled/Himesh/Jacket/001406.jpg,8,0.480454,0.498977,0.532466,0.755715
/kaggle/input/datasets/afqwe0/clotheslabelled/Himesh/Jacket/001406.jpg,8,0.480454,0.498977,0.532466,0.755715
/kaggle/input/datasets/afqwe0/clotheslabelled/Himesh/Jacket/001406.jpg,8,0.480454,0.498977,0.532466,0.755715
/kaggle/input/datasets/afqwe0/clotheslabelled/Himesh/Jacket/001406.jpg,8,0.480454,0.498977,0.532466,0.755715
/kaggle/input/datasets/afqwe0/clotheslabelled/Himesh/Jacket/001406.jpg,8,0.480454,0.498977,0.532466,0.755715
/kaggle/input/datasets/afqwe0/clotheslabelled/Himesh/Jacket/001406.jpg,8,0.480454,0.498977,0.532466,0.755715
/kaggle/input/datasets/afqwe0/clotheslabelled/Himesh/Jacket/001406.jpg,8,0.480454,0.498977,0.532466,0.755715
/kaggle/input/datasets/afqwe0/clotheslabelled/Himesh/Jacket/001406.jpg,8,0.480454,0.498977,0.532466,0.755715
/kaggle/input/datasets/afqwe0/clotheslabelled/Himesh/Jacket/001406.jpg,8,0.480454,0.498977,0.532466,0.755715
/kaggle/input/datasets/afqwe0/clotheslabelled/Himesh/Jacket/001406.jpg,8,0.480454,0.498977,0.532466,0.755715
/kaggle/input/datasets/afqwe0/clotheslabelled/Himesh/Jacket/001406.jpg,8,0.480454,0.498977,0.532466,0.755715
/kaggle/input/datasets/afqwe0/clotheslabelled/Himesh/Jacket/001406.jpg,8,0.480454,0.498977,0.532466,0.755715
/kaggle/input/datasets/afqwe0/clotheslabelled/Himesh/Jacket/001406.jpg,8,0.480454,0.498977,0.532466,0.755715
/kaggle/input/datasets/afqwe0/clotheslabelled/Himesh/Jacket/001406.jpg,8,0.480454,0.498977,0.532466,0.755715
/kaggle/input/datasets/afqwe0/clotheslabelled/Himesh/Jacket/001406.jpg,8,0.480454,0.498977,0.532466,0.755715
/kaggle/input/datasets/afqwe0/clotheslabelled/Himesh/Jacket/001406.jpg,8,0.480454,0.498977,0.532466,0.755715
/kaggle/input/datasets/afqwe0/clotheslabelled/Himesh/Jacket/001406.jpg,8,0.480454,0.498977,0.532466,0.755715
/kaggle/input/datasets/afqwe0/clotheslabelled/Himesh/Jacket/001406.jpg,8,0.480454,0.498977,0.532466,0.755715
/kaggle/input/datasets/afqwe0/clotheslabelled/Himesh/Jacket/001406.jpg,8,0.480454,0.498977,0.532466,0.755715
/kaggle/input/datasets/afqwe0/clotheslabelled/Himesh/Jacket/001406.jpg,8,0.480454,0.498977,0.532466,0.755715
/kaggle/input/datasets/afqwe0/clotheslabelled/Himesh/Jacket/001406.jpg,8,0.480454,0.498977,0.532466,0.755715
/kaggle/input/datasets/afqwe0/clotheslabelled/Himesh/Jacket/001406.jpg,8,0.480454,0.498977,0.532466,0.755715
/kaggle/input/datasets/afqwe0/clotheslabelled/Himesh/Jacket/001406.jpg,8,0.480454,0.498977,0.532466,0.755715
/kaggle/input/datasets/afqwe0/clotheslabelled/Himesh/Jacket/001406.jpg,8,0.480454,0.498977,0.532466,0.755715
/kaggle/input/datasets/afqwe0/clotheslabelled/Himesh/Jacket/001406.jpg,8,0.480454,0.498977,0.532466,0.755715
/kaggle/input/datasets/afqwe0/clotheslabelled/Himesh/Jacket/001406.jpg,8,0.480454,0.498977,0.532466,0.755715
/kaggle/input/datasets/afqwe0/clotheslabelled/Himesh/Jacket/001406.jpg,8,0.480454,0.498977,0.532466,0.755715
/kaggle/input/datasets/afqwe0/clotheslabelled/Himesh/Jacket/001406.jpg,8,0.480454,0.498977,0.532466,0.755715
/kaggle/input/datasets/afqwe0/clotheslabelled/Himesh/Jacket/001406.jpg,8,0.480454,0.498977,0.532466,0.755715
/kaggle/input/datasets/afqwe0/clotheslabelled/Himesh/Jacket/001406.jpg,8,0.480454,0.498977,0.532466,0.755715
/kaggle/input/datasets/afqwe0/clotheslabelled/Himesh/Jacket/001406.jpg,8,0.480454,0.498977,0.532466,0.755715
/kaggle/input/datasets/afqwe0/clotheslabelled/Himesh/Jacket/001406.jpg,8,0.480454,0.498977,0.532466,0.755715
/kaggle/input/datasets/afqwe0/clotheslabelled/Himesh/Jacket/001406.jpg,8,0.480454,0.498977,0.532466,0.755715
/kaggle/input/datasets/afqwe0/clotheslabelled/Himesh/Jacket/001406.jpg,8,0.480454,0.498977,0.532466,0.755715
/kaggle/input/datasets/afqwe0/clotheslabelled/Himesh/Jacket/001406.jpg,8,0.480454,0.498977,0.532466,0.755715
/kaggle/input/datasets/afqwe0/clotheslabelled/Himesh/Jacket/001406.jpg,8,0.480454,0.498977,0.532466,0.755715
/kaggle/input/datasets/afqwe0/clotheslabelled/Himesh/Jacket/001406.jpg,8,0.480454,0.498977,0.532466,0.755715
/kaggle/input/datasets/afqwe0/clotheslabelled/Himesh/Jacket/001406.jpg,8,0.480454,0.498977,0.532466,0.755715
/kaggle/input/datasets/afqwe0/clotheslabelled/Himesh/Jacket/001406.jpg,8,0.480454,0.498977,0.532466,0.755715
/kaggle/input/datasets/afqwe0/clotheslabelled/Himesh/Jacket/001406.jpg,8,0.480454,0.498977,0.532466,0.755715
/kaggle/input/datasets/afqwe0/clotheslabelled/Himesh/Jacket/001406.jpg,8,0.480454,0.498977,0.532466,0.755715
/kaggle/input/datasets/afqwe0/clotheslabelled/Himesh/Jacket/001406.jpg,8,0.480454,0.498977,0.532466,0.755715
/kaggle/input/datasets/afqwe0/clotheslabelled/Himesh/Jacket/001406.jpg,8,0.480454,0.498977,0.532466,0.755715
/kaggle/input/datasets/afqwe0/clotheslabelled/Himesh/Jacket/001406.jpg,8,0.480454,0.498977,0.532466,0.755715
/kaggle/input/datasets/afqwe0/clotheslabelled/Himesh/Jacket/001406.jpg,8,0.480454,0.498977,0.532466,0.755715
/kaggle/input/datasets/afqwe0/clotheslabelled/Himesh/Jacket/001406.jpg,8,0.480454,0.498977,0.532466,0.755715
/kaggle/input/datasets/afqwe0/clotheslabelled/Himesh/Jacket/001406.jpg,8,0.480454,0.498977,0.532466,0.755715
/kaggle/input/datasets/afqwe0/clotheslabelled/Himesh/Jacket/001406.jpg,8,0.480454,0.498977,0.532466,0.755715
/kaggle/input/datasets/afqwe0/clotheslabelled/Himesh/Jacket/001406.jpg,8,0.480454,0.498977,0.532466,0.755715
/kaggle/input/datasets/afqwe0/clotheslabelled/Himesh/Jacket/001406.jpg,8,0.480454,0.498977,0.532466,0.755715
/kaggle/input/datasets/afqwe0/clotheslabelled/Himesh/Jacket/001406.jpg,8,0.480454,0.498977,0.532466,0.755715
/kaggle/input/datasets/afqwe0/clotheslabelled/Himesh/Jacket/001406.jpg,8,0.480454,0.498977,0.532466,0.755715
/kaggle/input/datasets/afqwe0/clotheslabelled/Himesh/Jacket/001406.jpg,8,0.480454,0.498977,0.532466,0.755715
/kaggle/input/datasets/afqwe0/clotheslabelled/Himesh/Jacket/001406.jpg,8,0.480454,0.498977,0.532466,0.755715
/kaggle/input/datasets/afqwe0/clotheslabelled/Himesh/Jacket/001406.jpg,8,0.480454,0.498977,0.532466,0.755715
/kaggle/input/datasets/afqwe0/clotheslabelled/Himesh/Jacket/001406.jpg,8,0.480454,0.498977,0.532466,0.755715
/kaggle/input/datasets/afqwe0/clotheslabelled/Himesh/Jacket/001406.jpg,8,0.480454,0.498977,0.532466,0.755715
/kaggle/input/datasets/afqwe0/clotheslabelled/Himesh/Jacket/001406.jpg,8,0.480454,0.498977,0.532466,0.755715
/kaggle/input/datasets/afqwe0/clotheslabelled/Himesh/Jacket/001406.jpg,8,0.480454,0.498977,0.532466,0.755715
/kaggle/input/datasets/afqwe0/clotheslabelled/Himesh/Jacket/001406.jpg,8,0.480454,0.498977,0.532466,0.755715
/kaggle/input/datasets/afqwe0/clotheslabelled/Himesh/Jacket/001406.jpg,8,0.480454,0.498977,0.532466,0.755715
/kaggle/input/datasets/afqwe0/clotheslabelled/Himesh/Jacket/001406.jpg,8,0.480454,0.498977,0.532466,0.755715
/kaggle/input/datasets/afqwe0/clotheslabelled/Himesh/Jacket/001406.jpg,8,0.480454,0.498977,0.532466,0.755715
/kaggle/input/datasets/afqwe0/clotheslabelled/Himesh/Jacket/001406.jpg,8,0.480454,0.498977,0.532466,0.755715
/kaggle/input/datasets/afqwe0/clotheslabelled/Himesh/Jacket/001406.jpg,8,0.480454,0.498977,0.532466,0.755715
/kaggle/input/datasets/afqwe0/clotheslabelled/Himesh/Jacket/001406.jpg,8,0.480454,0.498977,0.532466,0.755715
/kaggle/input/datasets/afqwe0/clotheslabelled/Himesh/Jacket/001406.jpg,8,0.480454,0.498977,0.532466,0.755715
/kaggle/input/datasets/afqwe0/clotheslabelled/Himesh/Jacket/001406.jpg,8,0.480454,0.498977,0.532466,0.755715
/kaggle/input/datasets/afqwe0/clotheslabelled/Himesh/Jacket/001406.jpg,8,0.480454,0.498977,0.532466,0.755715
/kaggle/input/datasets/afqwe0/clotheslabelled/Himesh/Jacket/001406.jpg,8,0.480454,0.498977,0.532466,0.755715
/kaggle/input/datasets/afqwe0/clotheslabelled/Himesh/Jacket/001406.jpg,8,0.480454,0.498977,0.532466,0.755715
/kaggle/input/datasets/afqwe0/clotheslabelled/Himesh/Jacket/001406.jpg,8,0.480454,0.498977,0.532466,0.755715
/kaggle/input/datasets/afqwe0/clotheslabelled/Himesh/Jacket/001406.jpg,8,0.480454,0.498977,0.532466,0.755715
/kaggle/input/datasets/afqwe0/clotheslabelled/Himesh/Jacket/001406.jpg,8,0.480454,0.498977,0.532466,0.755715
/kaggle/input/datasets/afqwe0/clotheslabelled/Himesh/Jacket/001406.jpg,8,0.480454,0.498977,0.532466,0.755715
/kaggle/input/datasets/afqwe0/clotheslabelled/Himesh/Jacket/001406.jpg,8,0.480454,0.498977,0.532466,0.755715
/kaggle/input/datasets/afqwe0/clotheslabelled/Himesh/Jacket/001406.jpg,8,0.480454,0.498977,0.532466,0.755715
/kaggle/input/datasets/afqwe0/clotheslabelled/Himesh/Jacket/001406.jpg,8,0.480454,0.498977,0.532466,0.755715
/kaggle/input/datasets/afqwe0/clotheslabelled/Himesh/Jacket/001406.jpg,8,0.480454,0.498977,0.532466,0.755715
/kaggle/input/datasets/afqwe0/clotheslabelled/Himesh/Jacket/001406.jpg,8,0.480454,0.498977,0.532466,0.755715
/kaggle/input/datasets/afqwe0/clotheslabelled/Himesh/Jacket/001406.jpg,8,0.480454,0.498977,0.532466,0.755715
/kaggle/input/datasets/afqwe0/clotheslabelled/Himesh/Jacket/001406.jpg,8,0.480454,0.498977,0.532466,0.755715
/kaggle/input/datasets/afqwe0/clotheslabelled/Himesh/Jacket/001406.jpg,8,0.480454,0.498977,0.532466,0.755715
/kaggle/input/datasets/afqwe0/clotheslabelled/Himesh/Jacket/001406.jpg,8,0.480454,0.498977,0.532466,0.755715
/kaggle/input/datasets/afqwe0/clotheslabelled/Himesh/Jacket/001406.jpg,8,0.480454,0.498977,0.532466,0.755715
/kaggle/input/datasets/afqwe0/clotheslabelled/Himesh/Jacket/001406.jpg,8,0.480454,0.498977,0.532466,0.755715
/kaggle/input/datasets/afqwe0/clotheslabelled/Himesh/Jacket/001406.jpg,8,0.480454,0.498977,0.532466,0.755715
/kaggle/input/datasets/afqwe0/clotheslabelled/Himesh/Jacket/001406.jpg,8,0.480454,0.498977,0.532466,0.755715
/kaggle/input/datasets/afqwe0/clotheslabelled/Himesh/Jacket/001406.jpg,8,0.480454,0.498977,0.532466,0.755715
/kaggle/input/datasets/afqwe0/clotheslabelled/Himesh/Jacket/001406.jpg,8,0.480454,0.498977,0.532466,0.755715
/kaggle/input/datasets/afqwe0/clotheslabelled/Himesh/Jacket/001406.jpg,8,0.480454,0.498977,0.532466,0.755715
/kaggle/input/datasets/afqwe0/clotheslabelled/Himesh/Jacket/001406.jpg,8,0.480454,0.498977,0.532466,0.755715
/kaggle/input/datasets/afqwe0/clotheslabelled/Himesh/Jacket/001406.jpg,8,0.480454,0.498977,0.532466,0.755715
/kaggle/input/datasets/afqwe0/clotheslabelled/Himesh/Jacket/001406.jpg,8,0.480454,0.498977,0.532466,0.755715
/kaggle/input/datasets/afqwe0/clotheslabelled/Himesh/Jacket/001406.jpg,8,0.480454,0.498977,0.532466,0.755715
/kaggle/input/datasets/afqwe0/clotheslabelled/Himesh/Jacket/001406.jpg,8,0.480454,0.498977,0.532466,0.755715
/kaggle/input/datasets/afqwe0/clotheslabelled/Himesh/Jacket/001406.jpg,8,0.480454,0.498977,0.532466,0.755715
/kaggle/input/datasets/afqwe0/clotheslabelled/Himesh/Jacket/001406.jpg,8,0.480454,0.498977,0.532466,0.755715
/kaggle/input/datasets/afqwe0/clotheslabelled/Himesh/Jacket/001406.jpg,8,0.480454,0.498977,0.532466,0.755715
/kaggle/input/datasets/afqwe0/clotheslabelled/Himesh/Jacket/001406.jpg,8,0.480454,0.498977,0.532466,0.755715
/kaggle/input/datasets/afqwe0/clotheslabelled/Himesh/Jacket/001406.jpg,8,0.480454,0.498977,0.532466,0.755715
/kaggle/input/datasets/afqwe0/clotheslabelled/Himesh/Jacket/001406.jpg,8,0.480454,0.498977,0.532466,0.755715
/kaggle/input/datasets/afqwe0/clotheslabelled/Himesh/Jacket/001406.jpg,8,0.480454,0.498977,0.532466,0.755715
/kaggle/input/datasets/afqwe0/clotheslabelled/Himesh/Jacket/001406.jpg,8,0.480454,0.498977,0.532466,0.755715
/kaggle/input/datasets/afqwe0/clotheslabelled/Himesh/Jacket/001406.jpg,8,0.480454,0.498977,0.532466,0.755715
/kaggle/input/datasets/afqwe0/clotheslabelled/Himesh/Jacket/001406.jpg,8,0.480454,0.498977,0.532466,0.755715
/kaggle/input/datasets/afqwe0/clotheslabelled/Himesh/Jacket/001406.jpg,8,0.480454,0.498977,0.532466,0.755715
/kaggle/input/datasets/afqwe0/clotheslabelled/Himesh/Jacket/001406.jpg,8,0.480454,0.498977,0.532466,0.755715
/kaggle/input/datasets/afqwe0/clotheslabelled/Himesh/Jacket/001406.jpg,8,0.480454,0.498977,0.532466,0.755715
/kaggle/input/datasets/afqwe0/clotheslabelled/Himesh/Jacket/001406.jpg,8,0.480454,0.498977,0.532466,0.755715
/kaggle/input/datasets/afqwe0/clotheslabelled/Himesh/Jacket/001406.jpg,8,0.480454,0.498977,0.532466,0.755715
/kaggle/input/datasets/afqwe0/clotheslabelled/Himesh/Jacket/001406.jpg,8,0.480454,0.498977,0.532466,0.755715
/kaggle/input/datasets/afqwe0/clotheslabelled/Himesh/Jacket/001406.jpg,8,0.480454,0.498977,0.532466,0.755715
/kaggle/input/datasets/afqwe0/clotheslabelled/Himesh/Jacket/001406.jpg,8,0.480454,0.498977,0.532466,0.755715
/kaggle/input/datasets/afqwe0/clotheslabelled/Himesh/Jacket/001406.jpg,8,0.480454,0.498977,0.532466,0.755715
/kaggle/input/datasets/afqwe0/clotheslabelled/Himesh/Jacket/001406.jpg,8,0.480454,0.498977,0.532466,0.755715
/kaggle/input/datasets/afqwe0/clotheslabelled/Himesh/Jacket/001406.jpg,8,0.480454,0.498977,0.532466,0.755715
/kaggle/input/datasets/afqwe0/clotheslabelled/Himesh/Jacket/001406.jpg,8,0.480454,0.498977,0.532466,0.755715
/kaggle/input/datasets/afqwe0/clotheslabelled/Himesh/Jacket/001406.jpg,8,0.480454,0.498977,0.532466,0.755715
/kaggle/input/datasets/afqwe0/clotheslabelled/Himesh/Jacket/001406.jpg,8,0.480454,0.498977,0.532466,0.755715
/kaggle/input/datasets/afqwe0/clotheslabelled/Himesh/Jacket/001406.jpg,8,0.480454,0.498977,0.532466,0.755715
/kaggle/input/datasets/afqwe0/clotheslabelled/Himesh/Jacket/001406.jpg,8,0.480454,0.498977,0.532466,0.755715
/kaggle/input/datasets/afqwe0/clotheslabelled/Himesh/Jacket/001406.jpg,8,0.480454,0.498977,0.532466,0.755715
/kaggle/input/datasets/afqwe0/clotheslabelled/Himesh/Jacket/001406.jpg,8,0.480454,0.498977,0.532466,0.755715
/kaggle/input/datasets/afqwe0/clotheslabelled/Himesh/Jacket/001406.jpg,8,0.480454,0.498977,0.532466,0.755715
/kaggle/input/datasets/afqwe0/clotheslabelled/Himesh/Jacket/001406.jpg,8,0.480454,0.498977,0.532466,0.755715
/kaggle/input/datasets/afqwe0/clotheslabelled/Himesh/Jacket/001406.jpg,8,0.480454,0.498977,0.532466,0.755715
/kaggle/input/datasets/afqwe0/clotheslabelled/Himesh/Jacket/001406.jpg,8,0.480454,0.498977,0.532466,0.755715
/kaggle/input/datasets/afqwe0/clotheslabelled/Himesh/Jacket/001406.jpg,8,0.480454,0.498977,0.532466,0.755715
/kaggle/input/datasets/afqwe0/clotheslabelled/Himesh/Jacket/001406.jpg,8,0.480454,0.498977,0.532466,0.755715
/kaggle/input/datasets/afqwe0/clotheslabelled/Himesh/Jacket/001406.jpg,8,0.480454,0.498977,0.532466,0.755715
/kaggle/input/datasets/afqwe0/clotheslabelled/Himesh/Jacket/001406.jpg,8,0.480454,0.498977,0.532466,0.755715
/kaggle/input/datasets/afqwe0/clotheslabelled/Himesh/Jacket/001406.jpg,8,0.480454,0.498977,0.532466,0.755715
/kaggle/input/datasets/afqwe0/clotheslabelled/Himesh/Jacket/001406.jpg,8,0.480454,0.498977,0.532466,0.755715
/kaggle/input/datasets/afqwe0/clotheslabelled/Himesh/Jacket/001406.jpg,8,0.480454,0.498977,0.532466,0.755715
/kaggle/input/datasets/afqwe0/clotheslabelled/Himesh/Jacket/001406.jpg,8,0.480454,0.498977,0.532466,0.755715
/kaggle/input/datasets/afqwe0/clotheslabelled/Himesh/Jacket/001406.jpg,8,0.480454,0.498977,0.532466,0.755715
/kaggle/input/datasets/afqwe0/clotheslabelled/Himesh/Jacket/001406.jpg,8,0.480454,0.498977,0.532466,0.755715
/kaggle/input/datasets/afqwe0/clotheslabelled/Himesh/Jacket/001406.jpg,8,0.480454,0.498977,0.532466,0.755715
/kaggle/input/datasets/afqwe0/clotheslabelled/Himesh/Jacket/001406.jpg,8,0.480454,0.498977,0.532466,0.755715
/kaggle/input/datasets/afqwe0/clotheslabelled/Himesh/Jacket/001406.jpg,8,0.480454,0.498977,0.532466,0.755715
/kaggle/input/datasets/afqwe0/clotheslabelled/Himesh/Jacket/001406.jpg,8,0.480454,0.498977,0.532466,0.755715
/kaggle/input/datasets/afqwe0/clotheslabelled/Himesh/Jacket/001406.jpg,8,0.480454,0.498977,0.532466,0.755715
/kaggle/input/datasets/afqwe0/clotheslabelled/Himesh/Jacket/001406.jpg,8,0.480454,0.498977,0.532466,0.755715
/kaggle/input/datasets/afqwe0/clotheslabelled/Himesh/Jacket/001406.jpg,8,0.480454,0.498977,0.532466,0.755715
/kaggle/input/datasets/afqwe0/clotheslabelled/Himesh/Jacket/001406.jpg,8,0.480454,0.498977,0.532466,0.755715
/kaggle/input/datasets/afqwe0/clotheslabelled/Himesh/Jacket/001406.jpg,8,0.480454,0.498977,0.532466,0.755715
/kaggle/input/datasets/afqwe0/clotheslabelled/Himesh/Jacket/001406.jpg,8,0.480454,0.498977,0.532466,0.755715
/kaggle/input/datasets/afqwe0/clotheslabelled/Himesh/Jacket/001406.jpg,8,0.480454,0.498977,0.532466,0.755715
/kaggle/input/datasets/afqwe0/clotheslabelled/Himesh/Jacket/001406.jpg,8,0.480454,0.498977,0.532466,0.755715
/kaggle/input/datasets/afqwe0/clotheslabelled/Himesh/Jacket/001406.jpg,8,0.480454,0.498977,0.532466,0.755715
/kaggle/input/datasets/afqwe0/clotheslabelled/Himesh/Jacket/001406.jpg,8,0.480454,0.498977,0.532466,0.755715
/kaggle/input/datasets/afqwe0/clotheslabelled/Himesh/Jacket/001406.jpg,8,0.480454,0.498977,0.532466,0.755715
/kaggle/input/datasets/afqwe0/clotheslabelled/Himesh/Jacket/001406.jpg,8,0.480454,0.498977,0.532466,0.755715
/kaggle/input/datasets/afqwe0/clotheslabelled/Himesh/Jacket/001406.jpg,8,0.480454,0.498977,0.532466,0.755715
/kaggle/input/datasets/afqwe0/clotheslabelled/Himesh/Jacket/001406.jpg,8,0.480454,0.498977,0.532466,0.755715
/kaggle/input/datasets/afqwe0/clotheslabelled/Himesh/Jacket/001406.jpg,8,0.480454,0.498977,0.532466,0.755715
/kaggle/input/datasets/afqwe0/clotheslabelled/Himesh/Jacket/001406.jpg,8,0.480454,0.498977,0.532466,0.755715
/kaggle/input/datasets/afqwe0/clotheslabelled/Himesh/Jacket/001406.jpg,8,0.480454,0.498977,0.532466,0.755715
/kaggle/input/datasets/afqwe0/clotheslabelled/Himesh/Jacket/001406.jpg,8,0.480454,0.498977,0.532466,0.755715
/kaggle/input/datasets/afqwe0/clotheslabelled/Himesh/Jacket/001406.jpg,8,0.480454,0.498977,0.532466,0.755715
/kaggle/input/datasets/afqwe0/clotheslabelled/Himesh/Jacket/001406.jpg,8,0.480454,0.498977,0.532466,0.755715
/kaggle/input/datasets/afqwe0/clotheslabelled/Himesh/Jacket/001406.jpg,8,0.480454,0.498977,0.532466,0.755715
/kaggle/input/datasets/afqwe0/clotheslabelled/Himesh/Jacket/001406.jpg,8,0.480454,0.498977,0.532466,0.755715
/kaggle/input/datasets/afqwe0/clotheslabelled/Himesh/Jacket/001406.jpg,8,0.480454,0.498977,0.532466,0.755715
/kaggle/input/datasets/afqwe0/clotheslabelled/Himesh/Jacket/001406.jpg,8,0.480454,0.498977,0.532466,0.755715
/kaggle/input/datasets/afqwe0/clotheslabelled/Himesh/Jacket/001406.jpg,8,0.480454,0.498977,0.532466,0.755715
/kaggle/input/datasets/afqwe0/clotheslabelled/Himesh/Jacket/001406.jpg,8,0.480454,0.498977,0.532466,0.755715
/kaggle/input/datasets/afqwe0/clotheslabelled/Himesh/Jacket/001406.jpg,8,0.480454,0.498977,0.532466,0.755715
/kaggle/input/datasets/afqwe0/clotheslabelled/Himesh/Jacket/001406.jpg,8,0.480454,0.498977,0.532466,0.755715
/kaggle/input/datasets/afqwe0/clotheslabelled/Himesh/Jacket/001406.jpg,8,0.480454,0.498977,0.532466,0.755715
/kaggle/input/datasets/afqwe0/clotheslabelled/Himesh/Jacket/001406.jpg,8,0.480454,0.498977,0.532466,0.755715
/kaggle/input/datasets/afqwe0/clotheslabelled/Himesh/Jacket/001406.jpg,8,0.480454,0.498977,0.532466,0.755715
/kaggle/input/datasets/afqwe0/clotheslabelled/Himesh/Jacket/001406.jpg,8,0.480454,0.498977,0.532466,0.755715
/kaggle/input/datasets/afqwe0/clotheslabelled/Himesh/Jacket/001406.jpg,8,0.480454,0.498977,0.532466,0.755715
/kaggle/input/datasets/afqwe0/clotheslabelled/Himesh/Jacket/001406.jpg,8,0.480454,0.498977,0.532466,0.755715
/kaggle/input/datasets/afqwe0/clotheslabelled/Himesh/Jacket/001406.jpg,8,0.480454,0.498977,0.532466,0.755715
/kaggle/input/datasets/afqwe0/clotheslabelled/Himesh/Jacket/001406.jpg,8,0.480454,0.498977,0.532466,0.755715
/kaggle/input/datasets/afqwe0/clotheslabelled/Himesh/Jacket/001406.jpg,8,0.480454,0.498977,0.532466,0.755715
/kaggle/input/datasets/afqwe0/clotheslabelled/Himesh/Jacket/001406.jpg,8,0.480454,0.498977,0.532466,0.755715
/kaggle/input/datasets/afqwe0/clotheslabelled/Himesh/Jacket/001406.jpg,8,0.480454,0.498977,0.532466,0.755715
/kaggle/input/datasets/afqwe0/clotheslabelled/Himesh/Jacket/001406.jpg,8,0.480454,0.498977,0.532466,0.755715
/kaggle/input/datasets/afqwe0/clotheslabelled/Himesh/Jacket/001406.jpg,8,0.480454,0.498977,0.532466,0.755715
/kaggle/input/datasets/afqwe0/clotheslabelled/Himesh/Jacket/001406.jpg,8,0.480454,0.498977,0.532466,0.755715
/kaggle/input/datasets/afqwe0/clotheslabelled/Himesh/Jacket/001406.jpg,8,0.480454,0.498977,0.532466,0.755715
/kaggle/input/datasets/afqwe0/clotheslabelled/Himesh/Jacket/001406.jpg,8,0.480454,0.498977,0.532466,0.755715
/kaggle/input/datasets/afqwe0/clotheslabelled/Himesh/Jacket/001406.jpg,8,0.480454,0.498977,0.532466,0.755715
/kaggle/input/datasets/afqwe0/clotheslabelled/Himesh/Jacket/001406.jpg,8,0.480454,0.498977,0.532466,0.755715
/kaggle/input/datasets/afqwe0/clotheslabelled/Himesh/Jacket/001406.jpg,8,0.480454,0.498977,0.532466,0.755715
/kaggle/input/datasets/afqwe0/clotheslabelled/Himesh/Jacket/001406.jpg,8,0.480454,0.498977,0.532466,0.755715
/kaggle/input/datasets/afqwe0/clotheslabelled/Himesh/Jacket/001406.jpg,8,0.480454,0.498977,0.532466,0.755715
/kaggle/input/datasets/afqwe0/clotheslabelled/Himesh/Jacket/001406.jpg,8,0.480454,0.498977,0.532466,0.755715
/kaggle/input/datasets/afqwe0/clotheslabelled/Himesh/Jacket/001406.jpg,8,0.480454,0.498977,0.532466,0.755715
/kaggle/input/datasets/afqwe0/clotheslabelled/Himesh/Jacket/001406.jpg,8,0.480454,0.498977,0.532466,0.755715
/kaggle/input/datasets/afqwe0/clotheslabelled/Himesh/Jacket/001406.jpg,8,0.480454,0.498977,0.532466,0.755715
/kaggle/input/datasets/afqwe0/clotheslabelled/Himesh/Jacket/001406.jpg,8,0.480454,0.498977,0.532466,0.755715
/kaggle/input/datasets/afqwe0/clotheslabelled/Himesh/Jacket/001406.jpg,8,0.480454,0.498977,0.532466,0.755715
/kaggle/input/datasets/afqwe0/clotheslabelled/Himesh/Jacket/001406.jpg,8,0.480454,0.498977,0.532466,0.755715
/kaggle/input/datasets/afqwe0/clotheslabelled/Himesh/Jacket/001406.jpg,8,0.480454,0.498977,0.532466,0.755715
/kaggle/input/datasets/afqwe0/clotheslabelled/Himesh/Jacket/001406.jpg,8,0.480454,0.498977,0.532466,0.755715
/kaggle/input/datasets/afqwe0/clotheslabelled/Himesh/Jacket/001406.jpg,8,0.480454,0.498977,0.532466,0.755715
/kaggle/input/datasets/afqwe0/clotheslabelled/Himesh/Jacket/001406.jpg,8,0.480454,0.498977,0.532466,0.755715
/kaggle/input/datasets/afqwe0/clotheslabelled/Himesh/Jacket/001406.jpg,8,0.480454,0.498977,0.532466,0.755715
/kaggle/input/datasets/afqwe0/clotheslabelled/Himesh/Jacket/001406.jpg,8,0.480454,0.498977,0.532466,0.755715
/kaggle/input/datasets/afqwe0/clotheslabelled/Himesh/Jacket/001406.jpg,8,0.480454,0.498977,0.532466,0.755715
/kaggle/input/datasets/afqwe0/clotheslabelled/Himesh/Jacket/001406.jpg,8,0.480454,0.498977,0.532466,0.755715
/kaggle/input/datasets/afqwe0/clotheslabelled/Himesh/Jacket/001406.jpg,8,0.480454,0.498977,0.532466,0.755715
/kaggle/input/datasets/afqwe0/clotheslabelled/Himesh/Jacket/001406.jpg,8,0.480454,0.498977,0.532466,0.755715
/kaggle/input/datasets/afqwe0/clotheslabelled/Himesh/Jacket/001406.jpg,8,0.480454,0.498977,0.532466,0.755715
/kaggle/input/datasets/afqwe0/clotheslabelled/Himesh/Jacket/001406.jpg,8,0.480454,0.498977,0.532466,0.755715
/kaggle/input/datasets/afqwe0/clotheslabelled/Himesh/Jacket/001406.jpg,8,0.480454,0.498977,0.532466,0.755715
/kaggle/input/datasets/afqwe0/clotheslabelled/Himesh/Jacket/001406.jpg,8,0.480454,0.498977,0.532466,0.755715
/kaggle/input/datasets/afqwe0/clotheslabelled/Himesh/Jacket/001406.jpg,8,0.480454,0.498977,0.532466,0.755715
/kaggle/input/datasets/afqwe0/clotheslabelled/Himesh/Jacket/001406.jpg,8,0.480454,0.498977,0.532466,0.755715
/kaggle/input/datasets/afqwe0/clotheslabelled/Himesh/Jacket/001406.jpg,8,0.480454,0.498977,0.532466,0.755715
/kaggle/input/datasets/afqwe0/clotheslabelled/Himesh/Jacket/001406.jpg,8,0.480454,0.498977,0.532466,0.755715
/kaggle/input/datasets/afqwe0/clotheslabelled/Himesh/Jacket/001406.jpg,8,0.480454,0.498977,0.532466,0.755715
/kaggle/input/datasets/afqwe0/clotheslabelled/Himesh/Jacket/001406.jpg,8,0.480454,0.498977,0.532466,0.755715
/kaggle/input/datasets/afqwe0/clotheslabelled/Himesh/Jacket/001406.jpg,8,0.480454,0.498977,0.532466,0.755715
/kaggle/input/datasets/afqwe0/clotheslabelled/Himesh/Jacket/001406.jpg,8,0.480454,0.498977,0.532466,0.755715
/kaggle/input/datasets/afqwe0/clotheslabelled/Himesh/Jacket/001406.jpg,8,0.480454,0.498977,0.532466,0.755715
/kaggle/input/datasets/afqwe0/clotheslabelled/Himesh/Jacket/001406.jpg,8,0.480454,0.498977,0.532466,0.755715
/kaggle/input/datasets/afqwe0/clotheslabelled/Himesh/Jacket/001406.jpg,8,0.480454,0.498977,0.532466,0.755715
/kaggle/input/datasets/afqwe0/clotheslabelled/Himesh/Jacket/001406.jpg,8,0.480454,0.498977,0.532466,0.755715
/kaggle/input/datasets/afqwe0/clotheslabelled/Himesh/Jacket/001406.jpg,8,0.480454,0.498977,0.532466,0.755715
/kaggle/input/datasets/afqwe0/clotheslabelled/Himesh/Jacket/001406.jpg,8,0.480454,0.498977,0.532466,0.755715
/kaggle/input/datasets/afqwe0/clotheslabelled/Himesh/Jacket/001406.jpg,8,0.480454,0.498977,0.532466,0.755715
/kaggle/input/datasets/afqwe0/clotheslabelled/Himesh/Jacket/001406.jpg,8,0.480454,0.498977,0.532466,0.755715
/kaggle/input/datasets/afqwe0/clotheslabelled/Himesh/Jacket/001406.jpg,8,0.480454,0.498977,0.532466,0.755715
/kaggle/input/datasets/afqwe0/clotheslabelled/Himesh/Jacket/001406.jpg,8,0.480454,0.498977,0.532466,0.755715
/kaggle/input/datasets/afqwe0/clotheslabelled/Himesh/Jacket/001406.jpg,8,0.480454,0.498977,0.532466,0.755715
/kaggle/input/datasets/afqwe0/clotheslabelled/Himesh/Jacket/001406.jpg,8,0.480454,0.498977,0.532466,0.755715
/kaggle/input/datasets/afqwe0/clotheslabelled/Himesh/Jacket/001406.jpg,8,0.480454,0.498977,0.532466,0.755715
/kaggle/input/datasets/afqwe0/clotheslabelled/Himesh/Jacket/001406.jpg,8,0.480454,0.498977,0.532466,0.755715
/kaggle/input/datasets/afqwe0/clotheslabelled/Himesh/Jacket/001406.jpg,8,0.480454,0.498977,0.532466,0.755715
/kaggle/input/datasets/afqwe0/clotheslabelled/Himesh/Jacket/001406.jpg,8,0.480454,0.498977,0.532466,0.755715
/kaggle/input/datasets/afqwe0/clotheslabelled/Himesh/Jacket/001406.jpg,8,0.480454,0.498977,0.532466,0.755715
/kaggle/input/datasets/afqwe0/clotheslabelled/Himesh/Jacket/001406.jpg,8,0.480454,0.498977,0.532466,0.755715
/kaggle/input/datasets/afqwe0/clotheslabelled/Himesh/Jacket/001406.jpg,8,0.480454,0.498977,0.532466,0.755715
/kaggle/input/datasets/afqwe0/clotheslabelled/Himesh/Jacket/001406.jpg,8,0.480454,0.498977,0.532466,0.755715
/kaggle/input/datasets/afqwe0/clotheslabelled/Himesh/Jacket/001406.jpg,8,0.480454,0.498977,0.532466,0.755715
/kaggle/input/datasets/afqwe0/clotheslabelled/Himesh/Jacket/001406.jpg,8,0.480454,0.498977,0.532466,0.755715
/kaggle/input/datasets/afqwe0/clotheslabelled/Himesh/Jacket/001406.jpg,8,0.480454,0.498977,0.532466,0.755715
/kaggle/input/datasets/afqwe0/clotheslabelled/Himesh/Jacket/001406.jpg,8,0.480454,0.498977,0.532466,0.755715
/kaggle/input/datasets/afqwe0/clotheslabelled/Himesh/Jacket/001406.jpg,8,0.480454,0.498977,0.532466,0.755715
/kaggle/input/datasets/afqwe0/clotheslabelled/Himesh/Jacket/001406.jpg,8,0.480454,0.498977,0.532466,0.755715
/kaggle/input/datasets/afqwe0/clotheslabelled/Himesh/Jacket/001406.jpg,8,0.480454,0.498977,0.532466,0.755715
/kaggle/input/datasets/afqwe0/clotheslabelled/Himesh/Jacket/001406.jpg,8,0.480454,0.498977,0.532466,0.755715
/kaggle/input/datasets/afqwe0/clotheslabelled/Himesh/Jacket/001406.jpg,8,0.480454,0.498977,0.532466,0.755715
/kaggle/input/datasets/afqwe0/clotheslabelled/Himesh/Jacket/001406.jpg,8,0.480454,0.498977,0.532466,0.755715
/kaggle/input/datasets/afqwe0/clotheslabelled/Himesh/Jacket/001406.jpg,8,0.480454,0.498977,0.532466,0.755715
/kaggle/input/datasets/afqwe0/clotheslabelled/Himesh/Jacket/001406.jpg,8,0.480454,0.498977,0.532466,0.755715
/kaggle/input/datasets/afqwe0/clotheslabelled/Himesh/Jacket/001406.jpg,8,0.480454,0.498977,0.532466,0.755715
/kaggle/input/datasets/afqwe0/clotheslabelled/Himesh/Jacket/001406.jpg,8,0.480454,0.498977,0.532466,0.755715
/kaggle/input/datasets/afqwe0/clotheslabelled/Himesh/Jacket/001406.jpg,8,0.480454,0.498977,0.532466,0.755715
/kaggle/input/datasets/afqwe0/clotheslabelled/Himesh/Jacket/001406.jpg,8,0.480454,0.498977,0.532466,0.755715
/kaggle/input/datasets/afqwe0/clotheslabelled/Himesh/Jacket/001406.jpg,8,0.480454,0.498977,0.532466,0.755715
/kaggle/input/datasets/afqwe0/clotheslabelled/Himesh/Jacket/001406.jpg,8,0.480454,0.498977,0.532466,0.755715
/kaggle/input/datasets/afqwe0/clotheslabelled/Himesh/Jacket/001406.jpg,8,0.480454,0.498977,0.532466,0.755715
/kaggle/input/datasets/afqwe0/clotheslabelled/Himesh/Jacket/001406.jpg,8,0.480454,0.498977,0.532466,0.755715
/kaggle/input/datasets/afqwe0/clotheslabelled/Himesh/Jacket/001406.jpg,8,0.480454,0.498977,0.532466,0.755715
/kaggle/input/datasets/afqwe0/clotheslabelled/Himesh/Jacket/001406.jpg,8,0.480454,0.498977,0.532466,0.755715
/kaggle/input/datasets/afqwe0/clotheslabelled/Himesh/Jacket/001406.jpg,8,0.480454,0.498977,0.532466,0.755715
/kaggle/input/datasets/afqwe0/clotheslabelled/Himesh/Jacket/001406.jpg,8,0.480454,0.498977,0.532466,0.755715
/kaggle/input/datasets/afqwe0/clotheslabelled/Himesh/Jacket/001406.jpg,8,0.480454,0.498977,0.532466,0.755715
/kaggle/input/datasets/afqwe0/clotheslabelled/Himesh/Jacket/001406.jpg,8,0.480454,0.498977,0.532466,0.755715
/kaggle/input/datasets/afqwe0/clotheslabelled/Himesh/Jacket/001406.jpg,8,0.480454,0.498977,0.532466,0.755715
/kaggle/input/datasets/afqwe0/clotheslabelled/Himesh/Jacket/001406.jpg,8,0.480454,0.498977,0.532466,0.755715
/kaggle/input/datasets/afqwe0/clotheslabelled/Himesh/Jacket/001406.jpg,8,0.480454,0.498977,0.532466,0.755715
/kaggle/input/datasets/afqwe0/clotheslabelled/Himesh/Jacket/001406.jpg,8,0.480454,0.498977,0.532466,0.755715
/kaggle/input/datasets/afqwe0/clotheslabelled/Himesh/Jacket/001406.jpg,8,0.480454,0.498977,0.532466,0.755715
/kaggle/input/datasets/afqwe0/clotheslabelled/Himesh/Jacket/001406.jpg,8,0.480454,0.498977,0.532466,0.755715
/kaggle/input/datasets/afqwe0/clotheslabelled/Himesh/Jacket/001406.jpg,8,0.480454,0.498977,0.532466,0.755715
/kaggle/input/datasets/afqwe0/clotheslabelled/Himesh/Jacket/001406.jpg,8,0.480454,0.498977,0.532466,0.755715
/kaggle/input/datasets/afqwe0/clotheslabelled/Himesh/Jacket/001406.jpg,8,0.480454,0.498977,0.532466,0.755715
/kaggle/input/datasets/afqwe0/clotheslabelled/Himesh/Jacket/001406.jpg,8,0.480454,0.498977,0.532466,0.755715
/kaggle/input/datasets/afqwe0/clotheslabelled/Himesh/Jacket/001406.jpg,8,0.480454,0.498977,0.532466,0.755715
/kaggle/input/datasets/afqwe0/clotheslabelled/Himesh/Jacket/001406.jpg,8,0.480454,0.498977,0.532466,0.755715
/kaggle/input/datasets/afqwe0/clotheslabelled/Himesh/Jacket/001406.jpg,8,0.480454,0.498977,0.532466,0.755715
/kaggle/input/datasets/afqwe0/clotheslabelled/Himesh/Jacket/001406.jpg,8,0.480454,0.498977,0.532466,0.755715
/kaggle/input/datasets/afqwe0/clotheslabelled/Himesh/Jacket/001406.jpg,8,0.480454,0.498977,0.532466,0.755715
/kaggle/input/datasets/afqwe0/clotheslabelled/Himesh/Jacket/001406.jpg,8,0.480454,0.498977,0.532466,0.755715
/kaggle/input/datasets/afqwe0/clotheslabelled/Himesh/Jacket/001406.jpg,8,0.480454,0.498977,0.532466,0.755715
/kaggle/input/datasets/afqwe0/clotheslabelled/Himesh/Jacket/001406.jpg,8,0.480454,0.498977,0.532466,0.755715
/kaggle/input/datasets/afqwe0/clotheslabelled/Himesh/Jacket/001406.jpg,8,0.480454,0.498977,0.532466,0.755715
/kaggle/input/datasets/afqwe0/clotheslabelled/Himesh/Jacket/001406.jpg,8,0.480454,0.498977,0.532466,0.755715
/kaggle/input/datasets/afqwe0/clotheslabelled/Himesh/Jacket/001406.jpg,8,0.480454,0.498977,0.532466,0.755715
/kaggle/input/datasets/afqwe0/clotheslabelled/Himesh/Jacket/001406.jpg,8,0.480454,0.498977,0.532466,0.755715
/kaggle/input/datasets/afqwe0/clotheslabelled/Himesh/Jacket/001406.jpg,8,0.480454,0.498977,0.532466,0.755715
/kaggle/input/datasets/afqwe0/clotheslabelled/Himesh/Jacket/001406.jpg,8,0.480454,0.498977,0.532466,0.755715
/kaggle/input/datasets/afqwe0/clotheslabelled/Himesh/Jacket/001406.jpg,8,0.480454,0.498977,0.532466,0.755715
/kaggle/input/datasets/afqwe0/clotheslabelled/Himesh/Jacket/001406.jpg,8,0.480454,0.498977,0.532466,0.755715
/kaggle/input/datasets/afqwe0/clotheslabelled/Himesh/Jacket/001406.jpg,8,0.480454,0.498977,0.532466,0.755715
/kaggle/input/datasets/afqwe0/clotheslabelled/Himesh/Jacket/001406.jpg,8,0.480454,0.498977,0.532466,0.755715
/kaggle/input/datasets/afqwe0/clotheslabelled/Himesh/Jacket/001406.jpg,8,0.480454,0.498977,0.532466,0.755715
/kaggle/input/datasets/afqwe0/clotheslabelled/Himesh/Jacket/001406.jpg,8,0.480454,0.498977,0.532466,0.755715
/kaggle/input/datasets/afqwe0/clotheslabelled/Himesh/Jacket/001406.jpg,8,0.480454,0.498977,0.532466,0.755715
/kaggle/input/datasets/afqwe0/clotheslabelled/Himesh/Jacket/001406.jpg,8,0.480454,0.498977,0.532466,0.755715
/kaggle/input/datasets/afqwe0/clotheslabelled/Himesh/Jacket/001406.jpg,8,0.480454,0.498977,0.532466,0.755715
/kaggle/input/datasets/afqwe0/clotheslabelled/Himesh/Jacket/001406.jpg,8,0.480454,0.498977,0.532466,0.755715
/kaggle/input/datasets/afqwe0/clotheslabelled/Himesh/Jacket/001406.jpg,8,0.480454,0.498977,0.532466,0.755715
/kaggle/input/datasets/afqwe0/clotheslabelled/Himesh/Jacket/001406.jpg,8,0.480454,0.498977,0.532466,0.755715
/kaggle/input/datasets/afqwe0/clotheslabelled/Himesh/Jacket/001406.jpg,8,0.480454,0.498977,0.532466,0.755715
/kaggle/input/datasets/afqwe0/clotheslabelled/Himesh/Jacket/001406.jpg,8,0.480454,0.498977,0.532466,0.755715
/kaggle/input/datasets/afqwe0/clotheslabelled/Himesh/Jacket/001406.jpg,8,0.480454,0.498977,0.532466,0.755715
/kaggle/input/datasets/afqwe0/clotheslabelled/Himesh/Jacket/001406.jpg,8,0.480454,0.498977,0.532466,0.755715
/kaggle/input/datasets/afqwe0/clotheslabelled/Himesh/Jacket/001406.jpg,8,0.480454,0.498977,0.532466,0.755715
/kaggle/input/datasets/afqwe0/clotheslabelled/Himesh/Jacket/001406.jpg,8,0.480454,0.498977,0.532466,0.755715
/kaggle/input/datasets/afqwe0/clotheslabelled/Himesh/Jacket/001406.jpg,8,0.480454,0.498977,0.532466,0.755715
/kaggle/input/datasets/afqwe0/clotheslabelled/Himesh/Jacket/001406.jpg,8,0.480454,0.498977,0.532466,0.755715
/kaggle/input/datasets/afqwe0/clotheslabelled/Himesh/Jacket/001406.jpg,8,0.480454,0.498977,0.532466,0.755715
/kaggle/input/datasets/afqwe0/clotheslabelled/Himesh/Jacket/001406.jpg,8,0.480454,0.498977,0.532466,0.755715
/kaggle/input/datasets/afqwe0/clotheslabelled/Himesh/Jacket/001406.jpg,8,0.480454,0.498977,0.532466,0.755715
/kaggle/input/datasets/afqwe0/clotheslabelled/Himesh/Jacket/001406.jpg,8,0.480454,0.498977,0.532466,0.755715
/kaggle/input/datasets/afqwe0/clotheslabelled/Himesh/Jacket/001406.jpg,8,0.480454,0.498977,0.532466,0.755715
/kaggle/input/datasets/afqwe0/clotheslabelled/Himesh/Jacket/001406.jpg,8,0.480454,0.498977,0.532466,0.755715
/kaggle/input/datasets/afqwe0/clotheslabelled/Himesh/Jacket/001406.jpg,8,0.480454,0.498977,0.532466,0.755715
/kaggle/input/datasets/afqwe0/clotheslabelled/Himesh/Jacket/001406.jpg,8,0.480454,0.498977,0.532466,0.755715
/kaggle/input/datasets/afqwe0/clotheslabelled/Himesh/Jacket/001406.jpg,8,0.480454,0.498977,0.532466,0.755715
/kaggle/input/datasets/afqwe0/clotheslabelled/Himesh/Jacket/001406.jpg,8,0.480454,0.498977,0.532466,0.755715
/kaggle/input/datasets/afqwe0/clotheslabelled/Himesh/Jacket/001406.jpg,8,0.480454,0.498977,0.532466,0.755715
/kaggle/input/datasets/afqwe0/clotheslabelled/Himesh/Jacket/001406.jpg,8,0.480454,0.498977,0.532466,0.755715
/kaggle/input/datasets/afqwe0/clotheslabelled/Himesh/Jacket/001406.jpg,8,0.480454,0.498977,0.532466,0.755715
/kaggle/input/datasets/afqwe0/clotheslabelled/Himesh/Jacket/001406.jpg,8,0.480454,0.498977,0.532466,0.755715
/kaggle/input/datasets/afqwe0/clotheslabelled/Himesh/Jacket/001406.jpg,8,0.480454,0.498977,0.532466,0.755715
/kaggle/input/datasets/afqwe0/clotheslabelled/Himesh/Jacket/001406.jpg,8,0.480454,0.498977,0.532466,0.755715
/kaggle/input/datasets/afqwe0/clotheslabelled/Himesh/Jacket/001406.jpg,8,0.480454,0.498977,0.532466,0.755715
/kaggle/input/datasets/afqwe0/clotheslabelled/Himesh/Jacket/001406.jpg,8,0.480454,0.498977,0.532466,0.755715
/kaggle/input/datasets/afqwe0/clotheslabelled/Himesh/Jacket/001406.jpg,8,0.480454,0.498977,0.532466,0.755715
/kaggle/input/datasets/afqwe0/clotheslabelled/Himesh/Jacket/001406.jpg,8,0.480454,0.498977,0.532466,0.755715
/kaggle/input/datasets/afqwe0/clotheslabelled/Himesh/Jacket/001406.jpg,8,0.480454,0.498977,0.532466,0.755715
/kaggle/input/datasets/afqwe0/clotheslabelled/Himesh/Jacket/001406.jpg,8,0.480454,0.498977,0.532466,0.755715
/kaggle/input/datasets/afqwe0/clotheslabelled/Himesh/Jacket/001406.jpg,8,0.480454,0.498977,0.532466,0.755715
/kaggle/input/datasets/afqwe0/clotheslabelled/Himesh/Jacket/001406.jpg,8,0.480454,0.498977,0.532466,0.755715
/kaggle/input/datasets/afqwe0/clotheslabelled/Himesh/Jacket/001406.jpg,8,0.480454,0.498977,0.532466,0.755715
/kaggle/input/datasets/afqwe0/clotheslabelled/Himesh/Jacket/001406.jpg,8,0.480454,0.498977,0.532466,0.755715
/kaggle/input/datasets/afqwe0/clotheslabelled/Himesh/Jacket/001406.jpg,8,0.480454,0.498977,0.532466,0.755715
/kaggle/input/datasets/afqwe0/clotheslabelled/Himesh/Jacket/001406.jpg,8,0.480454,0.498977,0.532466,0.755715
/kaggle/input/datasets/afqwe0/clotheslabelled/Himesh/Jacket/001406.jpg,8,0.480454,0.498977,0.532466,0.755715
/kaggle/input/datasets/afqwe0/clotheslabelled/Himesh/Jacket/001406.jpg,8,0.480454,0.498977,0.532466,0.755715
/kaggle/input/datasets/afqwe0/clotheslabelled/Himesh/Jacket/001406.jpg,8,0.480454,0.498977,0.532466,0.755715
/kaggle/input/datasets/afqwe0/clotheslabelled/Himesh/Jacket/001406.jpg,8,0.480454,0.498977,0.532466,0.755715
/kaggle/input/datasets/afqwe0/clotheslabelled/Himesh/Jacket/001406.jpg,8,0.480454,0.498977,0.532466,0.755715
/kaggle/input/datasets/afqwe0/clotheslabelled/Himesh/Jacket/001406.jpg,8,0.480454,0.498977,0.532466,0.755715
/kaggle/input/datasets/afqwe0/clotheslabelled/Himesh/Jacket/001406.jpg,8,0.480454,0.498977,0.532466,0.755715
/kaggle/input/datasets/afqwe0/clotheslabelled/Himesh/Jacket/001406.jpg,8,0.480454,0.498977,0.532466,0.755715
/kaggle/input/datasets/afqwe0/clotheslabelled/Himesh/Jacket/001406.jpg,8,0.480454,0.498977,0.532466,0.755715
/kaggle/input/datasets/afqwe0/clotheslabelled/Himesh/Jacket/001406.jpg,8,0.480454,0.498977,0.532466,0.755715
/kaggle/input/datasets/afqwe0/clotheslabelled/Himesh/Jacket/001406.jpg,8,0.480454,0.498977,0.532466,0.755715
/kaggle/input/datasets/afqwe0/clotheslabelled/Himesh/Jacket/001406.jpg,8,0.480454,0.498977,0.532466,0.755715
/kaggle/input/datasets/afqwe0/clotheslabelled/Himesh/Jacket/001406.jpg,8,0.480454,0.498977,0.532466,0.755715
/kaggle/input/datasets/afqwe0/clotheslabelled/Himesh/Jacket/001406.jpg,8,0.480454,0.498977,0.532466,0.755715
/kaggle/input/datasets/afqwe0/clotheslabelled/Himesh/Jacket/001406.jpg,8,0.480454,0.498977,0.532466,0.755715
/kaggle/input/datasets/afqwe0/clotheslabelled/Himesh/Jacket/001406.jpg,8,0.480454,0.498977,0.532466,0.755715
/kaggle/input/datasets/afqwe0/clotheslabelled/Himesh/Jacket/001406.jpg,8,0.480454,0.498977,0.532466,0.755715
/kaggle/input/datasets/afqwe0/clotheslabelled/Himesh/Jacket/001406.jpg,8,0.480454,0.498977,0.532466,0.755715
/kaggle/input/datasets/afqwe0/clotheslabelled/Himesh/Jacket/001406.jpg,8,0.480454,0.498977,0.532466,0.755715
/kaggle/input/datasets/afqwe0/clotheslabelled/Himesh/Jacket/001406.jpg,8,0.480454,0.498977,0.532466,0.755715
/kaggle/input/datasets/afqwe0/clotheslabelled/Himesh/Jacket/001406.jpg,8,0.480454,0.498977,0.532466,0.755715
/kaggle/input/datasets/afqwe0/clotheslabelled/Himesh/Jacket/001406.jpg,8,0.480454,0.498977,0.532466,0.755715
/kaggle/input/datasets/afqwe0/clotheslabelled/Himesh/Jacket/001406.jpg,8,0.480454,0.498977,0.532466,0.755715
/kaggle/input/datasets/afqwe0/clotheslabelled/Himesh/Jacket/001406.jpg,8,0.480454,0.498977,0.532466,0.755715
/kaggle/input/datasets/afqwe0/clotheslabelled/Himesh/Jacket/001406.jpg,8,0.480454,0.498977,0.532466,0.755715
/kaggle/input/datasets/afqwe0/clotheslabelled/Himesh/Jacket/001406.jpg,8,0.480454,0.498977,0.532466,0.755715
/kaggle/input/datasets/afqwe0/clotheslabelled/Himesh/Jacket/001406.jpg,8,0.480454,0.498977,0.532466,0.755715
/kaggle/input/datasets/afqwe0/clotheslabelled/Himesh/Jacket/001406.jpg,8,0.480454,0.498977,0.532466,0.755715
/kaggle/input/datasets/afqwe0/clotheslabelled/Himesh/Jacket/001406.jpg,8,0.480454,0.498977,0.532466,0.755715
/kaggle/input/datasets/afqwe0/clotheslabelled/Himesh/Jacket/001406.jpg,8,0.480454,0.498977,0.532466,0.755715
/kaggle/input/datasets/afqwe0/clotheslabelled/Himesh/Jacket/001406.jpg,8,0.480454,0.498977,0.532466,0.755715
/kaggle/input/datasets/afqwe0/clotheslabelled/Himesh/Jacket/001406.jpg,8,0.480454,0.498977,0.532466,0.755715
/kaggle/input/datasets/afqwe0/clotheslabelled/Himesh/Jacket/001406.jpg,8,0.480454,0.498977,0.532466,0.755715
/kaggle/input/datasets/afqwe0/clotheslabelled/Himesh/Jacket/001406.jpg,8,0.480454,0.498977,0.532466,0.755715
/kaggle/input/datasets/afqwe0/clotheslabelled/Himesh/Jacket/001406.jpg,8,0.480454,0.498977,0.532466,0.755715
/kaggle/input/datasets/afqwe0/clotheslabelled/Himesh/Jacket/001406.jpg,8,0.480454,0.498977,0.532466,0.755715
/kaggle/input/datasets/afqwe0/clotheslabelled/Himesh/Jacket/001406.jpg,8,0.480454,0.498977,0.532466,0.755715
/kaggle/input/datasets/afqwe0/clotheslabelled/Himesh/Jacket/001406.jpg,8,0.480454,0.498977,0.532466,0.755715
/kaggle/input/datasets/afqwe0/clotheslabelled/Himesh/Jacket/001406.jpg,8,0.480454,0.498977,0.532466,0.755715
/kaggle/input/datasets/afqwe0/clotheslabelled/Himesh/Jacket/001406.jpg,8,0.480454,0.498977,0.532466,0.755715
/kaggle/input/datasets/afqwe0/clotheslabelled/Himesh/Jacket/001406.jpg,8,0.480454,0.498977,0.532466,0.755715
/kaggle/input/datasets/afqwe0/clotheslabelled/Himesh/Jacket/001406.jpg,8,0.480454,0.498977,0.532466,0.755715
/kaggle/input/datasets/afqwe0/clotheslabelled/Himesh/Jacket/001406.jpg,8,0.480454,0.498977,0.532466,0.755715
/kaggle/input/datasets/afqwe0/clotheslabelled/Himesh/Jacket/001406.jpg,8,0.480454,0.498977,0.532466,0.755715
/kaggle/input/datasets/afqwe0/clotheslabelled/Himesh/Jacket/001406.jpg,8,0.480454,0.498977,0.532466,0.755715
/kaggle/input/datasets/afqwe0/clotheslabelled/Himesh/Jacket/001406.jpg,8,0.480454,0.498977,0.532466,0.755715
/kaggle/input/datasets/afqwe0/clotheslabelled/Himesh/Jacket/001406.jpg,8,0.480454,0.498977,0.532466,0.755715
/kaggle/input/datasets/afqwe0/clotheslabelled/Himesh/Jacket/001406.jpg,8,0.480454,0.498977,0.532466,0.755715
/kaggle/input/datasets/afqwe0/clotheslabelled/Himesh/Jacket/001406.jpg,8,0.480454,0.498977,0.532466,0.755715
/kaggle/input/datasets/afqwe0/clotheslabelled/Himesh/Jacket/001406.jpg,8,0.480454,0.498977,0.532466,0.755715
/kaggle/input/datasets/afqwe0/clotheslabelled/Himesh/Jacket/001406.jpg,8,0.480454,0.498977,0.532466,0.755715
/kaggle/input/datasets/afqwe0/clotheslabelled/Himesh/Jacket/001406.jpg,8,0.480454,0.498977,0.532466,0.755715
/kaggle/input/datasets/afqwe0/clotheslabelled/Himesh/Jacket/001406.jpg,8,0.480454,0.498977,0.532466,0.755715
/kaggle/input/datasets/afqwe0/clotheslabelled/Himesh/Jacket/001406.jpg,8,0.480454,0.498977,0.532466,0.755715
/kaggle/input/datasets/afqwe0/clotheslabelled/Himesh/Jacket/001406.jpg,8,0.480454,0.498977,0.532466,0.755715
/kaggle/input/datasets/afqwe0/clotheslabelled/Himesh/Jacket/001406.jpg,8,0.480454,0.498977,0.532466,0.755715
/kaggle/input/datasets/afqwe0/clotheslabelled/Himesh/Jacket/001406.jpg,8,0.480454,0.498977,0.532466,0.755715
/kaggle/input/datasets/afqwe0/clotheslabelled/Himesh/Jacket/001406.jpg,8,0.480454,0.498977,0.532466,0.755715
/kaggle/input/datasets/afqwe0/clotheslabelled/Himesh/Jacket/001406.jpg,8,0.480454,0.498977,0.532466,0.755715
/kaggle/input/datasets/afqwe0/clotheslabelled/Himesh/Jacket/001406.jpg,8,0.480454,0.498977,0.532466,0.755715
/kaggle/input/datasets/afqwe0/clotheslabelled/Himesh/Jacket/001406.jpg,8,0.480454,0.498977,0.532466,0.755715
/kaggle/input/datasets/afqwe0/clotheslabelled/Himesh/Jacket/001406.jpg,8,0.480454,0.498977,0.532466,0.755715
/kaggle/input/datasets/afqwe0/clotheslabelled/Himesh/Jacket/001406.jpg,8,0.480454,0.498977,0.532466,0.755715
/kaggle/input/datasets/afqwe0/clotheslabelled/Himesh/Jacket/001406.jpg,8,0.480454,0.498977,0.532466,0.755715
/kaggle/input/datasets/afqwe0/clotheslabelled/Himesh/Jacket/001406.jpg,8,0.480454,0.498977,0.532466,0.755715
/kaggle/input/datasets/afqwe0/clotheslabelled/Himesh/Jacket/001406.jpg,8,0.480454,0.498977,0.532466,0.755715
/kaggle/input/datasets/afqwe0/clotheslabelled/Himesh/Jacket/001406.jpg,8,0.480454,0.498977,0.532466,0.755715
/kaggle/input/datasets/afqwe0/clotheslabelled/Himesh/Jacket/001406.jpg,8,0.480454,0.498977,0.532466,0.755715
/kaggle/input/datasets/afqwe0/clotheslabelled/Himesh/Jacket/001406.jpg,8,0.480454,0.498977,0.532466,0.755715
/kaggle/input/datasets/afqwe0/clotheslabelled/Himesh/Jacket/001406.jpg,8,0.480454,0.498977,0.532466,0.755715
/kaggle/input/datasets/afqwe0/clotheslabelled/Himesh/Jacket/001406.jpg,8,0.480454,0.498977,0.532466,0.755715
/kaggle/input/datasets/afqwe0/clotheslabelled/Himesh/Jacket/001406.jpg,8,0.480454,0.498977,0.532466,0.755715
/kaggle/input/datasets/afqwe0/clotheslabelled/Himesh/Jacket/001406.jpg,8,0.480454,0.498977,0.532466,0.755715
/kaggle/input/datasets/afqwe0/clotheslabelled/Himesh/Jacket/001406.jpg,8,0.480454,0.498977,0.532466,0.755715
/kaggle/input/datasets/afqwe0/clotheslabelled/Himesh/Jacket/001406.jpg,8,0.480454,0.498977,0.532466,0.755715
/kaggle/input/datasets/afqwe0/clotheslabelled/Himesh/Jacket/001406.jpg,8,0.480454,0.498977,0.532466,0.755715
/kaggle/input/datasets/afqwe0/clotheslabelled/Himesh/Jacket/001406.jpg,8,0.480454,0.498977,0.532466,0.755715
/kaggle/input/datasets/afqwe0/clotheslabelled/Himesh/Jacket/001406.jpg,8,0.480454,0.498977,0.532466,0.755715
/kaggle/input/datasets/afqwe0/clotheslabelled/Himesh/Jacket/001406.jpg,8,0.480454,0.498977,0.532466,0.755715
/kaggle/input/datasets/afqwe0/clotheslabelled/Himesh/Jacket/001406.jpg,8,0.480454,0.498977,0.532466,0.755715
/kaggle/input/datasets/afqwe0/clotheslabelled/Himesh/Jacket/001406.jpg,8,0.480454,0.498977,0.532466,0.755715
/kaggle/input/datasets/afqwe0/clotheslabelled/Himesh/Jacket/001406.jpg,8,0.480454,0.498977,0.532466,0.755715
/kaggle/input/datasets/afqwe0/clotheslabelled/Himesh/Jacket/001406.jpg,8,0.480454,0.498977,0.532466,0.755715
/kaggle/input/datasets/afqwe0/clotheslabelled/Himesh/Jacket/001406.jpg,8,0.480454,0.498977,0.532466,0.755715
/kaggle/input/datasets/afqwe0/clotheslabelled/Himesh/Jacket/001406.jpg,8,0.480454,0.498977,0.532466,0.755715
/kaggle/input/datasets/afqwe0/clotheslabelled/Himesh/Jacket/001406.jpg,8,0.480454,0.498977,0.532466,0.755715
/kaggle/input/datasets/afqwe0/clotheslabelled/Himesh/Jacket/001406.jpg,8,0.480454,0.498977,0.532466,0.755715
/kaggle/input/datasets/afqwe0/clotheslabelled/Himesh/Jacket/001406.jpg,8,0.480454,0.498977,0.532466,0.755715
/kaggle/input/datasets/afqwe0/clotheslabelled/Himesh/Jacket/001406.jpg,8,0.480454,0.498977,0.532466,0.755715
/kaggle/input/datasets/afqwe0/clotheslabelled/Himesh/Jacket/001406.jpg,8,0.480454,0.498977,0.532466,0.755715
/kaggle/input/datasets/afqwe0/clotheslabelled/Himesh/Jacket/001406.jpg,8,0.480454,0.498977,0.532466,0.755715
/kaggle/input/datasets/afqwe0/clotheslabelled/Himesh/Jacket/001406.jpg,8,0.480454,0.498977,0.532466,0.755715
/kaggle/input/datasets/afqwe0/clotheslabelled/Himesh/Jacket/001406.jpg,8,0.480454,0.498977,0.532466,0.755715
/kaggle/input/datasets/afqwe0/clotheslabelled/Himesh/Jacket/001406.jpg,8,0.480454,0.498977,0.532466,0.755715
/kaggle/input/datasets/afqwe0/clotheslabelled/Himesh/Jacket/001406.jpg,8,0.480454,0.498977,0.532466,0.755715
/kaggle/input/datasets/afqwe0/clotheslabelled/Himesh/Jacket/001406.jpg,8,0.480454,0.498977,0.532466,0.755715
/kaggle/input/datasets/afqwe0/clotheslabelled/Himesh/Jacket/001406.jpg,8,0.480454,0.498977,0.532466,0.755715
/kaggle/input/datasets/afqwe0/clotheslabelled/Himesh/Jacket/001406.jpg,8,0.480454,0.498977,0.532466,0.755715
/kaggle/input/datasets/afqwe0/clotheslabelled/Himesh/Jacket/001406.jpg,8,0.480454,0.498977,0.532466,0.755715
/kaggle/input/datasets/afqwe0/clotheslabelled/Himesh/Jacket/001406.jpg,8,0.480454,0.498977,0.532466,0.755715
/kaggle/input/datasets/afqwe0/clotheslabelled/Himesh/Jacket/001406.jpg,8,0.480454,0.498977,0.532466,0.755715
/kaggle/input/datasets/afqwe0/clotheslabelled/Himesh/Jacket/001406.jpg,8,0.480454,0.498977,0.532466,0.755715
/kaggle/input/datasets/afqwe0/clotheslabelled/Himesh/Jacket/001406.jpg,8,0.480454,0.498977,0.532466,0.755715
/kaggle/input/datasets/afqwe0/clotheslabelled/Himesh/Jacket/001406.jpg,8,0.480454,0.498977,0.532466,0.755715
/kaggle/input/datasets/afqwe0/clotheslabelled/Himesh/Jacket/001406.jpg,8,0.480454,0.498977,0.532466,0.755715
/kaggle/input/datasets/afqwe0/clotheslabelled/Himesh/Jacket/001406.jpg,8,0.480454,0.498977,0.532466,0.755715
/kaggle/input/datasets/afqwe0/clotheslabelled/Himesh/Jacket/001406.jpg,8,0.480454,0.498977,0.532466,0.755715
/kaggle/input/datasets/afqwe0/clotheslabelled/Himesh/Jacket/001406.jpg,8,0.480454,0.498977,0.532466,0.755715
/kaggle/input/datasets/afqwe0/clotheslabelled/Himesh/Jacket/001406.jpg,8,0.480454,0.498977,0.532466,0.755715
/kaggle/input/datasets/afqwe0/clotheslabelled/Himesh/Jacket/001406.jpg,8,0.480454,0.498977,0.532466,0.755715
/kaggle/input/datasets/afqwe0/clotheslabelled/Himesh/Jacket/001406.jpg,8,0.480454,0.498977,0.532466,0.755715
/kaggle/input/datasets/afqwe0/clotheslabelled/Himesh/Jacket/001406.jpg,8,0.480454,0.498977,0.532466,0.755715
/kaggle/input/datasets/afqwe0/clotheslabelled/Himesh/Jacket/001406.jpg,8,0.480454,0.498977,0.532466,0.755715
/kaggle/input/datasets/afqwe0/clotheslabelled/Himesh/Jacket/001406.jpg,8,0.480454,0.498977,0.532466,0.755715
/kaggle/input/datasets/afqwe0/clotheslabelled/Himesh/Jacket/001406.jpg,8,0.480454,0.498977,0.532466,0.755715
/kaggle/input/datasets/afqwe0/clotheslabelled/Himesh/Jacket/001406.jpg,8,0.480454,0.498977,0.532466,0.755715
/kaggle/input/datasets/afqwe0/clotheslabelled/Himesh/Jacket/001406.jpg,8,0.480454,0.498977,0.532466,0.755715
/kaggle/input/datasets/afqwe0/clotheslabelled/Himesh/Jacket/001406.jpg,8,0.480454,0.498977,0.532466,0.755715
/kaggle/input/datasets/afqwe0/clotheslabelled/Himesh/Jacket/001406.jpg,8,0.480454,0.498977,0.532466,0.755715
/kaggle/input/datasets/afqwe0/clotheslabelled/Himesh/Jacket/001406.jpg,8,0.480454,0.498977,0.532466,0.755715
/kaggle/input/datasets/afqwe0/clotheslabelled/Himesh/Jacket/001406.jpg,8,0.480454,0.498977,0.532466,0.755715
/kaggle/input/datasets/afqwe0/clotheslabelled/Himesh/Jacket/001406.jpg,8,0.480454,0.498977,0.532466,0.755715
/kaggle/input/datasets/afqwe0/clotheslabelled/Himesh/Jacket/001406.jpg,8,0.480454,0.498977,0.532466,0.755715
/kaggle/input/datasets/afqwe0/clotheslabelled/Himesh/Jacket/001406.jpg,8,0.480454,0.498977,0.532466,0.755715
/kaggle/input/datasets/afqwe0/clotheslabelled/Himesh/Jacket/001406.jpg,8,0.480454,0.498977,0.532466,0.755715
/kaggle/input/datasets/afqwe0/clotheslabelled/Himesh/Jacket/001406.jpg,8,0.480454,0.498977,0.532466,0.755715
/kaggle/input/datasets/afqwe0/clotheslabelled/Himesh/Jacket/001406.jpg,8,0.480454,0.498977,0.532466,0.755715
/kaggle/input/datasets/afqwe0/clotheslabelled/Himesh/Jacket/001406.jpg,8,0.480454,0.498977,0.532466,0.755715
/kaggle/input/datasets/afqwe0/clotheslabelled/Himesh/Jacket/001406.jpg,8,0.480454,0.498977,0.532466,0.755715
/kaggle/input/datasets/afqwe0/clotheslabelled/Himesh/Jacket/001406.jpg,8,0.480454,0.498977,0.532466,0.755715
/kaggle/input/datasets/afqwe0/clotheslabelled/Himesh/Jacket/001406.jpg,8,0.480454,0.498977,0.532466,0.755715
/kaggle/input/datasets/afqwe0/clotheslabelled/Himesh/Jacket/001406.jpg,8,0.480454,0.498977,0.532466,0.755715
/kaggle/input/datasets/afqwe0/clotheslabelled/Himesh/Jacket/001406.jpg,8,0.480454,0.498977,0.532466,0.755715
/kaggle/input/datasets/afqwe0/clotheslabelled/Himesh/Jacket/001406.jpg,8,0.480454,0.498977,0.532466,0.755715
/kaggle/input/datasets/afqwe0/clotheslabelled/Himesh/Jacket/001406.jpg,8,0.480454,0.498977,0.532466,0.755715
/kaggle/input/datasets/afqwe0/clotheslabelled/Himesh/Jacket/001406.jpg,8,0.480454,0.498977,0.532466,0.755715
/kaggle/input/datasets/afqwe0/clotheslabelled/Himesh/Jacket/001406.jpg,8,0.480454,0.498977,0.532466,0.755715
/kaggle/input/datasets/afqwe0/clotheslabelled/Himesh/Jacket/001406.jpg,8,0.480454,0.498977,0.532466,0.755715
/kaggle/input/datasets/afqwe0/clotheslabelled/Himesh/Jacket/001406.jpg,8,0.480454,0.498977,0.532466,0.755715
/kaggle/input/datasets/afqwe0/clotheslabelled/Himesh/Jacket/001406.jpg,8,0.480454,0.498977,0.532466,0.755715
/kaggle/input/datasets/afqwe0/clotheslabelled/Himesh/Jacket/001406.jpg,8,0.480454,0.498977,0.532466,0.755715
/kaggle/input/datasets/afqwe0/clotheslabelled/Himesh/Jacket/001406.jpg,8,0.480454,0.498977,0.532466,0.755715
/kaggle/input/datasets/afqwe0/clotheslabelled/Himesh/Jacket/001406.jpg,8,0.480454,0.498977,0.532466,0.755715
/kaggle/input/datasets/afqwe0/clotheslabelled/Himesh/Jacket/001406.jpg,8,0.480454,0.498977,0.532466,0.755715
/kaggle/input/datasets/afqwe0/clotheslabelled/Himesh/Jacket/001406.jpg,8,0.480454,0.498977,0.532466,0.755715
/kaggle/input/datasets/afqwe0/clotheslabelled/Himesh/Jacket/001406.jpg,8,0.480454,0.498977,0.532466,0.755715
/kaggle/input/datasets/afqwe0/clotheslabelled/Himesh/Jacket/001406.jpg,8,0.480454,0.498977,0.532466,0.755715
/kaggle/input/datasets/afqwe0/clotheslabelled/Himesh/Jacket/001406.jpg,8,0.480454,0.498977,0.532466,0.755715
/kaggle/input/datasets/afqwe0/clotheslabelled/Himesh/Jacket/001406.jpg,8,0.480454,0.498977,0.532466,0.755715
/kaggle/input/datasets/afqwe0/clotheslabelled/Himesh/Jacket/001406.jpg,8,0.480454,0.498977,0.532466,0.755715
/kaggle/input/datasets/afqwe0/clotheslabelled/Himesh/Jacket/001406.jpg,8,0.480454,0.498977,0.532466,0.755715
/kaggle/input/datasets/afqwe0/clotheslabelled/Himesh/Jacket/001406.jpg,8,0.480454,0.498977,0.532466,0.755715
/kaggle/input/datasets/afqwe0/clotheslabelled/Himesh/Jacket/001406.jpg,8,0.480454,0.498977,0.532466,0.755715
/kaggle/input/datasets/afqwe0/clotheslabelled/Himesh/Jacket/001406.jpg,8,0.480454,0.498977,0.532466,0.755715
/kaggle/input/datasets/afqwe0/clotheslabelled/Himesh/Jacket/001406.jpg,8,0.480454,0.498977,0.532466,0.755715
/kaggle/input/datasets/afqwe0/clotheslabelled/Himesh/Jacket/001406.jpg,8,0.480454,0.498977,0.532466,0.755715
/kaggle/input/datasets/afqwe0/clotheslabelled/Himesh/Jacket/001406.jpg,8,0.480454,0.498977,0.532466,0.755715
/kaggle/input/datasets/afqwe0/clotheslabelled/Himesh/Jacket/001406.jpg,8,0.480454,0.498977,0.532466,0.755715
/kaggle/input/datasets/afqwe0/clotheslabelled/Himesh/Jacket/001406.jpg,8,0.480454,0.498977,0.532466,0.755715
/kaggle/input/datasets/afqwe0/clotheslabelled/Himesh/Jacket/001406.jpg,8,0.480454,0.498977,0.532466,0.755715
/kaggle/input/datasets/afqwe0/clotheslabelled/Himesh/Jacket/001406.jpg,8,0.480454,0.498977,0.532466,0.755715
/kaggle/input/datasets/afqwe0/clotheslabelled/Himesh/Jacket/001406.jpg,8,0.480454,0.498977,0.532466,0.755715
/kaggle/input/datasets/afqwe0/clotheslabelled/Himesh/Jacket/001406.jpg,8,0.480454,0.498977,0.532466,0.755715
/kaggle/input/datasets/afqwe0/clotheslabelled/Himesh/Jacket/001406.jpg,8,0.480454,0.498977,0.532466,0.755715
/kaggle/input/datasets/afqwe0/clotheslabelled/Himesh/Jacket/001406.jpg,8,0.480454,0.498977,0.532466,0.755715
/kaggle/input/datasets/afqwe0/clotheslabelled/Himesh/Jacket/001406.jpg,8,0.480454,0.498977,0.532466,0.755715
/kaggle/input/datasets/afqwe0/clotheslabelled/Himesh/Jacket/001406.jpg,8,0.480454,0.498977,0.532466,0.755715
/kaggle/input/datasets/afqwe0/clotheslabelled/Himesh/Jacket/001406.jpg,8,0.480454,0.498977,0.532466,0.755715
/kaggle/input/datasets/afqwe0/clotheslabelled/Himesh/Jacket/001406.jpg,8,0.480454,0.498977,0.532466,0.755715
/kaggle/input/datasets/afqwe0/clotheslabelled/Himesh/Jacket/001406.jpg,8,0.480454,0.498977,0.532466,0.755715
/kaggle/input/datasets/afqwe0/clotheslabelled/Himesh/Jacket/001406.jpg,8,0.480454,0.498977,0.532466,0.755715
/kaggle/input/datasets/afqwe0/clotheslabelled/Himesh/Jacket/001406.jpg,8,0.480454,0.498977,0.532466,0.755715
/kaggle/input/datasets/afqwe0/clotheslabelled/Himesh/Jacket/001406.jpg,8,0.480454,0.498977,0.532466,0.755715
/kaggle/input/datasets/afqwe0/clotheslabelled/Himesh/Jacket/001406.jpg,8,0.480454,0.498977,0.532466,0.755715
/kaggle/input/datasets/afqwe0/clotheslabelled/Himesh/Jacket/001406.jpg,8,0.480454,0.498977,0.532466,0.755715
/kaggle/input/datasets/afqwe0/clotheslabelled/Himesh/Jacket/001406.jpg,8,0.480454,0.498977,0.532466,0.755715
/kaggle/input/datasets/afqwe0/clotheslabelled/Himesh/Jacket/001406.jpg,8,0.480454,0.498977,0.532466,0.755715
/kaggle/input/datasets/afqwe0/clotheslabelled/Himesh/Jacket/001406.jpg,8,0.480454,0.498977,0.532466,0.755715
/kaggle/input/datasets/afqwe0/clotheslabelled/Himesh/Jacket/001406.jpg,8,0.480454,0.498977,0.532466,0.755715
/kaggle/input/datasets/afqwe0/clotheslabelled/Himesh/Jacket/001406.jpg,8,0.480454,0.498977,0.532466,0.755715
/kaggle/input/datasets/afqwe0/clotheslabelled/Himesh/Jacket/001406.jpg,8,0.480454,0.498977,0.532466,0.755715
/kaggle/input/datasets/afqwe0/clotheslabelled/Himesh/Jacket/001406.jpg,8,0.480454,0.498977,0.532466,0.755715
/kaggle/input/datasets/afqwe0/clotheslabelled/Himesh/Jacket/001406.jpg,8,0.480454,0.498977,0.532466,0.755715
/kaggle/input/datasets/afqwe0/clotheslabelled/Himesh/Jacket/001406.jpg,8,0.480454,0.498977,0.532466,0.755715
/kaggle/input/datasets/afqwe0/clotheslabelled/Himesh/Jacket/001406.jpg,8,0.480454,0.498977,0.532466,0.755715
/kaggle/input/datasets/afqwe0/clotheslabelled/Himesh/Jacket/001406.jpg,8,0.480454,0.498977,0.532466,0.755715
/kaggle/input/datasets/afqwe0/clotheslabelled/Himesh/Jacket/001406.jpg,8,0.480454,0.498977,0.532466,0.755715
/kaggle/input/datasets/afqwe0/clotheslabelled/Himesh/Jacket/001406.jpg,8,0.480454,0.498977,0.532466,0.755715
/kaggle/input/datasets/afqwe0/clotheslabelled/Himesh/Jacket/001406.jpg,8,0.480454,0.498977,0.532466,0.755715
/kaggle/input/datasets/afqwe0/clotheslabelled/Himesh/Jacket/001406.jpg,8,0.480454,0.498977,0.532466,0.755715
/kaggle/input/datasets/afqwe0/clotheslabelled/Himesh/Jacket/001406.jpg,8,0.480454,0.498977,0.532466,0.755715
/kaggle/input/datasets/afqwe0/clotheslabelled/Himesh/Jacket/001406.jpg,8,0.480454,0.498977,0.532466,0.755715
/kaggle/input/datasets/afqwe0/clotheslabelled/Himesh/Jacket/001406.jpg,8,0.480454,0.498977,0.532466,0.755715
/kaggle/input/datasets/afqwe0/clotheslabelled/Himesh/Jacket/001406.jpg,8,0.480454,0.498977,0.532466,0.755715
/kaggle/input/datasets/afqwe0/clotheslabelled/Himesh/Jacket/001406.jpg,8,0.480454,0.498977,0.532466,0.755715
/kaggle/input/datasets/afqwe0/clotheslabelled/Himesh/Jacket/001406.jpg,8,0.480454,0.498977,0.532466,0.755715
/kaggle/input/datasets/afqwe0/clotheslabelled/Himesh/Jacket/001406.jpg,8,0.480454,0.498977,0.532466,0.755715
/kaggle/input/datasets/afqwe0/clotheslabelled/Himesh/Jacket/001406.jpg,8,0.480454,0.498977,0.532466,0.755715
/kaggle/input/datasets/afqwe0/clotheslabelled/Himesh/Jacket/001406.jpg,8,0.480454,0.498977,0.532466,0.755715
/kaggle/input/datasets/afqwe0/clotheslabelled/Himesh/Jacket/001406.jpg,8,0.480454,0.498977,0.532466,0.755715
/kaggle/input/datasets/afqwe0/clotheslabelled/Himesh/Jacket/001406.jpg,8,0.480454,0.498977,0.532466,0.755715
/kaggle/input/datasets/afqwe0/clotheslabelled/Himesh/Jacket/001406.jpg,8,0.480454,0.498977,0.532466,0.755715
/kaggle/input/datasets/afqwe0/clotheslabelled/Himesh/Jacket/001406.jpg,8,0.480454,0.498977,0.532466,0.755715
/kaggle/input/datasets/afqwe0/clotheslabelled/Himesh/Jacket/001406.jpg,8,0.480454,0.498977,0.532466,0.755715
/kaggle/input/datasets/afqwe0/clotheslabelled/Himesh/Jacket/001406.jpg,8,0.480454,0.498977,0.532466,0.755715
/kaggle/input/datasets/afqwe0/clotheslabelled/Himesh/Jacket/001406.jpg,8,0.480454,0.498977,0.532466,0.755715
/kaggle/input/datasets/afqwe0/clotheslabelled/Himesh/Jacket/001406.jpg,8,0.480454,0.498977,0.532466,0.755715
/kaggle/input/datasets/afqwe0/clotheslabelled/Himesh/Jacket/001406.jpg,8,0.480454,0.498977,0.532466,0.755715
/kaggle/input/datasets/afqwe0/clotheslabelled/Himesh/Jacket/001406.jpg,8,0.480454,0.498977,0.532466,0.755715
/kaggle/input/datasets/afqwe0/clotheslabelled/Himesh/Jacket/001406.jpg,8,0.480454,0.498977,0.532466,0.755715
/kaggle/input/datasets/afqwe0/clotheslabelled/Himesh/Jacket/001406.jpg,8,0.480454,0.498977,0.532466,0.755715
/kaggle/input/datasets/afqwe0/clotheslabelled/Himesh/Jacket/001406.jpg,8,0.480454,0.498977,0.532466,0.755715
/kaggle/input/datasets/afqwe0/clotheslabelled/Himesh/Jacket/001406.jpg,8,0.480454,0.498977,0.532466,0.755715
/kaggle/input/datasets/afqwe0/clotheslabelled/Himesh/Jacket/001406.jpg,8,0.480454,0.498977,0.532466,0.755715
/kaggle/input/datasets/afqwe0/clotheslabelled/Himesh/Jacket/001406.jpg,8,0.480454,0.498977,0.532466,0.755715
/kaggle/input/datasets/afqwe0/clotheslabelled/Himesh/Jacket/001406.jpg,8,0.480454,0.498977,0.532466,0.755715
/kaggle/input/datasets/afqwe0/clotheslabelled/Himesh/Jacket/001406.jpg,8,0.480454,0.498977,0.532466,0.755715
/kaggle/input/datasets/afqwe0/clotheslabelled/Himesh/Jacket/001406.jpg,8,0.480454,0.498977,0.532466,0.755715
/kaggle/input/datasets/afqwe0/clotheslabelled/Himesh/Jacket/001406.jpg,8,0.480454,0.498977,0.532466,0.755715
/kaggle/input/datasets/afqwe0/clotheslabelled/Himesh/Jacket/001406.jpg,8,0.480454,0.498977,0.532466,0.755715
/kaggle/input/datasets/afqwe0/clotheslabelled/Himesh/Jacket/001406.jpg,8,0.480454,0.498977,0.532466,0.755715
/kaggle/input/datasets/afqwe0/clotheslabelled/Himesh/Jacket/001406.jpg,8,0.480454,0.498977,0.532466,0.755715
/kaggle/input/datasets/afqwe0/clotheslabelled/Himesh/Jacket/001406.jpg,8,0.480454,0.498977,0.532466,0.755715
/kaggle/input/datasets/afqwe0/clotheslabelled/Himesh/Jacket/001406.jpg,8,0.480454,0.498977,0.532466,0.755715
/kaggle/input/datasets/afqwe0/clotheslabelled/Himesh/Jacket/001406.jpg,8,0.480454,0.498977,0.532466,0.755715
/kaggle/input/datasets/afqwe0/clotheslabelled/Himesh/Jacket/001406.jpg,8,0.480454,0.498977,0.532466,0.755715
/kaggle/input/datasets/afqwe0/clotheslabelled/Himesh/Jacket/001406.jpg,8,0.480454,0.498977,0.532466,0.755715
/kaggle/input/datasets/afqwe0/clotheslabelled/Himesh/Jacket/001406.jpg,8,0.480454,0.498977,0.532466,0.755715
/kaggle/input/datasets/afqwe0/clotheslabelled/Himesh/Jacket/001406.jpg,8,0.480454,0.498977,0.532466,0.755715
/kaggle/input/datasets/afqwe0/clotheslabelled/Himesh/Jacket/001406.jpg,8,0.480454,0.498977,0.532466,0.755715
/kaggle/input/datasets/afqwe0/clotheslabelled/Himesh/Jacket/001406.jpg,8,0.480454,0.498977,0.532466,0.755715
/kaggle/input/datasets/afqwe0/clotheslabelled/Himesh/Jacket/001406.jpg,8,0.480454,0.498977,0.532466,0.755715
/kaggle/input/datasets/afqwe0/clotheslabelled/Himesh/Jacket/001406.jpg,8,0.480454,0.498977,0.532466,0.755715
/kaggle/input/datasets/afqwe0/clotheslabelled/Himesh/Jacket/001406.jpg,8,0.480454,0.498977,0.532466,0.755715
/kaggle/input/datasets/afqwe0/clotheslabelled/Himesh/Jacket/001406.jpg,8,0.480454,0.498977,0.532466,0.755715
/kaggle/input/datasets/afqwe0/clotheslabelled/Himesh/Jacket/001406.jpg,8,0.480454,0.498977,0.532466,0.755715
/kaggle/input/datasets/afqwe0/clotheslabelled/Himesh/Jacket/001406.jpg,8,0.480454,0.498977,0.532466,0.755715
/kaggle/input/datasets/afqwe0/clotheslabelled/Himesh/Jacket/001406.jpg,8,0.480454,0.498977,0.532466,0.755715
/kaggle/input/datasets/afqwe0/clotheslabelled/Himesh/Jacket/001406.jpg,8,0.480454,0.498977,0.532466,0.755715
/kaggle/input/datasets/afqwe0/clotheslabelled/Himesh/Jacket/001406.jpg,8,0.480454,0.498977,0.532466,0.755715
/kaggle/input/datasets/afqwe0/clotheslabelled/Himesh/Jacket/001406.jpg,8,0.480454,0.498977,0.532466,0.755715
/kaggle/input/datasets/afqwe0/clotheslabelled/Himesh/Jacket/001406.jpg,8,0.480454,0.498977,0.532466,0.755715
/kaggle/input/datasets/afqwe0/clotheslabelled/Himesh/Jacket/001406.jpg,8,0.480454,0.498977,0.532466,0.755715
/kaggle/input/datasets/afqwe0/clotheslabelled/Himesh/Jacket/001406.jpg,8,0.480454,0.498977,0.532466,0.755715
/kaggle/input/datasets/afqwe0/clotheslabelled/Himesh/Jacket/001406.jpg,8,0.480454,0.498977,0.532466,0.755715
/kaggle/input/datasets/afqwe0/clotheslabelled/Himesh/Jacket/001406.jpg,8,0.480454,0.498977,0.532466,0.755715
/kaggle/input/datasets/afqwe0/clotheslabelled/Himesh/Jacket/001406.jpg,8,0.480454,0.498977,0.532466,0.755715
/kaggle/input/datasets/afqwe0/clotheslabelled/Himesh/Jacket/001406.jpg,8,0.480454,0.498977,0.532466,0.755715
/kaggle/input/datasets/afqwe0/clotheslabelled/Himesh/Jacket/001406.jpg,8,0.480454,0.498977,0.532466,0.755715
/kaggle/input/datasets/afqwe0/clotheslabelled/Himesh/Jacket/001406.jpg,8,0.480454,0.498977,0.532466,0.755715
/kaggle/input/datasets/afqwe0/clotheslabelled/Himesh/Jacket/001406.jpg,8,0.480454,0.498977,0.532466,0.755715
/kaggle/input/datasets/afqwe0/clotheslabelled/Himesh/Jacket/001406.jpg,8,0.480454,0.498977,0.532466,0.755715
/kaggle/input/datasets/afqwe0/clotheslabelled/Himesh/Jacket/001406.jpg,8,0.480454,0.498977,0.532466,0.755715
/kaggle/input/datasets/afqwe0/clotheslabelled/Himesh/Jacket/001406.jpg,8,0.480454,0.498977,0.532466,0.755715
/kaggle/input/datasets/afqwe0/clotheslabelled/Himesh/Jacket/001406.jpg,8,0.480454,0.498977,0.532466,0.755715
/kaggle/input/datasets/afqwe0/clotheslabelled/Himesh/Jacket/001406.jpg,8,0.480454,0.498977,0.532466,0.755715
/kaggle/input/datasets/afqwe0/clotheslabelled/Himesh/Jacket/001406.jpg,8,0.480454,0.498977,0.532466,0.755715
/kaggle/input/datasets/afqwe0/clotheslabelled/Himesh/Jacket/001406.jpg,8,0.480454,0.498977,0.532466,0.755715
/kaggle/input/datasets/afqwe0/clotheslabelled/Himesh/Jacket/001406.jpg,8,0.480454,0.498977,0.532466,0.755715
/kaggle/input/datasets/afqwe0/clotheslabelled/Himesh/Jacket/001406.jpg,8,0.480454,0.498977,0.532466,0.755715
/kaggle/input/datasets/afqwe0/clotheslabelled/Himesh/Jacket/001406.jpg,8,0.480454,0.498977,0.532466,0.755715
/kaggle/input/datasets/afqwe0/clotheslabelled/Himesh/Jacket/001406.jpg,8,0.480454,0.498977,0.532466,0.755715
/kaggle/input/datasets/afqwe0/clotheslabelled/Himesh/Jacket/001406.jpg,8,0.480454,0.498977,0.532466,0.755715
/kaggle/input/datasets/afqwe0/clotheslabelled/Himesh/Jacket/001406.jpg,8,0.480454,0.498977,0.532466,0.755715
/kaggle/input/datasets/afqwe0/clotheslabelled/Himesh/Jacket/001406.jpg,8,0.480454,0.498977,0.532466,0.755715
/kaggle/input/datasets/afqwe0/clotheslabelled/Himesh/Jacket/001406.jpg,8,0.480454,0.498977,0.532466,0.755715
/kaggle/input/datasets/afqwe0/clotheslabelled/Himesh/Jacket/001406.jpg,8,0.480454,0.498977,0.532466,0.755715
/kaggle/input/datasets/afqwe0/clotheslabelled/Himesh/Jacket/001406.jpg,8,0.480454,0.498977,0.532466,0.755715
/kaggle/input/datasets/afqwe0/clotheslabelled/Himesh/Jacket/001406.jpg,8,0.480454,0.498977,0.532466,0.755715
/kaggle/input/datasets/afqwe0/clotheslabelled/Himesh/Jacket/001406.jpg,8,0.480454,0.498977,0.532466,0.755715
/kaggle/input/datasets/afqwe0/clotheslabelled/Himesh/Jacket/001406.jpg,8,0.480454,0.498977,0.532466,0.755715
/kaggle/input/datasets/afqwe0/clotheslabelled/Himesh/Jacket/001406.jpg,8,0.480454,0.498977,0.532466,0.755715
/kaggle/input/datasets/afqwe0/clotheslabelled/Himesh/Jacket/001406.jpg,8,0.480454,0.498977,0.532466,0.755715
/kaggle/input/datasets/afqwe0/clotheslabelled/Himesh/Jacket/001406.jpg,8,0.480454,0.498977,0.532466,0.755715
/kaggle/input/datasets/afqwe0/clotheslabelled/Himesh/Jacket/001406.jpg,8,0.480454,0.498977,0.532466,0.755715
/kaggle/input/datasets/afqwe0/clotheslabelled/Himesh/Jacket/001406.jpg,8,0.480454,0.498977,0.532466,0.755715
/kaggle/input/datasets/afqwe0/clotheslabelled/Himesh/Jacket/001406.jpg,8,0.480454,0.498977,0.532466,0.755715
/kaggle/input/datasets/afqwe0/clotheslabelled/Himesh/Jacket/001406.jpg,8,0.480454,0.498977,0.532466,0.755715
/kaggle/input/datasets/afqwe0/clotheslabelled/Himesh/Jacket/001406.jpg,8,0.480454,0.498977,0.532466,0.755715
/kaggle/input/datasets/afqwe0/clotheslabelled/Himesh/Jacket/001406.jpg,8,0.480454,0.498977,0.532466,0.755715
/kaggle/input/datasets/afqwe0/clotheslabelled/Himesh/Jacket/001406.jpg,8,0.480454,0.498977,0.532466,0.755715
/kaggle/input/datasets/afqwe0/clotheslabelled/Himesh/Jacket/001406.jpg,8,0.480454,0.498977,0.532466,0.755715
/kaggle/input/datasets/afqwe0/clotheslabelled/Himesh/Jacket/001406.jpg,8,0.480454,0.498977,0.532466,0.755715
/kaggle/input/datasets/afqwe0/clotheslabelled/Himesh/Jacket/001406.jpg,8,0.480454,0.498977,0.532466,0.755715
/kaggle/input/datasets/afqwe0/clotheslabelled/Himesh/Jacket/001406.jpg,8,0.480454,0.498977,0.532466,0.755715
/kaggle/input/datasets/afqwe0/clotheslabelled/Himesh/Jacket/001406.jpg,8,0.480454,0.498977,0.532466,0.755715
/kaggle/input/datasets/afqwe0/clotheslabelled/Himesh/Jacket/001406.jpg,8,0.480454,0.498977,0.532466,0.755715
/kaggle/input/datasets/afqwe0/clotheslabelled/Himesh/Jacket/001406.jpg,8,0.480454,0.498977,0.532466,0.755715
/kaggle/input/datasets/afqwe0/clotheslabelled/Himesh/Jacket/001406.jpg,8,0.480454,0.498977,0.532466,0.755715
/kaggle/input/datasets/afqwe0/clotheslabelled/Himesh/Jacket/001406.jpg,8,0.480454,0.498977,0.532466,0.755715
/kaggle/input/datasets/afqwe0/clotheslabelled/Himesh/Jacket/001406.jpg,8,0.480454,0.498977,0.532466,0.755715
/kaggle/input/datasets/afqwe0/clotheslabelled/Himesh/Jacket/001406.jpg,8,0.480454,0.498977,0.532466,0.755715
/kaggle/input/datasets/afqwe0/clotheslabelled/Himesh/Jacket/001406.jpg,8,0.480454,0.498977,0.532466,0.755715
/kaggle/input/datasets/afqwe0/clotheslabelled/Himesh/Jacket/001406.jpg,8,0.480454,0.498977,0.532466,0.755715
/kaggle/input/datasets/afqwe0/clotheslabelled/Himesh/Jacket/001406.jpg,8,0.480454,0.498977,0.532466,0.755715
/kaggle/input/datasets/afqwe0/clotheslabelled/Himesh/Jacket/001406.jpg,8,0.480454,0.498977,0.532466,0.755715
/kaggle/input/datasets/afqwe0/clotheslabelled/Himesh/Jacket/001406.jpg,8,0.480454,0.498977,0.532466,0.755715
/kaggle/input/datasets/afqwe0/clotheslabelled/Himesh/Jacket/001406.jpg,8,0.480454,0.498977,0.532466,0.755715
/kaggle/input/datasets/afqwe0/clotheslabelled/Himesh/Jacket/001406.jpg,8,0.480454,0.498977,0.532466,0.755715
/kaggle/input/datasets/afqwe0/clotheslabelled/Himesh/Jacket/001406.jpg,8,0.480454,0.498977,0.532466,0.755715
/kaggle/input/datasets/afqwe0/clotheslabelled/Himesh/Jacket/001406.jpg,8,0.480454,0.498977,0.532466,0.755715
/kaggle/input/datasets/afqwe0/clotheslabelled/Himesh/Jacket/001406.jpg,8,0.480454,0.498977,0.532466,0.755715
/kaggle/input/datasets/afqwe0/clotheslabelled/Himesh/Jacket/001406.jpg,8,0.480454,0.498977,0.532466,0.755715
/kaggle/input/datasets/afqwe0/clotheslabelled/Himesh/Jacket/001406.jpg,8,0.480454,0.498977,0.532466,0.755715
/kaggle/input/datasets/afqwe0/clotheslabelled/Himesh/Jacket/001406.jpg,8,0.480454,0.498977,0.532466,0.755715
/kaggle/input/datasets/afqwe0/clotheslabelled/Himesh/Jacket/001406.jpg,8,0.480454,0.498977,0.532466,0.755715
/kaggle/input/datasets/afqwe0/clotheslabelled/Himesh/Jacket/001406.jpg,8,0.480454,0.498977,0.532466,0.755715
/kaggle/input/datasets/afqwe0/clotheslabelled/Himesh/Jacket/001406.jpg,8,0.480454,0.498977,0.532466,0.755715
/kaggle/input/datasets/afqwe0/clotheslabelled/Himesh/Jacket/001406.jpg,8,0.480454,0.498977,0.532466,0.755715
/kaggle/input/datasets/afqwe0/clotheslabelled/Himesh/Jacket/001406.jpg,8,0.480454,0.498977,0.532466,0.755715
/kaggle/input/datasets/afqwe0/clotheslabelled/Himesh/Jacket/001406.jpg,8,0.480454,0.498977,0.532466,0.755715
/kaggle/input/datasets/afqwe0/clotheslabelled/Himesh/Jacket/001406.jpg,8,0.480454,0.498977,0.532466,0.755715
/kaggle/input/datasets/afqwe0/clotheslabelled/Himesh/Jacket/001406.jpg,8,0.480454,0.498977,0.532466,0.755715
/kaggle/input/datasets/afqwe0/clotheslabelled/Himesh/Jacket/001406.jpg,8,0.480454,0.498977,0.532466,0.755715
/kaggle/input/datasets/afqwe0/clotheslabelled/Himesh/Jacket/001406.jpg,8,0.480454,0.498977,0.532466,0.755715
/kaggle/input/datasets/afqwe0/clotheslabelled/Himesh/Jacket/001406.jpg,8,0.480454,0.498977,0.532466,0.755715
/kaggle/input/datasets/afqwe0/clotheslabelled/Himesh/Jacket/001406.jpg,8,0.480454,0.498977,0.532466,0.755715
/kaggle/input/datasets/afqwe0/clotheslabelled/Himesh/Jacket/001406.jpg,8,0.480454,0.498977,0.532466,0.755715
/kaggle/input/datasets/afqwe0/clotheslabelled/Himesh/Jacket/001406.jpg,8,0.480454,0.498977,0.532466,0.755715
/kaggle/input/datasets/afqwe0/clotheslabelled/Himesh/Jacket/001406.jpg,8,0.480454,0.498977,0.532466,0.755715
/kaggle/input/datasets/afqwe0/clotheslabelled/Himesh/Jacket/001406.jpg,8,0.480454,0.498977,0.532466,0.755715
/kaggle/input/datasets/afqwe0/clotheslabelled/Himesh/Jacket/001406.jpg,8,0.480454,0.498977,0.532466,0.755715
/kaggle/input/datasets/afqwe0/clotheslabelled/Himesh/Jacket/001406.jpg,8,0.480454,0.498977,0.532466,0.755715
/kaggle/input/datasets/afqwe0/clotheslabelled/Himesh/Jacket/001406.jpg,8,0.480454,0.498977,0.532466,0.755715
/kaggle/input/datasets/afqwe0/clotheslabelled/Himesh/Jacket/001406.jpg,8,0.480454,0.498977,0.532466,0.755715
/kaggle/input/datasets/afqwe0/clotheslabelled/Himesh/Jacket/001406.jpg,8,0.480454,0.498977,0.532466,0.755715
/kaggle/input/datasets/afqwe0/clotheslabelled/Himesh/Jacket/001406.jpg,8,0.480454,0.498977,0.532466,0.755715
/kaggle/input/datasets/afqwe0/clotheslabelled/Himesh/Jacket/001406.jpg,8,0.480454,0.498977,0.532466,0.755715
/kaggle/input/datasets/afqwe0/clotheslabelled/Himesh/Jacket/001406.jpg,8,0.480454,0.498977,0.532466,0.755715
/kaggle/input/datasets/afqwe0/clotheslabelled/Himesh/Jacket/001406.jpg,8,0.480454,0.498977,0.532466,0.755715
/kaggle/input/datasets/afqwe0/clotheslabelled/Himesh/Jacket/001406.jpg,8,0.480454,0.498977,0.532466,0.755715
/kaggle/input/datasets/afqwe0/clotheslabelled/Himesh/Jacket/001406.jpg,8,0.480454,0.498977,0.532466,0.755715
/kaggle/input/datasets/afqwe0/clotheslabelled/Himesh/Jacket/001406.jpg,8,0.480454,0.498977,0.532466,0.755715
/kaggle/input/datasets/afqwe0/clotheslabelled/Himesh/Jacket/001406.jpg,8,0.480454,0.498977,0.532466,0.755715
/kaggle/input/datasets/afqwe0/clotheslabelled/Himesh/Jacket/001406.jpg,8,0.480454,0.498977,0.532466,0.755715
/kaggle/input/datasets/afqwe0/clotheslabelled/Himesh/Jacket/001406.jpg,8,0.480454,0.498977,0.532466,0.755715
/kaggle/input/datasets/afqwe0/clotheslabelled/Himesh/Jacket/001406.jpg,8,0.480454,0.498977,0.532466,0.755715
/kaggle/input/datasets/afqwe0/clotheslabelled/Himesh/Jacket/001406.jpg,8,0.480454,0.498977,0.532466,0.755715
/kaggle/input/datasets/afqwe0/clotheslabelled/Himesh/Jacket/001406.jpg,8,0.480454,0.498977,0.532466,0.755715
/kaggle/input/datasets/afqwe0/clotheslabelled/Himesh/Jacket/001406.jpg,8,0.480454,0.498977,0.532466,0.755715
/kaggle/input/datasets/afqwe0/clotheslabelled/Himesh/Jacket/001406.jpg,8,0.480454,0.498977,0.532466,0.755715
/kaggle/input/datasets/afqwe0/clotheslabelled/Himesh/Jacket/001406.jpg,8,0.480454,0.498977,0.532466,0.755715
/kaggle/input/datasets/afqwe0/clotheslabelled/Himesh/Jacket/001406.jpg,8,0.480454,0.498977,0.532466,0.755715
/kaggle/input/datasets/afqwe0/clotheslabelled/Himesh/Jacket/001406.jpg,8,0.480454,0.498977,0.532466,0.755715
/kaggle/input/datasets/afqwe0/clotheslabelled/Himesh/Jacket/001406.jpg,8,0.480454,0.498977,0.532466,0.755715
/kaggle/input/datasets/afqwe0/clotheslabelled/Himesh/Jacket/001406.jpg,8,0.480454,0.498977,0.532466,0.755715
/kaggle/input/datasets/afqwe0/clotheslabelled/Himesh/Jacket/001406.jpg,8,0.480454,0.498977,0.532466,0.755715
/kaggle/input/datasets/afqwe0/clotheslabelled/Himesh/Jacket/001406.jpg,8,0.480454,0.498977,0.532466,0.755715
/kaggle/input/datasets/afqwe0/clotheslabelled/Himesh/Jacket/001406.jpg,8,0.480454,0.498977,0.532466,0.755715
/kaggle/input/datasets/afqwe0/clotheslabelled/Himesh/Jacket/001406.jpg,8,0.480454,0.498977,0.532466,0.755715
/kaggle/input/datasets/afqwe0/clotheslabelled/Himesh/Jacket/001406.jpg,8,0.480454,0.498977,0.532466,0.755715
/kaggle/input/datasets/afqwe0/clotheslabelled/Himesh/Jacket/001406.jpg,8,0.480454,0.498977,0.532466,0.755715
/kaggle/input/datasets/afqwe0/clotheslabelled/Himesh/Jacket/001406.jpg,8,0.480454,0.498977,0.532466,0.755715
/kaggle/input/datasets/afqwe0/clotheslabelled/Himesh/Jacket/001406.jpg,8,0.480454,0.498977,0.532466,0.755715
/kaggle/input/datasets/afqwe0/clotheslabelled/Himesh/Jacket/001406.jpg,8,0.480454,0.498977,0.532466,0.755715
/kaggle/input/datasets/afqwe0/clotheslabelled/Himesh/Jacket/001406.jpg,8,0.480454,0.498977,0.532466,0.755715
/kaggle/input/datasets/afqwe0/clotheslabelled/Himesh/Jacket/001406.jpg,8,0.480454,0.498977,0.532466,0.755715
/kaggle/input/datasets/afqwe0/clotheslabelled/Himesh/Jacket/001406.jpg,8,0.480454,0.498977,0.532466,0.755715
/kaggle/input/datasets/afqwe0/clotheslabelled/Himesh/Jacket/001406.jpg,8,0.480454,0.498977,0.532466,0.755715
/kaggle/input/datasets/afqwe0/clotheslabelled/Himesh/Jacket/001406.jpg,8,0.480454,0.498977,0.532466,0.755715
/kaggle/input/datasets/afqwe0/clotheslabelled/Himesh/Jacket/001406.jpg,8,0.480454,0.498977,0.532466,0.755715
/kaggle/input/datasets/afqwe0/clotheslabelled/Himesh/Jacket/001406.jpg,8,0.480454,0.498977,0.532466,0.755715
/kaggle/input/datasets/afqwe0/clotheslabelled/Himesh/Jacket/001406.jpg,8,0.480454,0.498977,0.532466,0.755715
/kaggle/input/datasets/afqwe0/clotheslabelled/Himesh/Jacket/001406.jpg,8,0.480454,0.498977,0.532466,0.755715
/kaggle/input/datasets/afqwe0/clotheslabelled/Himesh/Jacket/001406.jpg,8,0.480454,0.498977,0.532466,0.755715
/kaggle/input/datasets/afqwe0/clotheslabelled/Himesh/Jacket/001406.jpg,8,0.480454,0.498977,0.532466,0.755715
/kaggle/input/datasets/afqwe0/clotheslabelled/Himesh/Jacket/001406.jpg,8,0.480454,0.498977,0.532466,0.755715
/kaggle/input/datasets/afqwe0/clotheslabelled/Himesh/Jacket/001406.jpg,8,0.480454,0.498977,0.532466,0.755715
/kaggle/input/datasets/afqwe0/clotheslabelled/Himesh/Jacket/001406.jpg,8,0.480454,0.498977,0.532466,0.755715
/kaggle/input/datasets/afqwe0/clotheslabelled/Himesh/Jacket/001406.jpg,8,0.480454,0.498977,0.532466,0.755715
/kaggle/input/datasets/afqwe0/clotheslabelled/Himesh/Jacket/001406.jpg,8,0.480454,0.498977,0.532466,0.755715
/kaggle/input/datasets/afqwe0/clotheslabelled/Himesh/Jacket/001406.jpg,8,0.480454,0.498977,0.532466,0.755715
/kaggle/input/datasets/afqwe0/clotheslabelled/Himesh/Jacket/001406.jpg,8,0.480454,0.498977,0.532466,0.755715
/kaggle/input/datasets/afqwe0/clotheslabelled/Himesh/Jacket/001406.jpg,8,0.480454,0.498977,0.532466,0.755715
/kaggle/input/datasets/afqwe0/clotheslabelled/Himesh/Jacket/001406.jpg,8,0.480454,0.498977,0.532466,0.755715
/kaggle/input/datasets/afqwe0/clotheslabelled/Himesh/Jacket/001406.jpg,8,0.480454,0.498977,0.532466,0.755715
/kaggle/input/datasets/afqwe0/clotheslabelled/Himesh/Jacket/001406.jpg,8,0.480454,0.498977,0.532466,0.755715
/kaggle/input/datasets/afqwe0/clotheslabelled/Himesh/Jacket/001406.jpg,8,0.480454,0.498977,0.532466,0.755715
/kaggle/input/datasets/afqwe0/clotheslabelled/Himesh/Jacket/001406.jpg,8,0.480454,0.498977,0.532466,0.755715
/kaggle/input/datasets/afqwe0/clotheslabelled/Himesh/Jacket/001406.jpg,8,0.480454,0.498977,0.532466,0.755715
/kaggle/input/datasets/afqwe0/clotheslabelled/Himesh/Jacket/001406.jpg,8,0.480454,0.498977,0.532466,0.755715
/kaggle/input/datasets/afqwe0/clotheslabelled/Himesh/Jacket/001406.jpg,8,0.480454,0.498977,0.532466,0.755715
/kaggle/input/datasets/afqwe0/clotheslabelled/Himesh/Jacket/001406.jpg,8,0.480454,0.498977,0.532466,0.755715
/kaggle/input/datasets/afqwe0/clotheslabelled/Himesh/Jacket/001406.jpg,8,0.480454,0.498977,0.532466,0.755715
/kaggle/input/datasets/afqwe0/clotheslabelled/Himesh/Jacket/001406.jpg,8,0.480454,0.498977,0.532466,0.755715
/kaggle/input/datasets/afqwe0/clotheslabelled/Himesh/Jacket/001406.jpg,8,0.480454,0.498977,0.532466,0.755715
/kaggle/input/datasets/afqwe0/clotheslabelled/Himesh/Jacket/001406.jpg,8,0.480454,0.498977,0.532466,0.755715
/kaggle/input/datasets/afqwe0/clotheslabelled/Himesh/Jacket/001406.jpg,8,0.480454,0.498977,0.532466,0.755715
/kaggle/input/datasets/afqwe0/clotheslabelled/Himesh/Jacket/001406.jpg,8,0.480454,0.498977,0.532466,0.755715
/kaggle/input/datasets/afqwe0/clotheslabelled/Himesh/Jacket/001406.jpg,8,0.480454,0.498977,0.532466,0.755715
/kaggle/input/datasets/afqwe0/clotheslabelled/Himesh/Jacket/001406.jpg,8,0.480454,0.498977,0.532466,0.755715
/kaggle/input/datasets/afqwe0/clotheslabelled/Himesh/Jacket/001406.jpg,8,0.480454,0.498977,0.532466,0.755715
/kaggle/input/datasets/afqwe0/clotheslabelled/Himesh/Jacket/001406.jpg,8,0.480454,0.498977,0.532466,0.755715
/kaggle/input/datasets/afqwe0/clotheslabelled/Himesh/Jacket/001406.jpg,8,0.480454,0.498977,0.532466,0.755715
/kaggle/input/datasets/afqwe0/clotheslabelled/Himesh/Jacket/001406.jpg,8,0.480454,0.498977,0.532466,0.755715
/kaggle/input/datasets/afqwe0/clotheslabelled/Himesh/Jacket/001406.jpg,8,0.480454,0.498977,0.532466,0.755715
/kaggle/input/datasets/afqwe0/clotheslabelled/Himesh/Jacket/001406.jpg,8,0.480454,0.498977,0.532466,0.755715
/kaggle/input/datasets/afqwe0/clotheslabelled/Himesh/Jacket/001406.jpg,8,0.480454,0.498977,0.532466,0.755715
/kaggle/input/datasets/afqwe0/clotheslabelled/Himesh/Jacket/001406.jpg,8,0.480454,0.498977,0.532466,0.755715
/kaggle/input/datasets/afqwe0/clotheslabelled/Himesh/Jacket/001406.jpg,8,0.480454,0.498977,0.532466,0.755715
/kaggle/input/datasets/afqwe0/clotheslabelled/Himesh/Jacket/001406.jpg,8,0.480454,0.498977,0.532466,0.755715
/kaggle/input/datasets/afqwe0/clotheslabelled/Himesh/Jacket/001406.jpg,8,0.480454,0.498977,0.532466,0.755715
/kaggle/input/datasets/afqwe0/clotheslabelled/Himesh/Jacket/001406.jpg,8,0.480454,0.498977,0.532466,0.755715
/kaggle/input/datasets/afqwe0/clotheslabelled/Himesh/Jacket/001406.jpg,8,0.480454,0.498977,0.532466,0.755715
/kaggle/input/datasets/afqwe0/clotheslabelled/Himesh/Jacket/001406.jpg,8,0.480454,0.498977,0.532466,0.755715
/kaggle/input/datasets/afqwe0/clotheslabelled/Himesh/Jacket/001406.jpg,8,0.480454,0.498977,0.532466,0.755715
/kaggle/input/datasets/afqwe0/clotheslabelled/Himesh/Jacket/001406.jpg,8,0.480454,0.498977,0.532466,0.755715
/kaggle/input/datasets/afqwe0/clotheslabelled/Himesh/Jacket/001406.jpg,8,0.480454,0.498977,0.532466,0.755715
/kaggle/input/datasets/afqwe0/clotheslabelled/Himesh/Jacket/001406.jpg,8,0.480454,0.498977,0.532466,0.755715
/kaggle/input/datasets/afqwe0/clotheslabelled/Himesh/Jacket/001406.jpg,8,0.480454,0.498977,0.532466,0.755715
/kaggle/input/datasets/afqwe0/clotheslabelled/Himesh/Jacket/001406.jpg,8,0.480454,0.498977,0.532466,0.755715
/kaggle/input/datasets/afqwe0/clotheslabelled/Himesh/Jacket/001406.jpg,8,0.480454,0.498977,0.532466,0.755715
/kaggle/input/datasets/afqwe0/clotheslabelled/Himesh/Jacket/001406.jpg,8,0.480454,0.498977,0.532466,0.755715
/kaggle/input/datasets/afqwe0/clotheslabelled/Himesh/Jacket/001406.jpg,8,0.480454,0.498977,0.532466,0.755715
/kaggle/input/datasets/afqwe0/clotheslabelled/Himesh/Jacket/001406.jpg,8,0.480454,0.498977,0.532466,0.755715
/kaggle/input/datasets/afqwe0/clotheslabelled/Himesh/Jacket/001406.jpg,8,0.480454,0.498977,0.532466,0.755715
/kaggle/input/datasets/afqwe0/clotheslabelled/Himesh/Jacket/001406.jpg,8,0.480454,0.498977,0.532466,0.755715
/kaggle/input/datasets/afqwe0/clotheslabelled/Himesh/Jacket/001406.jpg,8,0.480454,0.498977,0.532466,0.755715
/kaggle/input/datasets/afqwe0/clotheslabelled/Himesh/Jacket/001406.jpg,8,0.480454,0.498977,0.532466,0.755715
/kaggle/input/datasets/afqwe0/clotheslabelled/Himesh/Jacket/001406.jpg,8,0.480454,0.498977,0.532466,0.755715
/kaggle/input/datasets/afqwe0/clotheslabelled/Himesh/Jacket/001406.jpg,8,0.480454,0.498977,0.532466,0.755715
/kaggle/input/datasets/afqwe0/clotheslabelled/Himesh/Jacket/001406.jpg,8,0.480454,0.498977,0.532466,0.755715
/kaggle/input/datasets/afqwe0/clotheslabelled/Himesh/Jacket/001406.jpg,8,0.480454,0.498977,0.532466,0.755715
/kaggle/input/datasets/afqwe0/clotheslabelled/Himesh/Jacket/001406.jpg,8,0.480454,0.498977,0.532466,0.755715
/kaggle/input/datasets/afqwe0/clotheslabelled/Himesh/Jacket/001406.jpg,8,0.480454,0.498977,0.532466,0.755715
/kaggle/input/datasets/afqwe0/clotheslabelled/Himesh/Jacket/001406.jpg,8,0.480454,0.498977,0.532466,0.755715
/kaggle/input/datasets/afqwe0/clotheslabelled/Himesh/Jacket/001406.jpg,8,0.480454,0.498977,0.532466,0.755715
/kaggle/input/datasets/afqwe0/clotheslabelled/Himesh/Jacket/001406.jpg,8,0.480454,0.498977,0.532466,0.755715
/kaggle/input/datasets/afqwe0/clotheslabelled/Himesh/Jacket/001406.jpg,8,0.480454,0.498977,0.532466,0.755715
/kaggle/input/datasets/afqwe0/clotheslabelled/Himesh/Jacket/001406.jpg,8,0.480454,0.498977,0.532466,0.755715
/kaggle/input/datasets/afqwe0/clotheslabelled/Himesh/Jacket/001406.jpg,8,0.480454,0.498977,0.532466,0.755715
/kaggle/input/datasets/afqwe0/clotheslabelled/Himesh/Jacket/001406.jpg,8,0.480454,0.498977,0.532466,0.755715
/kaggle/input/datasets/afqwe0/clotheslabelled/Himesh/Jacket/001406.jpg,8,0.480454,0.498977,0.532466,0.755715
/kaggle/input/datasets/afqwe0/clotheslabelled/Himesh/Jacket/001406.jpg,8,0.480454,0.498977,0.532466,0.755715
/kaggle/input/datasets/afqwe0/clotheslabelled/Pratik/Hoodie/hoodie_play_monster_fulltag_1696948817_33d2c677_progressive_thumbnail.jpg,3,0.494846,0.498962,1.0,0.718753
/kaggle/input/datasets/afqwe0/clotheslabelled/Pratik/Hoodie/hoodie_play_monster_fulltag_1696948817_33d2c677_progressive_thumbnail.jpg,3,0.464335,0.237786,0.282598,0.192242
/kaggle/input/datasets/afqwe0/clotheslabelled/Pratik/Hoodie/hoodie_nike_1697102611_abb42905_progressive_thumbnail.jpg,3,0.503635,0.497086,0.885766,0.917362
/kaggle/input/datasets/afqwe0/clotheslabelled/Pratik/Hoodie/hoodie_nike_1697102611_abb42905_progressive_thumbnail.jpg,3,0.5147,0.129167,0.429964,0.185068
/kaggle/input/datasets/afqwe0/clotheslabelled/Pratik/Hoodie/hoodie_mlb_1697000658_6ec4d61d_progressive_thumbnail.jpg,3,0.489041,0.494502,0.828407,0.973756
/kaggle/input/datasets/afqwe0/clotheslabelled/Pratik/Hoodie/hoodie_mlb_1697000658_6ec4d61d_progressive_thumbnail.jpg,3,0.460978,0.146883,0.463932,0.2826
/kaggle/input/datasets/afqwe0/clotheslabelled/Pratik/Hoodie/hoodie_kelty_1697085417_fcd10314_progressive_thumbnail.jpg,3,0.521263,0.510191,0.894446,0.794513
/kaggle/input/datasets/afqwe0/clotheslabelled/Pratik/Hoodie/hoodie_kelty_1697085417_fcd10314_progressive_thumbnail.jpg,3,0.554127,0.217342,0.356002,0.202765
/kaggle/input/datasets/afqwe0/clotheslabelled/Pratik/Hoodie/hoodie_lacoste_1696851028_02d10488_progressive_thumbnail.jpg,3,0.47028,0.643894,0.661596,0.608695
/kaggle/input/datasets/afqwe0/clotheslabelled/Pratik/Hoodie/hoodie_kirsh_second_1697068238_b280da6e_progressive_thumbnail.jpg,3,0.501594,0.513607,1.0,0.795786
/kaggle/input/datasets/afqwe0/clotheslabelled/Pratik/Hoodie/hoodie_hm_1697005415_81fcc113_progressive_thumbnail.jpg,3,0.507161,0.440566,1.0,0.776081
/kaggle/input/datasets/afqwe0/clotheslabelled/Pratik/Hoodie/hoodie_hm_1697005415_81fcc113_progressive_thumbnail.jpg,3,0.497194,0.159318,0.41487,0.211098
/kaggle/input/datasets/afqwe0/clotheslabelled/Pratik/Hoodie/hoodie_under_armour_1696852574_039bcd43_progressive_thumbnail.jpg,3,0.507216,0.498299,0.864938,0.967924
/kaggle/input/datasets/afqwe0/clotheslabelled/Pratik/Hoodie/hoodie_under_armour_1696852574_039bcd43_progressive_thumbnail.jpg,3,0.506851,0.156526,0.508051,0.2922
/kaggle/input/datasets/afqwe0/clotheslabelled/Pratik/Hoodie/hoodie_deflow_1697110614_9e7dfab0_progressive_thumbnail.jpg,3,0.453168,0.516061,0.773414,0.775339
/kaggle/input/datasets/afqwe0/clotheslabelled/Pratik/Hoodie/hoodie_deflow_1697110614_9e7dfab0_progressive_thumbnail.jpg,3,0.465419,0.202802,0.480183,0.134099
/kaggle/input/datasets/afqwe0/clotheslabelled/Pratik/Hoodie/hoodie_trasher_flame_1696909286_7a5866bb_progressive_thumbnail.jpg,3,0.537521,0.497657,0.961989,0.998353
/kaggle/input/datasets/afqwe0/clotheslabelled/Pratik/Hoodie/hoodie_trasher_flame_1696909286_7a5866bb_progressive_thumbnail.jpg,3,0.536206,0.124434,0.395323,0.244731
/kaggle/input/datasets/afqwe0/clotheslabelled/Pratik/Hoodie/hoodie_gap_treviscott_1696917275_3eecd518_progressive_thumbnail.jpg,3,0.515205,0.124728,0.528125,0.246178
/kaggle/input/datasets/afqwe0/clotheslabelled/Pratik/Hoodie/hoodie_hydrogen_1697088492_12325f4d_progressive_thumbnail.jpg,3,0.523866,0.500391,0.78811,0.811796
/kaggle/input/datasets/afqwe0/clotheslabelled/Pratik/Hoodie/hoodie_hydrogen_1697088492_12325f4d_progressive_thumbnail.jpg,3,0.504434,0.206364,0.290105,0.223723
/kaggle/input/datasets/afqwe0/clotheslabelled/Pratik/Hoodie/hoodie_mlb_ny_yankees_1697039238_972c26ef_progressive_thumbnail.jpg,3,0.51801,0.486651,0.869983,0.614263
/kaggle/input/datasets/afqwe0/clotheslabelled/Pratik/Hoodie/hoodie_mlb_ny_yankees_1697039238_972c26ef_progressive_thumbnail.jpg,3,0.531764,0.247491,0.41487,0.135694
/kaggle/input/datasets/afqwe0/clotheslabelled/Pratik/Hoodie/hoodie_boxy_charcoal_1696906544_9cc3d2ca_progressive_thumbnail.jpg,3,0.502536,0.520862,0.697613,0.950448
/kaggle/input/datasets/afqwe0/clotheslabelled/Pratik/Hoodie/hoodie_boxy_charcoal_1696906544_9cc3d2ca_progressive_thumbnail.jpg,3,0.581451,0.472272,0.521764,0.487413
/kaggle/input/datasets/afqwe0/clotheslabelled/Pratik/Hoodie/hoodie_usall_1696879724_c9a3a30b_progressive_thumbnail.jpg,3,0.461179,0.521837,0.999768,0.954681
/kaggle/input/datasets/afqwe0/clotheslabelled/Pratik/Hoodie/hoodie_usall_1696879724_c9a3a30b_progressive_thumbnail.jpg,3,0.626531,0.353399,0.655119,0.619801
/kaggle/input/datasets/afqwe0/clotheslabelled/Pratik/Hoodie/hoodie_marvel_abu_1697015485_27820cfb_progressive_thumbnail.jpg,3,0.498223,0.515498,0.838943,0.799568
/kaggle/input/datasets/afqwe0/clotheslabelled/Pratik/Hoodie/hoodie_marvel_abu_1697015485_27820cfb_progressive_thumbnail.jpg,3,0.502402,0.224187,0.403793,0.204666
/kaggle/input/datasets/afqwe0/clotheslabelled/Pratik/Hoodie/hoodie_ow_marun_1696933032_9615ab1d_progressive_thumbnail.jpg,3,0.481448,0.475947,0.982638,0.954001
/kaggle/input/datasets/afqwe0/clotheslabelled/Pratik/Hoodie/hoodie_assn_polo_1696860106_99cc532f_progressive_thumbnail.jpg,3,0.447785,0.26435,0.696012,0.526449
/kaggle/input/datasets/afqwe0/clotheslabelled/Pratik/Hoodie/hoodie_assn_polo_1696860106_99cc532f_progressive_thumbnail.jpg,3,0.439842,0.169151,0.674628,0.336426
/kaggle/input/datasets/afqwe0/clotheslabelled/Pratik/Hoodie/hoodie_guess_1696943251_8eb79abc_progressive_thumbnail.jpg,3,0.503581,0.491151,0.884029,0.967435
/kaggle/input/datasets/afqwe0/clotheslabelled/Pratik/Hoodie/hoodie_guess_1696943251_8eb79abc_progressive_thumbnail.jpg,3,0.488677,0.15083,0.458595,0.295442
/kaggle/input/datasets/afqwe0/clotheslabelled/Pratik/Hoodie/hoodie_play_cdg_camo_1696988150_1674ae18_progressive_thumbnail.jpg,3,0.513996,0.578448,0.629482,0.798883
/kaggle/input/datasets/afqwe0/clotheslabelled/Pratik/Hoodie/hoodie_play_cdg_camo_1696988150_1674ae18_progressive_thumbnail.jpg,3,0.534256,0.243197,0.362722,0.124217
/kaggle/input/datasets/afqwe0/clotheslabelled/Pratik/Hoodie/hoodie_uniqlo_1696901527_71bd9fdf_progressive_thumbnail.jpg,3,0.491428,0.533108,0.722654,0.788654
/kaggle/input/datasets/afqwe0/clotheslabelled/Pratik/Hoodie/hoodie_uniqlo_1696901527_71bd9fdf_progressive_thumbnail.jpg,3,0.539537,0.241881,0.291055,0.209153
/kaggle/input/datasets/afqwe0/clotheslabelled/Pratik/Hoodie/hoodie_uniqlo_1696901527_71bd9fdf_progressive_thumbnail.jpg,3,0.539374,0.223763,0.283528,0.169137
/kaggle/input/datasets/afqwe0/clotheslabelled/Pratik/Hoodie/hoodie_ncover_korea_1697019900_60dc8f83_progressive_thumbnail.jpg,3,0.517576,0.502014,0.878821,0.991691
/kaggle/input/datasets/afqwe0/clotheslabelled/Pratik/Hoodie/hoodie_ncover_korea_1697019900_60dc8f83_progressive_thumbnail.jpg,3,0.502836,0.083168,0.584835,0.148793
/kaggle/input/datasets/afqwe0/clotheslabelled/Pratik/Hoodie/hoodie_thisisneverthat_second__1697027009_51dd07e7_progressive_thumbnail.jpg,3,0.489909,0.531696,0.817344,0.820009
/kaggle/input/datasets/afqwe0/clotheslabelled/Pratik/Hoodie/hoodie_thisisneverthat_second__1697027009_51dd07e7_progressive_thumbnail.jpg,3,0.479145,0.189025,0.370681,0.132071
/kaggle/input/datasets/afqwe0/clotheslabelled/Pratik/Hoodie/hoodie_champion_1697084674_4b635b74_progressive_thumbnail.jpg,3,0.532321,0.528898,0.858,0.877561
/kaggle/input/datasets/afqwe0/clotheslabelled/Pratik/Hoodie/hoodie_champion_1697084674_4b635b74_progressive_thumbnail.jpg,3,0.528838,0.194588,0.394124,0.213712
/kaggle/input/datasets/afqwe0/clotheslabelled/Pratik/Hoodie/hoodie_gray_1696915184_eea01865_progressive_thumbnail.jpg,3,0.504584,0.525125,1.0,0.800817
/kaggle/input/datasets/afqwe0/clotheslabelled/Pratik/Hoodie/hoodie_gray_1696915184_eea01865_progressive_thumbnail.jpg,3,0.482492,0.207881,0.357116,0.173574
/kaggle/input/datasets/afqwe0/clotheslabelled/Pratik/Hoodie/hoodie_celine_paris_1697022376_fa1d11c6_progressive_thumbnail.jpg,3,0.497057,0.508788,0.858867,0.874164
/kaggle/input/datasets/afqwe0/clotheslabelled/Pratik/Hoodie/hoodie_celine_paris_1697022376_fa1d11c6_progressive_thumbnail.jpg,3,0.516619,0.197184,0.288213,0.250554
/kaggle/input/datasets/afqwe0/clotheslabelled/Pratik/Hoodie/hoodie_new_balance_1697061755_72762984_progressive_thumbnail.jpg,3,0.50415,0.675926,1.0,0.639016
/kaggle/input/datasets/afqwe0/clotheslabelled/Pratik/Hoodie/hoodie_new_balance_1697061755_72762984_progressive_thumbnail.jpg,3,0.496326,0.464783,0.508051,0.217677
/kaggle/input/datasets/afqwe0/clotheslabelled/Pratik/Hoodie/hoodie_uniqlo_darkblue_1696925566_c1401f40_progressive_thumbnail (1).jpg,3,0.489979,0.218389,0.368394,0.38631
/kaggle/input/datasets/afqwe0/clotheslabelled/Pratik/Hoodie/hoodie_mark_gonzales_1697114066_7b465f01_progressive_thumbnail.jpg,3,0.52289,0.510619,0.826839,0.822304
/kaggle/input/datasets/afqwe0/clotheslabelled/Pratik/Hoodie/hoodie_mark_gonzales_1697114066_7b465f01_progressive_thumbnail.jpg,3,0.568129,0.215382,0.396525,0.236171
/kaggle/input/datasets/afqwe0/clotheslabelled/Pratik/Hoodie/hoodie_supreme_1697019757_153752bc_progressive_thumbnail.jpg,3,0.474183,0.483259,0.958539,0.932503
/kaggle/input/datasets/afqwe0/clotheslabelled/Pratik/Hoodie/hoodie_supreme_1697019757_153752bc_progressive_thumbnail.jpg,3,0.489273,0.136618,0.516598,0.237583
/kaggle/input/datasets/afqwe0/clotheslabelled/Pratik/Hoodie/hoodie_adidas_sports_essential_1697073716_0d1829cb_progressive_thumbnail.jpg,3,0.796065,0.141884,0.485679,0.288979
/kaggle/input/datasets/afqwe0/clotheslabelled/Pratik/Hoodie/hoodie_supreme_tricolor_1696989076_7e8f1ade_progressive_thumbnail.jpg,3,0.515732,0.51879,0.915272,0.939958
/kaggle/input/datasets/afqwe0/clotheslabelled/Pratik/Hoodie/hoodie_supreme_tricolor_1696989076_7e8f1ade_progressive_thumbnail.jpg,3,0.547249,0.127209,0.5024,0.153809
/kaggle/input/datasets/afqwe0/clotheslabelled/Pratik/Hoodie/hoodie_supreme_tricolor_1696989076_7e8f1ade_progressive_thumbnail.jpg,3,0.406763,0.126102,0.216152,0.154318
/kaggle/input/datasets/afqwe0/clotheslabelled/Pratik/Hoodie/hoodie_basic__unique_1697032616_f2990421_progressive_thumbnail.jpg,3,0.48416,0.490358,0.934337,0.90199
/kaggle/input/datasets/afqwe0/clotheslabelled/Pratik/Hoodie/hoodie_basic__unique_1697032616_f2990421_progressive_thumbnail.jpg,3,0.497736,0.158795,0.491214,0.24329
/kaggle/input/datasets/afqwe0/clotheslabelled/Pratik/Hoodie/hoodie_snoopy_peanuts_official_1697100430_d288a6df_progressive_thumbnail.jpg,3,0.513183,0.590307,0.687758,0.780735
/kaggle/input/datasets/afqwe0/clotheslabelled/Pratik/Hoodie/hoodie_uniqlo_blue_1696954483_1b2a626d_progressive_thumbnail.jpg,3,0.53327,0.557123,0.591905,0.769848
/kaggle/input/datasets/afqwe0/clotheslabelled/Pratik/Hoodie/hoodie_new_era_size_xxl_1697044845_20a397d8_progressive_thumbnail.jpg,3,0.503459,0.524516,0.786397,0.79195
/kaggle/input/datasets/afqwe0/clotheslabelled/Pratik/Hoodie/hoodie_new_era_size_xxl_1697044845_20a397d8_progressive_thumbnail.jpg,3,0.489219,0.194359,0.411154,0.108429
/kaggle/input/datasets/afqwe0/clotheslabelled/Pratik/Hoodie/hoodie_covernat_1696950216_f6c53c01_progressive_thumbnail.jpg,3,0.485136,0.429017,1.0,0.709181
/kaggle/input/datasets/afqwe0/clotheslabelled/Pratik/Hoodie/hoodie_covernat_1696950216_f6c53c01_progressive_thumbnail.jpg,3,0.504108,0.173315,0.336405,0.192242
/kaggle/input/datasets/afqwe0/clotheslabelled/Pratik/Hoodie/hoodie_cdg_asli__banting_harga_1697003268_70b8a9cd_progressive_thumbnail.jpg,3,0.507921,0.502808,0.849333,0.984106
/kaggle/input/datasets/afqwe0/clotheslabelled/Pratik/Hoodie/hoodie_uniqlo_basic_1696904334_19b9a658_progressive_thumbnail.jpg,3,0.480906,0.539954,1.0,0.753612
/kaggle/input/datasets/afqwe0/clotheslabelled/Pratik/Hoodie/hoodie_uniqlo_basic_1696904334_19b9a658_progressive_thumbnail.jpg,3,0.548926,0.264932,0.370681,0.200878
/kaggle/input/datasets/afqwe0/clotheslabelled/Pratik/Hoodie/hoodie_uniqlo_oversize_cut_1696989413_87f155ea_progressive_thumbnail.jpg,3,0.492405,0.516474,0.847601,0.931513
/kaggle/input/datasets/afqwe0/clotheslabelled/Pratik/Hoodie/hoodie_uniqlo_oversize_cut_1696989413_87f155ea_progressive_thumbnail.jpg,3,0.490467,0.109846,0.455942,0.115366
/kaggle/input/datasets/afqwe0/clotheslabelled/Pratik/Hoodie/hoodie_thrahser_1696936600_2fed5784_progressive_thumbnail.jpg,3,0.489041,0.483648,0.891842,0.83984
/kaggle/input/datasets/afqwe0/clotheslabelled/Pratik/Hoodie/hoodie_thrahser_1696936600_2fed5784_progressive_thumbnail.jpg,3,0.539537,0.183933,0.296805,0.236171
/kaggle/input/datasets/afqwe0/clotheslabelled/Pratik/Hoodie/hoodie_uniqlo_navy_xl_1697015887_8c93cb29_progressive_thumbnail.jpg,3,0.466162,0.441529,0.779979,0.824576
/kaggle/input/datasets/afqwe0/clotheslabelled/Pratik/Hoodie/hoodie_uniqlo_navy_xl_1697015887_8c93cb29_progressive_thumbnail.jpg,3,0.449303,0.149708,0.319688,0.234765
/kaggle/input/datasets/afqwe0/clotheslabelled/Pratik/Hoodie/hoodie_mahagrid_1697023757_a32e0344_progressive_thumbnail.jpg,3,0.536654,0.502869,0.852799,0.98361
/kaggle/input/datasets/afqwe0/clotheslabelled/Pratik/Hoodie/hoodie_mahagrid_1697023757_a32e0344_progressive_thumbnail.jpg,3,0.527971,0.16678,0.367254,0.308616
/kaggle/input/datasets/afqwe0/clotheslabelled/Pratik/Hoodie/hoodie_basic_house_1696902549_a14309ec_progressive_thumbnail.jpg,3,0.510525,0.543106,0.688425,0.894863
/kaggle/input/datasets/afqwe0/clotheslabelled/Pratik/Hoodie/hoodie_basic_house_1696902549_a14309ec_progressive_thumbnail.jpg,3,0.517785,0.224442,0.424891,0.250554
/kaggle/input/datasets/afqwe0/clotheslabelled/Pratik/Hoodie/hoodie_peanuts_lilac_1696988993_fe35cf05_progressive_thumbnail.jpg,3,0.498352,0.472805,1.0,0.731213
/kaggle/input/datasets/afqwe0/clotheslabelled/Pratik/Hoodie/hoodie_peanuts_lilac_1696988993_fe35cf05_progressive_thumbnail.jpg,3,0.514754,0.198676,0.41487,0.176962
/kaggle/input/datasets/afqwe0/clotheslabelled/Pratik/Hoodie/hoodie_holister_1696932178_33294ce5_progressive_thumbnail.jpg,3,0.447327,0.516839,0.955087,0.960981
/kaggle/input/datasets/afqwe0/clotheslabelled/Pratik/Hoodie/hoodie_nike_center_1696960287_df5a90bc_progressive_thumbnail.jpg,3,0.453735,0.530845,0.956654,0.55554
/kaggle/input/datasets/afqwe0/clotheslabelled/Pratik/Hoodie/hoodie_thom_brown_1697097777_5b302d14_progressive_thumbnail.jpg,3,0.504774,0.503097,0.803134,0.825703
/kaggle/input/datasets/afqwe0/clotheslabelled/Pratik/Hoodie/hoodie_thom_brown_1697097777_5b302d14_progressive_thumbnail.jpg,3,0.516293,0.227431,0.256274,0.271646
/kaggle/input/datasets/afqwe0/clotheslabelled/Pratik/Hoodie/hoodie_oioi_1697010133_936c231c_progressive_thumbnail.jpg,3,0.510579,0.508009,0.627894,0.719469
/kaggle/input/datasets/afqwe0/clotheslabelled/Pratik/Hoodie/hoodie_oioi_1697010133_936c231c_progressive_thumbnail.jpg,3,0.518015,0.272416,0.246578,0.247631
/kaggle/input/datasets/afqwe0/clotheslabelled/Pratik/Hoodie/hoodie_uniqlo_navy_m_1697015765_7ab7e924_progressive_thumbnail.jpg,3,0.465729,0.469861,0.839808,0.809397
/kaggle/input/datasets/afqwe0/clotheslabelled/Pratik/Hoodie/hoodie_uniqlo_navy_m_1697015765_7ab7e924_progressive_thumbnail.jpg,3,0.427037,0.162283,0.347188,0.196524
/kaggle/input/datasets/afqwe0/clotheslabelled/Pratik/Hoodie/hoodie_jeep_1696874841_8af9d571_progressive_thumbnail.jpg,3,0.511013,0.54698,0.746225,0.703434
/kaggle/input/datasets/afqwe0/clotheslabelled/Pratik/Hoodie/hoodie_jeep_1696874841_8af9d571_progressive_thumbnail.jpg,3,0.502047,0.257676,0.278904,0.110812
/kaggle/input/datasets/afqwe0/clotheslabelled/Pratik/Hoodie/hoodie_import_tebal_1696922221_37d51f28_progressive_thumbnail.jpg,3,0.503825,0.522933,0.907464,0.945036
/kaggle/input/datasets/afqwe0/clotheslabelled/Pratik/Hoodie/hoodie_import_tebal_1696922221_37d51f28_progressive_thumbnail.jpg,3,0.528838,0.120741,0.41986,0.114274
/kaggle/input/datasets/afqwe0/clotheslabelled/Pratik/Hoodie/hoodie_mmlg_1696879538_787f19e3_progressive_thumbnail.jpg,3,0.673441,0.298272,0.596541,0.504989
/kaggle/input/datasets/afqwe0/clotheslabelled/Pratik/Hoodie/hoodie_dgk_1697009247_a2f9a3b3_progressive_thumbnail.jpg,3,0.474833,0.495215,0.820795,0.990595
/kaggle/input/datasets/afqwe0/clotheslabelled/Pratik/Hoodie/hoodie_dgk_1697009247_a2f9a3b3_progressive_thumbnail.jpg,3,0.517005,0.118699,0.450665,0.236171
/kaggle/input/datasets/afqwe0/clotheslabelled/Pratik/Hoodie/halfzip_hoodie_awk_1697034196_0d90db76_progressive_thumbnail.jpg,3,0.495349,0.152211,0.499589,0.265507
/kaggle/input/datasets/afqwe0/clotheslabelled/Pratik/Hoodie/hoodie_supreme_1696994789_4f834f6a_progressive_thumbnail.jpg,3,0.479171,0.536024,0.756392,0.709912
/kaggle/input/datasets/afqwe0/clotheslabelled/Pratik/Hoodie/hoodie_supreme_1696994789_4f834f6a_progressive_thumbnail.jpg,3,0.484487,0.24631,0.360472,0.1189
/kaggle/input/datasets/afqwe0/clotheslabelled/Pratik/Hoodie/hoodie_nike_1697102493_ccb73b9e_progressive_thumbnail.jpg,3,0.510362,0.495789,0.894446,0.934443
/kaggle/input/datasets/afqwe0/clotheslabelled/Pratik/Hoodie/hoodie_nike_1697102493_ccb73b9e_progressive_thumbnail.jpg,3,0.505766,0.119211,0.445429,0.185658
/kaggle/input/datasets/afqwe0/clotheslabelled/Pratik/Hoodie/hoodie_ills_size_xxxl_1696972021_e1a5647f_progressive_thumbnail.jpg,3,0.499917,0.546496,1.0,0.837727
/kaggle/input/datasets/afqwe0/clotheslabelled/Pratik/Hoodie/hoodie_ills_size_xxxl_1696972021_e1a5647f_progressive_thumbnail.jpg,3,0.481926,0.228032,0.432516,0.198381
/kaggle/input/datasets/afqwe0/clotheslabelled/Pratik/Hoodie/hoodie_hagthave_a_good_time_fr_1697068406_cac385b8_progressive_thumbnail.jpg,3,0.490723,0.482185,0.823385,0.822304
/kaggle/input/datasets/afqwe0/clotheslabelled/Pratik/Hoodie/hoodie_hagthave_a_good_time_fr_1697068406_cac385b8_progressive_thumbnail.jpg,3,0.498604,0.202394,0.281671,0.260962
/kaggle/input/datasets/afqwe0/clotheslabelled/Pratik/Hoodie/hoodie_mmlg_1697011182_0c9a4d42_progressive_thumbnail.jpg,3,0.508029,0.498474,1.0,0.799568
/kaggle/input/datasets/afqwe0/clotheslabelled/Pratik/Hoodie/hoodie_mmlg_1697011182_0c9a4d42_progressive_thumbnail.jpg,3,0.511676,0.203263,0.407462,0.20658
/kaggle/input/datasets/afqwe0/clotheslabelled/Pratik/Hoodie/hoodie_kodak_clasic_kamera_1697085498_8a5defe3_progressive_thumbnail.jpg,3,0.52007,0.454327,0.784256,0.820009
/kaggle/input/datasets/afqwe0/clotheslabelled/Pratik/Hoodie/hoodie_kodak_clasic_kamera_1697085498_8a5defe3_progressive_thumbnail.jpg,3,0.505223,0.166441,0.298741,0.252023
/kaggle/input/datasets/afqwe0/clotheslabelled/Pratik/Hoodie/hoodie_uniqlo_1697078949_bafa1b78_progressive_thumbnail.jpg,3,0.480038,0.461502,1.0,0.773354
/kaggle/input/datasets/afqwe0/clotheslabelled/Pratik/Hoodie/hoodie_uniqlo_1697078949_bafa1b78_progressive_thumbnail.jpg,3,0.5062,0.179792,0.41487,0.211098
/kaggle/input/datasets/afqwe0/clotheslabelled/Pratik/Hoodie/hoodie_hieiika_1697097629_70caf32d_progressive_thumbnail.jpg,3,0.494385,0.476434,1.0,0.926357
/kaggle/input/datasets/afqwe0/clotheslabelled/Pratik/Hoodie/hoodie_hieiika_1697097629_70caf32d_progressive_thumbnail.jpg,3,0.518466,0.127988,0.429964,0.233364
/kaggle/input/datasets/afqwe0/clotheslabelled/Pratik/Hoodie/hoodie_wilson_1697104642_3ed9fdec_progressive_thumbnail.jpg,3,0.511881,0.471102,0.923075,0.897767
/kaggle/input/datasets/afqwe0/clotheslabelled/Pratik/Hoodie/hoodie_wilson_1697104642_3ed9fdec_progressive_thumbnail.jpg,3,0.523905,0.178779,0.305599,0.298704
/kaggle/input/datasets/afqwe0/clotheslabelled/Pratik/Hoodie/hoodie_polar_yunni_1697045432_bca870d7_progressive_thumbnail.jpg,3,0.492188,0.471564,1.0,0.904718
/kaggle/input/datasets/afqwe0/clotheslabelled/Pratik/Hoodie/hoodie_polar_yunni_1697045432_bca870d7_progressive_thumbnail.jpg,3,0.492799,0.143538,0.429964,0.247631
/kaggle/input/datasets/afqwe0/clotheslabelled/Pratik/Hoodie/hoodie_lacoste_1697105069_0787b980_progressive_thumbnail.jpg,3,0.497519,0.157366,0.545691,0.229888
/kaggle/input/datasets/afqwe0/clotheslabelled/Pratik/Hoodie/hoodie_lacoste_1697105069_0787b980_progressive_thumbnail.jpg,3,0.497519,0.14444,0.539799,0.194069
/kaggle/input/datasets/afqwe0/clotheslabelled/Pratik/Hoodie/hoodie_musinsa_standard_paisle_1697089191_24d3c544_progressive_thumbnail.jpg,3,0.48416,0.517449,0.759096,0.929492
/kaggle/input/datasets/afqwe0/clotheslabelled/Pratik/Hoodie/hoodie_musinsa_standard_paisle_1697089191_24d3c544_progressive_thumbnail.jpg,3,0.465717,0.126048,0.353783,0.140106
/kaggle/input/datasets/afqwe0/clotheslabelled/Pratik/Hoodie/hoodie_vans_warna_merah_cabe_1696909749_bd7449b3_progressive_thumbnail.jpg,3,0.509602,0.519882,0.715963,0.808738
/kaggle/input/datasets/afqwe0/clotheslabelled/Pratik/Hoodie/hoodie_vans_warna_merah_cabe_1696909749_bd7449b3_progressive_thumbnail.jpg,3,0.481199,0.198559,0.432516,0.165869
/kaggle/input/datasets/afqwe0/clotheslabelled/Pratik/Hoodie/hoodie_whoau_california_1696929291_4f282d47_progressive_thumbnail.jpg,3,0.509169,0.502883,0.627894,0.822821
/kaggle/input/datasets/afqwe0/clotheslabelled/Pratik/Hoodie/hoodie_whoau_california_1696929291_4f282d47_progressive_thumbnail.jpg,3,0.52133,0.184961,0.266285,0.185658
/kaggle/input/datasets/afqwe0/clotheslabelled/Pratik/Hoodie/hoodie_adlv_acme_de_la_vie_bab_1697005512_828ba338_progressive_thumbnail.jpg,3,0.499773,0.497238,0.661746,0.899193
/kaggle/input/datasets/afqwe0/clotheslabelled/Pratik/Hoodie/hoodie_adlv_acme_de_la_vie_bab_1697005512_828ba338_progressive_thumbnail.jpg,3,0.509425,0.187477,0.370681,0.2826
/kaggle/input/datasets/afqwe0/clotheslabelled/Pratik/Hoodie/hoodie_oi_oi_1696931085_cc08f222_progressive_thumbnail.jpg,3,0.504883,0.508117,0.951633,0.948955
/kaggle/input/datasets/afqwe0/clotheslabelled/Pratik/Hoodie/hoodie_uniqlo_jotol_1696866972_b3835fa4_progressive_thumbnail.jpg,3,0.513834,0.522399,0.729365,0.865728
/kaggle/input/datasets/afqwe0/clotheslabelled/Pratik/Hoodie/hoodie_uniqlo_jotol_1696866972_b3835fa4_progressive_thumbnail.jpg,3,0.510781,0.218924,0.29584,0.25796
/kaggle/input/datasets/afqwe0/clotheslabelled/Pratik/Hoodie/hoodie_half_zip_basic_1696852209_f56ce669_progressive_thumbnail.jpg,3,0.504286,0.500832,0.991213,0.776081
/kaggle/input/datasets/afqwe0/clotheslabelled/Pratik/Hoodie/hoodie_uni_qlo_serva_size_m_1696972257_c1a7d480_progressive_thumbnail.jpg,3,0.497843,0.549882,0.914404,0.780128
/kaggle/input/datasets/afqwe0/clotheslabelled/Pratik/Hoodie/hoodie_uni_qlo_serva_size_m_1696972257_c1a7d480_progressive_thumbnail.jpg,3,0.534148,0.210355,0.361596,0.088982
/kaggle/input/datasets/afqwe0/clotheslabelled/Pratik/Hoodie/hoodie_thisisneverthat_1697046141_e5fd6d23_progressive_thumbnail.jpg,3,0.504096,0.509459,0.883161,0.960391
/kaggle/input/datasets/afqwe0/clotheslabelled/Pratik/Hoodie/hoodie_thisisneverthat_1697046141_e5fd6d23_progressive_thumbnail.jpg,3,0.510293,0.142998,0.246993,0.228508
/kaggle/input/datasets/afqwe0/clotheslabelled/Pratik/Hoodie/hoodie_stone_island_stripes_pu_1696923199_2ce72dd9_progressive_thumbnail.jpg,3,0.503201,0.497299,0.652039,0.9006
/kaggle/input/datasets/afqwe0/clotheslabelled/Pratik/Hoodie/hoodie_stone_island_stripes_pu_1696923199_2ce72dd9_progressive_thumbnail.jpg,3,0.509479,0.187849,0.352677,0.285779
/kaggle/input/datasets/afqwe0/clotheslabelled/Pratik/Hoodie/hoodie_jil_sander_1696986290_c57eb804_progressive_thumbnail.jpg,3,0.489367,0.470348,0.903125,0.863484
/kaggle/input/datasets/afqwe0/clotheslabelled/Pratik/Hoodie/hoodie_jil_sander_1696986290_c57eb804_progressive_thumbnail.jpg,3,0.469293,0.144622,0.455942,0.218343
/kaggle/input/datasets/afqwe0/clotheslabelled/Pratik/Hoodie/hoodie_hnm_paris_logo_1696939806_02b8eafe_progressive_thumbnail.jpg,3,0.503215,0.503906,0.919607,0.741824
/kaggle/input/datasets/afqwe0/clotheslabelled/Pratik/Hoodie/hoodie_hnm_paris_logo_1696939806_02b8eafe_progressive_thumbnail.jpg,3,0.504814,0.230487,0.33534,0.19468
/kaggle/input/datasets/afqwe0/clotheslabelled/Pratik/Hoodie/hoodie_mlb_yankess_redsox_1696999619_6ecafc1e_progressive_thumbnail.jpg,3,0.507324,0.452948,0.759788,0.850523
/kaggle/input/datasets/afqwe0/clotheslabelled/Pratik/Hoodie/hoodie_mlb_yankess_redsox_1696999619_6ecafc1e_progressive_thumbnail.jpg,3,0.495458,0.105264,0.310574,0.16212
/kaggle/input/datasets/afqwe0/clotheslabelled/Pratik/Hoodie/hoodie_kani_1697036788_a431abee_progressive_thumbnail.jpg,3,0.497708,0.465018,0.773414,0.725733
/kaggle/input/datasets/afqwe0/clotheslabelled/Pratik/Hoodie/hoodie_kani_1697036788_a431abee_progressive_thumbnail.jpg,3,0.487429,0.221818,0.3858,0.236171
/kaggle/input/datasets/afqwe0/clotheslabelled/Pratik/Hoodie/hoodie_oioi_1697097872_7d8992de_progressive_thumbnail.jpg,3,0.477652,0.481327,0.773414,0.813525
/kaggle/input/datasets/afqwe0/clotheslabelled/Pratik/Hoodie/hoodie_oioi_1697097872_7d8992de_progressive_thumbnail.jpg,3,0.481653,0.201764,0.244099,0.253499
/kaggle/input/datasets/afqwe0/clotheslabelled/Pratik/Hoodie/hoodie_uniqlo_navy_m_1697015765_7ab7e924_progressive_thumbnail (1).jpg,3,0.465729,0.469861,0.839808,0.809397
/kaggle/input/datasets/afqwe0/clotheslabelled/Pratik/Hoodie/hoodie_uniqlo_navy_m_1697015765_7ab7e924_progressive_thumbnail (1).jpg,3,0.427037,0.162283,0.347188,0.196524
/kaggle/input/datasets/afqwe0/clotheslabelled/Pratik/Hoodie/hoodie_playmonster_sherpa_1697110761_95224ac8_progressive_thumbnail.jpg,3,0.484919,0.501826,0.849173,0.867534
/kaggle/input/datasets/afqwe0/clotheslabelled/Pratik/Hoodie/hoodie_playmonster_sherpa_1697110761_95224ac8_progressive_thumbnail.jpg,3,0.501317,0.134028,0.41239,0.135924
/kaggle/input/datasets/afqwe0/clotheslabelled/Pratik/Hoodie/hoodie_uniqlo_1696875027_82f1c447_progressive_thumbnail.jpg,3,0.503798,0.602106,0.658354,0.788654
/kaggle/input/datasets/afqwe0/clotheslabelled/Pratik/Hoodie/hoodie_uniqlo_1696875027_82f1c447_progressive_thumbnail.jpg,3,0.513466,0.283732,0.356002,0.110956
/kaggle/input/datasets/afqwe0/clotheslabelled/Pratik/Hoodie/hoodie_champion_1696913045_bc7912c2_progressive_thumbnail.jpg,3,0.442019,0.167051,0.496788,0.23058
/kaggle/input/datasets/afqwe0/clotheslabelled/Pratik/Hoodie/hoodie_champion_1697084470_f42ca609_progressive_thumbnail.jpg,3,0.524733,0.481332,0.81131,0.726582
/kaggle/input/datasets/afqwe0/clotheslabelled/Pratik/Hoodie/hoodie_champion_1697084470_f42ca609_progressive_thumbnail.jpg,3,0.541621,0.239221,0.340687,0.237583
/kaggle/input/datasets/afqwe0/clotheslabelled/Pratik/Hoodie/hoodie_uniqlo_1697079959_5f5d8c52_progressive_thumbnail.jpg,3,0.511338,0.492768,0.834618,0.908683
/kaggle/input/datasets/afqwe0/clotheslabelled/Pratik/Hoodie/hoodie_uniqlo_1697079959_5f5d8c52_progressive_thumbnail.jpg,3,0.511757,0.168825,0.63171,0.260962
/kaggle/input/datasets/afqwe0/clotheslabelled/Pratik/Hoodie/hoodie_wyse_official_1696914859_55d672f4_progressive_thumbnail.jpg,3,0.499478,0.505859,0.858867,0.780128
/kaggle/input/datasets/afqwe0/clotheslabelled/Pratik/Hoodie/hoodie_wyse_official_1696914859_55d672f4_progressive_thumbnail.jpg,3,0.503379,0.203026,0.352677,0.169137
/kaggle/input/datasets/afqwe0/clotheslabelled/Pratik/Hoodie/hoodie_keda_usa_1696934815_5bbb7db6_progressive_thumbnail.jpg,3,0.536871,0.491639,0.977484,0.888836
/kaggle/input/datasets/afqwe0/clotheslabelled/Pratik/Hoodie/hoodie_keda_usa_1696934815_5bbb7db6_progressive_thumbnail.jpg,3,0.416916,0.175548,0.316627,0.262472
/kaggle/input/datasets/afqwe0/clotheslabelled/Pratik/Hoodie/hoodie_jacket_adidas_1696915534_7312a7df_progressive_thumbnail.jpg,3,0.520721,0.530677,0.722654,0.764265
/kaggle/input/datasets/afqwe0/clotheslabelled/Pratik/Hoodie/hoodie_jacket_adidas_1696915534_7312a7df_progressive_thumbnail.jpg,3,0.50834,0.242509,0.361596,0.175827
/kaggle/input/datasets/afqwe0/clotheslabelled/Pratik/Hoodie/hoodie_guess_1696940059_e63d1a18_progressive_thumbnail.jpg,3,0.539471,0.495514,0.895314,0.79195
/kaggle/input/datasets/afqwe0/clotheslabelled/Pratik/Hoodie/hoodie_guess_1696940059_e63d1a18_progressive_thumbnail.jpg,3,0.59801,0.212972,0.42237,0.22782
/kaggle/input/datasets/afqwe0/clotheslabelled/Pratik/Hoodie/hoodie_umbro_1696869680_68d40bac_progressive_thumbnail.jpg,3,0.48877,0.502823,0.921341,0.712393
/kaggle/input/datasets/afqwe0/clotheslabelled/Pratik/Hoodie/hoodie_umbro_1696869680_68d40bac_progressive_thumbnail.jpg,3,0.511703,0.252695,0.279824,0.207864
/kaggle/input/datasets/afqwe0/clotheslabelled/Pratik/Hoodie/hoodie_champion_1696996257_b2c24fef_progressive_thumbnail.jpg,3,0.462479,0.528898,0.895314,0.932503
/kaggle/input/datasets/afqwe0/clotheslabelled/Pratik/Hoodie/hoodie_champion_1696996257_b2c24fef_progressive_thumbnail.jpg,3,0.463442,0.140427,0.442826,0.163718
/kaggle/input/datasets/afqwe0/clotheslabelled/Pratik/Hoodie/hoodie_uni_qlo_size_m_1696972374_9adc246e_progressive_thumbnail.jpg,3,0.474183,0.569338,0.936068,0.765033
/kaggle/input/datasets/afqwe0/clotheslabelled/Pratik/Hoodie/hoodie_uni_qlo_size_m_1696972374_9adc246e_progressive_thumbnail.jpg,3,0.478345,0.243961,0.366117,0.110908
/kaggle/input/datasets/afqwe0/clotheslabelled/Pratik/Hoodie/hoodie_off_white_arrows_galaxy_1697057044_b92a32cd_progressive_thumbnail.jpg,3,0.500573,0.497742,0.749131,0.899193
/kaggle/input/datasets/afqwe0/clotheslabelled/Pratik/Hoodie/hoodie_off_white_arrows_galaxy_1697057044_b92a32cd_progressive_thumbnail.jpg,3,0.504247,0.158991,0.352677,0.22782
/kaggle/input/datasets/afqwe0/clotheslabelled/Pratik/Hoodie/hoodie_air_jordan_1696982821_6b6e8abe_progressive_thumbnail.jpg,3,0.498074,0.522156,0.887341,0.683511
/kaggle/input/datasets/afqwe0/clotheslabelled/Pratik/Hoodie/hoodie_air_jordan_1696982821_6b6e8abe_progressive_thumbnail.jpg,3,0.507689,0.234812,0.392927,0.119002
/kaggle/input/datasets/afqwe0/clotheslabelled/Pratik/Hoodie/hoodie_yale_official_1696914447_09f43eec_progressive_thumbnail.jpg,3,0.523432,0.480357,0.905729,0.759369
/kaggle/input/datasets/afqwe0/clotheslabelled/Pratik/Hoodie/hoodie_yale_official_1696914447_09f43eec_progressive_thumbnail.jpg,3,0.502915,0.187477,0.372978,0.168589
/kaggle/input/datasets/afqwe0/clotheslabelled/Pratik/Hoodie/hoodie_yale_official_1696914447_09f43eec_progressive_thumbnail.jpg,3,0.524733,0.56906,0.883869,0.578552
/kaggle/input/datasets/afqwe0/clotheslabelled/Pratik/Hoodie/hoodie_celine_paris_1697022376_fa1d11c6_progressive_thumbnail (1).jpg,3,0.497057,0.508788,0.858867,0.874164
/kaggle/input/datasets/afqwe0/clotheslabelled/Pratik/Hoodie/hoodie_celine_paris_1697022376_fa1d11c6_progressive_thumbnail (1).jpg,3,0.516619,0.197184,0.288213,0.250554
/kaggle/input/datasets/afqwe0/clotheslabelled/Pratik/Hoodie/hoodie_adidas_camo_1696947871_aeca6d2a_progressive_thumbnail.jpg,3,0.499017,0.503586,0.889238,0.821159
/kaggle/input/datasets/afqwe0/clotheslabelled/Pratik/Hoodie/hoodie_gap_salur_1697097370_42e4ee91_progressive_thumbnail.jpg,3,0.493002,0.478163,0.803134,0.826824
/kaggle/input/datasets/afqwe0/clotheslabelled/Pratik/Hoodie/hoodie_gap_salur_1697097370_42e4ee91_progressive_thumbnail.jpg,3,0.504814,0.216208,0.245749,0.301988
/kaggle/input/datasets/afqwe0/clotheslabelled/Pratik/Hoodie/hoodie_stussy_world_tour_zippe_1697044804_13173dbd_progressive_thumbnail.jpg,3,0.606951,0.154621,0.429964,0.231969
/kaggle/input/datasets/afqwe0/clotheslabelled/Pratik/Hoodie/hoodie_mlb_yankees_1697082541_bab9fbf0_progressive_thumbnail.jpg,3,0.53037,0.500013,0.791111,0.997113
/kaggle/input/datasets/afqwe0/clotheslabelled/Pratik/Hoodie/hoodie_mlb_yankees_1697082541_bab9fbf0_progressive_thumbnail.jpg,3,0.426713,0.157579,0.407462,0.310285
/kaggle/input/datasets/afqwe0/clotheslabelled/Pratik/Hoodie/hoodie_mlb_yankees_1697082541_bab9fbf0_progressive_thumbnail.jpg,3,0.42332,0.103734,0.398938,0.205941
/kaggle/input/datasets/afqwe0/clotheslabelled/Pratik/Hoodie/hoodie_uniqlo_darkblue_1696925566_c1401f40_progressive_thumbnail.jpg,3,0.489979,0.218389,0.368394,0.38631
/kaggle/input/datasets/afqwe0/clotheslabelled/Pratik/Hoodie/hoodie_nike_big_logo_1697036938_96be4b76_progressive_thumbnail.jpg,3,0.510362,0.50021,0.904861,0.999762
/kaggle/input/datasets/afqwe0/clotheslabelled/Pratik/Hoodie/hoodie_nike_big_logo_1697036938_96be4b76_progressive_thumbnail.jpg,3,0.383757,0.136426,0.35935,0.274749
/kaggle/input/datasets/afqwe0/clotheslabelled/Pratik/Hoodie/hoodie_nike_1696852996_1189f6be_progressive_thumbnail.jpg,3,0.497504,0.52873,0.705964,0.825088
/kaggle/input/datasets/afqwe0/clotheslabelled/Pratik/Hoodie/hoodie_adidas_spike_island_1697018994_5f14b856_progressive_thumbnail.jpg,3,0.502523,0.434738,1.0,0.861632
/kaggle/input/datasets/afqwe0/clotheslabelled/Pratik/Hoodie/hoodie_adidas_spike_island_1697018994_5f14b856_progressive_thumbnail.jpg,3,0.510971,0.119263,0.299713,0.23058
/kaggle/input/datasets/afqwe0/clotheslabelled/Pratik/Hoodie/hoodie_calmmind_monster_putih_1697007040_1d2f2aef_progressive_thumbnail.jpg,3,0.505317,0.498795,0.767603,0.896324
/kaggle/input/datasets/afqwe0/clotheslabelled/Pratik/Hoodie/hoodie_calmmind_monster_putih_1697007040_1d2f2aef_progressive_thumbnail.jpg,3,0.501751,0.171445,0.403793,0.249089
/kaggle/input/datasets/afqwe0/clotheslabelled/Pratik/Hoodie/hoodie_parka_uniqlo_sz_m_hitam_1697102346_8ee07a51_progressive_thumbnail.jpg,3,0.473857,0.517937,0.925675,0.907378
/kaggle/input/datasets/afqwe0/clotheslabelled/Pratik/Hoodie/hoodie_nike_1696999272_e381f208_progressive_thumbnail.jpg,3,0.498623,0.454085,0.798406,0.817692
/kaggle/input/datasets/afqwe0/clotheslabelled/Pratik/Hoodie/hoodie_nike_1696999272_e381f208_progressive_thumbnail.jpg,3,0.4861,0.131945,0.283528,0.173014
/kaggle/input/datasets/afqwe0/clotheslabelled/Pratik/Hoodie/hoodie_gap_1696939810_9e948394_progressive_thumbnail.jpg,3,0.549644,0.51379,0.819501,0.810599
/kaggle/input/datasets/afqwe0/clotheslabelled/Pratik/Hoodie/hoodie_gap_1696939810_9e948394_progressive_thumbnail.jpg,3,0.556441,0.245571,0.41986,0.270103
/kaggle/input/datasets/afqwe0/clotheslabelled/Pratik/Hoodie/hoodie_hagthave_a_good_time_fr_1697068406_cac385b8_progressive_thumbnail (1).jpg,3,0.490723,0.482185,0.823385,0.822304
/kaggle/input/datasets/afqwe0/clotheslabelled/Pratik/Hoodie/hoodie_hagthave_a_good_time_fr_1697068406_cac385b8_progressive_thumbnail (1).jpg,3,0.498604,0.202394,0.281671,0.260962
/kaggle/input/datasets/afqwe0/clotheslabelled/Pratik/Hoodie/hoodie_uniqlo_1696875091_c693e0b4_progressive_thumbnail.jpg,3,0.496908,0.537041,0.59809,0.503036
/kaggle/input/datasets/afqwe0/clotheslabelled/Pratik/Hoodie/hoodie_gap_1696939896_52ff26f9_progressive_thumbnail.jpg,3,0.507215,0.504059,0.905729,0.857864
/kaggle/input/datasets/afqwe0/clotheslabelled/Pratik/Hoodie/hoodie_gap_1696939896_52ff26f9_progressive_thumbnail.jpg,3,0.528729,0.204134,0.364983,0.256467
/kaggle/input/datasets/afqwe0/clotheslabelled/Pratik/Hoodie/hoodie_pancoat_1697082526_dc05b78f_progressive_thumbnail.jpg,3,0.500381,0.512815,0.754639,0.867126
/kaggle/input/datasets/afqwe0/clotheslabelled/Pratik/Hoodie/hoodie_pancoat_1697082526_dc05b78f_progressive_thumbnail.jpg,3,0.490196,0.199884,0.41239,0.240425
/kaggle/input/datasets/afqwe0/clotheslabelled/Pratik/Hoodie/hoodie_jaket_branded_uniqlo_a__1697083596_3474c8b4_progressive_thumbnail.jpg,3,0.496202,0.495819,0.958539,0.959185
/kaggle/input/datasets/afqwe0/clotheslabelled/Pratik/Hoodie/hoodie_jaket_branded_uniqlo_a__1697083596_3474c8b4_progressive_thumbnail.jpg,3,0.501643,0.087104,0.508051,0.15534
/kaggle/input/datasets/afqwe0/clotheslabelled/Pratik/Hoodie/hoodie_nike_air_tritone_1696934507_7371e824_progressive_thumbnail.jpg,3,0.501383,0.490114,0.989499,0.906057
/kaggle/input/datasets/afqwe0/clotheslabelled/Pratik/Hoodie/hoodie_nike_air_tritone_1696934507_7371e824_progressive_thumbnail.jpg,3,0.562247,0.102987,0.488442,0.148793
/kaggle/input/datasets/afqwe0/clotheslabelled/Pratik/Hoodie/hoodie_wyse_1697081895_33797bc7_progressive_thumbnail.jpg,3,0.510525,0.51379,0.701394,0.785441
/kaggle/input/datasets/afqwe0/clotheslabelled/Pratik/Hoodie/hoodie_wyse_1697081895_33797bc7_progressive_thumbnail.jpg,3,0.502185,0.243676,0.281671,0.241855
/kaggle/input/datasets/afqwe0/clotheslabelled/Pratik/Hoodie/hoodie_uniqlo_1696901717_02b12887_progressive_thumbnail.jpg,3,0.513671,0.541363,0.710957,0.803857
/kaggle/input/datasets/afqwe0/clotheslabelled/Pratik/Hoodie/hoodie_uniqlo_1696901717_02b12887_progressive_thumbnail.jpg,3,0.590265,0.248204,0.230841,0.221021
/kaggle/input/datasets/afqwe0/clotheslabelled/Pratik/Hoodie/hoodie_polo_1697034205_1866ec3c_progressive_thumbnail.jpg,3,0.42854,0.485941,0.81131,0.888836
/kaggle/input/datasets/afqwe0/clotheslabelled/Pratik/Hoodie/hoodie_polo_1697034205_1866ec3c_progressive_thumbnail.jpg,3,0.667966,0.154366,0.281671,0.223046
/kaggle/input/datasets/afqwe0/clotheslabelled/Pratik/Hoodie/hoodie_calmmind_monster_hitam__1697006372_def3d8ca_progressive_thumbnail.jpg,3,0.503662,0.498955,0.801414,0.897767
/kaggle/input/datasets/afqwe0/clotheslabelled/Pratik/Hoodie/hoodie_calmmind_monster_hitam__1697006372_def3d8ca_progressive_thumbnail.jpg,3,0.514171,0.159645,0.391732,0.223046
/kaggle/input/datasets/afqwe0/clotheslabelled/Pratik/Sneakers/clean_2019-07-09_17-29-48_UTC.jpg,4,0.493225,0.438064,0.90199,0.438257
/kaggle/input/datasets/afqwe0/clotheslabelled/Pratik/Sneakers/20.jpg,4,0.625392,0.515755,0.406493,0.833519
/kaggle/input/datasets/afqwe0/clotheslabelled/Pratik/Sneakers/20.jpg,4,0.331128,0.65406,0.473763,0.439134
/kaggle/input/datasets/afqwe0/clotheslabelled/Pratik/Sneakers/clean_2019-04-20_14-54-46_UTC.jpg,4,0.48871,0.437824,0.837727,0.449345
/kaggle/input/datasets/afqwe0/clotheslabelled/Pratik/Sneakers/clean_2019-11-25_17-36-13_UTC.jpg,4,0.499575,0.363964,0.956014,0.612496
/kaggle/input/datasets/afqwe0/clotheslabelled/Pratik/Sneakers/30.jpg,4,0.314006,0.487219,0.399914,0.810724
/kaggle/input/datasets/afqwe0/clotheslabelled/Pratik/Sneakers/30.jpg,4,0.713059,0.489793,0.40461,0.793143
/kaggle/input/datasets/afqwe0/clotheslabelled/Pratik/Sneakers/clean_2019-03-03_17-45-12_UTC_1.jpg,4,0.483648,0.453972,0.803857,0.408379
/kaggle/input/datasets/afqwe0/clotheslabelled/Pratik/Sneakers/38.jpg,4,0.637756,0.667482,0.321766,0.455403
/kaggle/input/datasets/afqwe0/clotheslabelled/Pratik/Sneakers/38.jpg,4,0.443355,0.487908,0.454335,0.839912
/kaggle/input/datasets/afqwe0/clotheslabelled/Pratik/Sneakers/38.jpg,4,0.505524,0.485687,0.581494,0.842935
/kaggle/input/datasets/afqwe0/clotheslabelled/Pratik/Sneakers/clean_2020-06-06_16-10-06_UTC_1.jpg,4,0.500404,0.399554,0.957944,0.526538
/kaggle/input/datasets/afqwe0/clotheslabelled/Pratik/Sneakers/33.jpg,4,0.518912,0.461097,0.621641,0.915112
/kaggle/input/datasets/afqwe0/clotheslabelled/Pratik/Sneakers/10.jpg,0,0.522402,0.538255,0.677143,0.639834
/kaggle/input/datasets/afqwe0/clotheslabelled/Pratik/Sneakers/10.jpg,0,0.598448,0.502051,0.829612,0.972014
/kaggle/input/datasets/afqwe0/clotheslabelled/Pratik/Sneakers/clean_2019-10-05_17-25-20_UTC.jpg,4,0.50177,0.417367,0.93907,0.493361
/kaggle/input/datasets/afqwe0/clotheslabelled/Pratik/Sneakers/clean_2019-12-03_18-00-00_UTC.jpg,4,0.499226,0.424739,0.958569,0.473853
/kaggle/input/datasets/afqwe0/clotheslabelled/Pratik/Sneakers/clean_2019-12-28_17-30-26_UTC_1.jpg,4,0.499081,0.382234,0.962136,0.553699
/kaggle/input/datasets/afqwe0/clotheslabelled/Pratik/Sneakers/clean_2019-09-11_17-07-54_UTC.jpg,4,0.499761,0.41906,0.934443,0.495314
/kaggle/input/datasets/afqwe0/clotheslabelled/Pratik/Sneakers/35.jpg,4,0.48871,0.516059,0.582357,0.77629
/kaggle/input/datasets/afqwe0/clotheslabelled/Pratik/Sneakers/clean_2020-08-03_17-10-07_UTC.jpg,4,0.500041,0.475849,0.954,0.386081
/kaggle/input/datasets/afqwe0/clotheslabelled/Pratik/Sneakers/clean_2019-04-06_15-37-35_UTC.jpg,4,0.492127,0.408666,0.843999,0.508008
/kaggle/input/datasets/afqwe0/clotheslabelled/Pratik/Sneakers/03.jpg,4,0.696451,0.619728,0.452399,0.536302
/kaggle/input/datasets/afqwe0/clotheslabelled/Pratik/Sneakers/03.jpg,4,0.360329,0.473265,0.559395,0.771995
/kaggle/input/datasets/afqwe0/clotheslabelled/Pratik/Sneakers/clean_2019-01-21_20-04-03_UTC.jpg,4,0.498879,0.46525,0.683511,0.406493
/kaggle/input/datasets/afqwe0/clotheslabelled/Pratik/Sneakers/clean_2019-06-20_18-44-52_UTC_1.jpg,4,0.500744,0.426985,0.880879,0.484088
/kaggle/input/datasets/afqwe0/clotheslabelled/Pratik/Sneakers/clean_2020-08-13_17-05-11_UTC.jpg,4,0.494934,0.423195,0.972436,0.493361
/kaggle/input/datasets/afqwe0/clotheslabelled/Pratik/Sneakers/37.jpg,4,0.370405,0.440476,0.693563,0.505315
/kaggle/input/datasets/afqwe0/clotheslabelled/Pratik/Sneakers/37.jpg,4,0.506317,0.558254,0.827331,0.728319
/kaggle/input/datasets/afqwe0/clotheslabelled/Pratik/Sneakers/clean_2019-03-02_22-28-09_UTC_2.jpg,4,0.491273,0.464173,0.868916,0.392932
/kaggle/input/datasets/afqwe0/clotheslabelled/Pratik/Sneakers/clean_2019-07-27_16-28-59_UTC.jpg,4,0.49109,0.419892,0.903363,0.493849
/kaggle/input/datasets/afqwe0/clotheslabelled/Pratik/Sneakers/clean_2019-11-08_17-06-20_UTC_1.jpg,4,0.500053,0.451568,0.951179,0.427111
/kaggle/input/datasets/afqwe0/clotheslabelled/Pratik/Sneakers/clean_2020-01-13_17-47-33_UTC.jpg,4,0.499435,0.419268,0.964348,0.486528
/kaggle/input/datasets/afqwe0/clotheslabelled/Pratik/Sneakers/clean_2019-06-20_18-44-52_UTC_2.jpg,4,0.497055,0.428329,0.875872,0.480187
/kaggle/input/datasets/afqwe0/clotheslabelled/Pratik/Sneakers/01.jpg,4,0.352767,0.469501,0.433126,0.810089
/kaggle/input/datasets/afqwe0/clotheslabelled/Pratik/Sneakers/01.jpg,4,0.637418,0.61424,0.450464,0.505948
/kaggle/input/datasets/afqwe0/clotheslabelled/Pratik/Sneakers/29.jpg,4,0.64779,0.444338,0.448531,0.835784
/kaggle/input/datasets/afqwe0/clotheslabelled/Pratik/Sneakers/29.jpg,4,0.34379,0.620959,0.576645,0.473505
/kaggle/input/datasets/afqwe0/clotheslabelled/Pratik/Sneakers/clean_2020-06-19_17-47-52_UTC.jpg,4,0.49617,0.420606,0.97484,0.471905
/kaggle/input/datasets/afqwe0/clotheslabelled/Pratik/Sneakers/clean_2019-01-21_21-12-22_UTC.jpg,4,0.48993,0.448622,0.690232,0.448531
/kaggle/input/datasets/afqwe0/clotheslabelled/Pratik/Sneakers/clean_2019-12-08_17-35-40_UTC.jpg,4,0.502884,0.427523,0.964882,0.478237
/kaggle/input/datasets/afqwe0/clotheslabelled/Pratik/Sneakers/16.jpg,4,0.596856,0.474547,0.249161,0.708432
/kaggle/input/datasets/afqwe0/clotheslabelled/Pratik/Sneakers/16.jpg,4,0.317804,0.481323,0.237476,0.69675
/kaggle/input/datasets/afqwe0/clotheslabelled/Pratik/Sneakers/23.jpg,4,0.298681,0.509454,0.547811,0.373145
/kaggle/input/datasets/afqwe0/clotheslabelled/Pratik/Sneakers/23.jpg,4,0.618839,0.44563,0.656835,0.743141
/kaggle/input/datasets/afqwe0/clotheslabelled/Pratik/Sneakers/02.jpg,4,0.374742,0.498314,0.589937,0.708298
/kaggle/input/datasets/afqwe0/clotheslabelled/Pratik/Sneakers/02.jpg,4,0.645391,0.446554,0.55361,0.634628
/kaggle/input/datasets/afqwe0/clotheslabelled/Pratik/Sneakers/28.jpg,4,0.819219,0.383956,0.348742,0.563942
/kaggle/input/datasets/afqwe0/clotheslabelled/Pratik/Sneakers/28.jpg,4,0.409151,0.487148,0.758588,0.644061
/kaggle/input/datasets/afqwe0/clotheslabelled/Pratik/Sneakers/28.jpg,4,0.61929,0.386519,0.731909,0.57672
/kaggle/input/datasets/afqwe0/clotheslabelled/Pratik/Sneakers/22.jpg,4,0.428049,0.503444,0.336426,0.724693
/kaggle/input/datasets/afqwe0/clotheslabelled/Pratik/Sneakers/22.jpg,4,0.672468,0.587201,0.323473,0.510177
/kaggle/input/datasets/afqwe0/clotheslabelled/Pratik/Sneakers/40.jpg,4,0.635516,0.522184,0.279521,0.622215
/kaggle/input/datasets/afqwe0/clotheslabelled/Pratik/Sneakers/40.jpg,4,0.366315,0.498749,0.331214,0.60525
/kaggle/input/datasets/afqwe0/clotheslabelled/Pratik/Sneakers/clean_2019-08-20_15-11-12_UTC (1).jpg,4,0.495056,0.42497,0.888836,0.470446
/kaggle/input/datasets/afqwe0/clotheslabelled/Pratik/Sneakers/clean_2019-08-16_16-54-19_UTC.jpg,4,0.499043,0.411383,0.911243,0.509472
/kaggle/input/datasets/afqwe0/clotheslabelled/Pratik/Sneakers/clean_2020-06-15_16-38-44_UTC.jpg,4,0.495667,0.393479,0.969808,0.545964
/kaggle/input/datasets/afqwe0/clotheslabelled/Pratik/Sneakers/clean_2019-04-29_18-31-34_UTC.jpg,4,0.485112,0.462685,0.854452,0.394302
/kaggle/input/datasets/afqwe0/clotheslabelled/Pratik/Sneakers/24.jpg,4,0.738924,0.442311,0.181326,0.392719
/kaggle/input/datasets/afqwe0/clotheslabelled/Pratik/Sneakers/24.jpg,4,0.313497,0.505245,0.368504,0.308371
/kaggle/input/datasets/afqwe0/clotheslabelled/Pratik/Sneakers/09.jpg,4,0.445785,0.529456,0.370324,0.664623
/kaggle/input/datasets/afqwe0/clotheslabelled/Pratik/Sneakers/09.jpg,4,0.694603,0.639378,0.395611,0.315916
/kaggle/input/datasets/afqwe0/clotheslabelled/Pratik/Sneakers/09.jpg,4,0.575448,0.519481,0.632685,0.670911
/kaggle/input/datasets/afqwe0/clotheslabelled/Pratik/Sneakers/clean_2020-05-07_15-59-40_UTC.jpg,4,0.499268,0.425955,0.982028,0.487504
/kaggle/input/datasets/afqwe0/clotheslabelled/Pratik/Sneakers/31.jpg,4,0.356063,0.481128,0.493271,0.726855
/kaggle/input/datasets/afqwe0/clotheslabelled/Pratik/Sneakers/31.jpg,4,0.619739,0.366993,0.545875,0.620806
/kaggle/input/datasets/afqwe0/clotheslabelled/Pratik/Sneakers/clean_2019-02-22_20-58-45_UTC.jpg,4,0.475849,0.415913,0.799568,0.508496
/kaggle/input/datasets/afqwe0/clotheslabelled/Pratik/Sneakers/clean_2019-01-21_20-27-44_UTC.jpg,4,0.499416,0.506897,0.693563,0.316672
/kaggle/input/datasets/afqwe0/clotheslabelled/Pratik/Sneakers/clean_2020-06-24_17-46-54_UTC.jpg,4,0.495392,0.439026,0.977731,0.454909
/kaggle/input/datasets/afqwe0/clotheslabelled/Pratik/Sneakers/13.jpg,4,0.43146,0.522544,0.48156,0.581167
/kaggle/input/datasets/afqwe0/clotheslabelled/Pratik/Sneakers/13.jpg,4,0.603067,0.358366,0.512799,0.48271
/kaggle/input/datasets/afqwe0/clotheslabelled/Pratik/Sneakers/clean_2019-06-27_17-09-09_UTC.jpg,4,0.499603,0.433981,0.90199,0.477263
/kaggle/input/datasets/afqwe0/clotheslabelled/Pratik/Sneakers/05.jpg,4,0.58825,0.623037,0.435046,0.415495
/kaggle/input/datasets/afqwe0/clotheslabelled/Pratik/Sneakers/05.jpg,4,0.41217,0.483241,0.435046,0.7786
/kaggle/input/datasets/afqwe0/clotheslabelled/Pratik/Sneakers/05.jpg,4,0.499313,0.481663,0.61064,0.784589
/kaggle/input/datasets/afqwe0/clotheslabelled/Pratik/Sneakers/clean_2020-02-04_17-58-22_UTC.jpg,4,0.501167,0.447219,0.974062,0.434174
/kaggle/input/datasets/afqwe0/clotheslabelled/Pratik/Sneakers/clean_2019-07-11_17-13-09_UTC.jpg,4,0.494995,0.412093,0.885711,0.501173
/kaggle/input/datasets/afqwe0/clotheslabelled/Pratik/Sneakers/clean_2020-04-29_17-17-01_UTC.jpg,4,0.493409,0.439026,0.975596,0.462668
/kaggle/input/datasets/afqwe0/clotheslabelled/Pratik/Sneakers/32.jpg,4,0.614781,0.488148,0.435046,0.858753
/kaggle/input/datasets/afqwe0/clotheslabelled/Pratik/Sneakers/32.jpg,4,0.377262,0.4658,0.483511,0.739984
/kaggle/input/datasets/afqwe0/clotheslabelled/Pratik/Sneakers/clean_2019-12-01_18-03-08_UTC.jpg,4,0.497208,0.434498,0.949707,0.457574
/kaggle/input/datasets/afqwe0/clotheslabelled/Pratik/Sneakers/06.jpg,4,0.447938,0.537048,0.676713,0.706359
/kaggle/input/datasets/afqwe0/clotheslabelled/Pratik/Sneakers/06.jpg,4,0.579574,0.367368,0.683511,0.462139
/kaggle/input/datasets/afqwe0/clotheslabelled/Pratik/Sneakers/17.jpg,4,0.456992,0.628753,0.778785,0.653844
/kaggle/input/datasets/afqwe0/clotheslabelled/Pratik/Sneakers/17.jpg,4,0.57434,0.540374,0.725733,0.483844
/kaggle/input/datasets/afqwe0/clotheslabelled/Pratik/Sneakers/26.jpg,4,0.600141,0.555899,0.741006,0.73369
/kaggle/input/datasets/afqwe0/clotheslabelled/Pratik/Sneakers/26.jpg,4,0.329184,0.478413,0.520602,0.575851
/kaggle/input/datasets/afqwe0/clotheslabelled/Pratik/Sneakers/26.jpg,4,0.424855,0.473904,0.703434,0.573083
/kaggle/input/datasets/afqwe0/clotheslabelled/Pratik/Sneakers/39.jpg,4,0.493042,0.436434,0.567082,0.713567
/kaggle/input/datasets/afqwe0/clotheslabelled/Pratik/Sneakers/39.jpg,4,0.60178,0.630783,0.260962,0.34173
/kaggle/input/datasets/afqwe0/clotheslabelled/Pratik/Sneakers/clean_2019-05-18_18-43-03_UTC.jpg,4,0.492463,0.358106,0.846045,0.629958
/kaggle/input/datasets/afqwe0/clotheslabelled/Pratik/Sneakers/clean_2020-03-23_17-41-49_UTC.jpg,4,0.496307,0.354523,0.94339,0.701059
/kaggle/input/datasets/afqwe0/clotheslabelled/Pratik/Sneakers/15.jpg,4,0.603885,0.473648,0.394302,0.811702
/kaggle/input/datasets/afqwe0/clotheslabelled/Pratik/Sneakers/15.jpg,4,0.385306,0.64466,0.346085,0.506449
/kaggle/input/datasets/afqwe0/clotheslabelled/Pratik/Sneakers/clean_2020-08-08_16-23-37_UTC_2.jpg,4,0.500591,0.346962,0.97484,0.660348
/kaggle/input/datasets/afqwe0/clotheslabelled/Pratik/Sneakers/clean_2019-01-21_21-23-01_UTC.jpg,4,0.489992,0.418462,0.693563,0.489366
/kaggle/input/datasets/afqwe0/clotheslabelled/Pratik/Sneakers/04.jpg,4,0.652233,0.49402,0.385938,0.864068
/kaggle/input/datasets/afqwe0/clotheslabelled/Pratik/Sneakers/04.jpg,4,0.327407,0.636279,0.487413,0.504114
/kaggle/input/datasets/afqwe0/clotheslabelled/Pratik/Sneakers/12.jpg,0,0.447071,0.470104,0.931651,0.93348
/kaggle/input/datasets/afqwe0/clotheslabelled/Pratik/Sneakers/clean_2019-09-18_17-45-24_UTC.jpg,4,0.501244,0.429615,0.927416,0.47775
/kaggle/input/datasets/afqwe0/clotheslabelled/Pratik/Sneakers/clean_2019-02-12_19-26-55_UTC.jpg,4,0.498947,0.467529,0.815884,0.385013
/kaggle/input/datasets/afqwe0/clotheslabelled/Pratik/Sneakers/clean_2019-08-20_15-11-12_UTC.jpg,4,0.495056,0.42497,0.888836,0.470446
/kaggle/input/datasets/afqwe0/clotheslabelled/Pratik/Sneakers/clean_2020-01-15_18-20-30_UTC.jpg,4,0.503479,0.406603,0.939958,0.544027
/kaggle/input/datasets/afqwe0/clotheslabelled/Pratik/Sneakers/11.jpg,4,0.219007,0.517434,0.242822,0.724176
/kaggle/input/datasets/afqwe0/clotheslabelled/Pratik/Sneakers/11.jpg,4,0.469523,0.579211,0.328969,0.429921
/kaggle/input/datasets/afqwe0/clotheslabelled/Pratik/Sneakers/11.jpg,4,0.17966,0.520017,0.331214,0.733614
/kaggle/input/datasets/afqwe0/clotheslabelled/Pratik/Sneakers/clean_2020-08-12_17-18-44_UTC.jpg,4,0.492707,0.410083,0.95261,0.534322
/kaggle/input/datasets/afqwe0/clotheslabelled/Pratik/Sneakers/clean_2019-04-22_17-19-50_UTC.jpg,4,0.487978,0.408843,0.822304,0.510449
/kaggle/input/datasets/afqwe0/clotheslabelled/Pratik/Sneakers/34.jpg,4,0.622556,0.456392,0.368504,0.63517
/kaggle/input/datasets/afqwe0/clotheslabelled/Pratik/Sneakers/34.jpg,4,0.37677,0.584196,0.395236,0.409897
/kaggle/input/datasets/afqwe0/clotheslabelled/Pratik/Sneakers/34.jpg,4,0.315919,0.616997,0.497176,0.470683
/kaggle/input/datasets/afqwe0/clotheslabelled/Pratik/Sneakers/27.jpg,4,0.500969,0.475314,0.755715,0.502371
/kaggle/input/datasets/afqwe0/clotheslabelled/Pratik/Sneakers/clean_2019-02-18_20-49-19_UTC.jpg,4,0.484502,0.403426,0.808189,0.531405
/kaggle/input/datasets/afqwe0/clotheslabelled/Pratik/Sneakers/clean_2020-01-11_17-48-57_UTC.jpg,4,0.496185,0.423195,0.965925,0.494337
/kaggle/input/datasets/afqwe0/clotheslabelled/Pratik/Sneakers/clean_2019-02-21_20-18-54_UTC.jpg,4,0.478163,0.41535,0.808189,0.513377
/kaggle/input/datasets/afqwe0/clotheslabelled/Pratik/Sneakers/21.jpg,4,0.328178,0.52677,0.497176,0.406429
/kaggle/input/datasets/afqwe0/clotheslabelled/Pratik/Sneakers/21.jpg,4,0.584572,0.414325,0.493271,0.723066
/kaggle/input/datasets/afqwe0/clotheslabelled/Pratik/Sneakers/21.jpg,4,0.457234,0.428888,0.747764,0.745588
/kaggle/input/datasets/afqwe0/clotheslabelled/Pratik/Sneakers/clean_2019-03-16_00-00-18_UTC.jpg,4,0.495545,0.433981,0.837727,0.462183
/kaggle/input/datasets/afqwe0/clotheslabelled/Pratik/Sneakers/clean_2020-01-28_18-41-47_UTC.jpg,4,0.504547,0.370317,0.925284,0.588133
/kaggle/input/datasets/afqwe0/clotheslabelled/Pratik/Sneakers/clean_2020-01-28_18-41-47_UTC.jpg,4,0.50473,0.43878,0.926599,0.4466
/kaggle/input/datasets/afqwe0/clotheslabelled/Pratik/Sneakers/08.jpg,4,0.639446,0.636146,0.652338,0.61227
/kaggle/input/datasets/afqwe0/clotheslabelled/Pratik/Sneakers/08.jpg,4,0.417163,0.552325,0.44467,0.516226
/kaggle/input/datasets/afqwe0/clotheslabelled/Pratik/Sneakers/08.jpg,4,0.482429,0.547225,0.578552,0.513585
/kaggle/input/datasets/afqwe0/clotheslabelled/Pratik/Sneakers/36.jpg,4,0.357201,0.645075,0.703434,0.440815
/kaggle/input/datasets/afqwe0/clotheslabelled/Pratik/Sneakers/36.jpg,4,0.694486,0.635114,0.601227,0.385013
/kaggle/input/datasets/afqwe0/clotheslabelled/Pratik/Sneakers/36.jpg,4,0.640684,0.631638,0.713119,0.392438
/kaggle/input/datasets/afqwe0/clotheslabelled/Pratik/Sneakers/clean_2019-03-21_22-00-23_UTC.jpg,4,0.491151,0.416595,0.84193,0.498243
/kaggle/input/datasets/afqwe0/clotheslabelled/Pratik/Sneakers/clean_2019-09-14_17-25-53_UTC.jpg,4,0.496155,0.424627,0.918539,0.468986
/kaggle/input/datasets/afqwe0/clotheslabelled/Pratik/Sneakers/07.jpg,4,0.628019,0.571065,0.452399,0.687435
/kaggle/input/datasets/afqwe0/clotheslabelled/Pratik/Sneakers/07.jpg,4,0.369039,0.69615,0.464035,0.393729
/kaggle/input/datasets/afqwe0/clotheslabelled/Pratik/Sneakers/07.jpg,4,0.496811,0.565765,0.718753,0.685476
/kaggle/input/datasets/afqwe0/clotheslabelled/Pratik/Sneakers/clean_2019-06-04_19-57-09_UTC.jpg,4,0.50038,0.432543,0.904718,0.455151
/kaggle/input/datasets/afqwe0/clotheslabelled/Pratik/Sneakers/19.jpg,4,0.604001,0.455049,0.317518,0.760683
/kaggle/input/datasets/afqwe0/clotheslabelled/Pratik/Sneakers/19.jpg,4,0.293555,0.539107,0.435046,0.418078
/kaggle/input/datasets/afqwe0/clotheslabelled/Pratik/Sneakers/clean_2019-05-04_17-34-39_UTC.jpg,4,0.496506,0.422937,0.84193,0.475801
/kaggle/input/datasets/afqwe0/clotheslabelled/Pratik/Sneakers/clean_2019-01-27_14-56-24_UTC.jpg,4,0.492219,0.41317,0.673285,0.501083
/kaggle/input/datasets/afqwe0/clotheslabelled/Pratik/Sneakers/14.jpg,4,0.440344,0.472607,0.686882,0.667518
/kaggle/input/datasets/afqwe0/clotheslabelled/Pratik/Sneakers/14.jpg,4,0.783913,0.496854,0.357665,0.705346
/kaggle/input/datasets/afqwe0/clotheslabelled/Pratik/Sneakers/18.jpg,4,0.41795,0.539374,0.169603,0.782567
/kaggle/input/datasets/afqwe0/clotheslabelled/Pratik/Sneakers/18.jpg,4,0.589957,0.541546,0.174753,0.779138
/kaggle/input/datasets/afqwe0/clotheslabelled/Pratik/Sneakers/clean_2020-08-14_17-10-14_UTC.jpg,4,0.49794,0.453262,0.976329,0.419245
/kaggle/input/datasets/afqwe0/clotheslabelled/Pratik/Sneakers/clean_2020-01-18_18-25-42_UTC_1.jpg,4,0.496628,0.422507,0.95261,0.48604
/kaggle/input/datasets/afqwe0/clotheslabelled/Pratik/Sneakers/clean_2019-02-12_11-31-27_UTC.jpg,4,0.483405,0.449286,0.788654,0.43889
/kaggle/input/datasets/afqwe0/clotheslabelled/Pratik/Sneakers/clean_2019-12-22_10-55-24_UTC.jpg,4,0.501648,0.442877,0.808189,0.463154
/kaggle/input/datasets/afqwe0/clotheslabelled/Pratik/Sneakers/25.jpg,4,0.614752,0.432191,0.406493,0.606914
/kaggle/input/datasets/afqwe0/clotheslabelled/Pratik/Sneakers/25.jpg,4,0.396349,0.581446,0.442741,0.569217
/kaggle/input/datasets/afqwe0/clotheslabelled/Pratik/Sneakers/clean_2020-01-07_18-26-50_UTC.jpg,4,0.493439,0.406132,0.95731,0.521667
/kaggle/input/datasets/afqwe0/clotheslabelled/Pratik/T-Shirt/1024.jpg,0,0.496054,0.501984,0.896785,0.672505
/kaggle/input/datasets/afqwe0/clotheslabelled/Pratik/T-Shirt/1161.jpg,0,0.495281,0.496765,0.894487,0.658594
/kaggle/input/datasets/afqwe0/clotheslabelled/Pratik/T-Shirt/1009.jpg,0,0.500011,0.504913,0.90364,0.660348
/kaggle/input/datasets/afqwe0/clotheslabelled/Pratik/T-Shirt/1157.jpg,0,0.495993,0.505767,0.894487,0.677645
/kaggle/input/datasets/afqwe0/clotheslabelled/Pratik/T-Shirt/1173.jpg,0,0.500124,0.513059,0.887558,0.635404
/kaggle/input/datasets/afqwe0/clotheslabelled/Pratik/T-Shirt/1211.jpg,0,0.495098,0.523664,0.887558,0.675937
/kaggle/input/datasets/afqwe0/clotheslabelled/Pratik/T-Shirt/1167.jpg,0,0.495444,0.49411,0.885236,0.651533
/kaggle/input/datasets/afqwe0/clotheslabelled/Pratik/T-Shirt/1154.jpg,0,0.493185,0.490968,0.887558,0.653305
/kaggle/input/datasets/afqwe0/clotheslabelled/Pratik/T-Shirt/1162.jpg,0,0.496909,0.491944,0.889874,0.675937
/kaggle/input/datasets/afqwe0/clotheslabelled/Pratik/T-Shirt/1010.jpg,0,0.495667,0.499538,0.894487,0.704324
/kaggle/input/datasets/afqwe0/clotheslabelled/Pratik/T-Shirt/1025.jpg,0,0.493673,0.494019,0.868819,0.669054
/kaggle/input/datasets/afqwe0/clotheslabelled/Pratik/T-Shirt/1166.jpg,0,0.494528,0.489442,0.894487,0.643509
/kaggle/input/datasets/afqwe0/clotheslabelled/Pratik/T-Shirt/1032.jpg,0,0.495301,0.505279,0.885236,0.658594
/kaggle/input/datasets/afqwe0/clotheslabelled/Pratik/T-Shirt/1125.jpg,0,0.488181,0.511534,0.923861,0.723467
/kaggle/input/datasets/afqwe0/clotheslabelled/Pratik/T-Shirt/118.jpg,0,0.43399,0.541166,0.664707,0.655873
/kaggle/input/datasets/afqwe0/clotheslabelled/Pratik/T-Shirt/118.jpg,0,0.43163,0.504981,0.687185,0.978401
/kaggle/input/datasets/afqwe0/clotheslabelled/Pratik/T-Shirt/1171.jpg,0,0.522518,0.549399,0.836288,0.713119
/kaggle/input/datasets/afqwe0/clotheslabelled/Pratik/T-Shirt/1002.jpg,0,0.499694,0.501076,0.887558,0.622644
/kaggle/input/datasets/afqwe0/clotheslabelled/Pratik/T-Shirt/106.jpg,0,0.488279,0.304247,0.463565,0.371236
/kaggle/input/datasets/afqwe0/clotheslabelled/Pratik/T-Shirt/106.jpg,0,0.527694,0.501762,0.5516,0.981468
/kaggle/input/datasets/afqwe0/clotheslabelled/Pratik/T-Shirt/1172.jpg,0,0.498791,0.514156,0.880575,0.704324
/kaggle/input/datasets/afqwe0/clotheslabelled/Pratik/T-Shirt/113.jpg,0,0.517575,0.571767,0.687071,0.683511
/kaggle/input/datasets/afqwe0/clotheslabelled/Pratik/T-Shirt/113.jpg,0,0.519288,0.501563,0.695853,0.989022
/kaggle/input/datasets/afqwe0/clotheslabelled/Pratik/T-Shirt/1196.jpg,0,0.496848,0.494232,0.905913,0.665585
/kaggle/input/datasets/afqwe0/clotheslabelled/Pratik/T-Shirt/1019.jpg,0,0.48932,0.493775,0.887558,0.702694
/kaggle/input/datasets/afqwe0/clotheslabelled/Pratik/T-Shirt/10.jpg,0,0.522402,0.538255,0.677143,0.639834
/kaggle/input/datasets/afqwe0/clotheslabelled/Pratik/T-Shirt/10.jpg,0,0.598448,0.502051,0.829612,0.972014
/kaggle/input/datasets/afqwe0/clotheslabelled/Pratik/T-Shirt/1168.jpg,0,0.498699,0.492585,0.887558,0.681049
/kaggle/input/datasets/afqwe0/clotheslabelled/Pratik/T-Shirt/1183.jpg,0,0.497468,0.50264,0.894487,0.687799
/kaggle/input/datasets/afqwe0/clotheslabelled/Pratik/T-Shirt/120.jpg,0,0.49643,0.560493,0.755703,0.76922
/kaggle/input/datasets/afqwe0/clotheslabelled/Pratik/T-Shirt/1018.jpg,0,0.501294,0.496674,0.908179,0.729675
/kaggle/input/datasets/afqwe0/clotheslabelled/Pratik/T-Shirt/1078.jpg,0,0.50109,0.506012,0.901361,0.663844
/kaggle/input/datasets/afqwe0/clotheslabelled/Pratik/T-Shirt/1197.jpg,0,0.501029,0.492524,0.892184,0.626308
/kaggle/input/datasets/afqwe0/clotheslabelled/Pratik/T-Shirt/1160.jpg,0,0.498648,0.498436,0.894487,0.660348
/kaggle/input/datasets/afqwe0/clotheslabelled/Pratik/T-Shirt/1012.jpg,0,0.495322,0.496124,0.905913,0.721901
/kaggle/input/datasets/afqwe0/clotheslabelled/Pratik/T-Shirt/1044.jpg,0,0.497631,0.51068,0.923861,0.729675
/kaggle/input/datasets/afqwe0/clotheslabelled/Pratik/T-Shirt/1017.jpg,0,0.498964,0.529142,0.889874,0.639016
/kaggle/input/datasets/afqwe0/clotheslabelled/Pratik/T-Shirt/1.jpg,0,0.480024,0.563138,0.750819,0.627137
/kaggle/input/datasets/afqwe0/clotheslabelled/Pratik/T-Shirt/1.jpg,0,0.512279,0.485941,0.967738,0.780128
/kaggle/input/datasets/afqwe0/clotheslabelled/Pratik/T-Shirt/1126.jpg,0,0.494325,0.515376,0.889874,0.640816
/kaggle/input/datasets/afqwe0/clotheslabelled/Pratik/T-Shirt/1145.jpg,0,0.496949,0.502274,0.899076,0.672505
/kaggle/input/datasets/afqwe0/clotheslabelled/Pratik/T-Shirt/1180.jpg,0,0.496664,0.508666,0.892184,0.658594
/kaggle/input/datasets/afqwe0/clotheslabelled/Pratik/T-Shirt/117.jpg,0,0.517497,0.368235,0.539548,0.73731
/kaggle/input/datasets/afqwe0/clotheslabelled/Pratik/T-Shirt/117.jpg,0,0.513291,0.43631,0.531087,0.508894
/kaggle/input/datasets/afqwe0/clotheslabelled/Pratik/T-Shirt/1164.jpg,0,0.493226,0.500397,0.892184,0.705948
/kaggle/input/datasets/afqwe0/clotheslabelled/Pratik/T-Shirt/1148.jpg,0,0.49817,0.500671,0.880575,0.656835
/kaggle/input/datasets/afqwe0/clotheslabelled/Pratik/T-Shirt/1181.jpg,0,0.495342,0.495728,0.894487,0.631777
/kaggle/input/datasets/afqwe0/clotheslabelled/Pratik/T-Shirt/1151.jpg,0,0.497295,0.51312,0.882908,0.636309
/kaggle/input/datasets/afqwe0/clotheslabelled/Pratik/T-Shirt/1151.jpg,0,0.490694,0.502435,0.336073,0.335904
/kaggle/input/datasets/afqwe0/clotheslabelled/Pratik/T-Shirt/121.jpg,0,0.531427,0.558568,0.770038,0.683511
/kaggle/input/datasets/afqwe0/clotheslabelled/Pratik/T-Shirt/121.jpg,0,0.571834,0.501075,0.85425,0.987578
/kaggle/input/datasets/afqwe0/clotheslabelled/Pratik/T-Shirt/1011.jpg,0,0.497438,0.496185,0.885236,0.644405
/kaggle/input/datasets/afqwe0/clotheslabelled/Pratik/T-Shirt/1022.jpg,0,0.500604,0.475605,0.90364,0.762212
/kaggle/input/datasets/afqwe0/clotheslabelled/Pratik/T-Shirt/1140.jpg,0,0.496807,0.497894,0.887558,0.696124
/kaggle/input/datasets/afqwe0/clotheslabelled/Pratik/T-Shirt/1100.jpg,0,0.504091,0.478407,0.866451,0.662099
/kaggle/input/datasets/afqwe0/clotheslabelled/Pratik/T-Shirt/1023.jpg,0,0.497651,0.509032,0.901361,0.72033
/kaggle/input/datasets/afqwe0/clotheslabelled/Pratik/T-Shirt/1189.jpg,0,0.490296,0.499523,0.905913,0.662098
/kaggle/input/datasets/afqwe0/clotheslabelled/Pratik/T-Shirt/1198.jpg,0,0.499172,0.509825,0.899076,0.675937
/kaggle/input/datasets/afqwe0/clotheslabelled/Pratik/T-Shirt/1170.jpg,0,0.492941,0.512876,0.878235,0.642613
/kaggle/input/datasets/afqwe0/clotheslabelled/Pratik/T-Shirt/104.jpg,0,0.536867,0.599295,0.748401,0.690232
/kaggle/input/datasets/afqwe0/clotheslabelled/Pratik/T-Shirt/104.jpg,0,0.461644,0.500586,0.947164,0.990881
/kaggle/input/datasets/afqwe0/clotheslabelled/Pratik/T-Shirt/1043.jpg,0,0.495078,0.492585,0.887558,0.692809
/kaggle/input/datasets/afqwe0/clotheslabelled/Pratik/T-Shirt/1186.jpg,0,0.498689,0.504272,0.885236,0.646193
/kaggle/input/datasets/afqwe0/clotheslabelled/Pratik/T-Shirt/1192.jpg,0,0.48753,0.493317,0.912692,0.728131
/kaggle/input/datasets/afqwe0/clotheslabelled/Pratik/T-Shirt/1175.jpg,0,0.495566,0.507995,0.885236,0.618966
/kaggle/input/datasets/afqwe0/clotheslabelled/Pratik/T-Shirt/100.jpg,0,0.536556,0.464886,0.814641,0.421655
/kaggle/input/datasets/afqwe0/clotheslabelled/Pratik/T-Shirt/1006.jpg,0,0.49522,0.508544,0.894487,0.689474
/kaggle/input/datasets/afqwe0/clotheslabelled/Pratik/T-Shirt/1007.jpg,0,0.499995,0.496887,0.949976,0.639917
/kaggle/input/datasets/afqwe0/clotheslabelled/Pratik/T-Shirt/1202.jpg,0,0.49932,0.495911,0.892184,0.61064
/kaggle/input/datasets/afqwe0/clotheslabelled/Pratik/T-Shirt/1178.jpg,0,0.49286,0.491639,0.899076,0.712393
/kaggle/input/datasets/afqwe0/clotheslabelled/Pratik/T-Shirt/102.jpg,0,0.485397,0.533397,0.802004,0.732745
/kaggle/input/datasets/afqwe0/clotheslabelled/Pratik/T-Shirt/1000.jpg,0,0.494447,0.504181,0.894487,0.643509
/kaggle/input/datasets/afqwe0/clotheslabelled/Pratik/T-Shirt/1013.jpg,0,0.494284,0.493897,0.861699,0.618966
/kaggle/input/datasets/afqwe0/clotheslabelled/Pratik/T-Shirt/12.jpg,0,0.447071,0.470104,0.931651,0.93348
/kaggle/input/datasets/afqwe0/clotheslabelled/Pratik/T-Shirt/1004.jpg,0,0.500403,0.503738,0.899076,0.686118
/kaggle/input/datasets/afqwe0/clotheslabelled/Pratik/T-Shirt/1174.jpg,0,0.497336,0.489137,0.882908,0.644405
/kaggle/input/datasets/afqwe0/clotheslabelled/Pratik/T-Shirt/1169.jpg,0,0.495138,0.506256,0.901361,0.660348
/kaggle/input/datasets/afqwe0/clotheslabelled/Pratik/T-Shirt/1105.jpg,0,0.49404,0.506225,0.894487,0.651533
/kaggle/input/datasets/afqwe0/clotheslabelled/Pratik/T-Shirt/1182.jpg,0,0.496763,0.493531,0.882577,0.718753
/kaggle/input/datasets/afqwe0/clotheslabelled/Pratik/T-Shirt/1163.jpg,0,0.495403,0.502579,0.896785,0.743318
/kaggle/input/datasets/afqwe0/clotheslabelled/Pratik/T-Shirt/1150.jpg,0,0.495993,0.500969,0.90364,0.639016
/kaggle/input/datasets/afqwe0/clotheslabelled/Pratik/T-Shirt/1003.jpg,0,0.495912,0.493012,0.892184,0.649757
/kaggle/input/datasets/afqwe0/clotheslabelled/Pratik/T-Shirt/1072.jpg,0,0.500531,0.496063,0.908179,0.691144
/kaggle/input/datasets/afqwe0/clotheslabelled/Pratik/T-Shirt/1187.jpg,0,0.496298,0.501205,0.892184,0.597562
/kaggle/input/datasets/afqwe0/clotheslabelled/Pratik/T-Shirt/1185.jpg,0,0.496196,0.537527,0.90364,0.681049
/kaggle/input/datasets/afqwe0/clotheslabelled/Pratik/T-Shirt/1014.jpg,0,0.490337,0.495331,0.885236,0.612496
/kaggle/input/datasets/afqwe0/clotheslabelled/Pratik/T-Shirt/1049.jpg,0,0.498496,0.497269,0.901361,0.721901
/kaggle/input/datasets/afqwe0/clotheslabelled/Pratik/T-Shirt/1210.jpg,0,0.49581,0.495453,0.899076,0.687798
/kaggle/input/datasets/afqwe0/clotheslabelled/Pratik/T-Shirt/1177.jpg,0,0.497071,0.528168,0.908179,0.667322
/kaggle/input/datasets/afqwe0/clotheslabelled/Pratik/T-Shirt/1001.jpg,0,0.495749,0.500595,0.899076,0.640816
/kaggle/input/datasets/afqwe0/clotheslabelled/Pratik/T-Shirt/1030.jpg,0,0.497661,0.518302,0.878235,0.699419
/kaggle/input/datasets/afqwe0/clotheslabelled/Pratik/T-Shirt/1008.jpg,0,0.506655,0.511046,0.878235,0.603185
/kaggle/input/datasets/afqwe0/clotheslabelled/Pratik/T-Shirt/1020.jpg,0,0.495606,0.519643,0.892184,0.642613
/kaggle/input/datasets/afqwe0/clotheslabelled/Pratik/T-Shirt/110.jpg,0,0.288242,0.544755,0.53594,0.713119
/kaggle/input/datasets/afqwe0/clotheslabelled/Pratik/T-Shirt/1176.jpg,0,0.497316,0.506591,0.889874,0.637212
/kaggle/input/datasets/afqwe0/clotheslabelled/Pratik/T-Shirt/1193.jpg,0,0.496339,0.496231,0.899076,0.701059
/kaggle/input/datasets/afqwe0/clotheslabelled/Pratik/T-Shirt/1179.jpg,0,0.500079,0.500752,0.871182,0.67935
/kaggle/input/datasets/afqwe0/clotheslabelled/Pratik/T-Shirt/116.jpg,0,0.540266,0.484943,0.572686,0.510847
/kaggle/input/datasets/afqwe0/clotheslabelled/Pratik/T-Shirt/116.jpg,0,0.469599,0.50148,0.907539,0.959792
/kaggle/input/datasets/afqwe0/clotheslabelled/Pratik/T-Shirt/1195.jpg,0,0.499396,0.476945,0.896785,0.682744
/kaggle/input/datasets/afqwe0/clotheslabelled/Pratik/T-Shirt/1005.jpg,0,0.495606,0.500105,0.90364,0.635404
/kaggle/input/datasets/afqwe0/clotheslabelled/Pratik/T-Shirt/1184.jpg,0,0.503033,0.494538,0.934863,0.704324
/kaggle/input/datasets/afqwe0/clotheslabelled/Pratik/T-Shirt/1046.jpg,0,0.496603,0.494965,0.90364,0.669054
/kaggle/input/datasets/afqwe0/clotheslabelled/Pratik/T-Shirt/1204.jpg,0,0.49404,0.512937,0.889874,0.662099
/kaggle/input/datasets/afqwe0/clotheslabelled/Pratik/T-Shirt/1165.jpg,0,0.499269,0.490175,0.899076,0.619886
/kaggle/input/datasets/afqwe0/clotheslabelled/Pratik/T-Shirt/1155.jpg,0,0.509015,0.486515,0.868819,0.684434
/kaggle/input/datasets/afqwe0/clotheslabelled/Pratik/T-Shirt/1016.jpg,0,0.49347,0.497223,0.887558,0.662099
/kaggle/input/datasets/afqwe0/clotheslabelled/Pratik/T-Shirt/1149.jpg,0,0.497794,0.495941,0.889874,0.649757
/kaggle/input/datasets/afqwe0/clotheslabelled/Pratik/T-Shirt/1021.jpg,0,0.499361,0.510192,0.894487,0.734273
/kaggle/input/datasets/afqwe0/clotheslabelled/Pratik/T-Shirt/1015.jpg,0,0.50283,0.516961,0.887558,0.663844
/kaggle/input/datasets/afqwe0/clotheslabelled/Pratik/T-Shirt/1141.jpg,0,0.492838,0.494385,0.88954,0.721901
/kaggle/input/datasets/afqwe0/clotheslabelled/Pratik/Trousers/Image_train_00534.jpg,1,0.433553,0.508788,0.881053,0.90199
/kaggle/input/datasets/afqwe0/clotheslabelled/Pratik/Trousers/Image_train_00031.jpg,1,0.502173,0.498145,0.567802,0.990881
/kaggle/input/datasets/afqwe0/clotheslabelled/Pratik/Trousers/Image_train_00649.jpg,1,0.524279,0.452948,0.667296,0.786038
/kaggle/input/datasets/afqwe0/clotheslabelled/Pratik/Trousers/Image_train_00766.jpg,1,0.52877,0.590116,0.444263,0.574737
/kaggle/input/datasets/afqwe0/clotheslabelled/Pratik/Trousers/Image_train_00052.jpg,1,0.536401,0.483278,0.754146,0.803857
/kaggle/input/datasets/afqwe0/clotheslabelled/Pratik/Trousers/Image_train_00431.jpg,1,0.50755,0.642387,0.305071,0.37489
/kaggle/input/datasets/afqwe0/clotheslabelled/Pratik/Trousers/Image_train_00747.jpg,1,0.454234,0.448596,0.70135,0.860185
/kaggle/input/datasets/afqwe0/clotheslabelled/Pratik/Trousers/Image_test_00015.jpg,1,0.504892,0.460702,0.441342,0.848525
/kaggle/input/datasets/afqwe0/clotheslabelled/Pratik/Trousers/Image_train_00110.jpg,1,0.384179,0.524268,0.778872,0.931738
/kaggle/input/datasets/afqwe0/clotheslabelled/Pratik/Trousers/Image_train_00110.jpg,1,0.485478,0.502051,0.993289,0.985508
/kaggle/input/datasets/afqwe0/clotheslabelled/Pratik/Trousers/Image_train_00004.jpg,1,0.498044,0.497242,0.457415,0.952061
/kaggle/input/datasets/afqwe0/clotheslabelled/Pratik/Trousers/Image_train_00018.jpg,1,0.496314,0.438013,0.566452,0.872829
/kaggle/input/datasets/afqwe0/clotheslabelled/Pratik/Trousers/Image_train_00140.jpg,1,0.46631,0.505732,0.42941,0.808738
/kaggle/input/datasets/afqwe0/clotheslabelled/Pratik/Trousers/Image_train_00440.jpg,1,0.490175,0.690412,0.234834,0.448531
/kaggle/input/datasets/afqwe0/clotheslabelled/Pratik/Trousers/Image_train_00587.jpg,1,0.497131,0.470964,0.274436,0.837085
/kaggle/input/datasets/afqwe0/clotheslabelled/Pratik/Trousers/Image_train_00587.jpg,1,0.813977,0.461317,0.279914,0.821035
/kaggle/input/datasets/afqwe0/clotheslabelled/Pratik/Trousers/Image_train_00587.jpg,1,0.186911,0.470965,0.265963,0.841038
/kaggle/input/datasets/afqwe0/clotheslabelled/Pratik/Trousers/Image_train_00032.jpg,1,0.501991,0.495479,0.370385,0.655873
/kaggle/input/datasets/afqwe0/clotheslabelled/Pratik/Trousers/Image_train_00073.jpg,1,0.536632,0.441361,0.41785,0.836078
/kaggle/input/datasets/afqwe0/clotheslabelled/Pratik/Trousers/Image_train_00780.jpg,1,0.500129,0.501075,0.540859,0.986374
/kaggle/input/datasets/afqwe0/clotheslabelled/Pratik/Trousers/Image_train_00470.jpg,1,0.508333,0.395687,0.551757,0.788654
/kaggle/input/datasets/afqwe0/clotheslabelled/Pratik/Trousers/Image_train_00507.jpg,1,0.495331,0.526296,0.453737,0.734964
/kaggle/input/datasets/afqwe0/clotheslabelled/Pratik/Trousers/Image_train_00177.jpg,1,0.499189,0.498633,0.548613,0.989994
/kaggle/input/datasets/afqwe0/clotheslabelled/Pratik/Trousers/Image_train_00782.jpg,1,0.554353,0.490597,0.764057,0.798883
/kaggle/input/datasets/afqwe0/clotheslabelled/Pratik/Trousers/Image_train_00068.jpg,1,0.498985,0.499121,0.550271,0.989356
/kaggle/input/datasets/afqwe0/clotheslabelled/Pratik/Trousers/Image_train_00838.jpg,1,0.495755,0.575156,0.863457,0.627137
/kaggle/input/datasets/afqwe0/clotheslabelled/Pratik/Trousers/Image_train_00028 (1).jpg,1,0.497671,0.49668,0.556995,0.988677
/kaggle/input/datasets/afqwe0/clotheslabelled/Pratik/Trousers/Image_train_00523.jpg,1,0.498578,0.497168,0.498607,0.98968
/kaggle/input/datasets/afqwe0/clotheslabelled/Pratik/Trousers/Image_train_00629.jpg,1,0.524658,0.465072,0.608238,0.752819
/kaggle/input/datasets/afqwe0/clotheslabelled/Pratik/Trousers/Image_train_00548.jpg,1,0.472591,0.437051,0.464086,0.803857
/kaggle/input/datasets/afqwe0/clotheslabelled/Pratik/Trousers/Image_train_00794.jpg,1,0.498544,0.674972,0.258889,0.43889
/kaggle/input/datasets/afqwe0/clotheslabelled/Pratik/Trousers/Image_train_00542.jpg,1,0.496571,0.498218,0.500478,0.988182
/kaggle/input/datasets/afqwe0/clotheslabelled/Pratik/Trousers/Image_train_00565.jpg,1,0.489099,0.421263,0.460466,0.827331
/kaggle/input/datasets/afqwe0/clotheslabelled/Pratik/Trousers/Image_train_00015.jpg,1,0.507291,0.453432,0.487404,0.844465
/kaggle/input/datasets/afqwe0/clotheslabelled/Pratik/Trousers/Image_train_00069.jpg,1,0.48123,0.413663,0.427618,0.772605
/kaggle/input/datasets/afqwe0/clotheslabelled/Pratik/Trousers/Image_train_00487.jpg,1,0.499945,0.464101,0.363971,0.731909
/kaggle/input/datasets/afqwe0/clotheslabelled/Pratik/Trousers/Image_train_00450.jpg,1,0.46884,0.446685,0.515156,0.788654
/kaggle/input/datasets/afqwe0/clotheslabelled/Pratik/Trousers/Image_train_00022.jpg,1,0.344614,0.457307,0.704382,0.820532
/kaggle/input/datasets/afqwe0/clotheslabelled/Pratik/Trousers/Image_train_00517.jpg,1,0.517659,0.42458,0.886319,0.761438
/kaggle/input/datasets/afqwe0/clotheslabelled/Pratik/Trousers/Image_train_00430.jpg,1,0.498079,0.496754,0.400518,0.988181
/kaggle/input/datasets/afqwe0/clotheslabelled/Pratik/Trousers/Image_train_00670.jpg,1,0.501276,0.420767,0.813762,0.803857
/kaggle/input/datasets/afqwe0/clotheslabelled/Pratik/Trousers/Image_train_00488.jpg,1,0.474117,0.489133,0.755117,0.780735
/kaggle/input/datasets/afqwe0/clotheslabelled/Pratik/Trousers/Image_test_00013.jpg,1,0.471178,0.431773,0.551727,0.842401
/kaggle/input/datasets/afqwe0/clotheslabelled/Pratik/Trousers/Image_train_00421.jpg,1,0.503599,0.557364,0.387768,0.534232
/kaggle/input/datasets/afqwe0/clotheslabelled/Pratik/Trousers/Image_train_00097.jpg,1,0.51254,0.467503,0.508959,0.840316
/kaggle/input/datasets/afqwe0/clotheslabelled/Pratik/Trousers/Image_train_00133.jpg,1,0.497131,0.470964,0.274436,0.837085
/kaggle/input/datasets/afqwe0/clotheslabelled/Pratik/Trousers/Image_train_00133.jpg,1,0.813977,0.461317,0.279914,0.821035
/kaggle/input/datasets/afqwe0/clotheslabelled/Pratik/Trousers/Image_train_00133.jpg,1,0.186911,0.470965,0.265963,0.841038
/kaggle/input/datasets/afqwe0/clotheslabelled/Pratik/Trousers/Image_train_00429.jpg,1,0.49347,0.490109,0.316672,0.706684
/kaggle/input/datasets/afqwe0/clotheslabelled/Pratik/Trousers/Image_train_00429.jpg,1,0.520984,0.476434,0.432975,0.95261
/kaggle/input/datasets/afqwe0/clotheslabelled/Pratik/Trousers/Image_train_00429.jpg,1,0.485783,0.396252,0.298376,0.508894
/kaggle/input/datasets/afqwe0/clotheslabelled/Pratik/Trousers/Image_train_00131.jpg,1,0.494758,0.498145,0.532348,0.990299
/kaggle/input/datasets/afqwe0/clotheslabelled/Pratik/Trousers/Image_train_00661.jpg,1,0.487271,0.446664,0.5421,0.662891
/kaggle/input/datasets/afqwe0/clotheslabelled/Pratik/Trousers/Image_train_00597.jpg,1,0.554914,0.492061,0.625868,0.767068
/kaggle/input/datasets/afqwe0/clotheslabelled/Pratik/Trousers/Image_train_00419.jpg,1,0.396741,0.543302,0.832025,0.758588
/kaggle/input/datasets/afqwe0/clotheslabelled/Pratik/Trousers/Image_train_00489.jpg,1,0.561756,0.479601,0.629947,0.946636
/kaggle/input/datasets/afqwe0/clotheslabelled/Pratik/Trousers/Image_train_00196.jpg,1,0.484746,0.466044,0.321766,0.767068
/kaggle/input/datasets/afqwe0/clotheslabelled/Pratik/Trousers/Image_train_00705.jpg,1,0.453373,0.44763,0.41364,0.734964
/kaggle/input/datasets/afqwe0/clotheslabelled/Pratik/Trousers/Image_test_00003.jpg,1,0.498508,0.637825,0.335427,0.593712
/kaggle/input/datasets/afqwe0/clotheslabelled/Pratik/Trousers/Image_train_00020.jpg,1,0.463881,0.457307,0.495408,0.696874
/kaggle/input/datasets/afqwe0/clotheslabelled/Pratik/Trousers/Image_train_00533.jpg,1,0.530178,0.502883,0.62033,0.647003
/kaggle/input/datasets/afqwe0/clotheslabelled/Pratik/Trousers/Image_train_00428.jpg,1,0.496958,0.498707,0.493168,0.997254
/kaggle/input/datasets/afqwe0/clotheslabelled/Pratik/Trousers/Image_train_00001.jpg,1,0.474564,0.501854,0.676236,0.930509
/kaggle/input/datasets/afqwe0/clotheslabelled/Pratik/Trousers/Image_train_00541.jpg,1,0.494399,0.429378,0.45856,0.83175
/kaggle/input/datasets/afqwe0/clotheslabelled/Pratik/Trousers/Image_train_00566.jpg,1,0.536554,0.475235,0.613152,0.743994
/kaggle/input/datasets/afqwe0/clotheslabelled/Pratik/Trousers/Image_train_00028.jpg,1,0.497671,0.49668,0.556995,0.988677
/kaggle/input/datasets/afqwe0/clotheslabelled/Pratik/Trousers/Image_train_00683.jpg,1,0.501745,0.498145,0.517428,0.98968
/kaggle/input/datasets/afqwe0/clotheslabelled/Pratik/Trousers/Image_train_00711.jpg,1,0.505279,0.490822,0.555629,0.945842
/kaggle/input/datasets/afqwe0/clotheslabelled/Pratik/Trousers/Image_train_00006.jpg,1,0.464078,0.504566,0.811699,0.921105
/kaggle/input/datasets/afqwe0/clotheslabelled/Pratik/Trousers/Image_train_00088.jpg,1,0.498374,0.498218,0.465457,0.952061
/kaggle/input/datasets/afqwe0/clotheslabelled/Pratik/Trousers/Image_train_00153.jpg,1,0.497162,0.499195,0.481083,0.985779
/kaggle/input/datasets/afqwe0/clotheslabelled/Pratik/Trousers/Image_train_00235.jpg,1,0.510178,0.334452,0.487404,0.559395
/kaggle/input/datasets/afqwe0/clotheslabelled/Pratik/Trousers/Image_train_00708.jpg,1,0.474159,0.472855,0.563388,0.829552
/kaggle/input/datasets/afqwe0/clotheslabelled/Pratik/Trousers/Image_train_00152.jpg,1,0.499377,0.498218,0.44217,0.987811
/kaggle/input/datasets/afqwe0/clotheslabelled/Pratik/Trousers/Image_train_00513.jpg,1,0.506311,0.44763,0.489489,0.848525
/kaggle/input/datasets/afqwe0/clotheslabelled/Pratik/Trousers/Image_test_00005.jpg,1,0.489034,0.458277,0.626101,0.850523
/kaggle/input/datasets/afqwe0/clotheslabelled/Pratik/Trousers/Image_train_00176.jpg,1,0.540277,0.457011,0.393075,0.551679
/kaggle/input/datasets/afqwe0/clotheslabelled/Pratik/Trousers/Image_train_00036.jpg,1,0.570729,0.426987,0.752822,0.820532
/kaggle/input/datasets/afqwe0/clotheslabelled/Pratik/Trousers/Image_train_00585.jpg,1,0.498588,0.498633,0.595363,0.991691
/kaggle/input/datasets/afqwe0/clotheslabelled/Pratik/Trousers/Image_train_00464.jpg,1,0.525559,0.405163,0.874939,0.788654
/kaggle/input/datasets/afqwe0/clotheslabelled/Pratik/Trousers/Image_train_00021.jpg,1,0.483797,0.55929,0.599083,0.690232
/kaggle/input/datasets/afqwe0/clotheslabelled/Pratik/Trousers/Image_train_00501.jpg,1,0.486012,0.498707,0.432552,0.910261
/kaggle/input/datasets/afqwe0/clotheslabelled/Pratik/Trousers/Image_train_00075.jpg,1,0.487954,0.455369,0.449516,0.719469
/kaggle/input/datasets/afqwe0/clotheslabelled/Pratik/Trousers/Image_train_00002.jpg,1,0.524518,0.659361,0.384086,0.483511
/kaggle/input/datasets/afqwe0/clotheslabelled/Pratik/Trousers/Image_train_00512.jpg,1,0.536246,0.566304,0.549792,0.530342
/kaggle/input/datasets/afqwe0/clotheslabelled/Pratik/Trousers/Image_train_00418.jpg,1,0.487514,0.4246,0.412349,0.758588
/kaggle/input/datasets/afqwe0/clotheslabelled/Pratik/Trousers/Image_train_00646.jpg,1,0.500316,0.497657,0.531128,0.990881
/kaggle/input/datasets/afqwe0/clotheslabelled/Pratik/Trousers/Image_train_00551.jpg,1,0.509446,0.440418,0.427618,0.815884
/kaggle/input/datasets/afqwe0/clotheslabelled/Pratik/Trousers/Image_train_00422.jpg,1,0.471649,0.4289,0.501371,0.758588
/kaggle/input/datasets/afqwe0/clotheslabelled/Pratik/Trousers/Image_train_00503.jpg,1,0.523929,0.50085,0.477548,0.676713
/kaggle/input/datasets/afqwe0/clotheslabelled/Pratik/Trousers/Image_train_00653.jpg,1,0.50531,0.498218,0.363971,0.946023
/kaggle/input/datasets/afqwe0/clotheslabelled/Pratik/Trousers/Image_test_00001.jpg,1,0.526411,0.444734,0.584821,0.806309
/kaggle/input/datasets/afqwe0/clotheslabelled/Pratik/Trousers/Image_train_00510.jpg,1,0.512469,0.642549,0.275909,0.526449
/kaggle/input/datasets/afqwe0/clotheslabelled/Pratik/Trousers/Image_train_00561.jpg,1,0.482612,0.443308,0.445966,0.803857
/kaggle/input/datasets/afqwe0/clotheslabelled/Pratik/Trousers/Image_train_00555.jpg,1,0.61748,0.527757,0.387791,0.676713
/kaggle/input/datasets/afqwe0/clotheslabelled/Pratik/Trousers/Image_train_00109.jpg,1,0.49706,0.498707,0.466755,0.991053
/kaggle/input/datasets/afqwe0/clotheslabelled/Pratik/Trousers/Image_train_00120.jpg,1,0.500791,0.49668,0.533008,0.988677
/kaggle/input/datasets/afqwe0/clotheslabelled/Pratik/Trousers/Image_train_00081.jpg,1,0.576346,0.441361,0.442496,0.772605
/kaggle/input/datasets/afqwe0/clotheslabelled/Pratik/Trousers/Image_train_00870.jpg,1,0.506125,0.499121,0.517042,0.989994
/kaggle/input/datasets/afqwe0/clotheslabelled/Pratik/Trousers/Image_train_00546.jpg,1,0.538332,0.446182,0.423562,0.836078
/kaggle/input/datasets/afqwe0/clotheslabelled/Pratik/Trousers/Image_train_00690.jpg,1,0.496795,0.49773,0.469129,0.986629
/kaggle/input/datasets/afqwe0/clotheslabelled/Pratik/Trousers/Image_train_00506.jpg,1,0.491822,0.456338,0.33208,0.818219
/kaggle/input/datasets/afqwe0/clotheslabelled/Pratik/Polo/47981a59-bb9a-43ed-a72f-9a34ec083ca1.jpg,23,0.497396,0.526343,1.0,0.79066
/kaggle/input/datasets/afqwe0/clotheslabelled/Pratik/Polo/6ee35103-70d6-4846-b313-378274fcd3f0.jpg,23,0.496284,0.482039,0.94472,0.863484
/kaggle/input/datasets/afqwe0/clotheslabelled/Pratik/Polo/adeda6be-071b-4480-a0f2-022ec31692e1.jpg,23,0.518986,0.509032,0.984354,0.728131
/kaggle/input/datasets/afqwe0/clotheslabelled/Pratik/Polo/a1e02fda-d5d1-4307-b78d-f6aaf92c5042.jpg,23,0.514647,0.498633,0.921341,0.93817
/kaggle/input/datasets/afqwe0/clotheslabelled/Pratik/Polo/61f8ed48-1cf5-4b7d-9d81-08769eecb467.jpg,23,0.487197,0.526343,0.898786,0.752159
/kaggle/input/datasets/afqwe0/clotheslabelled/Pratik/Polo/4d42474e-cc0c-4528-84ac-7a543ffa4ee2.jpg,23,0.505914,0.504104,0.956654,0.570914
/kaggle/input/datasets/afqwe0/clotheslabelled/Pratik/Polo/4d42474e-cc0c-4528-84ac-7a543ffa4ee2.jpg,23,0.503214,0.469885,0.996348,0.643509
/kaggle/input/datasets/afqwe0/clotheslabelled/Pratik/Polo/393a3e52-8c53-478b-8a3d-0603dd2a39d0.jpg,23,0.491537,0.509703,0.824248,0.969347
/kaggle/input/datasets/afqwe0/clotheslabelled/Pratik/Polo/65e6e8e4-f188-4733-8b7e-e41a6768afa7.jpg,23,0.495497,0.516839,0.992925,0.765033
/kaggle/input/datasets/afqwe0/clotheslabelled/Pratik/Polo/2fabbb28-f7b2-4da2-89cf-7937da3c6f67.jpg,23,0.53102,0.534855,0.975765,0.734273
/kaggle/input/datasets/afqwe0/clotheslabelled/Pratik/Polo/2fabbb28-f7b2-4da2-89cf-7937da3c6f67.jpg,23,0.527985,0.541848,0.973886,0.716305
/kaggle/input/datasets/afqwe0/clotheslabelled/Pratik/Polo/ae10eae8-6b13-4887-b226-d1fc1d7c6dd3.jpg,23,0.491428,0.537527,0.965437,0.817692
/kaggle/input/datasets/afqwe0/clotheslabelled/Pratik/Polo/ae10eae8-6b13-4887-b226-d1fc1d7c6dd3.jpg,23,0.49094,0.537139,0.965437,0.821159
/kaggle/input/datasets/afqwe0/clotheslabelled/Pratik/Polo/b7441a84-8e8a-415a-95f6-588535b7a7a2.jpg,23,0.611185,0.495777,0.770002,0.981247
/kaggle/input/datasets/afqwe0/clotheslabelled/Pratik/Polo/9544d479-5e6e-4798-9679-af366677052e.jpg,23,0.49311,0.43842,0.946289,0.568999
/kaggle/input/datasets/afqwe0/clotheslabelled/Pratik/Polo/85fd78ab-a6b3-4c0b-82ea-606c67a18c82.jpg,23,0.509657,0.594457,1.0,0.798313
/kaggle/input/datasets/afqwe0/clotheslabelled/Pratik/Polo/50cf2865-ac06-4116-a30c-3f3b9d7856c1.jpg,23,0.514213,0.598357,0.876925,0.619801
/kaggle/input/datasets/afqwe0/clotheslabelled/Pratik/Polo/193e7aff-bfe9-4f2a-a93d-87bbdf7ab8fc.jpg,23,0.478954,0.513668,0.917873,0.773354
/kaggle/input/datasets/afqwe0/clotheslabelled/Pratik/Polo/6e2d32e4-c284-4245-accc-e3cb0b5a57bc.jpg,23,0.502699,0.560493,0.814599,0.557468
/kaggle/input/datasets/afqwe0/clotheslabelled/Pratik/Polo/6e2d32e4-c284-4245-accc-e3cb0b5a57bc.jpg,23,0.503133,0.558683,0.814599,0.549746
/kaggle/input/datasets/afqwe0/clotheslabelled/Pratik/Polo/373f6bc6-b7a6-4c3f-90c6-22abbb615b18.jpg,23,0.509169,0.42291,0.883869,0.604967
/kaggle/input/datasets/afqwe0/clotheslabelled/Pratik/Polo/373f6bc6-b7a6-4c3f-90c6-22abbb615b18.jpg,23,0.509223,0.423546,0.890814,0.604967
/kaggle/input/datasets/afqwe0/clotheslabelled/Pratik/Polo/86a94d82-e7ed-480b-9f54-102b00b43127.jpg,23,0.472014,0.526296,0.946289,0.662891
/kaggle/input/datasets/afqwe0/clotheslabelled/Pratik/Polo/7ee4c64a-2540-4d05-84c2-4c6de40aac26.jpg,23,0.504177,0.570145,1.0,0.848069
/kaggle/input/datasets/afqwe0/clotheslabelled/Pratik/Polo/97d79060-78c0-4111-af1b-57d1475aa0f2.jpg,23,0.46738,0.532911,0.780248,0.627137
/kaggle/input/datasets/afqwe0/clotheslabelled/Pratik/Polo/baju_kaos_kerah_polo_colombia__1681255212_87e74901_progressive_thumbnail.jpg,23,0.494955,0.522568,1.0,0.852052
/kaggle/input/datasets/afqwe0/clotheslabelled/Pratik/Polo/4b46c02a-fd7c-4b39-8690-61da8e4396d1.jpg,23,0.505968,0.571288,1.0,0.821159
/kaggle/input/datasets/afqwe0/clotheslabelled/Pratik/Polo/1037c9be-cbf4-483f-8ac9-41f13e0427eb.jpg,23,0.510253,0.541894,1.0,0.625309
/kaggle/input/datasets/afqwe0/clotheslabelled/Pratik/Polo/876ff7c6-caa9-4444-ad5c-8445c7ddbf86.jpg,23,0.514322,0.46988,0.908172,0.639834
/kaggle/input/datasets/afqwe0/clotheslabelled/Pratik/Polo/32e6f7d3-a90c-43dc-bf88-e1c09251219f.jpg,23,0.493815,0.512402,0.770002,0.586152
/kaggle/input/datasets/afqwe0/clotheslabelled/Pratik/Polo/7af2f4bf-faa9-44a2-a37b-af0638d8bd49.jpg,23,0.431504,0.422196,0.838784,0.604967
/kaggle/input/datasets/afqwe0/clotheslabelled/Pratik/Polo/7af2f4bf-faa9-44a2-a37b-af0638d8bd49.jpg,23,0.433122,0.4245,0.835323,0.604967
/kaggle/input/datasets/afqwe0/clotheslabelled/Pratik/Polo/13da9ac3-7cdb-438f-be63-eb3dc2959cca.jpg,23,0.481123,0.474261,0.956654,0.713119
/kaggle/input/datasets/afqwe0/clotheslabelled/Pratik/Polo/13da9ac3-7cdb-438f-be63-eb3dc2959cca.jpg,23,0.482424,0.472538,0.960264,0.713991
/kaggle/input/datasets/afqwe0/clotheslabelled/Pratik/Polo/500e2fca-5203-48e3-908a-76482d517560.jpg,23,0.548537,0.508253,0.831864,0.606833
/kaggle/input/datasets/afqwe0/clotheslabelled/Pratik/Polo/500e2fca-5203-48e3-908a-76482d517560.jpg,23,0.547023,0.504267,0.831864,0.610554
/kaggle/input/datasets/afqwe0/clotheslabelled/Pratik/Polo/baju_kaos_kerah_polo_burberry__1691583101_57ce9da3_progressive_thumbnail.jpg,23,0.511555,0.484741,0.572028,0.728832
/kaggle/input/datasets/afqwe0/clotheslabelled/Pratik/Polo/baju_kaos_kerah_polo_burberry__1691583101_57ce9da3_progressive_thumbnail.jpg,23,0.511447,0.486523,0.570513,0.725733
/kaggle/input/datasets/afqwe0/clotheslabelled/Pratik/Polo/784ad39d-3090-4199-8596-940e38f693a0.jpg,23,0.494683,0.549641,0.946449,0.696124
/kaggle/input/datasets/afqwe0/clotheslabelled/Pratik/Polo/1489ce74-727c-4f0e-b105-ffd2781393e5.jpg,23,0.522673,0.360347,0.904701,0.526449
/kaggle/input/datasets/afqwe0/clotheslabelled/Pratik/Polo/ae6a0db6-8bce-44f9-9eaf-e685a02346be.jpg,23,0.517359,0.54766,0.942831,0.752819
/kaggle/input/datasets/afqwe0/clotheslabelled/Pratik/Polo/ae6a0db6-8bce-44f9-9eaf-e685a02346be.jpg,23,0.515298,0.54819,0.94283,0.7499
/kaggle/input/datasets/afqwe0/clotheslabelled/Pratik/Polo/001068a8-86c3-4029-a9d9-1e27015e7e64.jpg,23,0.475917,0.442806,1.0,0.676713
/kaggle/input/datasets/afqwe0/clotheslabelled/Pratik/Polo/1a313444-17de-43ff-8a75-d02a81edbef4.jpg,23,0.51264,0.509642,1.0,0.753612
/kaggle/input/datasets/afqwe0/clotheslabelled/Pratik/Polo/a1bfb2ab-f92a-45a8-a57d-5406d119b180.jpg,23,0.501031,0.500942,0.974045,0.670782
/kaggle/input/datasets/afqwe0/clotheslabelled/Pratik/Polo/baju_kaos_kerah_polo_armani_ex_1685122733_5227414d_progressive_thumbnail.jpg,23,0.484377,0.494239,0.951633,0.945036
/kaggle/input/datasets/afqwe0/clotheslabelled/Pratik/Polo/a0861f9e-fb45-4337-b80c-7f0b2ef8582f.jpg,23,0.528636,0.492386,0.93937,0.638032
/kaggle/input/datasets/afqwe0/clotheslabelled/Pratik/Polo/3c46e4cc-0254-44bd-87af-3627981ab4c1.jpg,23,0.511013,0.57868,0.948177,0.73731
/kaggle/input/datasets/afqwe0/clotheslabelled/Pratik/Polo/93a4bb6a-f025-45b5-b617-70185ab03606.jpg,23,0.495497,0.487405,0.987785,0.894863
/kaggle/input/datasets/afqwe0/clotheslabelled/Pratik/Polo/a74fc5e8-a0b5-4e46-a6af-c09529cb79af.jpg,23,0.487902,0.504059,0.94126,0.747764
/kaggle/input/datasets/afqwe0/clotheslabelled/Pratik/Polo/8739dc35-d1f1-45f7-899a-7a087c41abdf.jpg,23,0.521155,0.513242,1.0,0.762212
/kaggle/input/datasets/afqwe0/clotheslabelled/Pratik/Polo/baju_kaos_kerah_polo_castel_ba_1691525833_6b7fb993_progressive_thumbnail.jpg,23,0.503798,0.488157,0.842245,0.786038
/kaggle/input/datasets/afqwe0/clotheslabelled/Pratik/Polo/baju_kaos_kerah_polo_castel_ba_1691525833_6b7fb993_progressive_thumbnail.jpg,23,0.507161,0.484685,0.844137,0.79195
/kaggle/input/datasets/afqwe0/clotheslabelled/Pratik/Polo/baju_kaos_kerah_polo_adidas_bi_1691611337_fb9afc68_progressive_thumbnail.jpg,23,0.513128,0.486693,0.925515,0.683511
/kaggle/input/datasets/afqwe0/clotheslabelled/Pratik/Polo/22030647-b66d-40d1-81c5-4b7bf2b865bc.jpg,23,0.48915,0.512144,0.94299,0.929492
/kaggle/input/datasets/afqwe0/clotheslabelled/Pratik/Polo/90e48d86-8db5-4f41-8bed-159560e92742.jpg,23,0.47711,0.566019,0.831864,0.696874
/kaggle/input/datasets/afqwe0/clotheslabelled/Pratik/Polo/5054fa1f-7153-47e1-a1cd-ecfa3c52cece.jpg,23,0.524625,0.52873,0.807707,0.648786
/kaggle/input/datasets/afqwe0/clotheslabelled/Pratik/Polo/203369db-4e34-43c0-8efb-3cd052ef1e4d.jpg,23,0.494575,0.525491,0.984196,0.599352
/kaggle/input/datasets/afqwe0/clotheslabelled/Pratik/Polo/3d9c818a-0a13-4594-b24a-07ba9ae0686d.jpg,23,0.517684,0.549399,1.0,0.861632
/kaggle/input/datasets/afqwe0/clotheslabelled/Pratik/Polo/a73098e0-5b2b-4576-9d7e-463b58ec2b6a.jpg,23,0.504856,0.52342,0.932605,0.945842
/kaggle/input/datasets/afqwe0/clotheslabelled/Pratik/Polo/a73098e0-5b2b-4576-9d7e-463b58ec2b6a.jpg,23,0.504693,0.522544,0.929141,0.94339
/kaggle/input/datasets/afqwe0/clotheslabelled/Pratik/Polo/509dd80f-1a59-450d-acde-81e57780859e.jpg,23,0.499352,0.576542,0.873454,0.680122
/kaggle/input/datasets/afqwe0/clotheslabelled/Pratik/Polo/8f24b12b-9576-4d95-b4bc-07276ef7d5ae.jpg,23,0.480906,0.412696,0.869983,0.686882
/kaggle/input/datasets/afqwe0/clotheslabelled/Pratik/Polo/8f24b12b-9576-4d95-b4bc-07276ef7d5ae.jpg,23,0.480255,0.41556,0.869983,0.686882
/kaggle/input/datasets/afqwe0/clotheslabelled/Pratik/Polo/72015405-2374-4d13-a0c6-b4756b44ac22.jpg,23,0.501831,0.493038,0.880397,0.706684
/kaggle/input/datasets/afqwe0/clotheslabelled/Pratik/Polo/718f71d8-3ff4-462c-8348-e35c5439e9bb.jpg,23,0.510687,0.480596,0.987627,0.683511
/kaggle/input/datasets/afqwe0/clotheslabelled/Pratik/Polo/718f71d8-3ff4-462c-8348-e35c5439e9bb.jpg,23,0.510253,0.476921,0.974045,0.67935
/kaggle/input/datasets/afqwe0/clotheslabelled/Pratik/Polo/af1bcb5b-f255-455d-aede-442bcfc5ac2f.jpg,23,0.508626,0.414137,0.977326,0.666374
/kaggle/input/datasets/afqwe0/clotheslabelled/Pratik/Polo/50672a01-02ba-4583-8ce1-dda8b1884820.jpg,23,0.509114,0.365766,0.894286,0.669839
/kaggle/input/datasets/afqwe0/clotheslabelled/Pratik/Polo/14f97636-9b50-456c-8755-f5faff807114.jpg,23,0.497559,0.535538,0.977326,0.690232
/kaggle/input/datasets/afqwe0/clotheslabelled/Pratik/Polo/14f97636-9b50-456c-8755-f5faff807114.jpg,23,0.497382,0.535341,0.96716,0.694469
/kaggle/input/datasets/afqwe0/clotheslabelled/Pratik/Polo/2125089e-61bc-4ec7-bba5-829e8e2fe268.jpg,23,0.455766,0.553747,0.961989,0.735794
/kaggle/input/datasets/afqwe0/clotheslabelled/Pratik/Polo/baju_kaos_kerah_polo_adidas_na_1662209970_43711288_progressive_thumbnail.jpg,23,0.505507,0.490109,0.66322,0.803857
/kaggle/input/datasets/afqwe0/clotheslabelled/Pratik/Polo/baju_kaos_kerah_polo_adidas_na_1662209970_43711288_progressive_thumbnail.jpg,23,0.503608,0.491404,0.65189,0.796361
/kaggle/input/datasets/afqwe0/clotheslabelled/Pratik/Polo/965fa837-4e4e-4717-a373-0e9ee1ded9eb.jpg,23,0.505534,0.500174,0.951633,0.71079
/kaggle/input/datasets/afqwe0/clotheslabelled/Pratik/Polo/965fa837-4e4e-4717-a373-0e9ee1ded9eb.jpg,23,0.50689,0.500361,0.956654,0.703434
/kaggle/input/datasets/afqwe0/clotheslabelled/Pratik/Polo/85287925-224a-4f67-b34d-507b3859f962.jpg,23,0.498583,0.52045,0.956654,0.655873
/kaggle/input/datasets/afqwe0/clotheslabelled/Pratik/Polo/85287925-224a-4f67-b34d-507b3859f962.jpg,23,0.500198,0.518907,0.956654,0.655873
/kaggle/input/datasets/afqwe0/clotheslabelled/Pratik/Polo/1999_poloshirt_bugs_bunny_loon_1670056161_7483aa14_progressive_thumbnail.jpg,23,0.501024,0.50622,1.0,0.676713
/kaggle/input/datasets/afqwe0/clotheslabelled/Pratik/Polo/1c0db814-f31c-42e6-a00c-0b18a819bef6.jpg,23,0.485136,0.548915,0.974045,0.760793
/kaggle/input/datasets/afqwe0/clotheslabelled/Pratik/Polo/7dd9bded-33f2-4928-b8f1-7efe0fd3bce3.jpg,23,0.511447,0.529507,0.915272,0.729675
/kaggle/input/datasets/afqwe0/clotheslabelled/Pratik/Polo/45bb709b-54ae-4bae-a73a-745ca7bff53d.jpg,23,0.505344,0.538498,0.98607,0.713991
/kaggle/input/datasets/afqwe0/clotheslabelled/Pratik/Polo/b61b9f26-f5fd-4b47-9edc-f27bd6d1176a.jpg,23,0.497572,0.579498,1.0,0.818853
/kaggle/input/datasets/afqwe0/clotheslabelled/Pratik/Polo/0925fb2c-d509-4791-9770-48b398c68511.jpg,23,0.461963,0.475966,0.873454,0.676713
/kaggle/input/datasets/afqwe0/clotheslabelled/Pratik/Polo/45fb7ce0-9203-4f83-9554-49ddb0f15929.jpg,23,0.487631,0.509398,0.999768,0.872435
/kaggle/input/datasets/afqwe0/clotheslabelled/Pratik/Polo/b702e2f7-ef9e-4d7a-9330-275c7d837c7e.jpg,23,0.509602,0.507141,1.0,0.729675
/kaggle/input/datasets/afqwe0/clotheslabelled/Pratik/Polo/4c34a38e-1727-4971-b37c-c2421e884938.jpg,23,0.477761,0.540196,0.852639,0.467924
/kaggle/input/datasets/afqwe0/clotheslabelled/Pratik/Polo/4c34a38e-1727-4971-b37c-c2421e884938.jpg,23,0.478845,0.538372,0.856106,0.471816
/kaggle/input/datasets/afqwe0/clotheslabelled/Pratik/Polo/873dcf11-b2bd-4684-81ec-93398406d0fc.jpg,23,0.491482,0.516549,0.93937,0.659391
/kaggle/input/datasets/afqwe0/clotheslabelled/Pratik/Polo/98c4b023-ed56-4397-93fe-c6f99d9d4c31.jpg,23,0.495687,0.554953,1.0,0.729675
/kaggle/input/datasets/afqwe0/clotheslabelled/Pratik/Polo/6a06dfe2-5e0f-4e2f-875d-56f159de38ab.jpg,23,0.467896,0.512327,0.965436,0.780128
/kaggle/input/datasets/afqwe0/clotheslabelled/Pratik/Polo/baju_kaos_kerah_polo_aramis_cl_1691525576_289b7689_progressive_thumbnail.jpg,23,0.487794,0.497192,0.910067,0.773354
/kaggle/input/datasets/afqwe0/clotheslabelled/Pratik/Polo/baju_kaos_kerah_polo_aramis_cl_1691525576_289b7689_progressive_thumbnail.jpg,23,0.491482,0.262456,0.922048,0.295115
/kaggle/input/datasets/afqwe0/clotheslabelled/Pratik/Polo/baju_kaos_kerah_polo_aramis_cl_1691525576_289b7689_progressive_thumbnail.jpg,23,0.49132,0.502803,0.908172,0.764265
/kaggle/input/datasets/afqwe0/clotheslabelled/Pratik/Polo/714345fc-3ee9-4781-adcd-f6e7204ba588.jpg,23,0.532971,0.468178,0.925515,0.526449
/kaggle/input/datasets/afqwe0/clotheslabelled/Pratik/Polo/714345fc-3ee9-4781-adcd-f6e7204ba588.jpg,23,0.532971,0.467989,0.922048,0.528396
/kaggle/input/datasets/afqwe0/clotheslabelled/Pratik/Polo/74b35283-7e3e-47ef-b190-95dda57d148e.jpg,23,0.56032,0.502314,0.629482,0.939272
/kaggle/input/datasets/afqwe0/clotheslabelled/Pratik/Polo/74b35283-7e3e-47ef-b190-95dda57d148e.jpg,23,0.559564,0.497262,0.627894,0.925529
/kaggle/input/datasets/afqwe0/clotheslabelled/Pratik/Polo/aeropostale_polo_shirt_red_str_1695262385_3fdc39fd_progressive_thumbnail.jpg,23,0.501587,0.517205,0.975765,0.943389
/kaggle/input/datasets/afqwe0/clotheslabelled/Pratik/Polo/49f8cd37-e4da-48f2-9937-7f6b4ed0795d.jpg,23,0.505452,0.54698,1.0,0.826824
/kaggle/input/datasets/afqwe0/clotheslabelled/Pratik/Polo/49f8cd37-e4da-48f2-9937-7f6b4ed0795d.jpg,23,0.508735,0.546351,1.0,0.82905
/kaggle/input/datasets/afqwe0/clotheslabelled/Pratik/Polo/7cd60bfb-f76a-4a28-b900-96da6b3c2633.jpg,23,0.506863,0.49964,0.955087,0.717171
/kaggle/input/datasets/afqwe0/clotheslabelled/Pratik/Polo/7cd60bfb-f76a-4a28-b900-96da6b3c2633.jpg,23,0.505344,0.498145,0.95336,0.715584
/kaggle/input/datasets/afqwe0/clotheslabelled/Pratik/Polo/3e5a1cd5-b9eb-4f6b-b840-2a17f97c3712.jpg,23,0.511067,0.459247,0.845709,0.801382
/kaggle/input/datasets/afqwe0/clotheslabelled/Pratik/Polo/79ac5fa4-8083-4f22-be14-cebf1dcf03a1.jpg,23,0.475917,0.524348,0.746224,0.617959
/kaggle/input/datasets/afqwe0/clotheslabelled/Pratik/Polo/79ac5fa4-8083-4f22-be14-cebf1dcf03a1.jpg,23,0.477002,0.521155,0.742844,0.617959
/kaggle/input/datasets/afqwe0/clotheslabelled/Pratik/Polo/5370f762-5e63-4742-a156-374437c30f39.jpg,23,0.479171,0.528244,0.90123,0.647004
/kaggle/input/datasets/afqwe0/clotheslabelled/Pratik/Polo/ae596614-9997-47d9-9203-b90214b5ae32.jpg,23,0.495578,0.448113,0.866513,0.758588
/kaggle/input/datasets/afqwe0/clotheslabelled/Pratik/Polo/10dd86f3-6525-49bc-9c28-e3e9b7a29b64.jpg,23,0.499869,0.538452,0.897758,0.696874
/kaggle/input/datasets/afqwe0/clotheslabelled/Pratik/Polo/2c2188ab-3a18-4d1c-9103-f1d109061cc3.jpg,23,0.500536,0.474748,0.953201,0.690232
/kaggle/input/datasets/afqwe0/clotheslabelled/Pratik/Polo/30b065eb-caa7-4666-80a9-2c06808d89ff.jpg,23,0.483075,0.617997,1.0,0.707567
/kaggle/input/datasets/afqwe0/clotheslabelled/Pratik/Polo/adidas_stripe_grey_polo_shirt__1695535476_6c642ca2_progressive_thumbnail.jpg,23,0.494765,0.573201,0.686112,0.793816
/kaggle/input/datasets/afqwe0/clotheslabelled/Pratik/Polo/63cd2d39-3ad7-47ea-93c1-d5845bdf54cd.jpg,23,0.493056,0.519882,0.835323,0.889186
/kaggle/input/datasets/afqwe0/clotheslabelled/Pratik/Polo/45421e2a-479b-48ef-b6e6-a2bb70c67f00.jpg,23,0.534921,0.457253,0.901229,0.662891
/kaggle/input/datasets/afqwe0/clotheslabelled/Pratik/Polo/96399c5f-1bb4-427a-a4b0-357557fbe712.jpg,23,0.495985,0.539226,0.96716,0.785441
/kaggle/input/datasets/afqwe0/clotheslabelled/Pratik/Polo/5b36c650-dc45-481c-8e0c-021bc08323c1.jpg,23,0.505778,0.509637,1.0,0.899514
/kaggle/input/datasets/afqwe0/clotheslabelled/Pratik/Polo/54730d1c-2c4d-4f00-9424-944113ccddf7.jpg,23,0.550701,0.512158,0.91858,0.610554
/kaggle/input/datasets/afqwe0/clotheslabelled/Pratik/Polo/62510f59-0273-4ec7-bb75-189b17eef548.jpg,23,0.48199,0.497559,0.970604,0.697774
/kaggle/input/datasets/afqwe0/clotheslabelled/Pratik/Polo/27502456-dec6-4793-b25b-57dce72c4e1b.jpg,23,0.511284,0.490109,1.0,0.743994
/kaggle/input/datasets/afqwe0/clotheslabelled/Pratik/Polo/baju_kaos_kerah_polo_basic_des_1692040396_04a2171c_progressive_thumbnail.jpg,23,0.49273,0.483746,1.0,0.812987
/kaggle/input/datasets/afqwe0/clotheslabelled/Pratik/Polo/0433a5db-ac05-46a9-8ef0-4424334a6fbf.jpg,23,0.477978,0.451684,0.804265,0.551679
/kaggle/input/datasets/afqwe0/clotheslabelled/Pratik/Polo/046c5c17-e506-4104-b762-9722b0769db8.jpg,23,0.505968,0.445217,0.987627,0.761438
/kaggle/input/datasets/afqwe0/clotheslabelled/Pratik/Polo/63a7c9dd-6f90-4e94-b94f-b487b93bb82c.jpg,23,0.491862,0.548674,0.946449,0.73731
/kaggle/input/datasets/afqwe0/clotheslabelled/Pratik/Polo/2df8bf1f-6d89-4acd-b6f6-9daec6b61b95.jpg,23,0.523215,0.483278,0.991055,0.634415
/kaggle/input/datasets/afqwe0/clotheslabelled/Pratik/Polo/a59f077d-a9f6-4da0-af7c-ff619cdbf8d7.jpg,23,0.517901,0.492829,0.996348,0.675937
/kaggle/input/datasets/afqwe0/clotheslabelled/Pratik/Polo/ac99b83d-44de-45ad-9c82-df072f86793d.jpg,23,0.488336,0.463129,0.970445,0.706684
/kaggle/input/datasets/afqwe0/clotheslabelled/Pratik/Polo/3d49b769-7585-4033-b853-c16519ceabe4.jpg,23,0.51584,0.511351,1.0,0.863484
/kaggle/input/datasets/afqwe0/clotheslabelled/Pratik/Polo/4cac86ab-9e61-46e6-afc5-018cffb9215f.jpg,23,0.502808,0.560734,0.91858,0.673285
/kaggle/input/datasets/afqwe0/clotheslabelled/Pratik/Polo/4cac86ab-9e61-46e6-afc5-018cffb9215f.jpg,23,0.504259,0.557799,0.915112,0.669839
/kaggle/input/datasets/afqwe0/clotheslabelled/Pratik/Polo/1b2a7169-fb57-4b9e-9990-ae92a02305a1.jpg,23,0.497681,0.510863,0.955087,0.806975
/kaggle/input/datasets/afqwe0/clotheslabelled/Pratik/Polo/0cab4de0-5818-4680-a00a-35dbc6e95525.jpg,23,0.498427,0.407499,1.0,0.608695
/kaggle/input/datasets/afqwe0/clotheslabelled/Pratik/Polo/af911ba7-b779-4d76-9a6d-f9bf97ae7f64.jpg,23,0.478628,0.526296,0.980762,0.683511
/kaggle/input/datasets/afqwe0/clotheslabelled/Pratik/Sweater/186eb9e1-79fa-4aba-97c8-f2da0e6a2413.jpg,24,0.527985,0.518743,0.632662,0.953468
/kaggle/input/datasets/afqwe0/clotheslabelled/Pratik/Sweater/14b0095b-c8d8-4b1a-8402-c690e3c8c857.jpg,24,0.525492,0.523861,0.93937,0.639834
/kaggle/input/datasets/afqwe0/clotheslabelled/Pratik/Sweater/21b775d5-45f8-4258-8b77-1cc6757c2a82.jpg,24,0.468763,0.457253,0.915112,0.690232
/kaggle/input/datasets/afqwe0/clotheslabelled/Pratik/Sweater/304bb459-4789-47ec-8904-e27c1e8d3608.jpg,24,0.50548,0.502991,1.0,0.728131
/kaggle/input/datasets/afqwe0/clotheslabelled/Pratik/Sweater/1468e9b6-1856-4cfa-aefd-3bfc3e59d4e3.jpg,24,0.496813,0.577307,0.94299,0.83984
/kaggle/input/datasets/afqwe0/clotheslabelled/Pratik/Sweater/44b0c5e7-5174-421b-959c-720483509d5e.jpg,24,0.509006,0.501732,1.0,0.934443
/kaggle/input/datasets/afqwe0/clotheslabelled/Pratik/Sweater/11331826-e5c9-461d-acd2-b078022a9146.jpg,24,0.501872,0.485356,0.961989,0.732746
/kaggle/input/datasets/afqwe0/clotheslabelled/Pratik/Sweater/120db955-d975-4be6-b2d8-b09ab17e7b7c.jpg,24,0.473532,0.462328,0.851933,0.9006
/kaggle/input/datasets/afqwe0/clotheslabelled/Pratik/Sweater/3265bffb-aabf-4a7d-a2f9-a38a0a1d01ff.jpg,24,0.448434,0.52719,0.562973,0.939272
/kaggle/input/datasets/afqwe0/clotheslabelled/Pratik/Sweater/19c31480-4d55-472e-ae52-a2df4e33c7ea.jpg,24,0.475835,0.451684,0.953201,0.574737
/kaggle/input/datasets/afqwe0/clotheslabelled/Pratik/Sweater/29ac1127-df39-48da-ac04-77981dfab4e9.jpg,24,0.523974,0.557771,0.946289,0.568999
/kaggle/input/datasets/afqwe0/clotheslabelled/Pratik/Sweater/3723b671-6846-4d22-af73-fc655eb52093.jpg,24,0.514322,0.454104,0.876925,0.643427
/kaggle/input/datasets/afqwe0/clotheslabelled/Pratik/Sweater/060062e8-b564-4aaa-8d9e-18e735915e37.jpg,24,0.52354,0.484136,0.991213,0.781465
/kaggle/input/datasets/afqwe0/clotheslabelled/Pratik/Sweater/53733341-2303-43a1-a402-7a6823314f4c.jpg,24,0.506917,0.605377,0.980762,0.703434
/kaggle/input/datasets/afqwe0/clotheslabelled/Pratik/Sweater/17982ffc-9631-4afc-bb57-5881c740c8f0.jpg,24,0.444434,0.5185,0.797389,0.767068
/kaggle/input/datasets/afqwe0/clotheslabelled/Pratik/Sweater/226e8676-f121-4601-a544-a204fc0541c2.jpg,24,0.468763,0.481552,0.876218,0.942549
/kaggle/input/datasets/afqwe0/clotheslabelled/Pratik/Sweater/38f77bf6-b6bc-47de-84ec-514a41182a2b.jpg,24,0.52766,0.516108,0.95336,0.667322
/kaggle/input/datasets/afqwe0/clotheslabelled/Pratik/Sweater/0c4fe429-cc94-49a1-b6b3-6660957db97b.jpg,24,0.504096,0.503127,0.977326,0.528396
/kaggle/input/datasets/afqwe0/clotheslabelled/Pratik/Sweater/0a671f9d-d105-4ec9-8642-f4f228f8a90f.jpg,24,0.489964,0.517815,0.956813,0.757938
/kaggle/input/datasets/afqwe0/clotheslabelled/Pratik/Sweater/36b4e957-021d-4a48-aaea-25dff54e162c.jpg,24,0.50491,0.545286,1.0,0.735794
/kaggle/input/datasets/afqwe0/clotheslabelled/Pratik/Sweater/2116e249-2f93-4f3e-9fff-e55ea9464cd6.jpg,24,0.517142,0.443288,1.0,0.686882
/kaggle/input/datasets/afqwe0/clotheslabelled/Pratik/Sweater/509f9576-1fcd-4941-8188-7a3a50a3ef75.jpg,24,0.476243,0.507277,0.928981,0.700164
/kaggle/input/datasets/afqwe0/clotheslabelled/Pratik/Sweater/06c96380-f7bc-46ca-a3fc-9288181f1f69.jpg,24,0.477435,0.677741,1.0,0.611568
/kaggle/input/datasets/afqwe0/clotheslabelled/Pratik/Sweater/387d935f-a648-4d15-9aca-ae74c1e7b2a5.jpg,24,0.508138,0.50473,0.922048,0.397105
/kaggle/input/datasets/afqwe0/clotheslabelled/Pratik/Sweater/29ae51b5-ca6f-4c75-938b-04f29177dbc6.jpg,24,0.475809,0.564533,0.911642,0.846506
/kaggle/input/datasets/afqwe0/clotheslabelled/Pratik/Sweater/226616d8-6ace-49c5-a81c-d229b5471351.jpg,24,0.505073,0.493836,1.0,0.803298
/kaggle/input/datasets/afqwe0/clotheslabelled/Pratik/Sweater/09c08576-09d6-4878-a6f5-3087ccc57a9e.jpg,24,0.510036,0.487893,1.0,0.855948
/kaggle/input/datasets/afqwe0/clotheslabelled/Pratik/Sweater/07600f96-c7e5-4bfa-9fb7-e66e38aa66b9.jpg,24,0.497694,0.570856,1.0,0.557468
/kaggle/input/datasets/afqwe0/clotheslabelled/Pratik/Sweater/4099acf4-21f3-434d-a10b-1bccad17039b.jpg,24,0.497179,0.551091,0.963554,0.645217
/kaggle/input/datasets/afqwe0/clotheslabelled/Pratik/Sweater/37820224-d7fc-41da-b46f-fe7dd25b125e.jpg,24,0.541203,0.486429,0.630423,0.94742
/kaggle/input/datasets/afqwe0/clotheslabelled/Pratik/Sweater/303bb705-52f9-4f1d-9b8c-8a514157f5d6.jpg,24,0.481773,0.55331,0.869983,0.419751
/kaggle/input/datasets/afqwe0/clotheslabelled/Pratik/Sweater/576ea34f-b4e3-4269-b99d-e97343549a8a.jpg,24,0.498406,0.492707,1.0,0.715584
/kaggle/input/datasets/afqwe0/clotheslabelled/Pratik/Sweater/20e44d00-fc8c-46d9-9349-c931850ec57a.jpg,24,0.496419,0.556641,1.0,0.700164
/kaggle/input/datasets/afqwe0/clotheslabelled/Pratik/Sweater/46ad1df5-6575-45fd-b38d-240841f8f494.jpg,24,0.482207,0.549747,0.991055,0.408379
/kaggle/input/datasets/afqwe0/clotheslabelled/Pratik/Sweater/0b7dc2e9-a9e9-46ed-b4e2-8b91e1e720b0.jpg,24,0.533838,0.48182,0.95336,0.723466
/kaggle/input/datasets/afqwe0/clotheslabelled/Pratik/Sweater/0142c777-baf8-4500-add9-6641b95b90ec.jpg,24,0.481123,0.511914,0.928981,0.662891
/kaggle/input/datasets/afqwe0/clotheslabelled/Pratik/Sweater/5d11e46b-e897-4d03-bc7d-455e49800edf.jpg,24,0.482966,0.523861,0.967,0.648786
/kaggle/input/datasets/afqwe0/clotheslabelled/Pratik/Sweater/428ce15c-34b7-4b44-a7fe-fbf1d10343f6.jpg,24,0.420109,0.53408,0.883869,0.752819
/kaggle/input/datasets/afqwe0/clotheslabelled/Pratik/Sweater/34c466b5-ad3e-431e-9fb3-6326fd4b1940.jpg,24,0.500505,0.53019,1.0,0.703434
/kaggle/input/datasets/afqwe0/clotheslabelled/Pratik/Sweater/14c2f75c-458b-49cc-b3c7-5d4c30d416a7.jpg,24,0.500543,0.52727,1.0,0.686882
/kaggle/input/datasets/afqwe0/clotheslabelled/Pratik/Sweater/31c0316b-d4b5-4c93-809d-a7d97f6c077a.jpg,24,0.491971,0.536024,0.756392,0.743994
/kaggle/input/datasets/afqwe0/clotheslabelled/Pratik/Sweater/32d93614-a9cc-456e-aa30-aed43f8ddc01.jpg,24,0.504069,0.56826,1.0,0.809397
/kaggle/input/datasets/afqwe0/clotheslabelled/Pratik/Sweater/28fc3fad-5363-4c70-9c5d-ee739d2e21a8.jpg,24,0.477002,0.513912,0.958539,0.780128
/kaggle/input/datasets/afqwe0/clotheslabelled/Pratik/Sweater/284568fb-9be0-4572-ad8a-870ed5049894.jpg,24,0.494195,0.565493,1.0,0.755715
/kaggle/input/datasets/afqwe0/clotheslabelled/Pratik/Sweater/1823c84a-dc6f-4edc-ae75-b54303132369.jpg,24,0.487577,0.462959,1.0,0.753612
/kaggle/input/datasets/afqwe0/clotheslabelled/Pratik/Sweater/039efa01-ec03-4e7f-90c2-47a768b1418d.jpg,24,0.514213,0.494338,0.93937,0.616113
/kaggle/input/datasets/afqwe0/clotheslabelled/Pratik/Sweater/16ebb1d5-e781-49bc-8461-f2b1b9226c20.jpg,24,0.502143,0.442372,1.0,0.662099
/kaggle/input/datasets/afqwe0/clotheslabelled/Pratik/Sweater/31300080-1a75-43ad-a301-4c45cfdde876.jpg,24,0.539553,0.598592,0.949746,0.725733
/kaggle/input/datasets/afqwe0/clotheslabelled/Pratik/Sweater/14b030c6-7721-42c3-acdf-a4b2f9fad919.jpg,24,0.473966,0.482626,0.94283,0.516702
/kaggle/input/datasets/afqwe0/clotheslabelled/Pratik/Sweater/461d4185-cece-42e3-91f4-86a1331aab31.jpg,24,0.502197,0.515742,0.970603,0.837727
/kaggle/input/datasets/afqwe0/clotheslabelled/Pratik/Sweater/1267fb67-35a0-4eda-965e-c13669cc868a.jpg,24,0.539687,0.490109,0.935909,0.666374
/kaggle/input/datasets/afqwe0/clotheslabelled/Pratik/Sweater/4338519e-515a-46e2-8443-4d3213426d2e.jpg,24,0.461396,0.472294,0.961989,0.897767
/kaggle/input/datasets/afqwe0/clotheslabelled/Pratik/Sweater/33734ef5-f035-461e-96d0-9115d2de49e8.jpg,24,0.48736,0.532622,0.922048,0.796361
/kaggle/input/datasets/afqwe0/clotheslabelled/Pratik/Sweater/11f2ff4e-6b43-4071-b5b1-2036ec0fe8fe.jpg,24,0.495606,0.498184,0.98607,0.67935
/kaggle/input/datasets/afqwe0/clotheslabelled/Pratik/Sweater/5e01f1b8-4672-4a29-85c2-63d7e76c5056.jpg,24,0.471798,0.553988,0.915112,0.630784
/kaggle/input/datasets/afqwe0/clotheslabelled/Pratik/Sweater/0354015d-9ed3-4175-9f85-dd5725dce0e1.jpg,24,0.553296,0.541363,0.828407,0.767068
/kaggle/input/datasets/afqwe0/clotheslabelled/Pratik/Sweater/3982179b-1523-4cea-868d-4dd3e71779b0.jpg,24,0.51866,0.511595,1.0,0.712393
/kaggle/input/datasets/afqwe0/clotheslabelled/Pratik/Sweater/3131d235-b604-4170-b078-bc1d86f26943.jpg,24,0.506293,0.510614,1.0,0.722612
/kaggle/input/datasets/afqwe0/clotheslabelled/Pratik/Sweater/021bfd37-1620-4aac-916c-8575c4d3af6b.jpg,24,0.4757,0.513054,0.697668,0.871084
/kaggle/input/datasets/afqwe0/clotheslabelled/Pratik/Sweater/3310d6ef-3e28-4a4d-9311-b9e47f0216b3.jpg,24,0.555782,0.485717,0.890814,0.734964
/kaggle/input/datasets/afqwe0/clotheslabelled/Pratik/Sweater/38bf9790-f653-453b-96b4-72a298413eb7.jpg,24,0.500419,0.463056,0.896182,0.882509
/kaggle/input/datasets/afqwe0/clotheslabelled/Pratik/Sweater/389f4e3c-3ffb-463d-9f15-95b50b3ebde6.jpg,24,0.509494,0.516305,0.942831,0.669839
/kaggle/input/datasets/afqwe0/clotheslabelled/Pratik/Sweater/107dd572-7136-4eac-a255-1883467e6a62.jpg,24,0.493002,0.528533,0.864938,0.912499
/kaggle/input/datasets/afqwe0/clotheslabelled/Pratik/Sweater/148570c4-af0c-44c6-a831-43a4e29fa2b1.jpg,24,0.488662,0.524638,1.0,0.687799
/kaggle/input/datasets/afqwe0/clotheslabelled/Pratik/Sweater/1604e827-c957-4677-a63f-180f3279d766.jpg,24,0.509277,0.47926,0.980921,0.786755
/kaggle/input/datasets/afqwe0/clotheslabelled/Pratik/Sweater/22d1bf2d-56ff-4094-adcd-0ce3a47e69a1.jpg,24,0.497409,0.516474,1.0,0.759369
/kaggle/input/datasets/afqwe0/clotheslabelled/Pratik/Sweater/1238d068-c9e6-4b79-a8cc-7a2b30f9770d.jpg,24,0.476268,0.471097,0.838784,0.825088
/kaggle/input/datasets/afqwe0/clotheslabelled/Pratik/Sweater/00588f87-cda1-46d7-93be-71f0fa889895.jpg,24,0.506999,0.416014,0.928981,0.433126
/kaggle/input/datasets/afqwe0/clotheslabelled/Pratik/Sweater/1630f6f0-54b4-47ea-b065-698c0fa18f8d.jpg,24,0.49235,0.532622,1.0,0.623477
/kaggle/input/datasets/afqwe0/clotheslabelled/Pratik/Sweater/33f8afe9-fe61-4b50-9d84-4d48d47f0916.jpg,24,0.495199,0.532136,0.984196,0.693563
/kaggle/input/datasets/afqwe0/clotheslabelled/Pratik/Sweater/1983f48a-882b-4bae-9eba-5f0373a317a7.jpg,24,0.520396,0.501846,0.906597,0.936332
/kaggle/input/datasets/afqwe0/clotheslabelled/Pratik/Sweater/17a8b1aa-5aaa-47ac-8de1-5d2c9d0f83f1.jpg,24,0.50868,0.571288,0.90123,0.652338
/kaggle/input/datasets/afqwe0/clotheslabelled/Pratik/Sweater/111f1db6-391c-4a82-b2e8-999a7fbcd886.jpg,24,0.502848,0.491883,1.0,0.769219
/kaggle/input/datasets/afqwe0/clotheslabelled/Pratik/Sweater/341e1658-0cba-4ac2-aa39-e5b174e318fd.jpg,24,0.548995,0.478383,0.869276,0.954
/kaggle/input/datasets/afqwe0/clotheslabelled/Pratik/Sweater/252363a7-81a6-41dc-b468-e009177ff176.jpg,24,0.485244,0.533154,0.960105,0.547811
/kaggle/input/datasets/afqwe0/clotheslabelled/Pratik/Sweater/18e81896-42c0-495c-a8f0-41e7fc486411.jpg,24,0.488445,0.438233,0.997901,0.669839
/kaggle/input/datasets/afqwe0/clotheslabelled/Pratik/Sweater/31e17c0d-a51c-4885-91fd-07f5f04a0353.jpg,24,0.479387,0.498,0.866513,0.599353
/kaggle/input/datasets/afqwe0/clotheslabelled/Pratik/Sweater/16d5fbeb-bc4b-43ab-9bc6-89a385d42dd3.jpg,24,0.48557,0.567241,0.98607,0.637212
/kaggle/input/datasets/afqwe0/clotheslabelled/Pratik/Sweater/107dd572-7136-4eac-a255-1883467e6a62 (1).jpg,24,0.493002,0.528533,0.864938,0.912499
/kaggle/input/datasets/afqwe0/clotheslabelled/Pratik/Sweater/1322a86d-a299-4bca-8da2-25120910079a.jpg,24,0.498169,0.605104,0.977326,0.406493
/kaggle/input/datasets/afqwe0/clotheslabelled/Pratik/Sweater/3132e018-4cc7-4767-a2b6-0ac61321809a.jpg,24,0.499332,0.538983,1.0,0.701059
/kaggle/input/datasets/afqwe0/clotheslabelled/Pratik/Sweater/16e5d441-1398-411e-b013-0374019e32a3.jpg,24,0.509494,0.497803,1.0,0.704324
/kaggle/input/datasets/afqwe0/clotheslabelled/Pratik/Sweater/095d4783-afba-4c68-93ae-30bc35f02cfd.jpg,24,0.467029,0.525809,0.818047,0.7499
/kaggle/input/datasets/afqwe0/clotheslabelled/Pratik/Sweater/28f849c5-36f2-4f23-9f0f-7fbdd3e93d61.jpg,24,0.518877,0.575022,0.998059,0.655072
/kaggle/input/datasets/afqwe0/clotheslabelled/Pratik/Sweater/0bd7a506-9042-4dfc-b061-0a8279c887bb.jpg,24,0.511121,0.487669,0.977326,0.655873
/kaggle/input/datasets/afqwe0/clotheslabelled/Pratik/Sweater/25ab31fb-d1c4-4f48-a99e-743f2ef942fa.jpg,24,0.502726,0.499465,0.967,0.655873
/kaggle/input/datasets/afqwe0/clotheslabelled/Pratik/Sweater/55642545-7055-4b8b-aa89-a2cf4233016e.jpg,24,0.464862,0.520984,0.867541,0.941697
/kaggle/input/datasets/afqwe0/clotheslabelled/Pratik/Sweater/2153199f-0a48-4334-bb12-51e07486b5c0.jpg,24,0.505208,0.511778,1.0,0.506942
/kaggle/input/datasets/afqwe0/clotheslabelled/Pratik/Sweater/36bde3bf-3a55-4a16-baf9-d34f4f5ae19a.jpg,24,0.512098,0.428528,0.953201,0.570914
/kaggle/input/datasets/afqwe0/clotheslabelled/Pratik/Sweater/098d55e4-996c-460c-811a-862d68ca9245.jpg,24,0.512857,0.52074,0.908172,0.616113
/kaggle/input/datasets/afqwe0/clotheslabelled/Pratik/Sweater/23de0982-0629-49e2-b638-dc028f2ca3d0.jpg,24,0.494168,0.522933,0.991213,0.712393
/kaggle/input/datasets/afqwe0/clotheslabelled/Pratik/Sweater/411f9b0b-5856-4ebc-949e-f84cf1e3fd1b.jpg,24,0.491211,0.543251,0.968882,0.656835
/kaggle/input/datasets/afqwe0/clotheslabelled/Pratik/Sweater/049e77f5-2a28-457a-9d27-2edb3da2fd7f.jpg,24,0.524625,0.476677,1.0,0.817692
/kaggle/input/datasets/afqwe0/clotheslabelled/Pratik/Sweater/21183cf1-c20b-4a86-8e86-ab5ca9b26c06.jpg,24,0.489258,0.516305,0.960105,0.641632
/kaggle/input/datasets/afqwe0/clotheslabelled/Pratik/Sweater/368ef683-0c8c-4ba1-a73b-d784b851165a.jpg,24,0.534921,0.501907,0.911642,0.683511
/kaggle/input/datasets/afqwe0/clotheslabelled/Pratik/Sweater/11bd32f7-4455-4d17-9607-031854e8db1f.jpg,24,0.498664,0.533154,0.972325,0.672505
/kaggle/input/datasets/afqwe0/clotheslabelled/Pratik/Sweater/05004de9-8929-45b4-92a6-c881be04e5cc.jpg,24,0.469413,0.519278,1.0,0.691144
/kaggle/input/datasets/afqwe0/clotheslabelled/Pratik/Sweater/0098b1c0-bd39-41c2-a172-17066bc9fd26.jpg,24,0.507215,0.446369,0.890814,0.599353
/kaggle/input/datasets/afqwe0/clotheslabelled/Pratik/Blazer/blazzerouter_tweed_hitam_mewah_1688792458_b3cb164c_progressive_thumbnail (1).jpg,2,0.512044,0.527925,1.0,0.885711
/kaggle/input/datasets/afqwe0/clotheslabelled/Pratik/Blazer/preloved_black_blazzer_1600263065_08fe47f2_progressive_thumbnail.jpg,2,0.386179,0.596478,0.697668,0.655873
/kaggle/input/datasets/afqwe0/clotheslabelled/Pratik/Blazer/contiblazzer_1625936615_2f26249e_progressive_thumbnail (2).jpg,2,0.542286,0.530966,0.909199,0.929492
/kaggle/input/datasets/afqwe0/clotheslabelled/Pratik/Blazer/113650_192423985_thumbnail_progressive_thumbnail.jpg,2,0.45923,0.496674,0.894446,0.924197
/kaggle/input/datasets/afqwe0/clotheslabelled/Pratik/Blazer/001912_280188340_thumbnail_progressive_thumbnail.jpg,2,0.527769,0.587552,0.960264,0.80206
/kaggle/input/datasets/afqwe0/clotheslabelled/Pratik/Blazer/blazzer_coklat_kulit_3_1599210262_c09e6b2a_progressive_thumbnail.jpg,2,0.502658,0.523664,1.0,0.715584
/kaggle/input/datasets/afqwe0/clotheslabelled/Pratik/Blazer/blazzerouter_tweed_hitam_mewah_1688792458_b3cb164c_progressive_thumbnail.jpg,2,0.512044,0.527925,1.0,0.885711
/kaggle/input/datasets/afqwe0/clotheslabelled/Pratik/Blazer/contiblazzer_1625936615_2f26249e_progressive_thumbnail (1).jpg,2,0.542286,0.530966,0.909199,0.929492
/kaggle/input/datasets/afqwe0/clotheslabelled/Pratik/Blazer/c1d5927b-38db-4179-a104-94bf24db1f47 (1).jpg,2,0.500054,0.564505,0.953201,0.61241
/kaggle/input/datasets/afqwe0/clotheslabelled/Pratik/Blazer/jil_sander_women_blazzer_1688346136_f05cc30d_progressive_thumbnail.jpg,2,0.503052,0.508009,0.90123,0.55554
/kaggle/input/datasets/afqwe0/clotheslabelled/Pratik/Blazer/blazzer_1646413173_2c52093a_progressive_thumbnail.jpg,2,0.477327,0.601638,0.746224,0.595595
/kaggle/input/datasets/afqwe0/clotheslabelled/Pratik/Blazer/111930_151292921_thumbnail.jpg,2,0.49311,0.475947,0.958539,0.955353
/kaggle/input/datasets/afqwe0/clotheslabelled/Pratik/Blazer/00b8048d-635e-4e56-b182-071fb24eea32.jpg,2,0.514322,0.487002,0.94299,0.835591
/kaggle/input/datasets/afqwe0/clotheslabelled/Pratik/Blazer/kimono_blazzer_1595911698_3e6abb48_progressive_thumbnail.jpg,2,0.497857,0.58382,1.0,0.757938
/kaggle/input/datasets/afqwe0/clotheslabelled/Pratik/Blazer/203402_55146203_thumbnail_progressive_thumbnail.jpg,2,0.531454,0.500072,0.987785,0.877561
/kaggle/input/datasets/afqwe0/clotheslabelled/Pratik/Blazer/off_shoulder_black_blazzer_1692169841_a01a46c4_progressive_thumbnail.jpg,2,0.502672,0.497512,0.897758,0.693563
/kaggle/input/datasets/afqwe0/clotheslabelled/Pratik/Blazer/6f904ea3-9899-46c3-a561-faec0bda7e86.jpg,2,0.534055,0.466943,0.937799,0.870686
/kaggle/input/datasets/afqwe0/clotheslabelled/Pratik/Blazer/blazzer_vintage_1593231748_c1a7941e_progressive_thumbnail.jpg,2,0.486383,0.633074,0.6681,0.576646
/kaggle/input/datasets/afqwe0/clotheslabelled/Pratik/Blazer/outter_blazzer_coklat_tua_prem_1594619658_e2af4a7a_progressive_thumbnail.jpg,2,0.486166,0.533594,0.674628,0.927654
/kaggle/input/datasets/afqwe0/clotheslabelled/Pratik/Blazer/blazzer_crocodile_1695823912_8a5fa857_progressive_thumbnail.jpg,2,0.53977,0.526703,0.911642,0.902303
/kaggle/input/datasets/afqwe0/clotheslabelled/Pratik/Blazer/blazzer_uniqlo_cowok_ukuran_m__1649739668_1c7ba51b_progressive_thumbnail.jpg,2,0.489258,0.458688,0.910935,0.867126
/kaggle/input/datasets/afqwe0/clotheslabelled/Pratik/Blazer/red_blazzer_1622779936_6e8aa88d_progressive_thumbnail.jpg,2,0.568914,0.468664,0.90123,0.655873
/kaggle/input/datasets/afqwe0/clotheslabelled/Pratik/Blazer/011514_276942301_thumbnail_progressive_thumbnail.jpg,2,0.489313,0.507171,0.877954,0.852052
/kaggle/input/datasets/afqwe0/clotheslabelled/Pratik/Blazer/blazzer_versace_versus_1663966832_59073d57_progressive_thumbnail.jpg,2,0.537954,0.442806,0.722654,0.813525
/kaggle/input/datasets/afqwe0/clotheslabelled/Pratik/Blazer/jas_blazzer_hm_slim_fit_1658131294_56bc727a_progressive_thumbnail.jpg,2,0.487414,0.494094,1.0,0.603099
/kaggle/input/datasets/afqwe0/clotheslabelled/Pratik/Blazer/formal_blazzer_1630931140_f471ce8e_progressive_thumbnail.jpg,2,0.487197,0.546012,0.91858,0.761438
/kaggle/input/datasets/afqwe0/clotheslabelled/Pratik/Blazer/3a086da2-435d-4d5a-be6a-45c7c61a5ad8.jpg,2,0.512966,0.435236,0.987627,0.621641
/kaggle/input/datasets/afqwe0/clotheslabelled/Pratik/Blazer/8499bdb4-e26f-45fd-9a70-fa9663d19144.jpg,2,0.472799,0.462104,0.863043,0.741006
/kaggle/input/datasets/afqwe0/clotheslabelled/Pratik/Blazer/katharine_hamnett_london_blazz_1647179387_ba8b00c7_progressive_thumbnail.jpg,2,0.479496,0.557123,0.746225,0.534232
/kaggle/input/datasets/afqwe0/clotheslabelled/Pratik/Blazer/blazzer_1694863253_8c81b8d4_progressive_thumbnail.jpg,2,0.500916,0.597631,0.899654,0.741824
/kaggle/input/datasets/afqwe0/clotheslabelled/Pratik/Blazer/blazzer_rompi_1660807479_1545634e_progressive_thumbnail.jpg,2,0.476134,0.493526,0.691056,0.933699
/kaggle/input/datasets/afqwe0/clotheslabelled/Pratik/Blazer/no_brand_blazzer_semi_formal_1625924432_111db87c_progressive_thumbnail.jpg,2,0.51123,0.549641,1.0,0.9006
/kaggle/input/datasets/afqwe0/clotheslabelled/Pratik/Blazer/saburoku_blazzer_white_1660901351_7b477842_progressive_thumbnail.jpg,2,0.487143,0.562981,0.961989,0.852052
/kaggle/input/datasets/afqwe0/clotheslabelled/Pratik/Blazer/korean_shirt__blazzer_terracot_1667703136_645986c6_progressive_thumbnail.jpg,2,0.498806,0.539469,0.834618,0.90199
/kaggle/input/datasets/afqwe0/clotheslabelled/Pratik/Blazer/contiblazzer_1625936615_2f26249e_progressive_thumbnail.jpg,2,0.542286,0.530966,0.909199,0.929492
/kaggle/input/datasets/afqwe0/clotheslabelled/Pratik/Blazer/new__blazzer_tweed_black_and_w_1689606580_b5d096d5_progressive_thumbnail.jpg,2,0.549861,0.49852,0.910934,0.996519
/kaggle/input/datasets/afqwe0/clotheslabelled/Pratik/Blazer/crop_blazzer_mocca_1645437959_b4da44c2_progressive_thumbnail.jpg,2,0.544451,0.341347,0.821499,0.680122
/kaggle/input/datasets/afqwe0/clotheslabelled/Pratik/Blazer/blazzer_zara_navy_1592548269_013f5027_progressive_thumbnail.jpg,2,0.509494,0.487668,0.831864,0.700164
/kaggle/input/datasets/afqwe0/clotheslabelled/Pratik/Blazer/e3348ff1-c8b0-47ea-9136-7de3df84c805.jpg,2,0.500526,0.440085,0.989499,0.681049
/kaggle/input/datasets/afqwe0/clotheslabelled/Pratik/Blazer/c1d5927b-38db-4179-a104-94bf24db1f47.jpg,2,0.500054,0.564505,0.953201,0.61241
/kaggle/input/datasets/afqwe0/clotheslabelled/Pratik/Blazer/2ca50463-77b2-41ca-a96d-7a2d2d7fca5a.jpg,2,0.479062,0.504028,0.858,0.932503
/kaggle/input/datasets/afqwe0/clotheslabelled/Pratik/Blazer/new__blazzer_tweed_black_and_w_1689606580_b5d096d5_progressive_thumbnail (1).jpg,2,0.549861,0.49852,0.910934,0.996519
/kaggle/input/datasets/afqwe0/clotheslabelled/Pratik/Blazer/115645_172708903_thumbnail.jpg,2,0.527552,0.566498,0.714293,0.862054
/kaggle/input/datasets/afqwe0/clotheslabelled/Pratik/Blazer/203419_55145580_thumbnail_progressive_thumbnail.jpg,2,0.521155,0.479626,0.896182,0.728131
/kaggle/input/datasets/afqwe0/clotheslabelled/Pratik/Blazer/blazzer_1630999112_9f55d0e2_progressive_thumbnail.jpg,2,0.517901,0.503189,1.0,0.930509
/kaggle/input/datasets/afqwe0/clotheslabelled/Pratik/Blazer/113749_192636975_thumbnail_progressive_thumbnail.jpg,2,0.528419,0.520496,0.982638,0.890371
/kaggle/input/datasets/afqwe0/clotheslabelled/Pratik/Blazer/18ed7f47-b091-4eb0-ae81-89f2ef139a9b.jpg,2,0.508409,0.51879,1.0,0.859758
/kaggle/input/datasets/afqwe0/clotheslabelled/Pratik/Blazer/185602_148689840_thumbnail.jpg,2,0.456848,0.502762,0.94126,0.989356
/kaggle/input/datasets/afqwe0/clotheslabelled/Pratik/Blazer/prl_blazzer_1635655637_965f93b7_progressive_thumbnail.jpg,2,0.505995,0.490334,0.796259,0.979683
/kaggle/input/datasets/afqwe0/clotheslabelled/Pratik/Blazer/blazzer_biru_birel_1688703777_27ef744d_progressive_thumbnail.jpg,2,0.506565,0.482429,1.0,0.694469
/kaggle/input/datasets/afqwe0/clotheslabelled/Pratik/Blazer/002800_158897544_thumbnail_progressive_thumbnail.jpg,2,0.489584,0.516061,0.804265,0.758588
/kaggle/input/datasets/afqwe0/clotheslabelled/Pratik/Blazer/f7aacbe8-e055-44ea-9eeb-ab89940dd5cb.jpg,2,0.489313,0.493118,1.0,0.630784
/kaggle/input/datasets/afqwe0/clotheslabelled/Pratik/Blazer/013342_193324615_thumbnail_progressive_thumbnail.jpg,2,0.500634,0.476214,1.0,0.817692
/kaggle/input/datasets/afqwe0/clotheslabelled/Pratik/Blazer/blazzer_jas_keren_merk_bloop_s_1632627966_f1b4efb6_progressive_thumbnail.jpg,2,0.513237,0.472294,1.0,0.799568
/kaggle/input/datasets/afqwe0/clotheslabelled/Pratik/Blazer/349cf35c-eaad-49af-b0c9-3c88b8d0afc1.jpg,2,0.500875,0.444801,0.928981,0.662891
/kaggle/input/datasets/afqwe0/clotheslabelled/Pratik/Blazer/blazer_hitam_blazer_kerja_wani_1684957841_1002770d_progressive.jpg,2,0.505263,0.58091,0.94126,0.691144
/kaggle/input/datasets/afqwe0/clotheslabelled/Pratik/Blazer/blazzer_zara_original_1695826601_e64e08d7_progressive_thumbnail.jpg,2,0.504856,0.49792,0.608991,0.921105
/kaggle/input/datasets/afqwe0/clotheslabelled/Pratik/Blazer/jasblazzeroutwear_1627211814_37c1aabb_progressive_thumbnail.jpg,2,0.564125,0.499134,0.864938,0.99116
/kaggle/input/datasets/afqwe0/clotheslabelled/Pratik/Blazer/blazzer_wanita_blazzer_bronze__1638012867_2bf5552b_progressive_thumbnail.jpg,2,0.557645,0.651452,0.904861,0.687799
/kaggle/input/datasets/afqwe0/clotheslabelled/Pratik/Blazer/lapine_blanche_blazzer_1647219671_71bd01f7_progressive_thumbnail.jpg,2,0.545317,0.63173,1.0,0.728131
/kaggle/input/datasets/afqwe0/clotheslabelled/Pratik/Blazer/blazzer_loewe_1682342153_df5dd832_progressive_thumbnail.jpg,2,0.507812,0.469375,1.0,0.909971
/kaggle/input/datasets/afqwe0/clotheslabelled/Pratik/Blazer/blazer_cotton_island_1684994739_6001dc96_progressive.jpg,2,0.476785,0.578278,1.0,0.833434
/kaggle/input/datasets/afqwe0/clotheslabelled/Pratik/Blazer/oneset_blazzer__celanar_kerja__1666882144_b6da32f5_progressive_thumbnail.jpg,2,0.47028,0.526343,1.0,0.798313
/kaggle/input/datasets/afqwe0/clotheslabelled/Pratik/Blazer/blazzer_kotak_brand_ada_woman_1678677379_14c4bb13_progressive_thumbnail.jpg,2,0.48199,0.564579,1.0,0.722612
/kaggle/input/datasets/afqwe0/clotheslabelled/Pratik/Blazer/103124_193862363_thumbnail_progressive_thumbnail.jpg,2,0.490018,0.475479,1.0,0.7499
/kaggle/input/datasets/afqwe0/clotheslabelled/Pratik/Blazer/644a1b3b-b434-4bbf-8d12-b81dc1a77bd8.jpg,2,0.496636,0.496445,0.960264,0.88412
/kaggle/input/datasets/afqwe0/clotheslabelled/Pratik/Blazer/151641_212854941_thumbnail_progressive_thumbnail.jpg,2,0.525817,0.521668,0.93937,0.680122
/kaggle/input/datasets/afqwe0/clotheslabelled/Pratik/Blazer/e3348ff1-c8b0-47ea-9136-7de3df84c805 (1).jpg,2,0.500526,0.440085,0.989499,0.681049
/kaggle/input/datasets/afqwe0/clotheslabelled/Pratik/Blazer/blazzer_black_flickering_1645610771_f5814f43_progressive_thumbnail.jpg,2,0.506103,0.551091,1.0,0.857864
/kaggle/input/datasets/afqwe0/clotheslabelled/Pratik/Blazer/blazzer_pukka_1686831603_29c7fcee_progressive_thumbnail.jpg,2,0.45858,0.524348,0.880397,0.767068
/kaggle/input/datasets/afqwe0/clotheslabelled/Pratik/Blazer/760cc6d7-f626-4b59-a163-7d31ed3d610e.jpg,2,0.511718,0.505568,0.93937,0.522552
/kaggle/input/datasets/afqwe0/clotheslabelled/Pratik/Blazer/blazzer_wanita_1685182644_9acf8295_progressive_thumbnail.jpg,2,0.519962,0.481552,0.956813,0.956014
/kaggle/input/datasets/afqwe0/clotheslabelled/Pratik/Blazer/165723_58525927_thumbnail.jpg,2,0.502333,0.489621,0.668099,0.926599
/kaggle/input/datasets/afqwe0/clotheslabelled/Pratik/Blazer/coat_blazzer_ladies_1678818138_eafa2f74_progressive_thumbnail.jpg,2,0.511718,0.503799,0.977484,0.966436
/kaggle/input/datasets/afqwe0/clotheslabelled/Pratik/Blazer/blazzer_lengan_pendek_1673146958_850f4c2d_progressive_thumbnail.jpg,2,0.48416,0.53048,1.0,0.811796
/kaggle/input/datasets/afqwe0/clotheslabelled/Pratik/Blazer/blazzer_import_1658467462_b11bdb0b_progressive_thumbnail.jpg,2,0.451654,0.598101,0.922208,0.786755
/kaggle/input/datasets/afqwe0/clotheslabelled/Pratik/Blazer/parayujas_blazzer_pria_formal__1649231995_631c8b1c_progressive_thumbnail.jpg,2,0.486492,0.597653,0.562973,0.625309
/kaggle/input/datasets/afqwe0/clotheslabelled/Pratik/Blazer/blazzer_hitam_putih_1660371537_a39c2df7_progressive_thumbnail.jpg,2,0.463263,0.511182,0.729366,0.538118
/kaggle/input/datasets/afqwe0/clotheslabelled/Pratik/Blazer/155d5839-a70a-4a94-a1b2-4d68d59b13ab.jpg,2,0.501817,0.543106,0.810019,0.850071
/kaggle/input/datasets/afqwe0/clotheslabelled/Pratik/Blazer/maroon_red_blazzer_1613657571_0c1341f0_progressive_thumbnail.jpg,2,0.456116,0.584153,0.605866,0.801382
/kaggle/input/datasets/afqwe0/clotheslabelled/Pratik/Blazer/blazzer_abu_misty_1661390136_ceeb3756_progressive_thumbnail.jpg,2,0.62451,0.498,0.752999,0.42547
/kaggle/input/datasets/afqwe0/clotheslabelled/Pratik/Blazer/long_blazzer_fit_to_l_1667781165_312df7f7_progressive_thumbnail.jpg,2,0.536438,0.507685,0.710957,0.874553
/kaggle/input/datasets/afqwe0/clotheslabelled/Pratik/Blazer/kemeja_semi_blazzer_1668243328_810be1fd_progressive_thumbnail.jpg,2,0.514213,0.491409,0.869983,0.734964
/kaggle/input/datasets/afqwe0/clotheslabelled/Pratik/Blazer/dress__blazzer_coklat_1622208298_222aa7b4_progressive_thumbnail.jpg,2,0.444733,0.497168,0.831159,0.986374
/kaggle/input/datasets/afqwe0/clotheslabelled/Pratik/Blazer/dress__blazzer_coklat_1622208298_222aa7b4_progressive_thumbnail.jpg,2,0.440923,0.331753,0.828407,0.647003
/kaggle/input/datasets/afqwe0/clotheslabelled/Pratik/Blazer/nbu_zara_basic__black_blazzer_1684766991_d1a1b934_progressive_thumbnail.jpg,2,0.515623,0.596713,0.742844,0.719469
/kaggle/input/datasets/afqwe0/clotheslabelled/Pratik/Blazer/blazzer_navy_putih_premium_1660923060_6ed5ede8_progressive_thumbnail.jpg,2,0.499044,0.598805,1.0,0.687799
/kaggle/input/datasets/afqwe0/clotheslabelled/Pratik/Blazer/blazzer_navy_putih_premium_1660923060_6ed5ede8_progressive_thumbnail.jpg,2,0.501689,0.559049,1.0,0.601227
/kaggle/input/datasets/afqwe0/clotheslabelled/Pratik/Blazer/blazzer__jas_wanita_1649924286_5e5d08ea_progressive_thumbnail.jpg,2,0.479062,0.496704,0.887502,0.852052
/kaggle/input/datasets/afqwe0/clotheslabelled/Pratik/Blazer/201414_248298231_thumbnail_progressive_thumbnail.jpg,2,0.506619,0.555338,0.829431,0.753612
/kaggle/input/datasets/afqwe0/clotheslabelled/Pratik/Blazer/d1df1763-f51c-4701-9c6b-a76f1b6739e8.jpg,2,0.511121,0.480333,0.864071,0.893384
/kaggle/input/datasets/afqwe0/clotheslabelled/Pratik/Blazer/blazzer_1666345346_b37ed192_progressive_thumbnail.jpg,2,0.542585,0.520937,0.880397,0.61241
/kaggle/input/datasets/afqwe0/clotheslabelled/Pratik/Blazer/172021_92006619_thumbnail.jpg,2,0.512098,0.490968,0.972325,0.717171
/kaggle/input/datasets/afqwe0/clotheslabelled/Pratik/Blazer/blazzer_man_1678177237_05885ed5_progressive_thumbnail.jpg,2,0.500003,0.533397,1.0,0.926357
/kaggle/input/datasets/afqwe0/clotheslabelled/Pratik/Blazer/jasblazzer_navy_1693370811_9f0d3951_progressive_thumbnail.jpg,2,0.499166,0.592004,1.0,0.648786
/kaggle/input/datasets/afqwe0/clotheslabelled/Pratik/Blazer/d7c86d5d-0d38-4b69-8bc9-853784feca22.jpg,2,0.50274,0.609663,1.0,0.766434
/kaggle/input/datasets/afqwe0/clotheslabelled/Pratik/Blazer/blazzer_hm_1660919130_89d8cff5_progressive_thumbnail.jpg,2,0.510904,0.495215,0.825111,0.991691
/kaggle/input/datasets/afqwe0/clotheslabelled/Pratik/Blazer/oneset_blazzer__celanar_kerja__1666882144_b6da32f5_progressive_thumbnail (1).jpg,2,0.47028,0.526343,1.0,0.798313
/kaggle/input/datasets/afqwe0/clotheslabelled/Mahesh/Dhaka Topi/d23b5eef56055bfda858dff9cc22575c.jpg,13,0.521825,0.198493,0.983809,0.39804
/kaggle/input/datasets/afqwe0/clotheslabelled/Mahesh/Dhaka Topi/d23b5eef56055bfda858dff9cc22575c.jpg,13,0.56222,0.18643,0.893392,0.368504
/kaggle/input/datasets/afqwe0/clotheslabelled/Mahesh/Dhaka Topi/fda627089911df02cbfeb5d5b56ca73d.jpg,13,0.485844,0.301347,0.522552,0.42547
/kaggle/input/datasets/afqwe0/clotheslabelled/Mahesh/Dhaka Topi/fda627089911df02cbfeb5d5b56ca73d.jpg,13,0.484943,0.302286,0.520602,0.427381
/kaggle/input/datasets/afqwe0/clotheslabelled/Mahesh/Dhaka Topi/7fbfc0ece6dcbbdf24bc4ff2fb8d5937.jpg,13,0.494562,0.714471,0.498292,0.264821
/kaggle/input/datasets/afqwe0/clotheslabelled/Mahesh/Dhaka Topi/7fbfc0ece6dcbbdf24bc4ff2fb8d5937.jpg,13,0.494303,0.714854,0.498292,0.264821
/kaggle/input/datasets/afqwe0/clotheslabelled/Mahesh/Dhaka Topi/645f03c2e7b192a80c9351e0da830afd.jpg,13,0.754824,0.177856,0.31527,0.164254
/kaggle/input/datasets/afqwe0/clotheslabelled/Mahesh/Dhaka Topi/03d8a2ec450b9f14ae037efb178a19aa.jpg,13,0.502365,0.500098,0.890371,0.625393
/kaggle/input/datasets/afqwe0/clotheslabelled/Mahesh/Dhaka Topi/03d8a2ec450b9f14ae037efb178a19aa.jpg,13,0.502747,0.50119,0.888836,0.627222
/kaggle/input/datasets/afqwe0/clotheslabelled/Mahesh/Dhaka Topi/4de7bc89058f12687509f0ca5848db34.jpg,13,0.279587,0.179249,0.610389,0.352299
/kaggle/input/datasets/afqwe0/clotheslabelled/Mahesh/Dhaka Topi/4de7bc89058f12687509f0ca5848db34.jpg,13,0.279252,0.180272,0.610389,0.352299
/kaggle/input/datasets/afqwe0/clotheslabelled/Mahesh/Dhaka Topi/d4f0f9649fd0825e682eecc66ea68ddc.jpg,13,0.52572,0.209674,0.3408,0.333815
/kaggle/input/datasets/afqwe0/clotheslabelled/Mahesh/Dhaka Topi/d4f0f9649fd0825e682eecc66ea68ddc.jpg,13,0.526085,0.208363,0.337298,0.335554
/kaggle/input/datasets/afqwe0/clotheslabelled/Mahesh/Dhaka Topi/2f0a68ad9d4f424b3ca6074e537c1e55.jpg,13,0.734022,0.614163,0.498464,0.758588
/kaggle/input/datasets/afqwe0/clotheslabelled/Mahesh/Dhaka Topi/01031b5f3295fc7a1fdd7b022d9d37ea.jpg,13,0.499783,0.497657,0.987956,0.99116
/kaggle/input/datasets/afqwe0/clotheslabelled/Mahesh/Dhaka Topi/01031b5f3295fc7a1fdd7b022d9d37ea.jpg,13,0.499435,0.498001,0.989022,0.989356
/kaggle/input/datasets/afqwe0/clotheslabelled/Mahesh/Dhaka Topi/303c46a6fef66dc5040c544bb7a47e50_1.jpg,13,0.671301,0.5277,0.37764,0.757483
/kaggle/input/datasets/afqwe0/clotheslabelled/Mahesh/Dhaka Topi/303c46a6fef66dc5040c544bb7a47e50_1.jpg,13,0.337635,0.469015,0.336426,0.61824
/kaggle/input/datasets/afqwe0/clotheslabelled/Mahesh/Dhaka Topi/303c46a6fef66dc5040c544bb7a47e50_1.jpg,13,0.671409,0.528318,0.379478,0.763341
/kaggle/input/datasets/afqwe0/clotheslabelled/Mahesh/Dhaka Topi/303c46a6fef66dc5040c544bb7a47e50_1.jpg,13,0.337253,0.468039,0.337298,0.61824
/kaggle/input/datasets/afqwe0/clotheslabelled/Mahesh/Dhaka Topi/a6faf417d06c91fc58da98dffa636d23.jpg,13,0.517684,0.193729,0.262472,0.209153
/kaggle/input/datasets/afqwe0/clotheslabelled/Mahesh/Dhaka Topi/a1219ae73e4dad928ae6fcc9b032b9e2.jpg,13,0.49536,0.491798,0.694956,0.835591
/kaggle/input/datasets/afqwe0/clotheslabelled/Mahesh/Dhaka Topi/a1219ae73e4dad928ae6fcc9b032b9e2.jpg,13,0.49604,0.494965,0.696826,0.837727
/kaggle/input/datasets/afqwe0/clotheslabelled/Mahesh/Dhaka Topi/254dca281f6041697d99c6813dae2383.jpg,13,0.466211,0.320168,0.585865,0.281491
/kaggle/input/datasets/afqwe0/clotheslabelled/Mahesh/Dhaka Topi/254dca281f6041697d99c6813dae2383.jpg,13,0.498292,0.589362,1.0,0.809397
/kaggle/input/datasets/afqwe0/clotheslabelled/Mahesh/Dhaka Topi/79913f8c90d7b22164208d3e203f9a6c.jpg,13,0.492493,0.511458,0.890371,0.985224
/kaggle/input/datasets/afqwe0/clotheslabelled/Mahesh/Dhaka Topi/79913f8c90d7b22164208d3e203f9a6c.jpg,13,0.49289,0.512251,0.891887,0.983007
/kaggle/input/datasets/afqwe0/clotheslabelled/Mahesh/Dhaka Topi/4dbec7eb716cc3cdc6e58da738a8c1d9.jpg,13,0.532353,0.354504,0.341956,0.21901
/kaggle/input/datasets/afqwe0/clotheslabelled/Mahesh/Dhaka Topi/4dbec7eb716cc3cdc6e58da738a8c1d9.jpg,13,0.532434,0.355574,0.341956,0.221695
/kaggle/input/datasets/afqwe0/clotheslabelled/Mahesh/Dhaka Topi/18e0439939f9b3dc55520a2967741bad.jpg,13,0.447295,0.143418,0.351872,0.215688
/kaggle/input/datasets/afqwe0/clotheslabelled/Mahesh/Dhaka Topi/18e0439939f9b3dc55520a2967741bad.jpg,13,0.447386,0.145246,0.349773,0.216349
/kaggle/input/datasets/afqwe0/clotheslabelled/Mahesh/Dhaka Topi/b01d4db7e23c7f8d49e19d33726f5390.jpg,13,0.451788,0.417458,0.844863,0.51475
/kaggle/input/datasets/afqwe0/clotheslabelled/Mahesh/Dhaka Topi/b01d4db7e23c7f8d49e19d33726f5390.jpg,13,0.451241,0.418151,0.850623,0.516701
/kaggle/input/datasets/afqwe0/clotheslabelled/Mahesh/Dhaka Topi/b01d4db7e23c7f8d49e19d33726f5390.jpg,13,0.504071,0.577495,0.950389,0.831253
/kaggle/input/datasets/afqwe0/clotheslabelled/Mahesh/Dhaka Topi/a8e4dd7f41425294e009890d61cc7df6.jpg,13,0.490548,0.154028,0.35389,0.236171
/kaggle/input/datasets/afqwe0/clotheslabelled/Mahesh/Dhaka Topi/a8e4dd7f41425294e009890d61cc7df6.jpg,13,0.490385,0.152463,0.35389,0.233364
/kaggle/input/datasets/afqwe0/clotheslabelled/Mahesh/Dhaka Topi/21e7f3c464907835fbc95b689bd72b1c.jpg,13,0.616532,0.50945,0.638115,1.0
/kaggle/input/datasets/afqwe0/clotheslabelled/Mahesh/Dhaka Topi/32429c8b902efe77a79e734e485fe9c5.jpg,13,0.500298,0.486429,0.625393,0.863484
/kaggle/input/datasets/afqwe0/clotheslabelled/Mahesh/Dhaka Topi/32429c8b902efe77a79e734e485fe9c5.jpg,13,0.500668,0.488344,0.624478,0.863484
/kaggle/input/datasets/afqwe0/clotheslabelled/Mahesh/Dhaka Topi/6674757469a362c9275c4f2a74b9fa6d.jpg,13,0.530964,0.176336,0.467357,0.320914
/kaggle/input/datasets/afqwe0/clotheslabelled/Mahesh/Dhaka Topi/b01d4db7e23c7f8d49e19d33726f5390_1.jpg,13,0.451788,0.417458,0.844863,0.51475
/kaggle/input/datasets/afqwe0/clotheslabelled/Mahesh/Dhaka Topi/b01d4db7e23c7f8d49e19d33726f5390_1.jpg,13,0.451241,0.418151,0.850623,0.516701
/kaggle/input/datasets/afqwe0/clotheslabelled/Mahesh/Dhaka Topi/b01d4db7e23c7f8d49e19d33726f5390_1.jpg,13,0.504071,0.577495,0.950389,0.831253
/kaggle/input/datasets/afqwe0/clotheslabelled/Mahesh/Dhaka Topi/02448ac0ef5c3a95e15592b26e4489dc.jpg,13,0.519027,0.507422,0.589395,0.965925
/kaggle/input/datasets/afqwe0/clotheslabelled/Mahesh/Dhaka Topi/7bfe85c2d7123b89491bc358f090b662.jpg,13,0.514323,0.169717,0.476277,0.25136
/kaggle/input/datasets/afqwe0/clotheslabelled/Mahesh/Dhaka Topi/7bfe85c2d7123b89491bc358f090b662.jpg,13,0.512584,0.170114,0.475008,0.250259
/kaggle/input/datasets/afqwe0/clotheslabelled/Mahesh/Dhaka Topi/89270b1f1e0aaa67b8dd6d9d5d0b81b0.jpg,13,0.638439,0.552311,0.301988,0.372123
/kaggle/input/datasets/afqwe0/clotheslabelled/Mahesh/Dhaka Topi/0087bdab8f2856770584b0d71798b0e8.jpg,13,0.572962,0.195097,0.627402,0.376723
/kaggle/input/datasets/afqwe0/clotheslabelled/Mahesh/Dhaka Topi/a38209dd9a6ea9f1fc2be7d40e116fe4.jpg,13,0.771851,0.446082,0.325185,0.557231
/kaggle/input/datasets/afqwe0/clotheslabelled/Mahesh/Dhaka Topi/152d0778f5d3cf2e0f6a2ffba34cd467.jpg,13,0.504243,0.518668,1.0,0.951179
/kaggle/input/datasets/afqwe0/clotheslabelled/Mahesh/Dhaka Topi/152d0778f5d3cf2e0f6a2ffba34cd467.jpg,13,0.381447,0.153187,0.342056,0.231169
/kaggle/input/datasets/afqwe0/clotheslabelled/Mahesh/Dhaka Topi/06c2b5e5c253a0e1d76f3a88ba696048.jpg,13,0.479504,0.472294,0.626308,0.699419
/kaggle/input/datasets/afqwe0/clotheslabelled/Mahesh/Dhaka Topi/06c2b5e5c253a0e1d76f3a88ba696048.jpg,13,0.478651,0.471467,0.627222,0.701059
/kaggle/input/datasets/afqwe0/clotheslabelled/Mahesh/Dhaka Topi/87e0f94d88ed8bbd8ce10aadff2649be_1.jpg,13,0.497994,0.493751,0.966831,0.982571
/kaggle/input/datasets/afqwe0/clotheslabelled/Mahesh/Dhaka Topi/87e0f94d88ed8bbd8ce10aadff2649be_1.jpg,13,0.498888,0.495148,0.968928,0.985055
/kaggle/input/datasets/afqwe0/clotheslabelled/Mahesh/Dhaka Topi/32c739ec6d0a4635471541da3acbb209.jpg,13,0.495213,0.310052,0.684409,0.467924
/kaggle/input/datasets/afqwe0/clotheslabelled/Mahesh/Dhaka Topi/32c739ec6d0a4635471541da3acbb209.jpg,13,0.494939,0.310196,0.684409,0.469869
/kaggle/input/datasets/afqwe0/clotheslabelled/Mahesh/Dhaka Topi/9a00d2349473ad70eaadb9eb70befa5e.jpg,13,0.506241,0.461619,0.645352,0.676713
/kaggle/input/datasets/afqwe0/clotheslabelled/Mahesh/Dhaka Topi/9a00d2349473ad70eaadb9eb70befa5e.jpg,13,0.505889,0.461673,0.645352,0.676713
/kaggle/input/datasets/afqwe0/clotheslabelled/Mahesh/Dhaka Topi/a654721b7240363a025087ec8ca472ab.jpg,13,0.501759,0.304647,0.76627,0.436967
/kaggle/input/datasets/afqwe0/clotheslabelled/Mahesh/Dhaka Topi/a654721b7240363a025087ec8ca472ab.jpg,13,0.502881,0.305411,0.763341,0.43889
/kaggle/input/datasets/afqwe0/clotheslabelled/Mahesh/Dhaka Topi/a325332c5d1c007f3a28076ecb663378.jpg,13,0.458931,0.570509,0.681049,0.617313
/kaggle/input/datasets/afqwe0/clotheslabelled/Mahesh/Dhaka Topi/a325332c5d1c007f3a28076ecb663378.jpg,13,0.458931,0.572322,0.681049,0.618421
/kaggle/input/datasets/afqwe0/clotheslabelled/Mahesh/Dhaka Topi/5da139a976184c99232cc5dcc14692b1.jpg,13,0.522127,0.489621,0.796633,0.458212
/kaggle/input/datasets/afqwe0/clotheslabelled/Mahesh/Dhaka Topi/5da139a976184c99232cc5dcc14692b1.jpg,13,0.522452,0.490189,0.799137,0.458212
/kaggle/input/datasets/afqwe0/clotheslabelled/Mahesh/Dhaka Topi/77d22b1c8cf1fd036e16808220ec0e6f.jpg,13,0.471852,0.469945,0.624759,0.797052
/kaggle/input/datasets/afqwe0/clotheslabelled/Mahesh/Dhaka Topi/77d22b1c8cf1fd036e16808220ec0e6f.jpg,13,0.471585,0.470348,0.626861,0.798313
/kaggle/input/datasets/afqwe0/clotheslabelled/Mahesh/Dhaka Topi/43b4aa6684a64a4df5988efaa3ae66fe.jpg,13,0.581429,0.338912,0.39119,0.360362
/kaggle/input/datasets/afqwe0/clotheslabelled/Mahesh/Dhaka Topi/43b4aa6684a64a4df5988efaa3ae66fe.jpg,13,0.581429,0.339689,0.39119,0.362165
/kaggle/input/datasets/afqwe0/clotheslabelled/Mahesh/Dhaka Topi/357eb45590302e48c164ebd5e78d1371_1.jpg,13,0.521642,0.274343,0.777978,0.429294
/kaggle/input/datasets/afqwe0/clotheslabelled/Mahesh/Dhaka Topi/357eb45590302e48c164ebd5e78d1371_1.jpg,13,0.521185,0.274435,0.775052,0.429294
/kaggle/input/datasets/afqwe0/clotheslabelled/Mahesh/Dhaka Topi/cd731ac82e1fecce4b163a239e4b5579.jpg,13,0.716713,0.496276,0.565252,0.98968
/kaggle/input/datasets/afqwe0/clotheslabelled/Mahesh/Dhaka Topi/cd731ac82e1fecce4b163a239e4b5579.jpg,13,0.595402,0.095116,0.297071,0.185658
/kaggle/input/datasets/afqwe0/clotheslabelled/Mahesh/Dhaka Topi/6d5ba48ff5a65336e1e3bd21a8344f57.jpg,13,0.500751,0.500586,0.972852,0.874164
/kaggle/input/datasets/afqwe0/clotheslabelled/Mahesh/Dhaka Topi/6d5ba48ff5a65336e1e3bd21a8344f57.jpg,13,0.501152,0.501488,0.97071,0.875872
/kaggle/input/datasets/afqwe0/clotheslabelled/Mahesh/Dhaka Topi/1091d38a4bdc7d79bf8f1bb9f6658da4.jpg,13,0.427125,0.474341,0.831734,0.563242
/kaggle/input/datasets/afqwe0/clotheslabelled/Mahesh/Dhaka Topi/1091d38a4bdc7d79bf8f1bb9f6658da4.jpg,13,0.426895,0.475966,0.835193,0.563242
/kaggle/input/datasets/afqwe0/clotheslabelled/Mahesh/Dhaka Topi/9a00d2349473ad70eaadb9eb70befa5e_1.jpg,13,0.506241,0.461619,0.645352,0.676713
/kaggle/input/datasets/afqwe0/clotheslabelled/Mahesh/Dhaka Topi/9a00d2349473ad70eaadb9eb70befa5e_1.jpg,13,0.505889,0.461673,0.645352,0.676713
/kaggle/input/datasets/afqwe0/clotheslabelled/Mahesh/Dhaka Topi/9645ca263a32a8da16ccf68e2e92753d.jpg,13,0.480556,0.623743,0.653258,0.744806
/kaggle/input/datasets/afqwe0/clotheslabelled/Mahesh/Dhaka Topi/9645ca263a32a8da16ccf68e2e92753d.jpg,13,0.480637,0.619701,0.66172,0.738821
/kaggle/input/datasets/afqwe0/clotheslabelled/Mahesh/Dhaka Topi/fdd57d08b208e197ea44286b262bb5aa.jpg,13,0.505719,0.337843,0.812999,0.510847
/kaggle/input/datasets/afqwe0/clotheslabelled/Mahesh/Dhaka Topi/fdd57d08b208e197ea44286b262bb5aa.jpg,13,0.50549,0.338376,0.810089,0.512799
/kaggle/input/datasets/afqwe0/clotheslabelled/Mahesh/Dhaka Topi/74b604e5b2dfea53b3db6825a637b2ba.jpg,13,0.529637,0.481327,0.88026,0.576646
/kaggle/input/datasets/afqwe0/clotheslabelled/Mahesh/Dhaka Topi/74b604e5b2dfea53b3db6825a637b2ba.jpg,13,0.530071,0.479213,0.88026,0.578552
/kaggle/input/datasets/afqwe0/clotheslabelled/Mahesh/Dhaka Topi/8d046c0784a8ee85c077315af7560d28.jpg,13,0.501237,0.467205,0.786972,0.638032
/kaggle/input/datasets/afqwe0/clotheslabelled/Mahesh/Dhaka Topi/8d046c0784a8ee85c077315af7560d28.jpg,13,0.500397,0.465072,0.783548,0.634415
/kaggle/input/datasets/afqwe0/clotheslabelled/Mahesh/Dhaka Topi/572a718caa4d84ec9da5209b87757810.jpg,13,0.494873,0.497218,0.903363,0.811178
/kaggle/input/datasets/afqwe0/clotheslabelled/Mahesh/Dhaka Topi/572a718caa4d84ec9da5209b87757810.jpg,13,0.494873,0.496648,0.90199,0.813877
/kaggle/input/datasets/afqwe0/clotheslabelled/Mahesh/Dhaka Topi/dad4b087f0766e38b6d92534633be5a7.jpg,13,0.471625,0.28298,0.804766,0.448531
/kaggle/input/datasets/afqwe0/clotheslabelled/Mahesh/Dhaka Topi/dad4b087f0766e38b6d92534633be5a7.jpg,13,0.471625,0.283569,0.810595,0.452399
/kaggle/input/datasets/afqwe0/clotheslabelled/Mahesh/Dhaka Topi/3862ba96470750901def86920ca107e7.jpg,13,0.423796,0.370168,0.747764,0.689474
/kaggle/input/datasets/afqwe0/clotheslabelled/Mahesh/Dhaka Topi/a407b4c15234c43a69d9ba693400a76b.jpg,13,0.493355,0.507277,0.888915,0.410268
/kaggle/input/datasets/afqwe0/clotheslabelled/Mahesh/Dhaka Topi/a407b4c15234c43a69d9ba693400a76b.jpg,13,0.492215,0.506805,0.888915,0.410268
/kaggle/input/datasets/afqwe0/clotheslabelled/Mahesh/Dhaka Topi/715f62c830446c78ea01e19900979e6d.jpg,13,0.46877,0.393219,0.870683,0.458212
/kaggle/input/datasets/afqwe0/clotheslabelled/Mahesh/Dhaka Topi/715f62c830446c78ea01e19900979e6d.jpg,13,0.470781,0.392268,0.870683,0.464035
/kaggle/input/datasets/afqwe0/clotheslabelled/Mahesh/Dhaka Topi/bc583880bfae9c5a2c2cbab17edbc85d.jpg,13,0.503608,0.218379,0.6976,0.297559
/kaggle/input/datasets/afqwe0/clotheslabelled/Mahesh/Dhaka Topi/bc583880bfae9c5a2c2cbab17edbc85d.jpg,13,0.454803,0.320593,0.808971,0.491318
/kaggle/input/datasets/afqwe0/clotheslabelled/Mahesh/Dhaka Topi/31d615ec38f22212f1433a06ae770f1c.jpg,13,0.498727,0.199357,0.246178,0.199003
/kaggle/input/datasets/afqwe0/clotheslabelled/Mahesh/Dhaka Topi/31d615ec38f22212f1433a06ae770f1c.jpg,13,0.498666,0.199104,0.247631,0.199003
/kaggle/input/datasets/afqwe0/clotheslabelled/Mahesh/Dhaka Topi/d5b8e9fd714f41c5906048e87bb1cf6c.jpg,13,0.499872,0.311219,1.0,0.584343
/kaggle/input/datasets/afqwe0/clotheslabelled/Mahesh/Dhaka Topi/d5b8e9fd714f41c5906048e87bb1cf6c.jpg,13,0.498665,0.313577,1.0,0.577687
/kaggle/input/datasets/afqwe0/clotheslabelled/Mahesh/Dhaka Topi/bd075bab2b37f9de207c05c4d967638e.jpg,13,0.474616,0.11465,0.396154,0.223723
/kaggle/input/datasets/afqwe0/clotheslabelled/Mahesh/Dhaka Topi/bd075bab2b37f9de207c05c4d967638e.jpg,13,0.474433,0.114723,0.396154,0.223723
/kaggle/input/datasets/afqwe0/clotheslabelled/Mahesh/Dhaka Topi/9dfac6d3981a3feb664f3a29b950982a.jpg,13,0.484947,0.201069,0.595466,0.3408
/kaggle/input/datasets/afqwe0/clotheslabelled/Mahesh/Dhaka Topi/9dfac6d3981a3feb664f3a29b950982a.jpg,13,0.485435,0.201885,0.592893,0.342557
/kaggle/input/datasets/afqwe0/clotheslabelled/Mahesh/Dhaka Topi/303c46a6fef66dc5040c544bb7a47e50.jpg,13,0.671409,0.528784,0.375806,0.758514
/kaggle/input/datasets/afqwe0/clotheslabelled/Mahesh/Dhaka Topi/303c46a6fef66dc5040c544bb7a47e50.jpg,13,0.337212,0.469653,0.335554,0.61624
/kaggle/input/datasets/afqwe0/clotheslabelled/Mahesh/Dhaka Topi/303c46a6fef66dc5040c544bb7a47e50.jpg,13,0.671301,0.528854,0.379478,0.761447
/kaggle/input/datasets/afqwe0/clotheslabelled/Mahesh/Dhaka Topi/303c46a6fef66dc5040c544bb7a47e50.jpg,13,0.33728,0.46831,0.336426,0.61624
/kaggle/input/datasets/afqwe0/clotheslabelled/Mahesh/Dhaka Topi/0ce6383da5ac9c87d9bb652ce1f8e167.jpg,13,0.500444,0.519561,0.997451,0.874517
/kaggle/input/datasets/afqwe0/clotheslabelled/Mahesh/Dhaka Topi/0ce6383da5ac9c87d9bb652ce1f8e167.jpg,13,0.500097,0.517825,0.998014,0.872426
/kaggle/input/datasets/afqwe0/clotheslabelled/Mahesh/Dhaka Topi/a237cbe0d6f13a6c42432447d7c7ae0d.jpg,13,0.499832,0.600657,0.888231,0.684434
/kaggle/input/datasets/afqwe0/clotheslabelled/Mahesh/Dhaka Topi/a237cbe0d6f13a6c42432447d7c7ae0d.jpg,13,0.501766,0.599625,0.890835,0.682744
/kaggle/input/datasets/afqwe0/clotheslabelled/Mahesh/Dhaka Topi/04a86dfc39b089b934a2eea26ce222c2_1.jpg,13,0.227852,0.297583,0.374795,0.427381
/kaggle/input/datasets/afqwe0/clotheslabelled/Mahesh/Dhaka Topi/04a86dfc39b089b934a2eea26ce222c2_1.jpg,13,0.704269,0.267783,0.421104,0.44467
/kaggle/input/datasets/afqwe0/clotheslabelled/Mahesh/Dhaka Topi/04a86dfc39b089b934a2eea26ce222c2_1.jpg,13,0.228497,0.297047,0.375322,0.423562
/kaggle/input/datasets/afqwe0/clotheslabelled/Mahesh/Dhaka Topi/4c2a179d87b953669d57e32c4703564f.jpg,13,0.511067,0.518156,0.998059,0.709181
/kaggle/input/datasets/afqwe0/clotheslabelled/Mahesh/Dhaka Topi/4c2a179d87b953669d57e32c4703564f.jpg,13,0.510253,0.519399,0.994637,0.707567
/kaggle/input/datasets/afqwe0/clotheslabelled/Mahesh/Dhaka Topi/144e5297e213835eb38735b41729e114.jpg,13,0.501686,0.498633,0.759369,0.7507
/kaggle/input/datasets/afqwe0/clotheslabelled/Mahesh/Dhaka Topi/144e5297e213835eb38735b41729e114.jpg,13,0.502411,0.498276,0.759369,0.752159
/kaggle/input/datasets/afqwe0/clotheslabelled/Mahesh/Dhaka Topi/9aa06e46a696cb08730caf096b460cfd.jpg,13,0.352043,0.747711,0.693563,0.522785
/kaggle/input/datasets/afqwe0/clotheslabelled/Mahesh/Dhaka Topi/acc0db454fa4db95af551b5135b0276b.jpg,13,0.526408,0.163368,0.279917,0.234765
/kaggle/input/datasets/afqwe0/clotheslabelled/Mahesh/Dhaka Topi/83f2164284cfce8d243c6643149334d5.jpg,13,0.709663,0.200451,0.428668,0.199626
/kaggle/input/datasets/afqwe0/clotheslabelled/Mahesh/Dhaka Topi/83f2164284cfce8d243c6643149334d5.jpg,13,0.708735,0.199104,0.42628,0.199626
/kaggle/input/datasets/afqwe0/clotheslabelled/Mahesh/Dhaka Topi/a026310cde5efd66fcf2beccc46db944.jpg,13,0.499003,0.240286,0.745274,0.42547
/kaggle/input/datasets/afqwe0/clotheslabelled/Mahesh/Dhaka Topi/a026310cde5efd66fcf2beccc46db944.jpg,13,0.499384,0.242916,0.739194,0.42547
/kaggle/input/datasets/afqwe0/clotheslabelled/Mahesh/Dhaka Topi/67dc7233689e0b6b728f1413d94edd0d.jpg,13,0.489006,0.510838,0.841407,0.890371
/kaggle/input/datasets/afqwe0/clotheslabelled/Mahesh/Dhaka Topi/67dc7233689e0b6b728f1413d94edd0d.jpg,13,0.48938,0.513181,0.841407,0.890371
/kaggle/input/datasets/afqwe0/clotheslabelled/Mahesh/Dhaka Topi/c7a779995b64c120d39cafdf7bbe0490.jpg,13,0.470834,0.530236,0.800817,0.925284
/kaggle/input/datasets/afqwe0/clotheslabelled/Mahesh/Dhaka Topi/c7a779995b64c120d39cafdf7bbe0490.jpg,13,0.405032,0.200442,0.267491,0.274825
/kaggle/input/datasets/afqwe0/clotheslabelled/Mahesh/Dhaka Topi/abdf5d63985ac398a723ea6b562ef6bb.jpg,13,0.506713,0.506301,0.540059,0.385938
/kaggle/input/datasets/afqwe0/clotheslabelled/Mahesh/Dhaka Topi/abdf5d63985ac398a723ea6b562ef6bb.jpg,13,0.506164,0.507049,0.540059,0.385938
/kaggle/input/datasets/afqwe0/clotheslabelled/Mahesh/Dhaka Topi/def2df72881dac3737a4f5ec2822e79b.jpg,13,0.50456,0.628863,0.922931,0.672505
/kaggle/input/datasets/afqwe0/clotheslabelled/Mahesh/Dhaka Topi/def2df72881dac3737a4f5ec2822e79b.jpg,13,0.505617,0.625575,0.923797,0.669054
/kaggle/input/datasets/afqwe0/clotheslabelled/Mahesh/Dhaka Topi/4cda87d50dd0466fe321d2f46a141761.jpg,13,0.480277,0.429369,0.728603,0.665585
/kaggle/input/datasets/afqwe0/clotheslabelled/Mahesh/Dhaka Topi/4cda87d50dd0466fe321d2f46a141761.jpg,13,0.479492,0.430184,0.734055,0.669054
/kaggle/input/datasets/afqwe0/clotheslabelled/Mahesh/Dhaka Topi/5ee27fa0ee3a7ccb149e65bcbd3d09c1.jpg,13,0.488577,0.326095,0.344811,0.25796
/kaggle/input/datasets/afqwe0/clotheslabelled/Mahesh/Dhaka Topi/5ee27fa0ee3a7ccb149e65bcbd3d09c1.jpg,13,0.488871,0.325119,0.342844,0.253499
/kaggle/input/datasets/afqwe0/clotheslabelled/Mahesh/Dhaka Topi/32c739ec6d0a4635471541da3acbb209_1.jpg,13,0.495145,0.309635,0.681503,0.467924
/kaggle/input/datasets/afqwe0/clotheslabelled/Mahesh/Dhaka Topi/32c739ec6d0a4635471541da3acbb209_1.jpg,13,0.495168,0.310405,0.684409,0.471816
/kaggle/input/datasets/afqwe0/clotheslabelled/Mahesh/Dhaka Topi/fceea9b639d15a470b7ea95e41e24666.jpg,13,0.473585,0.696002,0.559668,0.456273
/kaggle/input/datasets/afqwe0/clotheslabelled/Mahesh/Dhaka Topi/fceea9b639d15a470b7ea95e41e24666.jpg,13,0.474235,0.696226,0.557133,0.456273
/kaggle/input/datasets/afqwe0/clotheslabelled/Mahesh/Dhaka Topi/ab4d70d061c48eb935786eac188e73f9.jpg,13,0.557262,0.475776,0.773294,0.632601
/kaggle/input/datasets/afqwe0/clotheslabelled/Mahesh/Dhaka Topi/ab4d70d061c48eb935786eac188e73f9.jpg,13,0.556127,0.47694,0.780127,0.634415
/kaggle/input/datasets/afqwe0/clotheslabelled/Mahesh/Dhaka Topi/db4608a5179630f545c55dbb49b05335.jpg,13,0.516424,0.570331,0.916695,0.704324
/kaggle/input/datasets/afqwe0/clotheslabelled/Mahesh/Dhaka Topi/db4608a5179630f545c55dbb49b05335.jpg,13,0.520327,0.571043,0.908891,0.702694
/kaggle/input/datasets/afqwe0/clotheslabelled/Mahesh/Dhaka Topi/459ba688e6dd63a49a79d7f750a1e0e0.jpg,13,0.497074,0.16751,0.394716,0.291068
/kaggle/input/datasets/afqwe0/clotheslabelled/Mahesh/Dhaka Topi/459ba688e6dd63a49a79d7f750a1e0e0.jpg,13,0.497094,0.168482,0.395802,0.289861
/kaggle/input/datasets/afqwe0/clotheslabelled/Mahesh/Dhaka Topi/3453bcab88b2f6fef231113ea013bc9a.jpg,13,0.501923,0.498299,0.975596,0.991616
/kaggle/input/datasets/afqwe0/clotheslabelled/Mahesh/Dhaka Topi/3453bcab88b2f6fef231113ea013bc9a.jpg,13,0.501785,0.498912,0.974062,0.991616
/kaggle/input/datasets/afqwe0/clotheslabelled/Mahesh/Dhaka Topi/343fc5e6d91da5ef20c0649ddf16fffc.jpg,13,0.503708,0.488381,0.98968,0.675937
/kaggle/input/datasets/afqwe0/clotheslabelled/Mahesh/Dhaka Topi/343fc5e6d91da5ef20c0649ddf16fffc.jpg,13,0.502975,0.490785,0.989994,0.675937
/kaggle/input/datasets/afqwe0/clotheslabelled/Mahesh/Dhaka Topi/49ac881979a5542f01366d7c94b75d0a.jpg,13,0.539226,0.497188,0.532377,1.0
/kaggle/input/datasets/afqwe0/clotheslabelled/Mahesh/Dhaka Topi/49ac881979a5542f01366d7c94b75d0a.jpg,13,0.538741,0.495868,0.53335,1.0
/kaggle/input/datasets/afqwe0/clotheslabelled/Mahesh/Dhaka Topi/de6b1578a8fc9c01467789c01abd2496.jpg,13,0.435822,0.113662,0.30744,0.222369
/kaggle/input/datasets/afqwe0/clotheslabelled/Mahesh/Dhaka Topi/de6b1578a8fc9c01467789c01abd2496.jpg,13,0.435791,0.111553,0.306517,0.217677
/kaggle/input/datasets/afqwe0/clotheslabelled/Mahesh/Dhaka Topi/357eb45590302e48c164ebd5e78d1371.jpg,13,0.521642,0.274343,0.777978,0.429294
/kaggle/input/datasets/afqwe0/clotheslabelled/Mahesh/Dhaka Topi/357eb45590302e48c164ebd5e78d1371.jpg,13,0.521185,0.274435,0.775052,0.429294
/kaggle/input/datasets/afqwe0/clotheslabelled/Mahesh/Dhaka Topi/bbc6ba9a7ecd487f9584119c008a4cdc.jpg,13,0.499655,0.454843,0.99266,0.924558
/kaggle/input/datasets/afqwe0/clotheslabelled/Mahesh/Dhaka Topi/bbc6ba9a7ecd487f9584119c008a4cdc.jpg,13,0.640802,0.433994,0.332428,0.369196
/kaggle/input/datasets/afqwe0/clotheslabelled/Mahesh/Dhaka Topi/bbc6ba9a7ecd487f9584119c008a4cdc.jpg,13,0.499972,0.459223,0.994449,0.916869
/kaggle/input/datasets/afqwe0/clotheslabelled/Mahesh/Dhaka Topi/86a6a7e034e00581787707d93c2d4cd5.jpg,13,0.639846,0.552676,0.301988,0.372123
/kaggle/input/datasets/afqwe0/clotheslabelled/Mahesh/Dhaka Topi/c90c55b4c104bf446ecb7ef22f472b21.jpg,13,0.501472,0.178923,0.396376,0.218343
/kaggle/input/datasets/afqwe0/clotheslabelled/Mahesh/Dhaka Topi/c90c55b4c104bf446ecb7ef22f472b21.jpg,13,0.501472,0.179217,0.39866,0.220349
/kaggle/input/datasets/afqwe0/clotheslabelled/Mahesh/Dhaka Topi/bcf2fe1b2dfc56b5282d381e7c2fd660.jpg,13,0.529178,0.206136,0.53072,0.408379
/kaggle/input/datasets/afqwe0/clotheslabelled/Mahesh/Dhaka Topi/a6521fded4fdbf1951e753b3896dde61.jpg,13,0.500083,0.477165,0.966939,0.687799
/kaggle/input/datasets/afqwe0/clotheslabelled/Mahesh/Dhaka Topi/a6521fded4fdbf1951e753b3896dde61.jpg,13,0.500189,0.478651,0.965407,0.687798
/kaggle/input/datasets/afqwe0/clotheslabelled/Mahesh/Dhaka Topi/4c2a179d87b953669d57e32c4703564f_1.jpg,13,0.511067,0.518156,0.998059,0.709181
/kaggle/input/datasets/afqwe0/clotheslabelled/Mahesh/Dhaka Topi/4c2a179d87b953669d57e32c4703564f_1.jpg,13,0.510253,0.519399,0.994637,0.707567
/kaggle/input/datasets/afqwe0/clotheslabelled/Mahesh/Dhaka Topi/14938798d7e62f5885a92210814e3fd9.jpg,13,0.530845,0.532007,0.890371,0.941264
/kaggle/input/datasets/afqwe0/clotheslabelled/Mahesh/Dhaka Topi/14938798d7e62f5885a92210814e3fd9.jpg,13,0.531696,0.533338,0.896324,0.941264
/kaggle/input/datasets/afqwe0/clotheslabelled/Mahesh/Dhaka Topi/d8ab187e986b1c7ca8274f1f32623d43.jpg,13,0.500508,0.156545,0.316426,0.208508
/kaggle/input/datasets/afqwe0/clotheslabelled/Mahesh/Dhaka Topi/d8ab187e986b1c7ca8274f1f32623d43.jpg,13,0.500343,0.157787,0.320232,0.211098
/kaggle/input/datasets/afqwe0/clotheslabelled/Mahesh/Dhaka Topi/ed57925358bbb0ed0f668c66ca6a5ed3.jpg,13,0.491162,0.30382,0.775052,0.452399
/kaggle/input/datasets/afqwe0/clotheslabelled/Mahesh/Dhaka Topi/ed57925358bbb0ed0f668c66ca6a5ed3.jpg,13,0.491391,0.304273,0.775052,0.456273
/kaggle/input/datasets/afqwe0/clotheslabelled/Mahesh/Dhaka Topi/d5b8e9fd714f41c5906048e87bb1cf6c_1.jpg,13,0.499872,0.311219,1.0,0.584343
/kaggle/input/datasets/afqwe0/clotheslabelled/Mahesh/Dhaka Topi/d5b8e9fd714f41c5906048e87bb1cf6c_1.jpg,13,0.498665,0.313577,1.0,0.577687
/kaggle/input/datasets/afqwe0/clotheslabelled/Mahesh/Dhaka Topi/04a86dfc39b089b934a2eea26ce222c2.jpg,13,0.227852,0.297583,0.374795,0.427381
/kaggle/input/datasets/afqwe0/clotheslabelled/Mahesh/Dhaka Topi/04a86dfc39b089b934a2eea26ce222c2.jpg,13,0.704269,0.267783,0.421104,0.44467
/kaggle/input/datasets/afqwe0/clotheslabelled/Mahesh/Dhaka Topi/04a86dfc39b089b934a2eea26ce222c2.jpg,13,0.228497,0.297047,0.375322,0.423562
/kaggle/input/datasets/afqwe0/clotheslabelled/Mahesh/Dhaka Topi/b0fb9e691a601766187c6719def51d9e.jpg,13,0.66004,0.276949,0.384088,0.567838
/kaggle/input/datasets/afqwe0/clotheslabelled/Mahesh/Dhaka Topi/b0fb9e691a601766187c6719def51d9e.jpg,13,0.494293,0.512676,0.709181,1.0
/kaggle/input/datasets/afqwe0/clotheslabelled/Mahesh/Dhaka Topi/90609f0768ef7a63bf69ee5ea920ed6f.jpg,13,0.593452,0.118037,0.46931,0.233364
/kaggle/input/datasets/afqwe0/clotheslabelled/Mahesh/Dhaka Topi/87e0f94d88ed8bbd8ce10aadff2649be.jpg,13,0.497994,0.493751,0.966831,0.982571
/kaggle/input/datasets/afqwe0/clotheslabelled/Mahesh/Dhaka Topi/87e0f94d88ed8bbd8ce10aadff2649be.jpg,13,0.498888,0.495148,0.968928,0.985055
/kaggle/input/datasets/afqwe0/clotheslabelled/Mahesh/Sari/156b881a890246efe1816598556ff52e.jpg,14,0.615532,0.549157,0.690821,0.876257
/kaggle/input/datasets/afqwe0/clotheslabelled/Mahesh/Sari/35b8cf1ac1759fbcb13ff547f462b408.jpg,14,0.231184,0.603509,0.24333,0.639834
/kaggle/input/datasets/afqwe0/clotheslabelled/Mahesh/Sari/f9f07cc00f19f63ff53beb6eeee246c6.jpg,14,0.637833,0.566702,0.71275,0.859758
/kaggle/input/datasets/afqwe0/clotheslabelled/Mahesh/Sari/f9f07cc00f19f63ff53beb6eeee246c6.jpg,14,0.637543,0.566978,0.71275,0.855948
/kaggle/input/datasets/afqwe0/clotheslabelled/Mahesh/Sari/e5a9d3629b6cd720ec09403fffd2efc7.jpg,14,0.513279,0.726521,1.0,0.503126
/kaggle/input/datasets/afqwe0/clotheslabelled/Mahesh/Sari/d06773d67c292a350f553403bf8a0d12.jpg,14,0.440578,0.744959,0.222056,0.497176
/kaggle/input/datasets/afqwe0/clotheslabelled/Mahesh/Sari/1d84d3db13d939e7729899c1aa7bdce8.jpg,14,0.545282,0.66308,0.325802,0.43889
/kaggle/input/datasets/afqwe0/clotheslabelled/Mahesh/Sari/1d84d3db13d939e7729899c1aa7bdce8.jpg,14,0.533481,0.665475,0.284677,0.43889
/kaggle/input/datasets/afqwe0/clotheslabelled/Mahesh/Sari/4104dcf47e7ae2609079d4e5fd43b7c6.jpg,14,0.484864,0.631638,0.408684,0.725733
/kaggle/input/datasets/afqwe0/clotheslabelled/Mahesh/Sari/c70b35620b41b0768d9b7cae1f8898e2.jpg,14,0.46947,0.510614,0.562782,0.963384
/kaggle/input/datasets/afqwe0/clotheslabelled/Mahesh/Sari/c70b35620b41b0768d9b7cae1f8898e2.jpg,14,0.467087,0.5114,0.559782,0.963384
/kaggle/input/datasets/afqwe0/clotheslabelled/Mahesh/Sari/d66a0a78f6a68a0d874e997b09789bd4.jpg,14,0.474384,0.642882,0.924334,0.713991
/kaggle/input/datasets/afqwe0/clotheslabelled/Mahesh/Sari/6f65aad1d97f12eb33e76625352d0717.jpg,14,0.487466,0.780899,0.468385,0.435046
/kaggle/input/datasets/afqwe0/clotheslabelled/Mahesh/Sari/e9c371d9e0273849f76bc2e810884464.jpg,14,0.490069,0.684942,0.572198,0.619801
/kaggle/input/datasets/afqwe0/clotheslabelled/Mahesh/Sari/e366a96df46bf5b38c592ca423406341.jpg,14,0.529948,0.579446,0.653176,0.775339
/kaggle/input/datasets/afqwe0/clotheslabelled/Mahesh/Sari/e366a96df46bf5b38c592ca423406341.jpg,14,0.533249,0.581303,0.659454,0.775339
/kaggle/input/datasets/afqwe0/clotheslabelled/Mahesh/Sari/0a001ef1e91f1f7fb88436f9ba1abe4d.jpg,14,0.511462,0.753037,0.480319,0.489365
/kaggle/input/datasets/afqwe0/clotheslabelled/Mahesh/Sari/61ed06c8217fd0659e11f6bc6fba9526.jpg,14,0.493932,0.72887,0.257328,0.503036
/kaggle/input/datasets/afqwe0/clotheslabelled/Mahesh/Sari/b8861e6ec13a65a21cc46621668e92e4.jpg,14,0.761623,0.498145,0.526357,0.991691
/kaggle/input/datasets/afqwe0/clotheslabelled/Mahesh/Sari/b8861e6ec13a65a21cc46621668e92e4.jpg,14,0.285524,0.49668,0.531372,0.997819
/kaggle/input/datasets/afqwe0/clotheslabelled/Mahesh/Sari/fdee9926992bf32534660f961d0761eb.jpg,14,0.561341,0.698887,0.621094,0.591826
/kaggle/input/datasets/afqwe0/clotheslabelled/Mahesh/Sari/e4e978dedf86fb25a69a6048351b60b5.jpg,14,0.612239,0.763496,0.291557,0.464035
/kaggle/input/datasets/afqwe0/clotheslabelled/Mahesh/Sari/5e00c5c2b5c8918c4528d58af6da45cc.jpg,14,0.657147,0.551045,0.47882,0.767068
/kaggle/input/datasets/afqwe0/clotheslabelled/Mahesh/Sari/5e00c5c2b5c8918c4528d58af6da45cc.jpg,14,0.656447,0.549998,0.477548,0.758588
/kaggle/input/datasets/afqwe0/clotheslabelled/Mahesh/Sari/2209de39d1165a6e93aed7c302e0c1f3.jpg,14,0.602777,0.572627,0.620738,0.848069
/kaggle/input/datasets/afqwe0/clotheslabelled/Mahesh/Sari/5cfe9b2f736ac16768d1c275e16eb72a.jpg,14,0.574958,0.726354,0.277989,0.536176
/kaggle/input/datasets/afqwe0/clotheslabelled/Mahesh/Sari/2b5a05c1e95f8c8fe2de90639400624f.jpg,14,0.534355,0.751581,0.262332,0.487414
/kaggle/input/datasets/afqwe0/clotheslabelled/Mahesh/Sari/0d42f06b5d2d192fbbdb2e4c152d9072.jpg,14,0.631548,0.563402,0.641692,0.804529
/kaggle/input/datasets/afqwe0/clotheslabelled/Mahesh/Sari/0d42f06b5d2d192fbbdb2e4c152d9072.jpg,14,0.638931,0.559531,0.634882,0.803298
/kaggle/input/datasets/afqwe0/clotheslabelled/Mahesh/Sari/463b117da67d87e9d67128e90b140c44.jpg,14,0.505742,0.765781,0.511568,0.465979
/kaggle/input/datasets/afqwe0/clotheslabelled/Mahesh/Sari/5284647ba045e1b7897fecf44f23873c.jpg,14,0.54303,0.607197,0.487012,0.780735
/kaggle/input/datasets/afqwe0/clotheslabelled/Mahesh/Sari/7f42146717971c620f43350b1266602c.jpg,14,0.534293,0.638276,0.559478,0.719469
/kaggle/input/datasets/afqwe0/clotheslabelled/Mahesh/Sari/b43587666056797074bd7f5b245ab30d.jpg,14,0.524075,0.656851,0.833792,0.681049
/kaggle/input/datasets/afqwe0/clotheslabelled/Mahesh/Sari/405b5bf9cee9de0cbd5593468af8e078.jpg,14,0.54032,0.686222,0.673311,0.619802
/kaggle/input/datasets/afqwe0/clotheslabelled/Mahesh/Sari/e40e0a916efa6cbc55809da396e0f6dc.jpg,14,0.454039,0.513054,0.487543,0.962265
/kaggle/input/datasets/afqwe0/clotheslabelled/Mahesh/Sari/ad6bf452d1b47e2753bd1e36c33031af.jpg,14,0.591825,0.663952,0.349942,0.568999
/kaggle/input/datasets/afqwe0/clotheslabelled/Mahesh/Sari/ad6bf452d1b47e2753bd1e36c33031af.jpg,14,0.368785,0.676897,0.24246,0.595595
/kaggle/input/datasets/afqwe0/clotheslabelled/Mahesh/Sari/080944f1b3ab7a861c7e2a13497480a0.jpg,14,0.639691,0.627613,0.453274,0.49913
/kaggle/input/datasets/afqwe0/clotheslabelled/Mahesh/Sari/f7853314c4d7ffd2cc63f7b2f87b870a_1.jpg,14,0.589959,0.536799,0.655943,0.843999
/kaggle/input/datasets/afqwe0/clotheslabelled/Mahesh/Sari/f7853314c4d7ffd2cc63f7b2f87b870a_1.jpg,14,0.59068,0.531793,0.656664,0.854011
/kaggle/input/datasets/afqwe0/clotheslabelled/Mahesh/Sari/ab4c5812598b7771f0441bb6b477ecba.jpg,14,0.585007,0.780507,0.309278,0.427381
/kaggle/input/datasets/afqwe0/clotheslabelled/Mahesh/Sari/ab4c5812598b7771f0441bb6b477ecba.jpg,14,0.527889,0.785305,0.191819,0.422038
/kaggle/input/datasets/afqwe0/clotheslabelled/Mahesh/Sari/8bce4a0ebd7476f2865b3f72db0965cb.jpg,14,0.523413,0.776126,0.330158,0.440815
/kaggle/input/datasets/afqwe0/clotheslabelled/Mahesh/Sari/dec2c630df7e2dde61ee048def7e1625.jpg,14,0.570256,0.762713,0.551018,0.464036
/kaggle/input/datasets/afqwe0/clotheslabelled/Mahesh/Sari/dec2c630df7e2dde61ee048def7e1625.jpg,14,0.570557,0.764025,0.553427,0.464036
/kaggle/input/datasets/afqwe0/clotheslabelled/Mahesh/Sari/061712ed6964545b84ea1052d6e466f6.jpg,14,0.681034,0.531163,0.389035,0.931738
/kaggle/input/datasets/afqwe0/clotheslabelled/Mahesh/Sari/8d66e1e0708a08bebee0a17eddf6e647.jpg,14,0.285091,0.581778,0.603609,0.83175
/kaggle/input/datasets/afqwe0/clotheslabelled/Mahesh/Sari/8d66e1e0708a08bebee0a17eddf6e647.jpg,14,0.759796,0.583203,0.528585,0.822821
/kaggle/input/datasets/afqwe0/clotheslabelled/Mahesh/Sari/de7f477097bad3279533a029d55318dc.jpg,14,0.514765,0.683271,0.478851,0.627137
/kaggle/input/datasets/afqwe0/clotheslabelled/Mahesh/Sari/de7f477097bad3279533a029d55318dc.jpg,14,0.514765,0.683529,0.476342,0.627137
/kaggle/input/datasets/afqwe0/clotheslabelled/Mahesh/Sari/2394e3350b9c8f756956e5838797088c.jpg,14,0.51123,0.65275,0.704302,0.683511
/kaggle/input/datasets/afqwe0/clotheslabelled/Mahesh/Sari/b91a2080501082e82d53549c504352ac.jpg,14,0.49961,0.684415,0.507026,0.621641
/kaggle/input/datasets/afqwe0/clotheslabelled/Mahesh/Sari/63389ac3e3edeab78baf0514b7c13000.jpg,14,0.640474,0.668295,0.222418,0.501083
/kaggle/input/datasets/afqwe0/clotheslabelled/Mahesh/Sari/63389ac3e3edeab78baf0514b7c13000.jpg,14,0.494827,0.684538,0.184,0.485462
/kaggle/input/datasets/afqwe0/clotheslabelled/Mahesh/Sari/54fda4d6b1eaf1bfce75154900bd998f.jpg,14,0.383789,0.786471,0.174903,0.419751
/kaggle/input/datasets/afqwe0/clotheslabelled/Mahesh/Sari/54fda4d6b1eaf1bfce75154900bd998f.jpg,14,0.535085,0.797248,0.167902,0.397105
/kaggle/input/datasets/afqwe0/clotheslabelled/Mahesh/Sari/a9b06f98bb623567dd5142480ed61def.jpg,14,0.610197,0.647753,0.848885,0.345201
/kaggle/input/datasets/afqwe0/clotheslabelled/Mahesh/Sari/e4e978dedf86fb25a69a6048351b60b5_1.jpg,14,0.612239,0.763496,0.291557,0.464035
/kaggle/input/datasets/afqwe0/clotheslabelled/Mahesh/Sari/6a70645e944647d9030c6464f3cc2a51.jpg,14,0.31022,0.713474,0.469572,0.557468
/kaggle/input/datasets/afqwe0/clotheslabelled/Mahesh/Sari/6a70645e944647d9030c6464f3cc2a51.jpg,14,0.760608,0.737845,0.497246,0.51475
/kaggle/input/datasets/afqwe0/clotheslabelled/Mahesh/Sari/4b733ba60572e0d4975d3a0c0f9fab40.jpg,14,0.541259,0.497657,0.952453,0.99266
/kaggle/input/datasets/afqwe0/clotheslabelled/Mahesh/Sari/4b733ba60572e0d4975d3a0c0f9fab40.jpg,14,0.544822,0.499206,0.951031,0.993102
/kaggle/input/datasets/afqwe0/clotheslabelled/Mahesh/Sari/4b733ba60572e0d4975d3a0c0f9fab40.jpg,14,0.592477,0.49773,0.841235,0.993834
/kaggle/input/datasets/afqwe0/clotheslabelled/Mahesh/Sari/de25f27b8b2bff41cb00268e53a0e2fe.jpg,14,0.588991,0.703389,0.88704,0.582357
/kaggle/input/datasets/afqwe0/clotheslabelled/Mahesh/Sari/c8e96f8abf7aa5601b31768e4f0e83b5.jpg,14,0.618066,0.520496,0.657001,0.948955
/kaggle/input/datasets/afqwe0/clotheslabelled/Mahesh/Sari/c8e96f8abf7aa5601b31768e4f0e83b5.jpg,14,0.619561,0.521569,0.655944,0.949707
/kaggle/input/datasets/afqwe0/clotheslabelled/Mahesh/Sari/f3f7b2249cad5dfb4b9ad62a52bd3e2f.jpg,14,0.271942,0.49773,0.406075,0.998111
/kaggle/input/datasets/afqwe0/clotheslabelled/Mahesh/Sari/f3f7b2249cad5dfb4b9ad62a52bd3e2f.jpg,14,0.727842,0.498238,0.56197,0.99266
/kaggle/input/datasets/afqwe0/clotheslabelled/Mahesh/Sari/704d58d046b07117a1efb5ee390e67c1.jpg,14,0.493814,0.595163,0.937139,0.805755
/kaggle/input/datasets/afqwe0/clotheslabelled/Mahesh/Sari/704d58d046b07117a1efb5ee390e67c1.jpg,14,0.498467,0.596433,0.966204,0.808189
/kaggle/input/datasets/afqwe0/clotheslabelled/Mahesh/Sari/bdb0ac81ba4cc8484859baf1a97d845c.jpg,14,0.463405,0.625557,0.393808,0.662891
/kaggle/input/datasets/afqwe0/clotheslabelled/Mahesh/Sari/badf7eaa5eb223ee55876f8f69859c37.jpg,14,0.637244,0.640028,0.769741,0.706684
/kaggle/input/datasets/afqwe0/clotheslabelled/Mahesh/Sari/c298a75d9497b8beb642888ee9349bb9.jpg,14,0.62799,0.56202,0.641692,0.806975
/kaggle/input/datasets/afqwe0/clotheslabelled/Mahesh/Sari/2880fa684d00d6fb731c0657f37eb0d6.jpg,14,0.604773,0.611753,0.672641,0.770604
/kaggle/input/datasets/afqwe0/clotheslabelled/Mahesh/Sari/09524c0499518bb096a75508ec78d34a.jpg,14,0.580931,0.628982,0.381232,0.638032
/kaggle/input/datasets/afqwe0/clotheslabelled/Mahesh/Sari/aec9ff5e0860abc37d97ff22b733d730.jpg,14,0.477435,0.584153,0.477548,0.703434
/kaggle/input/datasets/afqwe0/clotheslabelled/Mahesh/Sari/adb28fb0c001e6bd47f08e01884306c9.jpg,14,0.484376,0.737467,0.282539,0.516701
/kaggle/input/datasets/afqwe0/clotheslabelled/Mahesh/Sari/3a3d133b634a5d5b12c11eb875986fb2.jpg,14,0.515879,0.605804,0.442673,0.676713
/kaggle/input/datasets/afqwe0/clotheslabelled/Mahesh/Sari/04a6a63d794327ae757527260091f90f.jpg,14,0.576286,0.729449,0.798432,0.532288
/kaggle/input/datasets/afqwe0/clotheslabelled/Mahesh/Sari/2b96f1c98eef6bea7b3fea5871ee8ee8.jpg,14,0.533965,0.732937,0.751074,0.531405
/kaggle/input/datasets/afqwe0/clotheslabelled/Mahesh/Sari/f904b3bd3a59b3f715ef0877cb180092.jpg,14,0.551837,0.678585,0.619844,0.632601
/kaggle/input/datasets/afqwe0/clotheslabelled/Mahesh/Sari/b328be4fd33d3fedea6a38b8248ba91c.jpg,14,0.563343,0.717648,0.452768,0.557468
/kaggle/input/datasets/afqwe0/clotheslabelled/Mahesh/Sari/9696f9f5529d57967a51ba9c3aeefd48.jpg,14,0.531707,0.543106,0.990876,0.906057
/kaggle/input/datasets/afqwe0/clotheslabelled/Mahesh/Sari/9696f9f5529d57967a51ba9c3aeefd48.jpg,14,0.528023,0.544899,0.9943,0.903363
/kaggle/input/datasets/afqwe0/clotheslabelled/Mahesh/Sari/09e0e193d72a5039a427f8fb626a0796.jpg,14,0.497268,0.759149,0.528814,0.473763
/kaggle/input/datasets/afqwe0/clotheslabelled/Mahesh/Sari/09e0e193d72a5039a427f8fb626a0796.jpg,14,0.496359,0.758803,0.53172,0.471816
/kaggle/input/datasets/afqwe0/clotheslabelled/Mahesh/Sari/609248acdbd6cf83dbb4bbbb3784ae80.jpg,14,0.486815,0.761019,0.162253,0.402729
/kaggle/input/datasets/afqwe0/clotheslabelled/Mahesh/Sari/a1f9f2274ea4549b5a18c495980b9d2b.jpg,14,0.469205,0.710828,0.863569,0.566211
/kaggle/input/datasets/afqwe0/clotheslabelled/Mahesh/Sari/1c1cadfa7591f83fefe5aff24bb4f9d0.jpg,14,0.515203,0.687893,0.744441,0.618044
/kaggle/input/datasets/afqwe0/clotheslabelled/Mahesh/Sari/b99ea7ed47891948cebf6a493f082df6.jpg,14,0.573298,0.732139,0.380482,0.487413
/kaggle/input/datasets/afqwe0/clotheslabelled/Mahesh/Sari/3d73491f7405659a054262264c5c74d2.jpg,14,0.627726,0.680729,0.364815,0.574737
/kaggle/input/datasets/afqwe0/clotheslabelled/Mahesh/Sari/3629706c10da8bf3cd9a58e6cb4db0f4.jpg,14,0.608325,0.556062,0.814977,0.872435
/kaggle/input/datasets/afqwe0/clotheslabelled/Mahesh/Sari/64feda5ad96ef8ce18514034640af4c3.jpg,14,0.552823,0.734621,0.342434,0.522552
/kaggle/input/datasets/afqwe0/clotheslabelled/Mahesh/Sari/5500c3bb2d3b15fb1d1d4e9f299357a9.jpg,14,0.493431,0.763144,0.339871,0.373061
/kaggle/input/datasets/afqwe0/clotheslabelled/Mahesh/Sari/7a6c52e21719ad3948112c6ac8096fd4.jpg,14,0.51597,0.73973,0.641072,0.51475
/kaggle/input/datasets/afqwe0/clotheslabelled/Mahesh/Sari/7a6c52e21719ad3948112c6ac8096fd4.jpg,14,0.514963,0.738521,0.638205,0.51475
/kaggle/input/datasets/afqwe0/clotheslabelled/Mahesh/Sari/fcf6752a2ba336702b0f3fdf58d09a82.jpg,14,0.536495,0.658044,0.703524,0.676713
/kaggle/input/datasets/afqwe0/clotheslabelled/Mahesh/Sari/138cefad1943dfbab7f767084e37fdd0.jpg,14,0.59605,0.721181,0.270792,0.545875
/kaggle/input/datasets/afqwe0/clotheslabelled/Mahesh/Sari/138cefad1943dfbab7f767084e37fdd0.jpg,14,0.371673,0.71487,0.251797,0.563242
/kaggle/input/datasets/afqwe0/clotheslabelled/Mahesh/Sari/8a9eef5d1ad8cdf082faec94c4b57e3e.jpg,14,0.528348,0.791022,0.232175,0.41216
/kaggle/input/datasets/afqwe0/clotheslabelled/Mahesh/Sari/e3448f8900e9b553f30ef385432262a5.jpg,14,0.451718,0.650922,0.190047,0.334164
/kaggle/input/datasets/afqwe0/clotheslabelled/Mahesh/Sari/7c27abe267cb2236534125f6b803ab4c.jpg,14,0.388385,0.691446,0.80895,0.613423
/kaggle/input/datasets/afqwe0/clotheslabelled/Mahesh/Sari/d7f639eb1543a8d7a4e55f728125747e.jpg,14,0.769083,0.552284,0.209175,0.400851
/kaggle/input/datasets/afqwe0/clotheslabelled/Mahesh/Sari/152aa417a71b063034ea68b6d3321565.jpg,14,0.512739,0.624642,0.508116,0.746958
/kaggle/input/datasets/afqwe0/clotheslabelled/Mahesh/Sari/152aa417a71b063034ea68b6d3321565.jpg,14,0.514036,0.624337,0.510474,0.743994
/kaggle/input/datasets/afqwe0/clotheslabelled/Mahesh/Sari/c684f9feb7ae47463c0b41d691dbefa4.jpg,14,0.508833,0.586523,0.411444,0.706684
/kaggle/input/datasets/afqwe0/clotheslabelled/Mahesh/Sari/41dc7bbd208e5b4f48e6a6a8cffd8111.jpg,14,0.44504,0.781676,0.278161,0.429294
/kaggle/input/datasets/afqwe0/clotheslabelled/Mahesh/Sari/0dfee13239018e4cb8993b7c88318e28.jpg,14,0.554762,0.709867,0.39119,0.574737
/kaggle/input/datasets/afqwe0/clotheslabelled/Mahesh/Sari/456b137fc4f2f1c206e105ac162bc72c.jpg,14,0.48401,0.585575,0.616561,0.798883
/kaggle/input/datasets/afqwe0/clotheslabelled/Mahesh/Sari/bcbc0ac5f67a27c7382a2cc6f94b978b.jpg,14,0.426253,0.496735,0.696124,0.993102
/kaggle/input/datasets/afqwe0/clotheslabelled/Mahesh/Sari/f7853314c4d7ffd2cc63f7b2f87b870a.jpg,14,0.589959,0.536799,0.655943,0.843999
/kaggle/input/datasets/afqwe0/clotheslabelled/Mahesh/Sari/f7853314c4d7ffd2cc63f7b2f87b870a.jpg,14,0.59068,0.531793,0.656664,0.854011
/kaggle/input/datasets/afqwe0/clotheslabelled/Mahesh/Sari/f52048047f91b49396e7c8a1c9fc8e3c.jpg,14,0.615335,0.540924,0.601979,0.867126
/kaggle/input/datasets/afqwe0/clotheslabelled/Mahesh/Sari/a39fe076f4c15dfc484213b157d48586.jpg,14,0.433716,0.748871,0.53921,0.495224
/kaggle/input/datasets/afqwe0/clotheslabelled/Mahesh/Sari/e02c06bed915be5245345d30d29ca962.jpg,14,0.535491,0.743286,0.288565,0.503036
/kaggle/input/datasets/afqwe0/clotheslabelled/Mahesh/Sari/1b9d9cafe229782452ebfdee49d528dc.jpg,14,0.165678,0.692894,0.254306,0.603099
/kaggle/input/datasets/afqwe0/clotheslabelled/Mahesh/Sari/62dfa6ae8c3c08f8f306fc6feecd9038.jpg,14,0.520975,0.682196,0.279885,0.563242
/kaggle/input/datasets/afqwe0/clotheslabelled/Mahesh/Sari/b797d62ff49ba1e1ec71d5fe9470deaf.jpg,14,0.550639,0.715268,0.320551,0.557468
/kaggle/input/datasets/afqwe0/clotheslabelled/Mahesh/Sari/a9019b3eee110792bf8ced9ca191aeaf.jpg,14,0.561549,0.684836,0.491643,0.619801
/kaggle/input/datasets/afqwe0/clotheslabelled/Mahesh/Sari/0dbc7cc180e3553a2e2ba78323704a44.jpg,14,0.561481,0.674426,0.910016,0.643509
/kaggle/input/datasets/afqwe0/clotheslabelled/Mahesh/Sari/c0744414d0bba94ed151ec8e3a783e5b.jpg,14,0.515935,0.613281,0.350446,0.767068
/kaggle/input/datasets/afqwe0/clotheslabelled/Mahesh/Sari/2703cab7e00f9f7a18fd1cf14eee2059.jpg,14,0.514878,0.767876,0.393353,0.456273
/kaggle/input/datasets/afqwe0/clotheslabelled/Mahesh/Sari/aa0e3c9181d0ce501ceacc5344cd04cb.jpg,14,0.464054,0.655622,0.353331,0.55361
/kaggle/input/datasets/afqwe0/clotheslabelled/Mahesh/Sari/29a2b393e9d9b980842c17759bfa2441.jpg,14,0.887629,0.766481,0.25316,0.462093
/kaggle/input/datasets/afqwe0/clotheslabelled/Mahesh/Sari/29a2b393e9d9b980842c17759bfa2441.jpg,14,0.15897,0.790497,0.300392,0.414054
/kaggle/input/datasets/afqwe0/clotheslabelled/Mahesh/Sari/b1b1984a1a5f54d7338769f27a7cbf95.jpg,14,0.429795,0.645236,0.688701,0.700164
/kaggle/input/datasets/afqwe0/clotheslabelled/Mahesh/Sari/b1b1984a1a5f54d7338769f27a7cbf95.jpg,14,0.437502,0.644505,0.708299,0.705948
/kaggle/input/datasets/afqwe0/clotheslabelled/Mahesh/Sari/7296965597fad8f14f8de45c3feefe19.jpg,14,0.52544,0.566978,0.552057,0.769848
/kaggle/input/datasets/afqwe0/clotheslabelled/Mahesh/Sari/7296965597fad8f14f8de45c3feefe19.jpg,14,0.524129,0.564533,0.555045,0.761438
/kaggle/input/datasets/afqwe0/clotheslabelled/Mahesh/Sari/285eda5ad455ce1e424644764c7a567a.jpg,14,0.531047,0.635166,0.870777,0.725027
/kaggle/input/datasets/afqwe0/clotheslabelled/Mahesh/Sari/cd059a8fc225c99db318262d286184e5.jpg,14,0.521462,0.733668,0.244988,0.491318
/kaggle/input/datasets/afqwe0/clotheslabelled/Mahesh/Sari/ef43ee49728bb566879b8e60bc63a464.jpg,14,0.451732,0.737656,0.579864,0.518652
/kaggle/input/datasets/afqwe0/clotheslabelled/Mahesh/Sari/ef43ee49728bb566879b8e60bc63a464.jpg,14,0.449183,0.735492,0.587553,0.51475
/kaggle/input/datasets/afqwe0/clotheslabelled/Mahesh/Sari/7a13b848e21c9b30351ac710c405c64d.jpg,14,0.351126,0.661113,0.676659,0.666374
/kaggle/input/datasets/afqwe0/clotheslabelled/Mahesh/Sari/3491a0d716ff04a2d69f6baba93d0761.jpg,14,0.444,0.721082,0.621094,0.551679
/kaggle/input/datasets/afqwe0/clotheslabelled/Mahesh/Sari/a235c3fae7d3a92b5eea46ed75e9bf15.jpg,14,0.452946,0.777312,0.239568,0.423562
/kaggle/input/datasets/afqwe0/clotheslabelled/Mahesh/Sari/d0220425b745e0f7705c64a38a6fa583.jpg,14,0.333148,0.763673,0.296798,0.469869
/kaggle/input/datasets/afqwe0/clotheslabelled/Mahesh/Sari/b849a6d260a2a5c4b184d216c18a38d5.jpg,14,0.560373,0.751251,0.307196,0.489365
/kaggle/input/datasets/afqwe0/clotheslabelled/Mahesh/Sari/40ba428cf0c232b93952f3cd4b6aaf8a.jpg,14,0.51304,0.556641,0.586943,0.728832
/kaggle/input/datasets/afqwe0/clotheslabelled/Mahesh/Sari/40ba428cf0c232b93952f3cd4b6aaf8a.jpg,14,0.514952,0.555389,0.583865,0.725733
/kaggle/input/datasets/afqwe0/clotheslabelled/Mahesh/Sari/71ef7b219bc3e39869b6341a91e4e1d1.jpg,14,0.483156,0.772152,0.338967,0.44467
/kaggle/input/datasets/afqwe0/clotheslabelled/Mahesh/Sari/c1ca8ac73de1742a7e76b6a6046682b5.jpg,14,0.537017,0.663952,0.524689,0.662891
/kaggle/input/datasets/afqwe0/clotheslabelled/Mahesh/Sari/a9720f8ccee96a598c046c1a101dd6c9.jpg,14,0.555933,0.70765,0.523073,0.580455
/kaggle/input/datasets/afqwe0/clotheslabelled/Mahesh/men_suits_western_coatpant/2da731ebac6716b283bafdb72c23a20e.jpg,10,0.512791,0.566498,0.786558,0.857864
/kaggle/input/datasets/afqwe0/clotheslabelled/Mahesh/men_suits_western_coatpant/2da731ebac6716b283bafdb72c23a20e.jpg,10,0.515448,0.660457,0.783404,0.673285
/kaggle/input/datasets/afqwe0/clotheslabelled/Mahesh/men_suits_western_coatpant/2da731ebac6716b283bafdb72c23a20e.jpg,10,0.514039,0.659848,0.779983,0.666374
/kaggle/input/datasets/afqwe0/clotheslabelled/Mahesh/men_suits_western_coatpant/711465495_1003438145952771_1244641288799857811_n.jpg,10,0.256681,0.755931,0.338137,0.48156
/kaggle/input/datasets/afqwe0/clotheslabelled/Mahesh/men_suits_western_coatpant/711465495_1003438145952771_1244641288799857811_n.jpg,10,0.254004,0.806097,0.327407,0.379478
/kaggle/input/datasets/afqwe0/clotheslabelled/Mahesh/men_suits_western_coatpant/Hunter_Green_skinny_suit_355259235.jpg,10,0.515421,0.616056,0.73112,0.761438
/kaggle/input/datasets/afqwe0/clotheslabelled/Mahesh/men_suits_western_coatpant/Hunter_Green_skinny_suit_355259235.jpg,10,0.520545,0.501563,0.740773,0.989356
/kaggle/input/datasets/afqwe0/clotheslabelled/Mahesh/men_suits_western_coatpant/Hunter_Green_skinny_suit_355259235.jpg,10,0.516977,0.617748,0.728193,0.758588
/kaggle/input/datasets/afqwe0/clotheslabelled/Mahesh/men_suits_western_coatpant/60b7dbceadbf5999a9a7f10a557cf21a.jpg,10,0.451408,0.715649,0.390112,0.565163
/kaggle/input/datasets/afqwe0/clotheslabelled/Mahesh/men_suits_western_coatpant/60b7dbceadbf5999a9a7f10a557cf21a.jpg,10,0.451975,0.715268,0.393353,0.559395
/kaggle/input/datasets/afqwe0/clotheslabelled/Mahesh/men_suits_western_coatpant/60b7dbceadbf5999a9a7f10a557cf21a.jpg,10,0.451853,0.644715,0.395523,0.709912
/kaggle/input/datasets/afqwe0/clotheslabelled/Mahesh/men_suits_western_coatpant/0147791a2f4d2d8644c35bef6b30f5ed.jpg,10,0.536438,0.508009,0.552507,0.456273
/kaggle/input/datasets/afqwe0/clotheslabelled/Mahesh/men_suits_western_coatpant/0147791a2f4d2d8644c35bef6b30f5ed.jpg,10,0.533404,0.508173,0.553996,0.456273
/kaggle/input/datasets/afqwe0/clotheslabelled/Mahesh/men_suits_western_coatpant/0775ee0e561e8a47f481997a60a15f80.jpg,10,0.335612,0.603371,0.432396,0.782796
/kaggle/input/datasets/afqwe0/clotheslabelled/Mahesh/men_suits_western_coatpant/0775ee0e561e8a47f481997a60a15f80.jpg,10,0.334376,0.671965,0.438015,0.647004
/kaggle/input/datasets/afqwe0/clotheslabelled/Mahesh/men_suits_western_coatpant/0775ee0e561e8a47f481997a60a15f80.jpg,10,0.334873,0.671583,0.439165,0.652338
/kaggle/input/datasets/afqwe0/clotheslabelled/Mahesh/men_suits_western_coatpant/e70ad610e6dcd98326ce35003cece553.jpg,10,0.602659,0.64925,0.660065,0.703434
/kaggle/input/datasets/afqwe0/clotheslabelled/Mahesh/men_suits_western_coatpant/e70ad610e6dcd98326ce35003cece553.jpg,10,0.604661,0.571164,0.658475,0.86932
/kaggle/input/datasets/afqwe0/clotheslabelled/Mahesh/men_suits_western_coatpant/e70ad610e6dcd98326ce35003cece553.jpg,10,0.604453,0.572413,0.658475,0.877942
/kaggle/input/datasets/afqwe0/clotheslabelled/Mahesh/men_suits_western_coatpant/e70ad610e6dcd98326ce35003cece553.jpg,10,0.606389,0.648286,0.666438,0.700164
/kaggle/input/datasets/afqwe0/clotheslabelled/Mahesh/men_suits_western_coatpant/00nepal_KathmanduMayor_profile_02_cplk_videoSixteenByNine3000_4113959818.jpg,10,0.419617,0.643329,0.297559,0.740126
/kaggle/input/datasets/afqwe0/clotheslabelled/Mahesh/men_suits_western_coatpant/00nepal_KathmanduMayor_profile_02_cplk_videoSixteenByNine3000_4113959818.jpg,10,0.415902,0.568083,0.300835,0.912453
/kaggle/input/datasets/afqwe0/clotheslabelled/Mahesh/men_suits_western_coatpant/00nepal_KathmanduMayor_profile_02_cplk_videoSixteenByNine3000_4113959818.jpg,10,0.198834,0.660406,0.254682,0.704928
/kaggle/input/datasets/afqwe0/clotheslabelled/Mahesh/men_suits_western_coatpant/00nepal_KathmanduMayor_profile_02_cplk_videoSixteenByNine3000_4113959818.jpg,10,0.199301,0.599513,0.265582,0.846461
/kaggle/input/datasets/afqwe0/clotheslabelled/Mahesh/men_suits_western_coatpant/00nepal_KathmanduMayor_profile_02_cplk_videoSixteenByNine3000_4113959818.jpg,10,0.829594,0.56981,0.151584,0.905506
/kaggle/input/datasets/afqwe0/clotheslabelled/Mahesh/men_suits_western_coatpant/830fd7e0f19b00383e9833486c3f9446.jpg,10,0.494089,0.542621,0.884742,0.907378
/kaggle/input/datasets/afqwe0/clotheslabelled/Mahesh/men_suits_western_coatpant/830fd7e0f19b00383e9833486c3f9446.jpg,10,0.48939,0.653856,0.876895,0.680122
/kaggle/input/datasets/afqwe0/clotheslabelled/Mahesh/men_suits_western_coatpant/830fd7e0f19b00383e9833486c3f9446.jpg,10,0.489924,0.653684,0.88373,0.676713
/kaggle/input/datasets/afqwe0/clotheslabelled/Mahesh/men_suits_western_coatpant/695301142_956819820505089_3253510358159338594_n.jpg,10,0.482241,0.585383,0.218209,0.450464
/kaggle/input/datasets/afqwe0/clotheslabelled/Mahesh/men_suits_western_coatpant/695301142_956819820505089_3253510358159338594_n.jpg,10,0.48337,0.598339,0.212672,0.353549
/kaggle/input/datasets/afqwe0/clotheslabelled/Mahesh/men_suits_western_coatpant/87ae572ca9733d4805eacd2924b01544.jpg,10,0.542256,0.532425,0.527384,0.926357
/kaggle/input/datasets/afqwe0/clotheslabelled/Mahesh/men_suits_western_coatpant/87ae572ca9733d4805eacd2924b01544.jpg,10,0.540644,0.624184,0.5243,0.743994
/kaggle/input/datasets/afqwe0/clotheslabelled/Mahesh/men_suits_western_coatpant/87ae572ca9733d4805eacd2924b01544.jpg,10,0.541821,0.623421,0.521925,0.743994
/kaggle/input/datasets/afqwe0/clotheslabelled/Mahesh/men_suits_western_coatpant/c7bd0cd7470c7dbef09e52b2394a8d29.jpg,10,0.527404,0.520253,0.795648,0.93348
/kaggle/input/datasets/afqwe0/clotheslabelled/Mahesh/men_suits_western_coatpant/c7bd0cd7470c7dbef09e52b2394a8d29.jpg,10,0.575108,0.465504,0.69314,0.588046
/kaggle/input/datasets/afqwe0/clotheslabelled/Mahesh/men_suits_western_coatpant/c7bd0cd7470c7dbef09e52b2394a8d29.jpg,10,0.52978,0.521082,0.792729,0.926357
/kaggle/input/datasets/afqwe0/clotheslabelled/Mahesh/men_suits_western_coatpant/c7bd0cd7470c7dbef09e52b2394a8d29.jpg,10,0.575561,0.467016,0.687317,0.589937
/kaggle/input/datasets/afqwe0/clotheslabelled/Mahesh/men_suits_western_coatpant/22a5203a6d62bd052771b5eefedf453f.jpg,10,0.48996,0.702369,0.57032,0.588046
/kaggle/input/datasets/afqwe0/clotheslabelled/Mahesh/men_suits_western_coatpant/22a5203a6d62bd052771b5eefedf453f.jpg,10,0.489743,0.701569,0.571833,0.591826
/kaggle/input/datasets/afqwe0/clotheslabelled/Mahesh/men_suits_western_coatpant/22a5203a6d62bd052771b5eefedf453f.jpg,10,0.490556,0.660172,0.571833,0.683511
/kaggle/input/datasets/afqwe0/clotheslabelled/Mahesh/men_suits_western_coatpant/Mustard_Suit_Mens_2048x2048_3813868109.jpg,10,0.606449,0.502539,0.582417,0.98968
/kaggle/input/datasets/afqwe0/clotheslabelled/Mahesh/men_suits_western_coatpant/Mustard_Suit_Mens_2048x2048_3813868109.jpg,10,0.600324,0.578924,0.581942,0.829552
/kaggle/input/datasets/afqwe0/clotheslabelled/Mahesh/men_suits_western_coatpant/Mustard_Suit_Mens_2048x2048_3813868109.jpg,10,0.601581,0.578879,0.583332,0.83175
/kaggle/input/datasets/afqwe0/clotheslabelled/Mahesh/men_suits_western_coatpant/708488292_1699368751066485_2611566139667389709_n.jpg,10,0.514953,0.677324,0.363888,0.641632
/kaggle/input/datasets/afqwe0/clotheslabelled/Mahesh/men_suits_western_coatpant/708488292_1699368751066485_2611566139667389709_n.jpg,10,0.515116,0.627908,0.371691,0.743994
/kaggle/input/datasets/afqwe0/clotheslabelled/Mahesh/men_suits_western_coatpant/708488292_1699368751066485_2611566139667389709_n.jpg,10,0.514465,0.679289,0.359256,0.647003
/kaggle/input/datasets/afqwe0/clotheslabelled/Mahesh/men_suits_western_coatpant/a0d19354cde6e9bcd4dc24e37e86446e.jpg,10,0.517073,0.688996,0.298511,0.614263
/kaggle/input/datasets/afqwe0/clotheslabelled/Mahesh/men_suits_western_coatpant/a0d19354cde6e9bcd4dc24e37e86446e.jpg,10,0.518049,0.735382,0.29089,0.524501
/kaggle/input/datasets/afqwe0/clotheslabelled/Mahesh/men_suits_western_coatpant/IMG_20260211_WA0081.jpg,10,0.607796,0.581348,0.443929,0.452399
/kaggle/input/datasets/afqwe0/clotheslabelled/Mahesh/men_suits_western_coatpant/IMG_20260211_WA0081.jpg,10,0.60514,0.542332,0.468544,0.621641
/kaggle/input/datasets/afqwe0/clotheslabelled/Mahesh/men_suits_western_coatpant/OIP_668064449.jpg,10,0.445163,0.558763,0.573091,0.690232
/kaggle/input/datasets/afqwe0/clotheslabelled/Mahesh/men_suits_western_coatpant/OIP_668064449.jpg,10,0.440897,0.630121,0.558033,0.547811
/kaggle/input/datasets/afqwe0/clotheslabelled/Mahesh/men_suits_western_coatpant/OIP_668064449.jpg,10,0.442679,0.630728,0.549102,0.547811
/kaggle/input/datasets/afqwe0/clotheslabelled/Mahesh/men_suits_western_coatpant/978ef08082c91677c21ec19da8780d26.jpg,10,0.478044,0.618364,0.836603,0.755715
/kaggle/input/datasets/afqwe0/clotheslabelled/Mahesh/men_suits_western_coatpant/978ef08082c91677c21ec19da8780d26.jpg,10,0.479433,0.526465,0.839322,0.93817
/kaggle/input/datasets/afqwe0/clotheslabelled/Mahesh/men_suits_western_coatpant/5396e8c0acde089aa8905d56e79187c7.jpg,10,0.554269,0.689159,0.503243,0.621641
/kaggle/input/datasets/afqwe0/clotheslabelled/Mahesh/men_suits_western_coatpant/5396e8c0acde089aa8905d56e79187c7.jpg,10,0.553944,0.634317,0.512454,0.728832
/kaggle/input/datasets/afqwe0/clotheslabelled/Mahesh/men_suits_western_coatpant/5396e8c0acde089aa8905d56e79187c7.jpg,10,0.554917,0.688158,0.504654,0.623477
/kaggle/input/datasets/afqwe0/clotheslabelled/Mahesh/men_suits_western_coatpant/IMG_20260211_WA0048.jpg,10,0.486027,0.640103,0.39804,0.720329
/kaggle/input/datasets/afqwe0/clotheslabelled/Mahesh/men_suits_western_coatpant/IMG_20260211_WA0048.jpg,10,0.484807,0.525789,0.406493,0.925072
/kaggle/input/datasets/afqwe0/clotheslabelled/Mahesh/men_suits_western_coatpant/portrait_happy_south_indian_bearded_260nw_2305097077_4075493577.jpg,10,0.436978,0.66192,0.491318,0.542723
/kaggle/input/datasets/afqwe0/clotheslabelled/Mahesh/men_suits_western_coatpant/portrait_happy_south_indian_bearded_260nw_2305097077_4075493577.jpg,10,0.440566,0.514158,0.503614,0.831009
/kaggle/input/datasets/afqwe0/clotheslabelled/Mahesh/men_suits_western_coatpant/3b2378227787a05ed724e3ae98e0e873.jpg,10,0.492361,0.660214,0.324759,0.673285
/kaggle/input/datasets/afqwe0/clotheslabelled/Mahesh/men_suits_western_coatpant/3b2378227787a05ed724e3ae98e0e873.jpg,10,0.490169,0.724409,0.317239,0.541999
/kaggle/input/datasets/afqwe0/clotheslabelled/Mahesh/men_suits_western_coatpant/3b2378227787a05ed724e3ae98e0e873.jpg,10,0.490639,0.722764,0.316307,0.541999
/kaggle/input/datasets/afqwe0/clotheslabelled/Mahesh/men_suits_western_coatpant/Exist_Autumn_Winter_Formal_Suits_Collection_2013_14_www.fashionhuntworld.blogspot.com_007_2024088294.jpg,10,0.506648,0.638051,0.694224,0.713119
/kaggle/input/datasets/afqwe0/clotheslabelled/Mahesh/men_suits_western_coatpant/Exist_Autumn_Winter_Formal_Suits_Collection_2013_14_www.fashionhuntworld.blogspot.com_007_2024088294.jpg,10,0.50949,0.545528,0.700197,0.897767
/kaggle/input/datasets/afqwe0/clotheslabelled/Mahesh/men_suits_western_coatpant/Exist_Autumn_Winter_Formal_Suits_Collection_2013_14_www.fashionhuntworld.blogspot.com_007_2024088294.jpg,10,0.506877,0.63617,0.691308,0.709912
/kaggle/input/datasets/afqwe0/clotheslabelled/Mahesh/men_suits_western_coatpant/b6253e19b993dbb5833ae3f2095ed506.jpg,10,0.470563,0.610593,0.610315,0.766434
/kaggle/input/datasets/afqwe0/clotheslabelled/Mahesh/men_suits_western_coatpant/b6253e19b993dbb5833ae3f2095ed506.jpg,10,0.471111,0.695796,0.601103,0.595595
/kaggle/input/datasets/afqwe0/clotheslabelled/Mahesh/men_suits_western_coatpant/e4c370b3efe109b213799cb17e0978ed.jpg,10,0.37811,0.73973,0.458936,0.510847
/kaggle/input/datasets/afqwe0/clotheslabelled/Mahesh/men_suits_western_coatpant/e4c370b3efe109b213799cb17e0978ed.jpg,10,0.376914,0.679551,0.452017,0.631777
/kaggle/input/datasets/afqwe0/clotheslabelled/Mahesh/men_suits_western_coatpant/e4c370b3efe109b213799cb17e0978ed.jpg,10,0.378424,0.739651,0.457761,0.508894
/kaggle/input/datasets/afqwe0/clotheslabelled/Mahesh/men_suits_western_coatpant/ac117c5c4be340429aedc8c7f9766765.jpg,10,0.498589,0.478646,0.486504,0.614263
/kaggle/input/datasets/afqwe0/clotheslabelled/Mahesh/men_suits_western_coatpant/ac117c5c4be340429aedc8c7f9766765.jpg,10,0.497789,0.475776,0.485814,0.621641
/kaggle/input/datasets/afqwe0/clotheslabelled/Mahesh/men_suits_western_coatpant/fcea7b210c681875ae0d71ce22d0e24f.jpg,10,0.449967,0.599508,0.554149,0.79066
/kaggle/input/datasets/afqwe0/clotheslabelled/Mahesh/men_suits_western_coatpant/fcea7b210c681875ae0d71ce22d0e24f.jpg,10,0.4468,0.656773,0.54735,0.673285
/kaggle/input/datasets/afqwe0/clotheslabelled/Mahesh/men_suits_western_coatpant/fcea7b210c681875ae0d71ce22d0e24f.jpg,10,0.445788,0.656944,0.548751,0.676713
/kaggle/input/datasets/afqwe0/clotheslabelled/Mahesh/men_suits_western_coatpant/907686c4990d24a27be373323181dac7_1.jpg,10,0.592642,0.731755,0.756273,0.530342
/kaggle/input/datasets/afqwe0/clotheslabelled/Mahesh/men_suits_western_coatpant/907686c4990d24a27be373323181dac7_1.jpg,10,0.600429,0.669259,0.775585,0.651533
/kaggle/input/datasets/afqwe0/clotheslabelled/Mahesh/men_suits_western_coatpant/b30d819338205eb10cdd2277f38c3ee6.jpg,10,0.509574,0.606055,0.437417,0.780128
/kaggle/input/datasets/afqwe0/clotheslabelled/Mahesh/men_suits_western_coatpant/b30d819338205eb10cdd2277f38c3ee6.jpg,10,0.508544,0.6754,0.441488,0.641632
/kaggle/input/datasets/afqwe0/clotheslabelled/Mahesh/men_suits_western_coatpant/b30d819338205eb10cdd2277f38c3ee6.jpg,10,0.509078,0.673303,0.440373,0.645217
/kaggle/input/datasets/afqwe0/clotheslabelled/Mahesh/men_suits_western_coatpant/ef0f0588764723ba77919bec3b47be3d.jpg,10,0.694006,0.673685,0.492045,0.647003
/kaggle/input/datasets/afqwe0/clotheslabelled/Mahesh/men_suits_western_coatpant/ef0f0588764723ba77919bec3b47be3d.jpg,10,0.274694,0.670241,0.439067,0.655873
/kaggle/input/datasets/afqwe0/clotheslabelled/Mahesh/men_suits_western_coatpant/ef0f0588764723ba77919bec3b47be3d.jpg,10,0.695659,0.614119,0.493437,0.764265
/kaggle/input/datasets/afqwe0/clotheslabelled/Mahesh/men_suits_western_coatpant/ef0f0588764723ba77919bec3b47be3d.jpg,10,0.277132,0.617859,0.442304,0.761438
/kaggle/input/datasets/afqwe0/clotheslabelled/Mahesh/men_suits_western_coatpant/0a3edab50bc1045e72b830224233925b.jpg,10,0.572982,0.570331,0.88999,0.848069
/kaggle/input/datasets/afqwe0/clotheslabelled/Mahesh/men_suits_western_coatpant/0a3edab50bc1045e72b830224233925b.jpg,10,0.575405,0.668945,0.882893,0.652338
/kaggle/input/datasets/afqwe0/clotheslabelled/Mahesh/men_suits_western_coatpant/0a3edab50bc1045e72b830224233925b.jpg,10,0.575782,0.666827,0.88983,0.648786
/kaggle/input/datasets/afqwe0/clotheslabelled/Mahesh/men_suits_western_coatpant/ca1a46f2cb83c289785a22ca2ca5f452.jpg,10,0.586075,0.843346,0.863043,0.305787
/kaggle/input/datasets/afqwe0/clotheslabelled/Mahesh/men_suits_western_coatpant/ca1a46f2cb83c289785a22ca2ca5f452.jpg,10,0.591687,0.767253,0.869276,0.454425
/kaggle/input/datasets/afqwe0/clotheslabelled/Mahesh/men_suits_western_coatpant/f72e38f518a56e09c8bd7a0c7bdfe208.jpg,10,0.539795,0.64512,0.343531,0.716305
/kaggle/input/datasets/afqwe0/clotheslabelled/Mahesh/men_suits_western_coatpant/f72e38f518a56e09c8bd7a0c7bdfe208.jpg,10,0.540748,0.689577,0.338276,0.621641
/kaggle/input/datasets/afqwe0/clotheslabelled/Mahesh/men_suits_western_coatpant/f72e38f518a56e09c8bd7a0c7bdfe208.jpg,10,0.538585,0.688996,0.339705,0.619801
/kaggle/input/datasets/afqwe0/clotheslabelled/Mahesh/men_suits_western_coatpant/60fec378861e4c90839635f9e2980d4e.jpg,10,0.486734,0.695652,0.29648,0.588046
/kaggle/input/datasets/afqwe0/clotheslabelled/Mahesh/men_suits_western_coatpant/60fec378861e4c90839635f9e2980d4e.jpg,10,0.486978,0.719508,0.287683,0.485462
/kaggle/input/datasets/afqwe0/clotheslabelled/Mahesh/men_suits_western_coatpant/704a225bf16241fc5080cfb007107e22.jpg,10,0.550938,0.678438,0.283573,0.621641
/kaggle/input/datasets/afqwe0/clotheslabelled/Mahesh/men_suits_western_coatpant/704a225bf16241fc5080cfb007107e22.jpg,10,0.553353,0.680924,0.273323,0.485462
/kaggle/input/datasets/afqwe0/clotheslabelled/Mahesh/men_suits_western_coatpant/704a225bf16241fc5080cfb007107e22.jpg,10,0.551459,0.683271,0.277623,0.487413
/kaggle/input/datasets/afqwe0/clotheslabelled/Mahesh/men_suits_western_coatpant/92b2d9e2513f8a2dac153194193741ac.jpg,10,0.402176,0.774425,0.295581,0.442741
/kaggle/input/datasets/afqwe0/clotheslabelled/Mahesh/men_suits_western_coatpant/92b2d9e2513f8a2dac153194193741ac.jpg,10,0.67532,0.774084,0.317235,0.43889
/kaggle/input/datasets/afqwe0/clotheslabelled/Mahesh/men_suits_western_coatpant/92b2d9e2513f8a2dac153194193741ac.jpg,10,0.404805,0.730138,0.298964,0.534232
/kaggle/input/datasets/afqwe0/clotheslabelled/Mahesh/men_suits_western_coatpant/92b2d9e2513f8a2dac153194193741ac.jpg,10,0.67774,0.726661,0.326774,0.536176
/kaggle/input/datasets/afqwe0/clotheslabelled/Mahesh/men_suits_western_coatpant/59ea1bdf79f3059433611d71abafe508.jpg,10,0.476214,0.512876,0.571959,0.966939
/kaggle/input/datasets/afqwe0/clotheslabelled/Mahesh/men_suits_western_coatpant/59ea1bdf79f3059433611d71abafe508.jpg,10,0.477676,0.512303,0.574825,0.964882
/kaggle/input/datasets/afqwe0/clotheslabelled/Mahesh/men_suits_western_coatpant/9d06c4eefd090e41c60cedfcf3a16850.jpg,10,0.488224,0.558568,0.922761,0.877561
/kaggle/input/datasets/afqwe0/clotheslabelled/Mahesh/men_suits_western_coatpant/9d06c4eefd090e41c60cedfcf3a16850.jpg,10,0.485839,0.653242,0.925201,0.690232
/kaggle/input/datasets/afqwe0/clotheslabelled/Mahesh/men_suits_western_coatpant/433b99c0fa1a933c2f5e9128397c7733.jpg,10,0.50184,0.68935,0.579676,0.610554
/kaggle/input/datasets/afqwe0/clotheslabelled/Mahesh/men_suits_western_coatpant/433b99c0fa1a933c2f5e9128397c7733.jpg,10,0.507318,0.61268,0.591202,0.76783
/kaggle/input/datasets/afqwe0/clotheslabelled/Mahesh/men_suits_western_coatpant/b45c133201eff18f79b8ebf034dcf005.jpg,10,0.543747,0.581416,0.860591,0.82905
/kaggle/input/datasets/afqwe0/clotheslabelled/Mahesh/men_suits_western_coatpant/b45c133201eff18f79b8ebf034dcf005.jpg,10,0.541936,0.731468,0.856448,0.527512
/kaggle/input/datasets/afqwe0/clotheslabelled/Mahesh/men_suits_western_coatpant/b45c133201eff18f79b8ebf034dcf005.jpg,10,0.541634,0.728604,0.856448,0.540149
/kaggle/input/datasets/afqwe0/clotheslabelled/Mahesh/men_suits_western_coatpant/962d73d48eef6ad148e46d31beaab662.jpg,10,0.466984,0.592572,0.683261,0.810599
/kaggle/input/datasets/afqwe0/clotheslabelled/Mahesh/men_suits_western_coatpant/962d73d48eef6ad148e46d31beaab662.jpg,10,0.466984,0.676042,0.682004,0.652338
/kaggle/input/datasets/afqwe0/clotheslabelled/Mahesh/men_suits_western_coatpant/962d73d48eef6ad148e46d31beaab662.jpg,10,0.46657,0.672874,0.685199,0.652338
/kaggle/input/datasets/afqwe0/clotheslabelled/Mahesh/men_suits_western_coatpant/JKCLEA342P_C01V_171251_1400px_1820px_2876896639.jpg,10,0.504924,0.498145,0.758412,0.997021
/kaggle/input/datasets/afqwe0/clotheslabelled/Mahesh/men_suits_western_coatpant/JKCLEA342P_C01V_171251_1400px_1820px_2876896639.jpg,10,0.503536,0.601734,0.749754,0.785441
/kaggle/input/datasets/afqwe0/clotheslabelled/Mahesh/men_suits_western_coatpant/JKCLEA342P_C01V_171251_1400px_1820px_2876896639.jpg,10,0.502465,0.600467,0.747158,0.791247
/kaggle/input/datasets/afqwe0/clotheslabelled/Mahesh/men_suits_western_coatpant/4f4f6c8ce40fb321baad3d71d333d22e.jpg,10,0.519203,0.733286,1.0,0.524501
/kaggle/input/datasets/afqwe0/clotheslabelled/Mahesh/men_suits_western_coatpant/4f4f6c8ce40fb321baad3d71d333d22e.jpg,10,0.530587,0.633999,1.0,0.723466
/kaggle/input/datasets/afqwe0/clotheslabelled/Mahesh/men_suits_western_coatpant/9d1a17fcfa07c0a1d53635fac17eb13e.jpg,10,0.535622,0.528777,0.890551,0.939958
/kaggle/input/datasets/afqwe0/clotheslabelled/Mahesh/men_suits_western_coatpant/9d1a17fcfa07c0a1d53635fac17eb13e.jpg,10,0.536273,0.632167,0.880837,0.728832
/kaggle/input/datasets/afqwe0/clotheslabelled/Mahesh/men_suits_western_coatpant/9d1a17fcfa07c0a1d53635fac17eb13e.jpg,10,0.538874,0.633,0.880837,0.728832
/kaggle/input/datasets/afqwe0/clotheslabelled/Mahesh/men_suits_western_coatpant/3ab3e385b11e71ceb95a7e857b103126.jpg,10,0.516641,0.530966,0.550971,0.924197
/kaggle/input/datasets/afqwe0/clotheslabelled/Mahesh/men_suits_western_coatpant/3ab3e385b11e71ceb95a7e857b103126.jpg,10,0.513496,0.572677,0.541965,0.764265
/kaggle/input/datasets/afqwe0/clotheslabelled/Mahesh/men_suits_western_coatpant/3ab3e385b11e71ceb95a7e857b103126.jpg,10,0.514581,0.573201,0.544912,0.764265
/kaggle/input/datasets/afqwe0/clotheslabelled/Mahesh/men_suits_western_coatpant/d10f61a0996abbebdc998110e175964b.jpg,10,0.492472,0.677324,0.805367,0.632601
/kaggle/input/datasets/afqwe0/clotheslabelled/Mahesh/men_suits_western_coatpant/d10f61a0996abbebdc998110e175964b.jpg,10,0.496254,0.540196,0.80419,0.911243
/kaggle/input/datasets/afqwe0/clotheslabelled/Mahesh/men_suits_western_coatpant/d10f61a0996abbebdc998110e175964b.jpg,10,0.495356,0.678864,0.805367,0.636225
/kaggle/input/datasets/afqwe0/clotheslabelled/Mahesh/men_suits_western_coatpant/5669059914a116d19815f74c7e1429a0.jpg,10,0.457616,0.631638,0.589942,0.734964
/kaggle/input/datasets/afqwe0/clotheslabelled/Mahesh/men_suits_western_coatpant/5669059914a116d19815f74c7e1429a0.jpg,10,0.457973,0.55447,0.58249,0.880879
/kaggle/input/datasets/afqwe0/clotheslabelled/Mahesh/men_suits_western_coatpant/5669059914a116d19815f74c7e1429a0.jpg,10,0.458146,0.631712,0.591466,0.731909
/kaggle/input/datasets/afqwe0/clotheslabelled/Mahesh/men_suits_western_coatpant/478a7c11a6775823112bec8b28217460.jpg,10,0.54347,0.538255,0.915253,0.863484
/kaggle/input/datasets/afqwe0/clotheslabelled/Mahesh/men_suits_western_coatpant/478a7c11a6775823112bec8b28217460.jpg,10,0.535574,0.644789,0.894718,0.627137
/kaggle/input/datasets/afqwe0/clotheslabelled/Mahesh/men_suits_western_coatpant/478a7c11a6775823112bec8b28217460.jpg,10,0.536182,0.626168,0.886732,0.589937
/kaggle/input/datasets/afqwe0/clotheslabelled/Mahesh/men_suits_western_coatpant/8d778c9973040cc6561ff2263837d32b.jpg,10,0.57616,0.633092,0.597635,0.728131
/kaggle/input/datasets/afqwe0/clotheslabelled/Mahesh/men_suits_western_coatpant/8d778c9973040cc6561ff2263837d32b.jpg,10,0.577153,0.716459,0.597839,0.559395
/kaggle/input/datasets/afqwe0/clotheslabelled/Mahesh/men_suits_western_coatpant/8d778c9973040cc6561ff2263837d32b.jpg,10,0.580361,0.716476,0.595264,0.559395
/kaggle/input/datasets/afqwe0/clotheslabelled/Mahesh/men_suits_western_coatpant/705840009_968648136064237_7745387700258779517_n.jpg,10,0.505862,0.782176,0.201207,0.42547
/kaggle/input/datasets/afqwe0/clotheslabelled/Mahesh/men_suits_western_coatpant/705840009_968648136064237_7745387700258779517_n.jpg,10,0.506706,0.811274,0.192621,0.373428
/kaggle/input/datasets/afqwe0/clotheslabelled/Mahesh/men_suits_western_coatpant/11a7dd218e9ccb6bb2f006f37e58e097.jpg,10,0.494458,0.477915,0.467434,0.803857
/kaggle/input/datasets/afqwe0/clotheslabelled/Mahesh/men_suits_western_coatpant/11a7dd218e9ccb6bb2f006f37e58e097.jpg,10,0.49685,0.4826,0.469951,0.811143
/kaggle/input/datasets/afqwe0/clotheslabelled/Mahesh/men_suits_western_coatpant/f27815f47956309715eb8d4a873ec6fd.jpg,10,0.511629,0.553264,0.623238,0.877561
/kaggle/input/datasets/afqwe0/clotheslabelled/Mahesh/men_suits_western_coatpant/f27815f47956309715eb8d4a873ec6fd.jpg,10,0.524821,0.53408,0.557637,0.623476
/kaggle/input/datasets/afqwe0/clotheslabelled/Mahesh/men_suits_western_coatpant/cd0187489cf073e1f8e7889e20b2c713.jpg,10,0.529323,0.650954,0.326774,0.693563
/kaggle/input/datasets/afqwe0/clotheslabelled/Mahesh/men_suits_western_coatpant/cd0187489cf073e1f8e7889e20b2c713.jpg,10,0.527374,0.697653,0.31818,0.595595
/kaggle/input/datasets/afqwe0/clotheslabelled/Mahesh/men_suits_western_coatpant/19486833f17417028aea344e6a4b8db1.jpg,10,0.459305,0.683529,0.245086,0.582357
/kaggle/input/datasets/afqwe0/clotheslabelled/Mahesh/men_suits_western_coatpant/19486833f17417028aea344e6a4b8db1.jpg,10,0.457603,0.696415,0.233865,0.44467
/kaggle/input/datasets/afqwe0/clotheslabelled/Mahesh/men_suits_western_coatpant/IMG_20260211_WA0078.jpg,10,0.510541,0.310889,0.381935,0.427381
/kaggle/input/datasets/afqwe0/clotheslabelled/Mahesh/men_suits_western_coatpant/IMG_20260211_WA0078.jpg,10,0.507237,0.3183,0.380768,0.337649
/kaggle/input/datasets/afqwe0/clotheslabelled/Mahesh/men_suits_western_coatpant/1754572983990.jpg,10,0.705411,0.723629,0.253733,0.49327
/kaggle/input/datasets/afqwe0/clotheslabelled/Mahesh/men_suits_western_coatpant/1754572983990.jpg,10,0.1791,0.723726,0.296581,0.465979
/kaggle/input/datasets/afqwe0/clotheslabelled/Mahesh/men_suits_western_coatpant/1754572983990.jpg,10,0.358065,0.745701,0.24605,0.475711
/kaggle/input/datasets/afqwe0/clotheslabelled/Mahesh/men_suits_western_coatpant/1754572983990.jpg,10,0.707398,0.698288,0.253733,0.595595
/kaggle/input/datasets/afqwe0/clotheslabelled/Mahesh/men_suits_western_coatpant/1754572983990.jpg,10,0.357211,0.713291,0.245658,0.570914
/kaggle/input/datasets/afqwe0/clotheslabelled/Mahesh/men_suits_western_coatpant/1754572983990.jpg,10,0.171119,0.710889,0.309848,0.570914
/kaggle/input/datasets/afqwe0/clotheslabelled/Mahesh/men_suits_western_coatpant/1754572983990.jpg,10,0.430237,0.704008,0.816661,0.57864
/kaggle/input/datasets/afqwe0/clotheslabelled/Mahesh/men_suits_western_coatpant/1754572983990.jpg,10,0.520429,0.730132,0.16963,0.446988
/kaggle/input/datasets/afqwe0/clotheslabelled/Mahesh/men_suits_western_coatpant/54db2c5dbeac71512e6138476f2bcaf9.jpg,10,0.494656,0.646906,0.485815,0.706683
/kaggle/input/datasets/afqwe0/clotheslabelled/Mahesh/men_suits_western_coatpant/54db2c5dbeac71512e6138476f2bcaf9.jpg,10,0.49018,0.674114,0.479633,0.563242
/kaggle/input/datasets/afqwe0/clotheslabelled/Mahesh/men_suits_western_coatpant/54db2c5dbeac71512e6138476f2bcaf9.jpg,10,0.492188,0.676304,0.479633,0.568999
/kaggle/input/datasets/afqwe0/clotheslabelled/Mahesh/men_suits_western_coatpant/Exist_Autumn_Winter_Formal_Suits_Collection_2013_14_www.fashionhuntworld.blogspot.com_008_2747282257.jpg,10,0.493536,0.606776,0.741064,0.775339
/kaggle/input/datasets/afqwe0/clotheslabelled/Mahesh/men_suits_western_coatpant/Exist_Autumn_Winter_Formal_Suits_Collection_2013_14_www.fashionhuntworld.blogspot.com_008_2747282257.jpg,10,0.498905,0.504981,0.750735,0.978401
/kaggle/input/datasets/afqwe0/clotheslabelled/Mahesh/men_suits_western_coatpant/Exist_Autumn_Winter_Formal_Suits_Collection_2013_14_www.fashionhuntworld.blogspot.com_008_2747282257.jpg,10,0.493857,0.604889,0.754403,0.77472
/kaggle/input/datasets/afqwe0/clotheslabelled/Mahesh/men_suits_western_coatpant/8d528975a81b36b6a11e18cb1907f51e.jpg,10,0.594646,0.544317,0.656304,0.891887
/kaggle/input/datasets/afqwe0/clotheslabelled/Mahesh/men_suits_western_coatpant/8d528975a81b36b6a11e18cb1907f51e.jpg,10,0.541106,0.552298,0.540543,0.645217
/kaggle/input/datasets/afqwe0/clotheslabelled/Mahesh/men_suits_western_coatpant/f4415b84a2024f0a9cd2c40c1912f898.jpg,10,0.523593,0.708659,0.597819,0.574737
/kaggle/input/datasets/afqwe0/clotheslabelled/Mahesh/men_suits_western_coatpant/f4415b84a2024f0a9cd2c40c1912f898.jpg,10,0.526155,0.612912,0.602756,0.766434
/kaggle/input/datasets/afqwe0/clotheslabelled/Mahesh/men_suits_western_coatpant/f4415b84a2024f0a9cd2c40c1912f898.jpg,10,0.524347,0.706858,0.602644,0.576646
/kaggle/input/datasets/afqwe0/clotheslabelled/Mahesh/men_suits_western_coatpant/d50ea5812ccc6c67d5e7b4914f19024d.jpg,10,0.456394,0.590779,0.710716,0.811143
/kaggle/input/datasets/afqwe0/clotheslabelled/Mahesh/men_suits_western_coatpant/d50ea5812ccc6c67d5e7b4914f19024d.jpg,10,0.459681,0.513766,0.714074,0.961563
/kaggle/input/datasets/afqwe0/clotheslabelled/Mahesh/men_suits_western_coatpant/d50ea5812ccc6c67d5e7b4914f19024d.jpg,10,0.458342,0.592947,0.71405,0.80631
/kaggle/input/datasets/afqwe0/clotheslabelled/Mahesh/men_suits_western_coatpant/92dbb14f9590f6e4d8a46ba1f43ca0dd.jpg,10,0.539359,0.51035,0.753361,0.966939
/kaggle/input/datasets/afqwe0/clotheslabelled/Mahesh/men_suits_western_coatpant/92dbb14f9590f6e4d8a46ba1f43ca0dd.jpg,10,0.539665,0.542332,0.748097,0.659391
/kaggle/input/datasets/afqwe0/clotheslabelled/Mahesh/men_suits_western_coatpant/92dbb14f9590f6e4d8a46ba1f43ca0dd.jpg,10,0.536736,0.602106,0.748097,0.772605
/kaggle/input/datasets/afqwe0/clotheslabelled/Mahesh/men_suits_western_coatpant/92dbb14f9590f6e4d8a46ba1f43ca0dd.jpg,10,0.537631,0.544559,0.750671,0.662891
/kaggle/input/datasets/afqwe0/clotheslabelled/Mahesh/men_suits_western_coatpant/92dbb14f9590f6e4d8a46ba1f43ca0dd.jpg,10,0.539684,0.603371,0.749503,0.771982
/kaggle/input/datasets/afqwe0/clotheslabelled/Mahesh/men_suits_western_coatpant/IMG_20250807_WA0015.jpg,10,0.748911,0.720606,0.491318,0.567491
/kaggle/input/datasets/afqwe0/clotheslabelled/Mahesh/men_suits_western_coatpant/IMG_20250807_WA0015.jpg,10,0.153124,0.690239,0.301657,0.629306
/kaggle/input/datasets/afqwe0/clotheslabelled/Mahesh/men_suits_western_coatpant/IMG_20250807_WA0015.jpg,10,0.759135,0.559284,0.485064,0.892382
/kaggle/input/datasets/afqwe0/clotheslabelled/Mahesh/men_suits_western_coatpant/IMG_20250807_WA0015.jpg,10,0.154139,0.613049,0.300835,0.784334
/kaggle/input/datasets/afqwe0/clotheslabelled/Mahesh/men_suits_western_coatpant/BACK_65aeed8c_40d1_4763_9b90_0e1dfa428a18_1200x1200_2505306098.jpg,10,0.502252,0.531939,0.666906,0.928461
/kaggle/input/datasets/afqwe0/clotheslabelled/Mahesh/men_suits_western_coatpant/BACK_65aeed8c_40d1_4763_9b90_0e1dfa428a18_1200x1200_2505306098.jpg,10,0.499246,0.621125,0.660505,0.743994
/kaggle/input/datasets/afqwe0/clotheslabelled/Mahesh/men_suits_western_coatpant/BACK_65aeed8c_40d1_4763_9b90_0e1dfa428a18_1200x1200_2505306098.jpg,10,0.499136,0.62212,0.660505,0.743994
/kaggle/input/datasets/afqwe0/clotheslabelled/Mahesh/men_suits_western_coatpant/62572cb0ef8d752e71a217f3bb370d70.jpg,10,0.519187,0.498145,0.786432,0.999777
/kaggle/input/datasets/afqwe0/clotheslabelled/Mahesh/men_suits_western_coatpant/62572cb0ef8d752e71a217f3bb370d70.jpg,10,0.52195,0.498229,0.787691,0.999837
/kaggle/input/datasets/afqwe0/clotheslabelled/Mahesh/men_suits_western_coatpant/OIP_3906498876.jpg,10,0.535519,0.583523,0.438714,0.82116
/kaggle/input/datasets/afqwe0/clotheslabelled/Mahesh/men_suits_western_coatpant/OIP_3906498876.jpg,10,0.535729,0.65051,0.428935,0.686882
/kaggle/input/datasets/afqwe0/clotheslabelled/Mahesh/men_suits_western_coatpant/OIP_3906498876.jpg,10,0.533753,0.651026,0.431137,0.693563
/kaggle/input/datasets/afqwe0/clotheslabelled/Mahesh/men_suits_western_coatpant/67cd2b72b332566ff106be534a979924.jpg,10,0.51439,0.668458,0.250249,0.458601
/kaggle/input/datasets/afqwe0/clotheslabelled/Mahesh/men_suits_western_coatpant/67cd2b72b332566ff106be534a979924.jpg,10,0.762056,0.669755,0.294778,0.462483
/kaggle/input/datasets/afqwe0/clotheslabelled/Mahesh/men_suits_western_coatpant/67cd2b72b332566ff106be534a979924.jpg,10,0.278004,0.683781,0.341888,0.493271
/kaggle/input/datasets/afqwe0/clotheslabelled/Mahesh/men_suits_western_coatpant/67cd2b72b332566ff106be534a979924.jpg,10,0.278004,0.676731,0.350154,0.632601
/kaggle/input/datasets/afqwe0/clotheslabelled/Mahesh/men_suits_western_coatpant/67cd2b72b332566ff106be534a979924.jpg,10,0.760101,0.654568,0.305839,0.561319
/kaggle/input/datasets/afqwe0/clotheslabelled/Mahesh/men_suits_western_coatpant/67cd2b72b332566ff106be534a979924.jpg,10,0.514255,0.651026,0.249074,0.543938
/kaggle/input/datasets/afqwe0/clotheslabelled/Mahesh/men_suits_western_coatpant/67cd2b72b332566ff106be534a979924.jpg,10,0.509755,0.675605,0.836064,0.624478
/kaggle/input/datasets/afqwe0/clotheslabelled/Mahesh/men_suits_western_coatpant/def73e92c52c47a3e49b683569d33026.jpg,10,0.615959,0.721213,0.58249,0.549746
/kaggle/input/datasets/afqwe0/clotheslabelled/Mahesh/men_suits_western_coatpant/def73e92c52c47a3e49b683569d33026.jpg,10,0.598644,0.776974,0.533177,0.442741
/kaggle/input/datasets/afqwe0/clotheslabelled/Mahesh/men_suits_western_coatpant/def73e92c52c47a3e49b683569d33026.jpg,10,0.597037,0.775202,0.528814,0.442741
/kaggle/input/datasets/afqwe0/clotheslabelled/Mahesh/men_suits_western_coatpant/1770900303305.jpg,10,0.652269,0.787438,0.148042,0.288979
/kaggle/input/datasets/afqwe0/clotheslabelled/Mahesh/men_suits_western_coatpant/1770900303305.jpg,10,0.395357,0.757165,0.119787,0.274748
/kaggle/input/datasets/afqwe0/clotheslabelled/Mahesh/men_suits_western_coatpant/1770900303305.jpg,10,0.397629,0.75012,0.12891,0.354977
/kaggle/input/datasets/afqwe0/clotheslabelled/Mahesh/men_suits_western_coatpant/1770900303305.jpg,10,0.65623,0.784496,0.15511,0.364876
/kaggle/input/datasets/afqwe0/clotheslabelled/Mahesh/men_suits_western_coatpant/1770900303305.jpg,10,0.478235,0.776789,0.127479,0.273195
/kaggle/input/datasets/afqwe0/clotheslabelled/Mahesh/men_suits_western_coatpant/1770900303305.jpg,10,0.478032,0.764069,0.13159,0.339399
/kaggle/input/datasets/afqwe0/clotheslabelled/Mahesh/men_suits_western_coatpant/1770900303305.jpg,10,0.542227,0.776461,0.39541,0.356768
/kaggle/input/datasets/afqwe0/clotheslabelled/Mahesh/men_suits_western_coatpant/1770900303305.jpg,10,0.566894,0.759461,0.116683,0.327247
/kaggle/input/datasets/afqwe0/clotheslabelled/Mahesh/men_suits_western_coatpant/ef113a9de04b68e4d3f762493ae8a201.jpg,10,0.540035,0.549641,0.684469,0.888836
/kaggle/input/datasets/afqwe0/clotheslabelled/Mahesh/men_suits_western_coatpant/ef113a9de04b68e4d3f762493ae8a201.jpg,10,0.541525,0.663346,0.682269,0.662891
/kaggle/input/datasets/afqwe0/clotheslabelled/Mahesh/men_suits_western_coatpant/ef113a9de04b68e4d3f762493ae8a201.jpg,10,0.539436,0.663952,0.680161,0.666374
/kaggle/input/datasets/afqwe0/clotheslabelled/Mahesh/men_suits_western_coatpant/9b3d5b265202f04b86c9e2823037514c.jpg,10,0.51855,0.765879,0.303163,0.456273
/kaggle/input/datasets/afqwe0/clotheslabelled/Mahesh/men_suits_western_coatpant/9b3d5b265202f04b86c9e2823037514c.jpg,10,0.51367,0.818743,0.294559,0.352299
/kaggle/input/datasets/afqwe0/clotheslabelled/Mahesh/men_suits_western_coatpant/dd7e42dd317050411696a45006904add.jpg,10,0.513741,0.59857,0.741178,0.79066
/kaggle/input/datasets/afqwe0/clotheslabelled/Mahesh/men_suits_western_coatpant/dd7e42dd317050411696a45006904add.jpg,10,0.511926,0.696828,0.731237,0.591826
/kaggle/input/datasets/afqwe0/clotheslabelled/Mahesh/men_suits_western_coatpant/dd7e42dd317050411696a45006904add.jpg,10,0.512299,0.695813,0.731237,0.595595
/kaggle/input/datasets/afqwe0/clotheslabelled/Mahesh/men_suits_western_coatpant/4a4439eaddb18a667a205bb495920413.jpg,10,0.536242,0.441529,0.415711,0.880879
/kaggle/input/datasets/afqwe0/clotheslabelled/Mahesh/men_suits_western_coatpant/4a4439eaddb18a667a205bb495920413.jpg,10,0.532992,0.408934,0.412386,0.818219
/kaggle/input/datasets/afqwe0/clotheslabelled/Mahesh/men_suits_western_coatpant/9c34edea5de7201bd01b9d16fcc7a8ac.jpg,10,0.372049,0.54359,0.529213,0.904718
/kaggle/input/datasets/afqwe0/clotheslabelled/Mahesh/men_suits_western_coatpant/9c34edea5de7201bd01b9d16fcc7a8ac.jpg,10,0.368629,0.616518,0.524315,0.758588
/kaggle/input/datasets/afqwe0/clotheslabelled/Mahesh/men_suits_western_coatpant/9c34edea5de7201bd01b9d16fcc7a8ac.jpg,10,0.370194,0.616936,0.524315,0.758588
/kaggle/input/datasets/afqwe0/clotheslabelled/Mahesh/men_suits_western_coatpant/plaid_three_piece_suit_navy_tie_2025_01_07_11_06_07_2130639043.jpg,10,0.526687,0.537041,0.397525,0.877561
/kaggle/input/datasets/afqwe0/clotheslabelled/Mahesh/men_suits_western_coatpant/plaid_three_piece_suit_navy_tie_2025_01_07_11_06_07_2130639043.jpg,10,0.527506,0.561169,0.392677,0.706684
/kaggle/input/datasets/afqwe0/clotheslabelled/Mahesh/men_suits_western_coatpant/plaid_three_piece_suit_navy_tie_2025_01_07_11_06_07_2130639043.jpg,10,0.526991,0.564099,0.39373,0.706684
/kaggle/input/datasets/afqwe0/clotheslabelled/Mahesh/men_suits_western_coatpant/815921f20780e9c7ff6b22c7fe73a7a0.jpg,10,0.539222,0.674114,0.679922,0.643427
/kaggle/input/datasets/afqwe0/clotheslabelled/Mahesh/men_suits_western_coatpant/815921f20780e9c7ff6b22c7fe73a7a0.jpg,10,0.539924,0.556641,0.684875,0.875872
/kaggle/input/datasets/afqwe0/clotheslabelled/Mahesh/men_suits_western_coatpant/815921f20780e9c7ff6b22c7fe73a7a0.jpg,10,0.540476,0.674162,0.675074,0.645217
/kaggle/input/datasets/afqwe0/clotheslabelled/Mahesh/men_suits_western_coatpant/687239234_1477601257498524_3611537093987480636_n.jpg,10,0.492329,0.635114,0.190053,0.408379
/kaggle/input/datasets/afqwe0/clotheslabelled/Mahesh/men_suits_western_coatpant/687239234_1477601257498524_3611537093987480636_n.jpg,10,0.492381,0.64714,0.182788,0.32553
/kaggle/input/datasets/afqwe0/clotheslabelled/Mahesh/men_suits_western_coatpant/cce3682ccd3103f637b5dffa382f70a0.jpg,10,0.567609,0.559531,0.409725,0.648786
/kaggle/input/datasets/afqwe0/clotheslabelled/Mahesh/men_suits_western_coatpant/cce3682ccd3103f637b5dffa382f70a0.jpg,10,0.568032,0.550294,0.422813,0.842401
/kaggle/input/datasets/afqwe0/clotheslabelled/Mahesh/men_suits_western_coatpant/bbdb1445f7ccdc1fdc83c42f1729427e.jpg,10,0.498903,0.446182,0.387436,0.731909
/kaggle/input/datasets/afqwe0/clotheslabelled/Mahesh/men_suits_western_coatpant/bbdb1445f7ccdc1fdc83c42f1729427e.jpg,10,0.499309,0.44379,0.389528,0.734964
/kaggle/input/datasets/afqwe0/clotheslabelled/Mahesh/men_suits_western_coatpant/56e6751c0618250c37a9b7d23d1556fe.jpg,10,0.455437,0.351393,0.681503,0.543938
/kaggle/input/datasets/afqwe0/clotheslabelled/Mahesh/men_suits_western_coatpant/56e6751c0618250c37a9b7d23d1556fe.jpg,10,0.455619,0.352409,0.678599,0.541999
/kaggle/input/datasets/afqwe0/clotheslabelled/Mahesh/men_suits_western_coatpant/78b9332a231b9606f6d0db30072efb37.jpg,10,0.41717,0.691085,0.465918,0.61241
/kaggle/input/datasets/afqwe0/clotheslabelled/Mahesh/men_suits_western_coatpant/78b9332a231b9606f6d0db30072efb37.jpg,10,0.413247,0.722764,0.450641,0.545875
/kaggle/input/datasets/afqwe0/clotheslabelled/Mahesh/men_suits_western_coatpant/78b9332a231b9606f6d0db30072efb37.jpg,10,0.413354,0.724116,0.453274,0.543938
/kaggle/input/datasets/afqwe0/clotheslabelled/Mahesh/men_suits_western_coatpant/e3bc32fbeb5e51b4ea6b513fca36c08b.jpg,10,0.331915,0.476264,0.402294,0.813525
/kaggle/input/datasets/afqwe0/clotheslabelled/Mahesh/men_suits_western_coatpant/e3bc32fbeb5e51b4ea6b513fca36c08b.jpg,10,0.670359,0.473828,0.364458,0.801382
/kaggle/input/datasets/afqwe0/clotheslabelled/Mahesh/men_suits_western_coatpant/e3bc32fbeb5e51b4ea6b513fca36c08b.jpg,10,0.671894,0.481646,0.363948,0.815884
/kaggle/input/datasets/afqwe0/clotheslabelled/Mahesh/men_suits_western_coatpant/e3bc32fbeb5e51b4ea6b513fca36c08b.jpg,10,0.332281,0.480671,0.402294,0.825088
/kaggle/input/datasets/afqwe0/clotheslabelled/Mahesh/men_suits_western_coatpant/f4aa8ae46c6f29e2c8e51cfbd3d0bc9e.jpg,10,0.505335,0.630174,1.0,0.721901
/kaggle/input/datasets/afqwe0/clotheslabelled/Mahesh/men_suits_western_coatpant/f803138e7cfdd354976cdeaecc39386b.jpg,10,0.457444,0.442324,0.452486,0.669839
/kaggle/input/datasets/afqwe0/clotheslabelled/Mahesh/men_suits_western_coatpant/f803138e7cfdd354976cdeaecc39386b.jpg,10,0.45717,0.438493,0.453721,0.673285
/kaggle/input/datasets/afqwe0/clotheslabelled/Mahesh/men_suits_western_coatpant/media_1164862589.jpg,10,0.24003,0.641577,0.466172,0.709912
/kaggle/input/datasets/afqwe0/clotheslabelled/Mahesh/men_suits_western_coatpant/media_1164862589.jpg,10,0.21499,0.708054,0.426751,0.574737
/kaggle/input/datasets/afqwe0/clotheslabelled/Mahesh/men_suits_western_coatpant/b3f0a3a7ad9432a3b45a1c82a5cfb79f.jpg,10,0.539404,0.555676,0.750398,0.87923
/kaggle/input/datasets/afqwe0/clotheslabelled/Mahesh/men_suits_western_coatpant/b3f0a3a7ad9432a3b45a1c82a5cfb79f.jpg,10,0.537104,0.64613,0.739674,0.700164
/kaggle/input/datasets/afqwe0/clotheslabelled/Mahesh/men_suits_western_coatpant/b3f0a3a7ad9432a3b45a1c82a5cfb79f.jpg,10,0.538538,0.645298,0.739674,0.700164
/kaggle/input/datasets/afqwe0/clotheslabelled/Mahesh/men_suits_western_coatpant/Mens_Blue_Windowpane_Checkered_Slim_Fit_Suit_512x769_3431096385.jpg,10,0.503247,0.578448,0.707724,0.820532
/kaggle/input/datasets/afqwe0/clotheslabelled/Mahesh/men_suits_western_coatpant/Mens_Blue_Windowpane_Checkered_Slim_Fit_Suit_512x769_3431096385.jpg,10,0.506589,0.501563,0.706398,0.985054
/kaggle/input/datasets/afqwe0/clotheslabelled/Mahesh/men_suits_western_coatpant/Mens_Blue_Windowpane_Checkered_Slim_Fit_Suit_512x769_3431096385.jpg,10,0.50359,0.57602,0.707724,0.811143
/kaggle/input/datasets/afqwe0/clotheslabelled/Mahesh/men_suits_western_coatpant/e3b92c425ee21b5981311c6fb513c17f.jpg,10,0.481278,0.649694,0.602685,0.690232
/kaggle/input/datasets/afqwe0/clotheslabelled/Mahesh/men_suits_western_coatpant/e3b92c425ee21b5981311c6fb513c17f.jpg,10,0.487226,0.547464,0.608766,0.894863
/kaggle/input/datasets/afqwe0/clotheslabelled/Mahesh/men_suits_western_coatpant/stock_photo_handsomebarded_boy_in_blue_pant_coat_with_brown_shoes_boy_sitting_on_chair_in_wedding_event_click_2327437899_1249347234.jpg,10,0.51111,0.384006,0.69321,0.526449
/kaggle/input/datasets/afqwe0/clotheslabelled/Mahesh/men_suits_western_coatpant/stock_photo_handsomebarded_boy_in_blue_pant_coat_with_brown_shoes_boy_sitting_on_chair_in_wedding_event_click_2327437899_1249347234.jpg,10,0.577812,0.428412,0.83511,0.855948
/kaggle/input/datasets/afqwe0/clotheslabelled/Mahesh/men_suits_western_coatpant/46c31a55930eb576161cdd9b34d36af0.jpg,10,0.50765,0.498633,0.526952,0.923095
/kaggle/input/datasets/afqwe0/clotheslabelled/Mahesh/men_suits_western_coatpant/46c31a55930eb576161cdd9b34d36af0.jpg,10,0.50982,0.515981,0.520326,0.722612
/kaggle/input/datasets/afqwe0/clotheslabelled/Mahesh/men_suits_western_coatpant/46c31a55930eb576161cdd9b34d36af0.jpg,10,0.510633,0.518256,0.518889,0.716305
/kaggle/input/datasets/afqwe0/clotheslabelled/Mahesh/men_suits_western_coatpant/6519ded9dff8eb043836f19aa0eeecb0.jpg,10,0.526125,0.546254,0.875343,0.897767
/kaggle/input/datasets/afqwe0/clotheslabelled/Mahesh/men_suits_western_coatpant/6519ded9dff8eb043836f19aa0eeecb0.jpg,10,0.522816,0.659361,0.876895,0.673285
/kaggle/input/datasets/afqwe0/clotheslabelled/Mahesh/men_suits_western_coatpant/6519ded9dff8eb043836f19aa0eeecb0.jpg,10,0.522816,0.658971,0.876895,0.669839
/kaggle/input/datasets/afqwe0/clotheslabelled/Mahesh/men_suits_western_coatpant/0b9e1a1e9a6073b9444b334ae6a6fccd.jpg,10,0.564143,0.674972,0.719765,0.636225
/kaggle/input/datasets/afqwe0/clotheslabelled/Mahesh/men_suits_western_coatpant/0b9e1a1e9a6073b9444b334ae6a6fccd.jpg,10,0.565747,0.577019,0.723593,0.835591
/kaggle/input/datasets/afqwe0/clotheslabelled/Mahesh/men_suits_western_coatpant/IMG_20250807_WA0014.jpg,10,0.671193,0.671762,0.19593,0.483054
/kaggle/input/datasets/afqwe0/clotheslabelled/Mahesh/men_suits_western_coatpant/IMG_20250807_WA0014.jpg,10,0.438428,0.674997,0.143193,0.438778
/kaggle/input/datasets/afqwe0/clotheslabelled/Mahesh/men_suits_western_coatpant/IMG_20250807_WA0014.jpg,10,0.305747,0.618479,0.1903,0.549737
/kaggle/input/datasets/afqwe0/clotheslabelled/Mahesh/men_suits_western_coatpant/IMG_20250807_WA0014.jpg,10,0.303036,0.65451,0.183893,0.478732
/kaggle/input/datasets/afqwe0/clotheslabelled/Mahesh/men_suits_western_coatpant/IMG_20250807_WA0014.jpg,10,0.67157,0.623832,0.197986,0.582825
/kaggle/input/datasets/afqwe0/clotheslabelled/Mahesh/men_suits_western_coatpant/IMG_20250807_WA0014.jpg,10,0.540072,0.692257,0.117172,0.402791
/kaggle/input/datasets/afqwe0/clotheslabelled/Mahesh/men_suits_western_coatpant/IMG_20250807_WA0014.jpg,10,0.43854,0.625718,0.139447,0.534654
/kaggle/input/datasets/afqwe0/clotheslabelled/Mahesh/men_suits_western_coatpant/IMG_20250807_WA0014.jpg,10,0.491395,0.617977,0.564291,0.574625
/kaggle/input/datasets/afqwe0/clotheslabelled/Mahesh/men_suits_western_coatpant/IMG_20250807_WA0014.jpg,10,0.544,0.649205,0.122149,0.49637
/kaggle/input/datasets/afqwe0/clotheslabelled/Mahesh/men_suits_western_coatpant/dec03792f50dbf3c81059b786ffd03ac.jpg,10,0.474074,0.504004,0.9569,0.977731
/kaggle/input/datasets/afqwe0/clotheslabelled/Mahesh/men_suits_western_coatpant/dec03792f50dbf3c81059b786ffd03ac.jpg,10,0.487681,0.597418,0.924368,0.806309
/kaggle/input/datasets/afqwe0/clotheslabelled/Mahesh/men_suits_western_coatpant/dec03792f50dbf3c81059b786ffd03ac.jpg,10,0.49678,0.514598,0.910538,0.643427
/kaggle/input/datasets/afqwe0/clotheslabelled/Mahesh/men_suits_western_coatpant/dec03792f50dbf3c81059b786ffd03ac.jpg,10,0.484298,0.591629,0.930166,0.804529
/kaggle/input/datasets/afqwe0/clotheslabelled/Mahesh/men_suits_western_coatpant/4731007d3c7b332c30c7cdcd836a4a3f.jpg,10,0.498481,0.61036,0.772845,0.770604
/kaggle/input/datasets/afqwe0/clotheslabelled/Mahesh/men_suits_western_coatpant/4731007d3c7b332c30c7cdcd836a4a3f.jpg,10,0.495157,0.713857,0.774797,0.565163
/kaggle/input/datasets/afqwe0/clotheslabelled/Mahesh/men_suits_western_coatpant/4731007d3c7b332c30c7cdcd836a4a3f.jpg,10,0.495317,0.714471,0.771425,0.561319
/kaggle/input/datasets/afqwe0/clotheslabelled/Mahesh/men_suits_western_coatpant/878516ae85439701a21a021bed88c7e6.jpg,10,0.447581,0.607197,0.253296,0.641632
/kaggle/input/datasets/afqwe0/clotheslabelled/Mahesh/men_suits_western_coatpant/878516ae85439701a21a021bed88c7e6.jpg,10,0.450397,0.620051,0.24803,0.489365
/kaggle/input/datasets/afqwe0/clotheslabelled/Mahesh/men_suits_western_coatpant/878516ae85439701a21a021bed88c7e6.jpg,10,0.449074,0.618662,0.249038,0.485854
/kaggle/input/datasets/afqwe0/clotheslabelled/Mahesh/men_suits_western_coatpant/a1fa1cdba16ce82e3bcee1d6bb0a9f6b.jpg,10,0.460435,0.518424,0.780307,0.811796
/kaggle/input/datasets/afqwe0/clotheslabelled/Mahesh/men_suits_western_coatpant/a1fa1cdba16ce82e3bcee1d6bb0a9f6b.jpg,10,0.463175,0.519132,0.77226,0.810599
/kaggle/input/datasets/afqwe0/clotheslabelled/Mahesh/men_suits_western_coatpant/19df7376_e816_472a_8504_888712b4694e.jpg,10,0.497213,0.758792,0.464989,0.471816
/kaggle/input/datasets/afqwe0/clotheslabelled/Mahesh/men_suits_western_coatpant/19df7376_e816_472a_8504_888712b4694e.jpg,10,0.498667,0.689568,0.464211,0.609711
/kaggle/input/datasets/afqwe0/clotheslabelled/Mahesh/men_suits_western_coatpant/0ab29bcb68e7f901541cac88efa5915e.jpg,10,0.458268,0.547222,0.922386,0.890371
/kaggle/input/datasets/afqwe0/clotheslabelled/Mahesh/men_suits_western_coatpant/0ab29bcb68e7f901541cac88efa5915e.jpg,10,0.477687,0.647022,0.878528,0.696874
/kaggle/input/datasets/afqwe0/clotheslabelled/Mahesh/men_suits_western_coatpant/0ab29bcb68e7f901541cac88efa5915e.jpg,10,0.483373,0.646056,0.869951,0.690232
/kaggle/input/datasets/afqwe0/clotheslabelled/Mahesh/men_suits_western_coatpant/5b78d58c52bdf4a18b1f33ade628b726.jpg,10,0.506268,0.509398,0.659459,0.766434
/kaggle/input/datasets/afqwe0/clotheslabelled/Mahesh/men_suits_western_coatpant/5b78d58c52bdf4a18b1f33ade628b726.jpg,10,0.507912,0.504492,0.650064,0.76922
/kaggle/input/datasets/afqwe0/clotheslabelled/Mahesh/men_suits_western_coatpant/45849b07affe685440a22b84e1d31d1d.jpg,10,0.5178,0.457307,0.801348,0.808738
/kaggle/input/datasets/afqwe0/clotheslabelled/Mahesh/men_suits_western_coatpant/45849b07affe685440a22b84e1d31d1d.jpg,10,0.443657,0.510192,0.940832,0.972852
/kaggle/input/datasets/afqwe0/clotheslabelled/Mahesh/men_suits_western_coatpant/45849b07affe685440a22b84e1d31d1d.jpg,10,0.523929,0.45442,0.795513,0.801382
/kaggle/input/datasets/afqwe0/clotheslabelled/Mahesh/men_suits_western_coatpant/45849b07affe685440a22b84e1d31d1d.jpg,10,0.444385,0.509862,0.94357,0.980891
/kaggle/input/datasets/afqwe0/clotheslabelled/Mahesh/men_suits_western_coatpant/IMG_20260211_WA0056.jpg,10,0.468278,0.620759,0.513099,0.749235
/kaggle/input/datasets/afqwe0/clotheslabelled/Mahesh/men_suits_western_coatpant/IMG_20260211_WA0056.jpg,10,0.46489,0.71047,0.508065,0.568999
/kaggle/input/datasets/afqwe0/clotheslabelled/Mahesh/men_suits_western_coatpant/ece2a54ea7ef82d80a1bdc9639f663a3.jpg,10,0.684161,0.620529,0.778859,0.7507
/kaggle/input/datasets/afqwe0/clotheslabelled/Mahesh/men_suits_western_coatpant/ece2a54ea7ef82d80a1bdc9639f663a3.jpg,10,0.686837,0.647084,0.729118,0.693563
/kaggle/input/datasets/afqwe0/clotheslabelled/Mahesh/men_suits_western_coatpant/bacdf0de445629415d588d5e8ffd73f8.jpg,10,0.523335,0.504004,0.611819,0.980296
/kaggle/input/datasets/afqwe0/clotheslabelled/Mahesh/men_suits_western_coatpant/bacdf0de445629415d588d5e8ffd73f8.jpg,10,0.521202,0.618364,0.609267,0.752819
/kaggle/input/datasets/afqwe0/clotheslabelled/Mahesh/men_suits_western_coatpant/bacdf0de445629415d588d5e8ffd73f8.jpg,10,0.522268,0.621541,0.614147,0.7499
/kaggle/input/datasets/afqwe0/clotheslabelled/Mahesh/men_suits_western_coatpant/6af275b42d56b07e20f0f1de2dcaf405.jpg,10,0.523183,0.513729,0.448307,0.945035
/kaggle/input/datasets/afqwe0/clotheslabelled/Mahesh/men_suits_western_coatpant/6af275b42d56b07e20f0f1de2dcaf405.jpg,10,0.522573,0.538498,0.435927,0.725733
/kaggle/input/datasets/afqwe0/clotheslabelled/Mahesh/men_suits_western_coatpant/6af275b42d56b07e20f0f1de2dcaf405.jpg,10,0.524097,0.535538,0.438148,0.716305
/kaggle/input/datasets/afqwe0/clotheslabelled/Mahesh/men_suits_western_coatpant/b6cbb1e01d8f31f6c5d908dce8290470.jpg,10,0.442909,0.692487,0.505944,0.60785
/kaggle/input/datasets/afqwe0/clotheslabelled/Mahesh/men_suits_western_coatpant/b6cbb1e01d8f31f6c5d908dce8290470.jpg,10,0.450505,0.718423,0.498721,0.423562
/kaggle/input/datasets/afqwe0/clotheslabelled/Mahesh/men_suits_western_coatpant/6558e569b423c51af8f4a0b8698bceb0.jpg,10,0.515482,0.518012,0.567931,0.722612
/kaggle/input/datasets/afqwe0/clotheslabelled/Mahesh/men_suits_western_coatpant/6558e569b423c51af8f4a0b8698bceb0.jpg,10,0.512706,0.492774,0.573377,0.931513
/kaggle/input/datasets/afqwe0/clotheslabelled/Mahesh/men_suits_western_coatpant/Light_Navy_Italian_Manequin_3861392984.jpg,10,0.500031,0.537527,0.843554,0.859758
/kaggle/input/datasets/afqwe0/clotheslabelled/Mahesh/men_suits_western_coatpant/Light_Navy_Italian_Manequin_3861392984.jpg,10,0.498641,0.535196,0.843554,0.859758
/kaggle/input/datasets/afqwe0/clotheslabelled/Mahesh/men_suits_western_coatpant/1733671406368.jpg,10,0.499843,0.660018,0.358563,0.669839
/kaggle/input/datasets/afqwe0/clotheslabelled/Mahesh/men_suits_western_coatpant/1733671406368.jpg,10,0.499928,0.567937,0.360445,0.854011
/kaggle/input/datasets/afqwe0/clotheslabelled/Mahesh/men_suits_western_coatpant/2d898de879778e5a0431e50af9f1a149_3310889944.png,10,0.558058,0.500098,0.910378,0.987956
/kaggle/input/datasets/afqwe0/clotheslabelled/Mahesh/men_suits_western_coatpant/2d898de879778e5a0431e50af9f1a149_3310889944.png,10,0.556966,0.624889,0.906179,0.740325
/kaggle/input/datasets/afqwe0/clotheslabelled/Mahesh/men_suits_western_coatpant/balen_3174623488.png,10,0.41362,0.773411,0.619801,0.511656
/kaggle/input/datasets/afqwe0/clotheslabelled/Mahesh/men_suits_western_coatpant/balen_3174623488.png,10,0.416358,0.761968,0.629958,1.0
/kaggle/input/datasets/afqwe0/clotheslabelled/Mahesh/men_suits_western_coatpant/balen_3174623488.png,10,0.416465,0.571253,0.621641,0.968815
/kaggle/input/datasets/afqwe0/clotheslabelled/Mahesh/men_suits_western_coatpant/balen_3174623488.png,10,0.414805,0.768758,0.619801,0.518954
/kaggle/input/datasets/afqwe0/clotheslabelled/Mahesh/men_suits_western_coatpant/8a85b99c1383deeec829fe57fdb07862.jpg,10,0.463895,0.677324,0.609267,0.634415
/kaggle/input/datasets/afqwe0/clotheslabelled/Mahesh/men_suits_western_coatpant/8a85b99c1383deeec829fe57fdb07862.jpg,10,0.465854,0.580352,0.611209,0.82794
/kaggle/input/datasets/afqwe0/clotheslabelled/Mahesh/men_suits_western_coatpant/8a85b99c1383deeec829fe57fdb07862.jpg,10,0.465036,0.677158,0.614147,0.636225
/kaggle/input/datasets/afqwe0/clotheslabelled/Mahesh/men_suits_western_coatpant/4b7516a90dcf4eab113c7fa4b9bb8656.jpg,10,0.371715,0.498633,0.803721,0.998075
/kaggle/input/datasets/afqwe0/clotheslabelled/Mahesh/men_suits_western_coatpant/4b7516a90dcf4eab113c7fa4b9bb8656.jpg,10,0.370866,0.500183,0.794701,0.994274
/kaggle/input/datasets/afqwe0/clotheslabelled/Mahesh/men_suits_western_coatpant/6ff037e8af3077c3556748aa55133825.jpg,10,0.579327,0.637392,0.660607,0.715584
/kaggle/input/datasets/afqwe0/clotheslabelled/Mahesh/men_suits_western_coatpant/6ff037e8af3077c3556748aa55133825.jpg,10,0.578829,0.724701,0.662928,0.541999
/kaggle/input/datasets/afqwe0/clotheslabelled/Mahesh/men_suits_western_coatpant/6ff037e8af3077c3556748aa55133825.jpg,10,0.578829,0.725107,0.662928,0.540059
/kaggle/input/datasets/afqwe0/clotheslabelled/Mahesh/men_suits_western_coatpant/2015a559e955f286b9fb882bf5fbdcd2.jpg,10,0.448972,0.739651,0.226688,0.506942
/kaggle/input/datasets/afqwe0/clotheslabelled/Mahesh/men_suits_western_coatpant/2015a559e955f286b9fb882bf5fbdcd2.jpg,10,0.449316,0.772028,0.221049,0.442741
/kaggle/input/datasets/afqwe0/clotheslabelled/Mahesh/men_suits_western_coatpant/92852b740e8073041fc0327ae959e201.jpg,10,0.516057,0.503516,0.548075,0.95331
/kaggle/input/datasets/afqwe0/clotheslabelled/Mahesh/men_suits_western_coatpant/92852b740e8073041fc0327ae959e201.jpg,10,0.516795,0.545724,0.54575,0.764265
/kaggle/input/datasets/afqwe0/clotheslabelled/Mahesh/men_suits_western_coatpant/92852b740e8073041fc0327ae959e201.jpg,10,0.515846,0.54577,0.54575,0.764265
/kaggle/input/datasets/afqwe0/clotheslabelled/Mahesh/men_suits_western_coatpant/71c6f16a2a4ed787f4c72ffed824d99d.jpg,10,0.451697,0.350707,0.681503,0.549746
/kaggle/input/datasets/afqwe0/clotheslabelled/Mahesh/men_suits_western_coatpant/71c6f16a2a4ed787f4c72ffed824d99d.jpg,10,0.451423,0.349836,0.690228,0.547811
/kaggle/input/datasets/afqwe0/clotheslabelled/Mahesh/men_suits_western_coatpant/b80f045a8d673b81f4cc445501fec434.jpg,10,0.48367,0.553505,1.0,0.877561
/kaggle/input/datasets/afqwe0/clotheslabelled/Mahesh/men_suits_western_coatpant/b80f045a8d673b81f4cc445501fec434.jpg,10,0.483345,0.666127,1.0,0.655873
/kaggle/input/datasets/afqwe0/clotheslabelled/Mahesh/men_suits_western_coatpant/b80f045a8d673b81f4cc445501fec434.jpg,10,0.484429,0.665089,1.0,0.659391
/kaggle/input/datasets/afqwe0/clotheslabelled/Mahesh/men_suits_western_coatpant/a73c6441c5ee8ad83a7f3d244316f532.jpg,10,0.452655,0.632167,0.698498,0.725733
/kaggle/input/datasets/afqwe0/clotheslabelled/Mahesh/men_suits_western_coatpant/a73c6441c5ee8ad83a7f3d244316f532.jpg,10,0.45355,0.511815,0.70761,0.962701
/kaggle/input/datasets/afqwe0/clotheslabelled/Mahesh/men_suits_western_coatpant/a73c6441c5ee8ad83a7f3d244316f532.jpg,10,0.451986,0.630273,0.700755,0.722612
/kaggle/input/datasets/afqwe0/clotheslabelled/Mahesh/men_suits_western_coatpant/8a828517385fd93f39246afa40d5c33a.jpg,10,0.5002,0.593138,0.373061,0.803857
/kaggle/input/datasets/afqwe0/clotheslabelled/Mahesh/men_suits_western_coatpant/8a828517385fd93f39246afa40d5c33a.jpg,10,0.500923,0.505469,0.37189,0.986374
/kaggle/input/datasets/afqwe0/clotheslabelled/Mahesh/men_suits_western_coatpant/8a828517385fd93f39246afa40d5c33a.jpg,10,0.498734,0.593419,0.373061,0.806309
/kaggle/input/datasets/afqwe0/clotheslabelled/Mahesh/men_suits_western_coatpant/Light_grey_premium_Formal_suits_for_men_Kathmandu_Nepal_2_grande_3242095262.jpg,10,0.492396,0.612817,0.710847,0.769848
/kaggle/input/datasets/afqwe0/clotheslabelled/Mahesh/men_suits_western_coatpant/Light_grey_premium_Formal_suits_for_men_Kathmandu_Nepal_2_grande_3242095262.jpg,10,0.493929,0.523299,0.723592,0.94742
/kaggle/input/datasets/afqwe0/clotheslabelled/Mahesh/men_suits_western_coatpant/Light_grey_premium_Formal_suits_for_men_Kathmandu_Nepal_2_grande_3242095262.jpg,10,0.49336,0.610918,0.719257,0.767068
/kaggle/input/datasets/afqwe0/clotheslabelled/Mahesh/men_suits_western_coatpant/4a1bb980d58636d6190af6b8b45a5d7e.jpg,10,0.520257,0.507422,0.441148,0.975596
/kaggle/input/datasets/afqwe0/clotheslabelled/Mahesh/men_suits_western_coatpant/4a1bb980d58636d6190af6b8b45a5d7e.jpg,10,0.518306,0.586996,0.431297,0.811143
/kaggle/input/datasets/afqwe0/clotheslabelled/Mahesh/men_suits_western_coatpant/4a1bb980d58636d6190af6b8b45a5d7e.jpg,10,0.519119,0.586951,0.431297,0.808738
/kaggle/input/datasets/afqwe0/clotheslabelled/Mahesh/men_suits_western_coatpant/1bd7a49ab8950540ce1b3662e943ff3d.jpg,10,0.592773,0.498145,0.89501,0.999894
/kaggle/input/datasets/afqwe0/clotheslabelled/Mahesh/men_suits_western_coatpant/1bd7a49ab8950540ce1b3662e943ff3d.jpg,10,0.597491,0.498229,0.889803,0.999731
/kaggle/input/datasets/afqwe0/clotheslabelled/Mahesh/men_suits_western_coatpant/4e6152ba3658483128a2a3698a462a13.jpg,10,0.513121,0.610498,0.594639,0.767068
/kaggle/input/datasets/afqwe0/clotheslabelled/Mahesh/men_suits_western_coatpant/4e6152ba3658483128a2a3698a462a13.jpg,10,0.508811,0.514278,0.610599,0.966939
/kaggle/input/datasets/afqwe0/clotheslabelled/Mahesh/men_suits_western_coatpant/4e6152ba3658483128a2a3698a462a13.jpg,10,0.518458,0.541848,0.592204,0.634415
/kaggle/input/datasets/afqwe0/clotheslabelled/Mahesh/men_suits_western_coatpant/4e6152ba3658483128a2a3698a462a13.jpg,10,0.512053,0.611038,0.597075,0.761438
/kaggle/input/datasets/afqwe0/clotheslabelled/Mahesh/men_suits_western_coatpant/c5f0e3dd06e1b8a120eb9124057210d7.jpg,10,0.533482,0.498145,0.626399,0.99266
/kaggle/input/datasets/afqwe0/clotheslabelled/Mahesh/men_suits_western_coatpant/c5f0e3dd06e1b8a120eb9124057210d7.jpg,10,0.53267,0.499206,0.621862,0.991691
/kaggle/input/datasets/afqwe0/clotheslabelled/Mahesh/men_suits_western_coatpant/aa22f18e2f88e25cf91d9ecdbf38f91a.jpg,10,0.533644,0.498633,0.734153,0.999943
/kaggle/input/datasets/afqwe0/clotheslabelled/Mahesh/men_suits_western_coatpant/aa22f18e2f88e25cf91d9ecdbf38f91a.jpg,10,0.533968,0.497253,0.734153,0.999936
/kaggle/input/datasets/afqwe0/clotheslabelled/Mahesh/men_suits_western_coatpant/Maroon_premium_Formal_suits_for_men_Kathmandu_Nepal_2_2747779707.jpg,10,0.508106,0.521837,0.720003,0.95331
/kaggle/input/datasets/afqwe0/clotheslabelled/Mahesh/men_suits_western_coatpant/Maroon_premium_Formal_suits_for_men_Kathmandu_Nepal_2_2747779707.jpg,10,0.507317,0.608638,0.710764,0.775339
/kaggle/input/datasets/afqwe0/clotheslabelled/Mahesh/men_suits_western_coatpant/Maroon_premium_Formal_suits_for_men_Kathmandu_Nepal_2_2747779707.jpg,10,0.508193,0.607197,0.71637,0.775339
/kaggle/input/datasets/afqwe0/clotheslabelled/Mahesh/men_suits_western_coatpant/1a09674a29d42578f7ab7923ddc6ea39.jpg,10,0.463135,0.613744,0.48358,0.764265
/kaggle/input/datasets/afqwe0/clotheslabelled/Mahesh/men_suits_western_coatpant/1a09674a29d42578f7ab7923ddc6ea39.jpg,10,0.462022,0.553119,0.492148,0.87923
/kaggle/input/datasets/afqwe0/clotheslabelled/Mahesh/men_suits_western_coatpant/ee1f3b69b6fbc444e2d70fe1647d6e78_1.jpg,10,0.469426,0.590153,0.721247,0.782796
/kaggle/input/datasets/afqwe0/clotheslabelled/Mahesh/men_suits_western_coatpant/ee1f3b69b6fbc444e2d70fe1647d6e78_1.jpg,10,0.472673,0.58747,0.727705,0.786755
/kaggle/input/datasets/afqwe0/clotheslabelled/Mahesh/men_suits_western_coatpant/68c385b7eec7002baf5f8c3cb13cfa0e.jpg,10,0.448606,0.652086,0.651669,0.4466
/kaggle/input/datasets/afqwe0/clotheslabelled/Mahesh/men_suits_western_coatpant/68c385b7eec7002baf5f8c3cb13cfa0e.jpg,10,0.411636,0.601125,0.752743,0.549746
/kaggle/input/datasets/afqwe0/clotheslabelled/Mahesh/men_suits_western_coatpant/IMG_20260211_WA0074.jpg,10,0.351458,0.711658,0.546636,0.563242
/kaggle/input/datasets/afqwe0/clotheslabelled/Mahesh/men_suits_western_coatpant/IMG_20260211_WA0074.jpg,10,0.35632,0.623972,0.557804,0.744806
/kaggle/input/datasets/afqwe0/clotheslabelled/Mahesh/men_suits_western_coatpant/IMG_20260211_WA0046.jpg,10,0.591341,0.731564,0.429853,0.528396
/kaggle/input/datasets/afqwe0/clotheslabelled/Mahesh/men_suits_western_coatpant/IMG_20260211_WA0046.jpg,10,0.583769,0.651709,0.439683,0.684434
/kaggle/input/datasets/afqwe0/clotheslabelled/Mahesh/men_suits_western_coatpant/ee105a77db3a7594fe99d939f881d115.jpg,10,0.520427,0.558568,0.94754,0.785441
/kaggle/input/datasets/afqwe0/clotheslabelled/Mahesh/men_suits_western_coatpant/ee105a77db3a7594fe99d939f881d115.jpg,10,0.538923,0.574202,0.879229,0.574737
/kaggle/input/datasets/afqwe0/clotheslabelled/Mahesh/men_suits_western_coatpant/oar2_1256984522.jpg,10,0.640067,0.597183,0.842245,0.793816
/kaggle/input/datasets/afqwe0/clotheslabelled/Mahesh/men_suits_western_coatpant/oar2_1256984522.jpg,10,0.667588,0.597418,0.849174,0.796361
/kaggle/input/datasets/afqwe0/clotheslabelled/Mahesh/men_suits_western_coatpant/OIP_2462929757.jpg,10,0.502362,0.501564,0.868148,0.98361
/kaggle/input/datasets/afqwe0/clotheslabelled/Mahesh/men_suits_western_coatpant/OIP_2462929757.jpg,10,0.503136,0.49961,0.866589,0.989356
/kaggle/input/datasets/afqwe0/clotheslabelled/Mahesh/men_suits_western_coatpant/6445fee14a130e379aae9b998ee66635.jpg,10,0.542201,0.555917,0.813133,0.877561
/kaggle/input/datasets/afqwe0/clotheslabelled/Mahesh/men_suits_western_coatpant/6445fee14a130e379aae9b998ee66635.jpg,10,0.543844,0.664605,0.812999,0.659391
/kaggle/input/datasets/afqwe0/clotheslabelled/Mahesh/men_suits_western_coatpant/6445fee14a130e379aae9b998ee66635.jpg,10,0.543661,0.663782,0.810089,0.659391
/kaggle/input/datasets/afqwe0/clotheslabelled/Mahesh/men_suits_western_coatpant/ee1f3b69b6fbc444e2d70fe1647d6e78.jpg,10,0.469426,0.590153,0.721247,0.782796
/kaggle/input/datasets/afqwe0/clotheslabelled/Mahesh/men_suits_western_coatpant/ee1f3b69b6fbc444e2d70fe1647d6e78.jpg,10,0.472673,0.58747,0.727705,0.786755
/kaggle/input/datasets/afqwe0/clotheslabelled/Mahesh/men_suits_western_coatpant/40bd7339b25386520464ce1520a0af70.jpg,10,0.545246,0.523542,0.55087,0.936332
/kaggle/input/datasets/afqwe0/clotheslabelled/Mahesh/men_suits_western_coatpant/40bd7339b25386520464ce1520a0af70.jpg,10,0.54021,0.551091,0.542657,0.741006
/kaggle/input/datasets/afqwe0/clotheslabelled/Mahesh/men_suits_western_coatpant/40bd7339b25386520464ce1520a0af70.jpg,10,0.539357,0.552011,0.541195,0.7499
/kaggle/input/datasets/afqwe0/clotheslabelled/Mahesh/men_suits_western_coatpant/cdf1e3d15e3a200d74ccb894fcbd02d8.jpg,10,0.631523,0.668935,0.508691,0.647977
/kaggle/input/datasets/afqwe0/clotheslabelled/Mahesh/men_suits_western_coatpant/cdf1e3d15e3a200d74ccb894fcbd02d8.jpg,10,0.628877,0.739542,0.515156,0.512799
/kaggle/input/datasets/afqwe0/clotheslabelled/Mahesh/men_suits_western_coatpant/cdf1e3d15e3a200d74ccb894fcbd02d8.jpg,10,0.628433,0.738143,0.512517,0.508894
/kaggle/input/datasets/afqwe0/clotheslabelled/Mahesh/men_suits_western_coatpant/Harrinton_cotton_linen_suits_for_men_kathmandu_nepal_high_quality_3_ad8658cc_51ac_426a_aff3_bf129b1dade0_746472082.jpg,10,0.516469,0.504425,0.924874,0.979683
/kaggle/input/datasets/afqwe0/clotheslabelled/Mahesh/men_suits_western_coatpant/Harrinton_cotton_linen_suits_for_men_kathmandu_nepal_high_quality_3_ad8658cc_51ac_426a_aff3_bf129b1dade0_746472082.jpg,10,0.516644,0.503028,0.917141,0.984587
/kaggle/input/datasets/afqwe0/clotheslabelled/Mahesh/men_suits_western_coatpant/d94c17dc2b26a958abdff571811b39f2.jpg,10,0.505321,0.571095,0.329673,0.636225
/kaggle/input/datasets/afqwe0/clotheslabelled/Mahesh/men_suits_western_coatpant/d94c17dc2b26a958abdff571811b39f2.jpg,10,0.506013,0.545456,0.334054,0.796361
/kaggle/input/datasets/afqwe0/clotheslabelled/Mahesh/men_suits_western_coatpant/d94c17dc2b26a958abdff571811b39f2.jpg,10,0.505647,0.573201,0.330158,0.634415
/kaggle/input/datasets/afqwe0/clotheslabelled/Mahesh/men_suits_western_coatpant/35d6dd1a7e59d6ebf58400a4da7ffd59.jpg,10,0.401698,0.567457,0.517411,0.803298
/kaggle/input/datasets/afqwe0/clotheslabelled/Mahesh/men_suits_western_coatpant/35d6dd1a7e59d6ebf58400a4da7ffd59.jpg,10,0.398874,0.601598,0.513705,0.559395
/kaggle/input/datasets/afqwe0/clotheslabelled/Mahesh/men_suits_western_coatpant/35d6dd1a7e59d6ebf58400a4da7ffd59.jpg,10,0.401552,0.601638,0.511568,0.559395
/kaggle/input/datasets/afqwe0/clotheslabelled/Mahesh/men_suits_western_coatpant/3d65d3eb5e7050c842842b948932ed6e.jpg,10,0.5464,0.605755,0.349308,0.728832
/kaggle/input/datasets/afqwe0/clotheslabelled/Mahesh/men_suits_western_coatpant/3d65d3eb5e7050c842842b948932ed6e.jpg,10,0.548496,0.637825,0.346959,0.61241
/kaggle/input/datasets/afqwe0/clotheslabelled/Mahesh/men_suits_western_coatpant/3d65d3eb5e7050c842842b948932ed6e.jpg,10,0.54558,0.606731,0.351406,0.731909
/kaggle/input/datasets/afqwe0/clotheslabelled/Mahesh/men_suits_western_coatpant/88fcb7ee08c9f053d290928afb0aa121.jpg,10,0.479786,0.507422,0.469424,0.964882
/kaggle/input/datasets/afqwe0/clotheslabelled/Mahesh/men_suits_western_coatpant/88fcb7ee08c9f053d290928afb0aa121.jpg,10,0.479869,0.547096,0.469013,0.780735
/kaggle/input/datasets/afqwe0/clotheslabelled/Mahesh/men_suits_western_coatpant/88fcb7ee08c9f053d290928afb0aa121.jpg,10,0.478792,0.544271,0.469013,0.775339
/kaggle/input/datasets/afqwe0/clotheslabelled/Mahesh/men_suits_western_coatpant/73d0361d776a2d22de7851e6c95ea1bb.jpg,10,0.564984,0.631083,0.861204,0.731213
/kaggle/input/datasets/afqwe0/clotheslabelled/Mahesh/men_suits_western_coatpant/73d0361d776a2d22de7851e6c95ea1bb.jpg,10,0.070746,0.757718,0.147418,0.47961
/kaggle/input/datasets/afqwe0/clotheslabelled/Mahesh/men_suits_western_coatpant/73d0361d776a2d22de7851e6c95ea1bb.jpg,10,0.567998,0.490822,0.883804,0.99999
/kaggle/input/datasets/afqwe0/clotheslabelled/Mahesh/men_suits_western_coatpant/Bright_blue_premium_Formal_suits_for_men_Kathmandu_Nepal_1_3365879156.jpg,10,0.486252,0.643446,0.735988,0.703434
/kaggle/input/datasets/afqwe0/clotheslabelled/Mahesh/men_suits_western_coatpant/Bright_blue_premium_Formal_suits_for_men_Kathmandu_Nepal_1_3365879156.jpg,10,0.488704,0.533154,0.746618,0.926357
/kaggle/input/datasets/afqwe0/clotheslabelled/Mahesh/men_suits_western_coatpant/52e33b307057e477604002ee6cdbfdcc.jpg,10,0.480271,0.515085,0.543247,0.743994
/kaggle/input/datasets/afqwe0/clotheslabelled/Mahesh/men_suits_western_coatpant/52e33b307057e477604002ee6cdbfdcc.jpg,10,0.473777,0.484478,0.560746,0.91617
/kaggle/input/datasets/afqwe0/clotheslabelled/Mahesh/men_suits_western_coatpant/48b176f934f0505842bea6500143334c.jpg,10,0.497558,0.690245,1.0,0.60785
/kaggle/input/datasets/afqwe0/clotheslabelled/Mahesh/men_suits_western_coatpant/48b176f934f0505842bea6500143334c.jpg,10,0.497872,0.528777,1.0,0.931513
/kaggle/input/datasets/afqwe0/clotheslabelled/Mahesh/men_suits_western_coatpant/2a38aeee945a2fee27699f0ff0dc8532.jpg,10,0.523987,0.625328,0.465918,0.601227
/kaggle/input/datasets/afqwe0/clotheslabelled/Mahesh/men_suits_western_coatpant/2a38aeee945a2fee27699f0ff0dc8532.jpg,10,0.524638,0.604821,0.469957,0.752819
/kaggle/input/datasets/afqwe0/clotheslabelled/Mahesh/men_suits_western_coatpant/ce0bdff09e4c38724191a46c038bdabf.jpg,10,0.336205,0.537481,0.440178,0.764265
/kaggle/input/datasets/afqwe0/clotheslabelled/Mahesh/men_suits_western_coatpant/ce0bdff09e4c38724191a46c038bdabf.jpg,10,0.339593,0.509374,0.448323,0.931513
/kaggle/input/datasets/afqwe0/clotheslabelled/Mahesh/men_suits_western_coatpant/dfe7f4acfeb163e7d35edd1db8a68a26.jpg,10,0.517892,0.394618,0.681503,0.659391
/kaggle/input/datasets/afqwe0/clotheslabelled/Mahesh/men_suits_western_coatpant/OIP_1132359124.jpg,10,0.448761,0.517449,0.606266,0.958569
/kaggle/input/datasets/afqwe0/clotheslabelled/Mahesh/men_suits_western_coatpant/OIP_1132359124.jpg,10,0.448098,0.640749,0.599916,0.709181
/kaggle/input/datasets/afqwe0/clotheslabelled/Mahesh/men_suits_western_coatpant/OIP_1132359124.jpg,10,0.448538,0.639329,0.597699,0.709912
/kaggle/input/datasets/afqwe0/clotheslabelled/Mahesh/men_suits_western_coatpant/c01618ca3a0e134b70b0ab2f12663eb0.jpg,10,0.511824,0.432151,0.382234,0.725733
/kaggle/input/datasets/afqwe0/clotheslabelled/Mahesh/men_suits_western_coatpant/c01618ca3a0e134b70b0ab2f12663eb0.jpg,10,0.512358,0.430815,0.38431,0.734964
/kaggle/input/datasets/afqwe0/clotheslabelled/Mahesh/men_suits_western_coatpant/IMG_20260211_WA0068.jpg,10,0.518588,0.597748,0.599023,0.79066
/kaggle/input/datasets/afqwe0/clotheslabelled/Mahesh/men_suits_western_coatpant/IMG_20260211_WA0068.jpg,10,0.5181,0.693102,0.600193,0.601227
/kaggle/input/datasets/afqwe0/clotheslabelled/Mahesh/men_suits_western_coatpant/eece00bb1f5841986ab10ecb3e954897.jpg,10,0.47001,0.723335,0.590322,0.543938
/kaggle/input/datasets/afqwe0/clotheslabelled/Mahesh/men_suits_western_coatpant/eece00bb1f5841986ab10ecb3e954897.jpg,10,0.469585,0.641445,0.592047,0.709181
/kaggle/input/datasets/afqwe0/clotheslabelled/Mahesh/men_suits_western_coatpant/74b9aa0b5c94a46c57bb5f71b3703b9d.jpg,10,0.533007,0.543348,0.916695,0.907378
/kaggle/input/datasets/afqwe0/clotheslabelled/Mahesh/men_suits_western_coatpant/74b9aa0b5c94a46c57bb5f71b3703b9d.jpg,10,0.533223,0.655843,0.918268,0.680122
/kaggle/input/datasets/afqwe0/clotheslabelled/Mahesh/men_suits_western_coatpant/74b9aa0b5c94a46c57bb5f71b3703b9d.jpg,10,0.533656,0.654568,0.914801,0.676713
/kaggle/input/datasets/afqwe0/clotheslabelled/Mahesh/men_suits_western_coatpant/71db8919825d0f7ccdf923af182847e2.jpg,10,0.486933,0.565059,0.361626,0.606833
/kaggle/input/datasets/afqwe0/clotheslabelled/Mahesh/men_suits_western_coatpant/71db8919825d0f7ccdf923af182847e2.jpg,10,0.486613,0.579831,0.365917,0.643427
/kaggle/input/datasets/afqwe0/clotheslabelled/Mahesh/men_suits_western_coatpant/135581372f1deba8a3ff960ca9e9016e.jpg,10,0.408688,0.564579,0.660845,0.857864
/kaggle/input/datasets/afqwe0/clotheslabelled/Mahesh/men_suits_western_coatpant/135581372f1deba8a3ff960ca9e9016e.jpg,10,0.422508,0.610498,0.628874,0.680122
/kaggle/input/datasets/afqwe0/clotheslabelled/Mahesh/men_suits_western_coatpant/8c444de51ace1ed4ec066eb702060614.jpg,10,0.451697,0.682848,0.751624,0.621641
/kaggle/input/datasets/afqwe0/clotheslabelled/Mahesh/men_suits_western_coatpant/8c444de51ace1ed4ec066eb702060614.jpg,10,0.44854,0.589385,0.756154,0.808189
/kaggle/input/datasets/afqwe0/clotheslabelled/Mahesh/men_suits_western_coatpant/704526464_1514124977030483_4796522612651550466_n.jpg,10,0.49062,0.57229,0.217675,0.450464
/kaggle/input/datasets/afqwe0/clotheslabelled/Mahesh/men_suits_western_coatpant/704526464_1514124977030483_4796522612651550466_n.jpg,10,0.490428,0.587585,0.212672,0.351766
/kaggle/input/datasets/afqwe0/clotheslabelled/Mahesh/men_suits_western_coatpant/e86ce6cea92c76f54102766cce83ad75.jpg,10,0.387755,0.608594,0.430261,0.743994
/kaggle/input/datasets/afqwe0/clotheslabelled/Mahesh/men_suits_western_coatpant/e86ce6cea92c76f54102766cce83ad75.jpg,10,0.382636,0.64613,0.405301,0.639834
/kaggle/input/datasets/afqwe0/clotheslabelled/Mahesh/men_suits_western_coatpant/706495941_2354581161731842_576481062051563920_n.jpg,10,0.506531,0.74451,0.267201,0.503036
/kaggle/input/datasets/afqwe0/clotheslabelled/Mahesh/men_suits_western_coatpant/706495941_2354581161731842_576481062051563920_n.jpg,10,0.505758,0.786142,0.256231,0.421655
/kaggle/input/datasets/afqwe0/clotheslabelled/Mahesh/men_suits_western_coatpant/68b41de9d68f9f4d5e7576af3b4702e6.jpg,10,0.496994,0.522202,0.797052,0.799568
/kaggle/input/datasets/afqwe0/clotheslabelled/Mahesh/men_suits_western_coatpant/68b41de9d68f9f4d5e7576af3b4702e6.jpg,10,0.553751,0.637148,0.676713,0.582357
/kaggle/input/datasets/afqwe0/clotheslabelled/Mahesh/men_suits_western_coatpant/56a06e2a0cd7a55d4ce4e82d1b91c193.jpg,10,0.46555,0.533397,0.889284,0.925284
/kaggle/input/datasets/afqwe0/clotheslabelled/Mahesh/men_suits_western_coatpant/56a06e2a0cd7a55d4ce4e82d1b91c193.jpg,10,0.466647,0.530334,0.894933,0.928461
/kaggle/input/datasets/afqwe0/clotheslabelled/Mahesh/men_suits_western_coatpant/1f838ddddafde5e090be914bf6f0226c.jpg,10,0.499208,0.749559,0.522312,0.49327
/kaggle/input/datasets/afqwe0/clotheslabelled/Mahesh/men_suits_western_coatpant/1f838ddddafde5e090be914bf6f0226c.jpg,10,0.504558,0.662688,0.532843,0.662099
/kaggle/input/datasets/afqwe0/clotheslabelled/Mahesh/men_suits_western_coatpant/51e10e628e1bec34022eb96109f4f130.jpg,10,0.43898,0.505542,0.447175,0.761438
/kaggle/input/datasets/afqwe0/clotheslabelled/Mahesh/men_suits_western_coatpant/51e10e628e1bec34022eb96109f4f130.jpg,10,0.440922,0.546496,0.440732,0.634415
/kaggle/input/datasets/afqwe0/clotheslabelled/Mahesh/men_suits_western_coatpant/51e10e628e1bec34022eb96109f4f130.jpg,10,0.439819,0.506051,0.445235,0.767068
/kaggle/input/datasets/afqwe0/clotheslabelled/Mahesh/men_suits_western_coatpant/51e10e628e1bec34022eb96109f4f130.jpg,10,0.440187,0.546692,0.438811,0.647003
/kaggle/input/datasets/afqwe0/clotheslabelled/Mahesh/men_suits_western_coatpant/0c47e0f4eaecc7cb3b8cc69d2c281077.jpg,10,0.312024,0.497657,0.667926,0.992429
/kaggle/input/datasets/afqwe0/clotheslabelled/Mahesh/men_suits_western_coatpant/0c47e0f4eaecc7cb3b8cc69d2c281077.jpg,10,0.311665,0.521344,0.665618,0.946023
/kaggle/input/datasets/afqwe0/clotheslabelled/Mahesh/men_suits_western_coatpant/9e29eb673b402c3fcff3818f064e55dd.jpg,10,0.546813,0.565059,0.859557,0.857864
/kaggle/input/datasets/afqwe0/clotheslabelled/Mahesh/men_suits_western_coatpant/9e29eb673b402c3fcff3818f064e55dd.jpg,10,0.547169,0.644268,0.851902,0.703434
/kaggle/input/datasets/afqwe0/clotheslabelled/Mahesh/men_suits_western_coatpant/9e29eb673b402c3fcff3818f064e55dd.jpg,10,0.546034,0.645683,0.848891,0.703434
/kaggle/input/datasets/afqwe0/clotheslabelled/Mahesh/men_suits_western_coatpant/IMG_20260211_WA0034.jpg,10,0.281123,0.613379,0.180797,0.378928
/kaggle/input/datasets/afqwe0/clotheslabelled/Mahesh/men_suits_western_coatpant/IMG_20260211_WA0034.jpg,10,0.651596,0.651144,0.203918,0.377091
/kaggle/input/datasets/afqwe0/clotheslabelled/Mahesh/men_suits_western_coatpant/IMG_20260211_WA0034.jpg,10,0.407913,0.636477,0.179277,0.355337
/kaggle/input/datasets/afqwe0/clotheslabelled/Mahesh/men_suits_western_coatpant/IMG_20260211_WA0034.jpg,10,0.285574,0.603042,0.190213,0.506942
/kaggle/input/datasets/afqwe0/clotheslabelled/Mahesh/men_suits_western_coatpant/IMG_20260211_WA0034.jpg,10,0.654656,0.642998,0.203985,0.485462
/kaggle/input/datasets/afqwe0/clotheslabelled/Mahesh/men_suits_western_coatpant/IMG_20260211_WA0034.jpg,10,0.528505,0.62537,0.149254,0.318706
/kaggle/input/datasets/afqwe0/clotheslabelled/Mahesh/men_suits_western_coatpant/IMG_20260211_WA0034.jpg,10,0.408083,0.62189,0.180552,0.450464
/kaggle/input/datasets/afqwe0/clotheslabelled/Mahesh/men_suits_western_coatpant/IMG_20260211_WA0034.jpg,10,0.468895,0.609198,0.574974,0.518254
/kaggle/input/datasets/afqwe0/clotheslabelled/Mahesh/men_suits_western_coatpant/d5829eaf0c393fd33ac7bb222e5140d1.jpg,10,0.458118,0.660286,0.257063,0.655873
/kaggle/input/datasets/afqwe0/clotheslabelled/Mahesh/men_suits_western_coatpant/d5829eaf0c393fd33ac7bb222e5140d1.jpg,10,0.455734,0.680305,0.244114,0.504989
/kaggle/input/datasets/afqwe0/clotheslabelled/Mahesh/men_suits_western_coatpant/IMG_20260211_WA0070.jpg,10,0.480946,0.744588,0.242758,0.473763
/kaggle/input/datasets/afqwe0/clotheslabelled/Mahesh/men_suits_western_coatpant/IMG_20260211_WA0070.jpg,10,0.479779,0.758488,0.241135,0.380768
/kaggle/input/datasets/afqwe0/clotheslabelled/Mahesh/men_suits_western_coatpant/458fd968521571286a08691bd2aaea74.jpg,10,0.391915,0.566498,0.335801,0.690232
/kaggle/input/datasets/afqwe0/clotheslabelled/Mahesh/men_suits_western_coatpant/458fd968521571286a08691bd2aaea74.jpg,10,0.391877,0.525053,0.33917,0.842401
/kaggle/input/datasets/afqwe0/clotheslabelled/Mahesh/men_suits_western_coatpant/458fd968521571286a08691bd2aaea74.jpg,10,0.705053,0.569374,0.353843,0.731909
/kaggle/input/datasets/afqwe0/clotheslabelled/Mahesh/men_suits_western_coatpant/458fd968521571286a08691bd2aaea74.jpg,10,0.706107,0.570764,0.355331,0.725733
/kaggle/input/datasets/afqwe0/clotheslabelled/Mahesh/men_suits_western_coatpant/458fd968521571286a08691bd2aaea74.jpg,10,0.391655,0.566452,0.335322,0.686882
/kaggle/input/datasets/afqwe0/clotheslabelled/Mahesh/men_suits_western_coatpant/458fd968521571286a08691bd2aaea74.jpg,10,0.70604,0.524586,0.361322,0.877942
/kaggle/input/datasets/afqwe0/clotheslabelled/Mahesh/men_suits_western_coatpant/458fd968521571286a08691bd2aaea74.jpg,10,0.392211,0.524586,0.335801,0.840316
/kaggle/input/datasets/afqwe0/clotheslabelled/Mahesh/men_suits_western_coatpant/628206173_1821988485180287_743895904327113497_n.jpg,10,0.547607,0.676731,0.379803,0.641632
/kaggle/input/datasets/afqwe0/clotheslabelled/Mahesh/men_suits_western_coatpant/628206173_1821988485180287_743895904327113497_n.jpg,10,0.5659,0.742353,0.326988,0.512799
/kaggle/input/datasets/afqwe0/clotheslabelled/Mahesh/men_suits_western_coatpant/628206173_1821988485180287_743895904327113497_n.jpg,10,0.564742,0.741901,0.327863,0.508894
/kaggle/input/datasets/afqwe0/clotheslabelled/Mahesh/men_suits_western_coatpant/1771256567186.jpg,10,0.734689,0.791586,0.242067,0.410268
/kaggle/input/datasets/afqwe0/clotheslabelled/Mahesh/men_suits_western_coatpant/1771256567186.jpg,10,0.285835,0.751216,0.241275,0.491318
/kaggle/input/datasets/afqwe0/clotheslabelled/Mahesh/men_suits_western_coatpant/1771256567186.jpg,10,0.28735,0.788753,0.229266,0.41785
/kaggle/input/datasets/afqwe0/clotheslabelled/Mahesh/men_suits_western_coatpant/1771256567186.jpg,10,0.499664,0.788905,0.225425,0.418232
/kaggle/input/datasets/afqwe0/clotheslabelled/Mahesh/men_suits_western_coatpant/1771256567186.jpg,10,0.503682,0.747548,0.230407,0.49913
/kaggle/input/datasets/afqwe0/clotheslabelled/Mahesh/men_suits_western_coatpant/1771256567186.jpg,10,0.736802,0.755931,0.252553,0.485462
/kaggle/input/datasets/afqwe0/clotheslabelled/Mahesh/men_suits_western_coatpant/1771256567186.jpg,10,0.734235,0.790704,0.240879,0.410268
/kaggle/input/datasets/afqwe0/clotheslabelled/Mahesh/men_suits_western_coatpant/df8c4d97d9353d42e2a990325d5cff8d.jpg,10,0.549361,0.539422,0.498564,0.703434
/kaggle/input/datasets/afqwe0/clotheslabelled/Mahesh/men_suits_western_coatpant/df8c4d97d9353d42e2a990325d5cff8d.jpg,10,0.551386,0.541283,0.497868,0.709912
/kaggle/input/datasets/afqwe0/clotheslabelled/Mahesh/men_suits_western_coatpant/6320de6c2b675865e1d24379b9441588.jpg,10,0.482925,0.572723,0.781769,0.846045
/kaggle/input/datasets/afqwe0/clotheslabelled/Mahesh/men_suits_western_coatpant/6320de6c2b675865e1d24379b9441588.jpg,10,0.48082,0.668728,0.775052,0.643427
/kaggle/input/datasets/afqwe0/clotheslabelled/Mahesh/men_suits_western_coatpant/6320de6c2b675865e1d24379b9441588.jpg,10,0.483108,0.665958,0.780903,0.645217
/kaggle/input/datasets/afqwe0/clotheslabelled/Mahesh/men_suits_western_coatpant/b55cc2676fcb3df45485fc3c12fa9fb1.jpg,10,0.328826,0.491085,0.38181,0.83175
/kaggle/input/datasets/afqwe0/clotheslabelled/Mahesh/men_suits_western_coatpant/b55cc2676fcb3df45485fc3c12fa9fb1.jpg,10,0.664761,0.488157,0.348031,0.81822
/kaggle/input/datasets/afqwe0/clotheslabelled/Mahesh/men_suits_western_coatpant/b55cc2676fcb3df45485fc3c12fa9fb1.jpg,10,0.328403,0.491383,0.380775,0.836078
/kaggle/input/datasets/afqwe0/clotheslabelled/Mahesh/men_suits_western_coatpant/b55cc2676fcb3df45485fc3c12fa9fb1.jpg,10,0.665044,0.491383,0.347541,0.822821
/kaggle/input/datasets/afqwe0/clotheslabelled/Mahesh/men_suits_western_coatpant/b55cc2676fcb3df45485fc3c12fa9fb1.jpg,10,0.33407,0.524516,0.369593,0.919701
/kaggle/input/datasets/afqwe0/clotheslabelled/Mahesh/men_suits_western_coatpant/8ad8f21252cab0b9330c83ed70db05bb.jpg,10,0.531757,0.526783,0.628815,0.778049
/kaggle/input/datasets/afqwe0/clotheslabelled/Mahesh/men_suits_western_coatpant/8ad8f21252cab0b9330c83ed70db05bb.jpg,10,0.530458,0.501563,0.643714,0.967435
/kaggle/input/datasets/afqwe0/clotheslabelled/Mahesh/men_suits_western_coatpant/93cc8358b04594e80075657ac90d8028.jpg,10,0.487303,0.502051,0.39508,0.940833
/kaggle/input/datasets/afqwe0/clotheslabelled/Mahesh/men_suits_western_coatpant/93cc8358b04594e80075657ac90d8028.jpg,10,0.482262,0.538452,0.383143,0.758588
/kaggle/input/datasets/afqwe0/clotheslabelled/Mahesh/men_suits_western_coatpant/93cc8358b04594e80075657ac90d8028.jpg,10,0.482994,0.540798,0.38421,0.764265
/kaggle/input/datasets/afqwe0/clotheslabelled/Mahesh/men_suits_western_coatpant/193bd4ed56acdd6b7ef2d8bc474da404.jpg,10,0.625234,0.666321,0.346425,0.662891
/kaggle/input/datasets/afqwe0/clotheslabelled/Mahesh/men_suits_western_coatpant/193bd4ed56acdd6b7ef2d8bc474da404.jpg,10,0.624685,0.719623,0.338474,0.551679
/kaggle/input/datasets/afqwe0/clotheslabelled/Mahesh/men_suits_western_coatpant/193bd4ed56acdd6b7ef2d8bc474da404.jpg,10,0.621778,0.721605,0.338967,0.55554
/kaggle/input/datasets/afqwe0/clotheslabelled/Mahesh/men_suits_western_coatpant/150d004048a1fbaf0b62cf6a365b4f87.jpg,10,0.502362,0.523664,1.0,0.945035
/kaggle/input/datasets/afqwe0/clotheslabelled/Mahesh/men_suits_western_coatpant/150d004048a1fbaf0b62cf6a365b4f87.jpg,10,0.39008,0.635566,0.787715,0.722612
/kaggle/input/datasets/afqwe0/clotheslabelled/Mahesh/men_suits_western_coatpant/28842da6a32c43a616a5520096d2ca35.jpg,10,0.564204,0.736141,0.433433,0.522552
/kaggle/input/datasets/afqwe0/clotheslabelled/Mahesh/men_suits_western_coatpant/28842da6a32c43a616a5520096d2ca35.jpg,10,0.564204,0.734351,0.435721,0.516701
/kaggle/input/datasets/afqwe0/clotheslabelled/Mahesh/men_suits_western_coatpant/28842da6a32c43a616a5520096d2ca35.jpg,10,0.569216,0.669259,0.43411,0.651533
/kaggle/input/datasets/afqwe0/clotheslabelled/Mahesh/men_suits_western_coatpant/IMG_20260211_WA0064.jpg,10,0.533284,0.690395,0.589902,0.601227
/kaggle/input/datasets/afqwe0/clotheslabelled/Mahesh/men_suits_western_coatpant/IMG_20260211_WA0064.jpg,10,0.534744,0.597279,0.582967,0.794513
/kaggle/input/datasets/afqwe0/clotheslabelled/Mahesh/men_suits_western_coatpant/0db08a926ace376f35273e8c2514e40d.jpg,10,0.503061,0.617997,1.0,0.756502
/kaggle/input/datasets/afqwe0/clotheslabelled/Mahesh/men_suits_western_coatpant/0db08a926ace376f35273e8c2514e40d.jpg,10,0.500764,0.772886,1.0,0.44467
/kaggle/input/datasets/afqwe0/clotheslabelled/Mahesh/men_suits_western_coatpant/Mens_Black_Floral_Mandarin_Collar_Suit_Groom_Wedding_Prom_Suitfrom_Gentlemansguru.com_4034781804.jpg,10,0.505055,0.59157,0.853631,0.79195
/kaggle/input/datasets/afqwe0/clotheslabelled/Mahesh/men_suits_western_coatpant/Mens_Black_Floral_Mandarin_Collar_Suit_Groom_Wedding_Prom_Suitfrom_Gentlemansguru.com_4034781804.jpg,10,0.508511,0.512791,0.86653,0.95731
/kaggle/input/datasets/afqwe0/clotheslabelled/Mahesh/men_suits_western_coatpant/Mens_Black_Floral_Mandarin_Collar_Suit_Groom_Wedding_Prom_Suitfrom_Gentlemansguru.com_4034781804.jpg,10,0.504369,0.572245,0.860805,0.833434
/kaggle/input/datasets/afqwe0/clotheslabelled/Mahesh/men_suits_western_coatpant/Mens_Black_Floral_Mandarin_Collar_Suit_Groom_Wedding_Prom_Suitfrom_Gentlemansguru.com_4034781804.jpg,10,0.502652,0.59408,0.839092,0.783398
/kaggle/input/datasets/afqwe0/clotheslabelled/Mahesh/men_suits_western_coatpant/9c8bade59bdeb808d9d10778a730be5c.jpg,10,0.671791,0.618688,0.754945,0.753612
/kaggle/input/datasets/afqwe0/clotheslabelled/Mahesh/men_suits_western_coatpant/9c8bade59bdeb808d9d10778a730be5c.jpg,10,0.68146,0.68673,0.709181,0.61241
/kaggle/input/datasets/afqwe0/clotheslabelled/Mahesh/men_suits_western_coatpant/1dbf7a29e04e5d3733917a5b66787c6f.jpg,10,0.526307,0.645065,0.829744,0.697774
/kaggle/input/datasets/afqwe0/clotheslabelled/Mahesh/men_suits_western_coatpant/1dbf7a29e04e5d3733917a5b66787c6f.jpg,10,0.553469,0.546012,0.891518,0.893384
/kaggle/input/datasets/afqwe0/clotheslabelled/Mahesh/men_suits_western_coatpant/1dbf7a29e04e5d3733917a5b66787c6f.jpg,10,0.548052,0.643239,0.866539,0.713991
/kaggle/input/datasets/afqwe0/clotheslabelled/Mahesh/men_suits_western_coatpant/IMG_20260211_WA0072.jpg,10,0.547564,0.710269,0.401924,0.567082
/kaggle/input/datasets/afqwe0/clotheslabelled/Mahesh/men_suits_western_coatpant/IMG_20260211_WA0072.jpg,10,0.544003,0.644225,0.40412,0.706684
/kaggle/input/datasets/afqwe0/clotheslabelled/Mahesh/men_suits_western_coatpant/24f515b6027f49fcb01d487f34382174.jpg,10,0.511789,0.481064,0.536065,0.966939
/kaggle/input/datasets/afqwe0/clotheslabelled/Mahesh/men_suits_western_coatpant/24f515b6027f49fcb01d487f34382174.jpg,10,0.50773,0.469448,0.524846,0.867534
/kaggle/input/datasets/afqwe0/clotheslabelled/Mahesh/men_suits_western_coatpant/24f515b6027f49fcb01d487f34382174.jpg,10,0.508756,0.46315,0.524846,0.838208
/kaggle/input/datasets/afqwe0/clotheslabelled/Mahesh/men_suits_western_coatpant/ef74a46a0c00deab9010d7b8af6b4783.jpg,10,0.363632,0.593419,0.513176,0.526449
/kaggle/input/datasets/afqwe0/clotheslabelled/Mahesh/men_suits_western_coatpant/ef74a46a0c00deab9010d7b8af6b4783.jpg,10,0.338366,0.656129,0.56134,0.67935
/kaggle/input/datasets/afqwe0/clotheslabelled/Mahesh/men_suits_western_coatpant/OIP_1835729909.jpg,10,0.485934,0.662861,1.0,0.662891
/kaggle/input/datasets/afqwe0/clotheslabelled/Mahesh/men_suits_western_coatpant/OIP_1835729909.jpg,10,0.481903,0.526708,1.0,0.935394
/kaggle/input/datasets/afqwe0/clotheslabelled/Mahesh/men_suits_western_coatpant/OIP_1835729909.jpg,10,0.485934,0.661599,1.0,0.662891
/kaggle/input/datasets/afqwe0/clotheslabelled/Mahesh/men_suits_western_coatpant/IMG_20260211_WA0060.jpg,10,0.501668,0.597631,0.84056,0.79195
/kaggle/input/datasets/afqwe0/clotheslabelled/Mahesh/men_suits_western_coatpant/IMG_20260211_WA0060.jpg,10,0.499154,0.724019,0.840448,0.547811
/kaggle/input/datasets/afqwe0/clotheslabelled/Mahesh/men_suits_western_coatpant/fd266a1862ee9cacf46db64d46b19e58.jpg,10,0.548555,0.58702,0.958012,0.810599
/kaggle/input/datasets/afqwe0/clotheslabelled/Mahesh/men_suits_western_coatpant/fd266a1862ee9cacf46db64d46b19e58.jpg,10,0.548231,0.698278,0.953788,0.592856
/kaggle/input/datasets/afqwe0/clotheslabelled/Mahesh/men_suits_western_coatpant/fd266a1862ee9cacf46db64d46b19e58.jpg,10,0.544326,0.701552,0.963155,0.593712
/kaggle/input/datasets/afqwe0/clotheslabelled/Mahesh/men_suits_western_coatpant/fd266a1862ee9cacf46db64d46b19e58.jpg,10,0.939713,0.562611,0.436867,0.871084
/kaggle/input/datasets/afqwe0/clotheslabelled/Mahesh/men_suits_western_coatpant/704702201_2130526814185023_2869085825594497778_n.jpg,10,0.482159,0.699093,0.378007,0.593712
/kaggle/input/datasets/afqwe0/clotheslabelled/Mahesh/men_suits_western_coatpant/704702201_2130526814185023_2869085825594497778_n.jpg,10,0.482485,0.643329,0.383853,0.709912
/kaggle/input/datasets/afqwe0/clotheslabelled/Mahesh/men_suits_western_coatpant/704702201_2130526814185023_2869085825594497778_n.jpg,10,0.483217,0.69911,0.376422,0.597475
/kaggle/input/datasets/afqwe0/clotheslabelled/Mahesh/men_suits_western_coatpant/1234b6c45f82078a37811d49ed8e9e35.jpg,10,0.557777,0.617903,0.539643,0.752819
/kaggle/input/datasets/afqwe0/clotheslabelled/Mahesh/men_suits_western_coatpant/1234b6c45f82078a37811d49ed8e9e35.jpg,10,0.547677,0.510619,0.560151,0.971586
/kaggle/input/datasets/afqwe0/clotheslabelled/Mahesh/men_suits_western_coatpant/1234b6c45f82078a37811d49ed8e9e35.jpg,10,0.55887,0.617056,0.539643,0.755715
/kaggle/input/datasets/afqwe0/clotheslabelled/Mahesh/men_suits_western_coatpant/58e6e956b2c668fa99d359d22fc396c9.jpg,10,0.488984,0.499121,0.728538,0.999497
/kaggle/input/datasets/afqwe0/clotheslabelled/Mahesh/men_suits_western_coatpant/58e6e956b2c668fa99d359d22fc396c9.jpg,10,0.489038,0.497253,0.724187,0.995672
/kaggle/input/datasets/afqwe0/clotheslabelled/Mahesh/men_suits_western_coatpant/old_man_in_suit_9fqcmhule_2124676890.jpg,10,0.531736,0.517083,0.631278,0.961563
/kaggle/input/datasets/afqwe0/clotheslabelled/Mahesh/men_suits_western_coatpant/old_man_in_suit_9fqcmhule_2124676890.jpg,10,0.528491,0.627613,0.623369,0.731909
/kaggle/input/datasets/afqwe0/clotheslabelled/Mahesh/men_suits_western_coatpant/old_man_in_suit_9fqcmhule_2124676890.jpg,10,0.529686,0.627995,0.628782,0.731909
/kaggle/input/datasets/afqwe0/clotheslabelled/Mahesh/men_suits_western_coatpant/6cb6fae6a7b4daabf75f4856b16c8b17.jpg,10,0.500572,0.50206,0.631349,0.989022
/kaggle/input/datasets/afqwe0/clotheslabelled/Mahesh/men_suits_western_coatpant/6cb6fae6a7b4daabf75f4856b16c8b17.jpg,10,0.500601,0.49961,0.625245,0.988677
/kaggle/input/datasets/afqwe0/clotheslabelled/Mahesh/men_suits_western_coatpant/IMG_20260211_WA0066.jpg,10,0.554334,0.703389,0.644223,0.582357
/kaggle/input/datasets/afqwe0/clotheslabelled/Mahesh/men_suits_western_coatpant/IMG_20260211_WA0066.jpg,10,0.555786,0.608733,0.642393,0.77472
/kaggle/input/datasets/afqwe0/clotheslabelled/Mahesh/men_suits_western_coatpant/06c36d97b24910785527296e6eb1624f.jpg,10,0.460806,0.589789,0.437628,0.683511
/kaggle/input/datasets/afqwe0/clotheslabelled/Mahesh/men_suits_western_coatpant/06c36d97b24910785527296e6eb1624f.jpg,10,0.459074,0.614052,0.433134,0.567082
/kaggle/input/datasets/afqwe0/clotheslabelled/Mahesh/men_suits_western_coatpant/06c36d97b24910785527296e6eb1624f.jpg,10,0.459723,0.616056,0.423294,0.567082
/kaggle/input/datasets/afqwe0/clotheslabelled/Mahesh/men_suits_western_coatpant/bd48713dad2a07afc12d3026c2349e64.jpg,10,0.498569,0.74982,1.0,0.491408
/kaggle/input/datasets/afqwe0/clotheslabelled/Mahesh/men_suits_western_coatpant/bd48713dad2a07afc12d3026c2349e64.jpg,10,0.496777,0.569374,1.0,0.848069
/kaggle/input/datasets/afqwe0/clotheslabelled/Mahesh/men_suits_western_coatpant/4d9e5a6be1a54eb7cc922740b0726289.jpg,10,0.417278,0.541768,0.392911,0.709912
/kaggle/input/datasets/afqwe0/clotheslabelled/Mahesh/men_suits_western_coatpant/4d9e5a6be1a54eb7cc922740b0726289.jpg,10,0.429115,0.567263,0.372533,0.582357
/kaggle/input/datasets/afqwe0/clotheslabelled/Mahesh/men_suits_western_coatpant/dc305abf707704230fbc702e309a0939.jpg,10,0.53344,0.608501,0.9943,0.776081
/kaggle/input/datasets/afqwe0/clotheslabelled/Mahesh/men_suits_western_coatpant/dc305abf707704230fbc702e309a0939.jpg,10,0.525639,0.672181,0.973556,0.648786
/kaggle/input/datasets/afqwe0/clotheslabelled/Mahesh/men_suits_western_coatpant/dc305abf707704230fbc702e309a0939.jpg,10,0.525964,0.670289,0.970115,0.648786
/kaggle/input/datasets/afqwe0/clotheslabelled/Mahesh/men_suits_western_coatpant/IMG_20260211_WA0058.jpg,10,0.49501,0.627631,0.534243,0.732746
/kaggle/input/datasets/afqwe0/clotheslabelled/Mahesh/men_suits_western_coatpant/IMG_20260211_WA0058.jpg,10,0.492407,0.726354,0.531591,0.540059
/kaggle/input/datasets/afqwe0/clotheslabelled/Mahesh/men_suits_western_coatpant/IMG_20260211_WA0058.jpg,10,0.493302,0.724717,0.534089,0.536176
/kaggle/input/datasets/afqwe0/clotheslabelled/Mahesh/men_suits_western_coatpant/822f1b9d5e159d013b6c97a5f8083781.jpg,10,0.454411,0.586901,0.807311,0.816524
/kaggle/input/datasets/afqwe0/clotheslabelled/Mahesh/men_suits_western_coatpant/822f1b9d5e159d013b6c97a5f8083781.jpg,10,0.450192,0.683781,0.792594,0.625309
/kaggle/input/datasets/afqwe0/clotheslabelled/Mahesh/men_suits_western_coatpant/822f1b9d5e159d013b6c97a5f8083781.jpg,10,0.451423,0.684959,0.792594,0.623476
/kaggle/input/datasets/afqwe0/clotheslabelled/Mahesh/men_suits_western_coatpant/c8159f8131e2f31c3a8430b3dbcd9c3a.jpg,10,0.633546,0.737278,0.807581,0.522552
/kaggle/input/datasets/afqwe0/clotheslabelled/Mahesh/men_suits_western_coatpant/c8159f8131e2f31c3a8430b3dbcd9c3a.jpg,10,0.641891,0.653449,0.813338,0.684434
/kaggle/input/datasets/afqwe0/clotheslabelled/Mahesh/men_suits_western_coatpant/ef29bc8f58acb6ddd8db69bd5b271d61.jpg,10,0.513912,0.497574,0.620806,0.993517
/kaggle/input/datasets/afqwe0/clotheslabelled/Mahesh/men_suits_western_coatpant/ef29bc8f58acb6ddd8db69bd5b271d61.jpg,10,0.512815,0.495704,0.627222,0.99266
/kaggle/input/datasets/afqwe0/clotheslabelled/Mahesh/men_suits_western_coatpant/3fb6843efd9351a7b50d09b6cbf84f04.jpg,10,0.380321,0.784496,0.302375,0.421655
/kaggle/input/datasets/afqwe0/clotheslabelled/Mahesh/men_suits_western_coatpant/3fb6843efd9351a7b50d09b6cbf84f04.jpg,10,0.630649,0.779502,0.312071,0.429294
/kaggle/input/datasets/afqwe0/clotheslabelled/Mahesh/men_suits_western_coatpant/3fb6843efd9351a7b50d09b6cbf84f04.jpg,10,0.382449,0.742275,0.306273,0.506942
/kaggle/input/datasets/afqwe0/clotheslabelled/Mahesh/men_suits_western_coatpant/3fb6843efd9351a7b50d09b6cbf84f04.jpg,10,0.630179,0.736251,0.319127,0.518652
/kaggle/input/datasets/afqwe0/clotheslabelled/Mahesh/men_suits_western_coatpant/HTB1bxqpNXXXXXcjXVXXq6xXFXXXG_1990835506.jpg,10,0.490235,0.535538,0.54954,0.741006
/kaggle/input/datasets/afqwe0/clotheslabelled/Mahesh/men_suits_western_coatpant/HTB1bxqpNXXXXXcjXVXXq6xXFXXXG_1990835506.jpg,10,0.496013,0.49668,0.565468,0.93348
/kaggle/input/datasets/afqwe0/clotheslabelled/Mahesh/men_suits_western_coatpant/HTB1bxqpNXXXXXcjXVXXq6xXFXXXG_1990835506.jpg,10,0.49178,0.533028,0.550323,0.741006
/kaggle/input/datasets/afqwe0/clotheslabelled/Mahesh/men_suits_western_coatpant/1719426043_italian_linen_silk_madison_suit_in_light_browntodd_snyder_235601_2000x_450065008.jpg,10,0.519441,0.488869,0.355646,0.981468
/kaggle/input/datasets/afqwe0/clotheslabelled/Mahesh/men_suits_western_coatpant/1719426043_italian_linen_silk_madison_suit_in_light_browntodd_snyder_235601_2000x_450065008.jpg,10,0.520051,0.44765,0.347323,0.895196
/kaggle/input/datasets/afqwe0/clotheslabelled/Mahesh/men_suits_western_coatpant/1719426043_italian_linen_silk_madison_suit_in_light_browntodd_snyder_235601_2000x_450065008.jpg,10,0.519319,0.447549,0.347323,0.896653
/kaggle/input/datasets/afqwe0/clotheslabelled/Mahesh/men_suits_western_coatpant/15dc3fc11604755dd5da857a26293c4c.jpg,10,0.506131,0.479377,0.451252,0.780735
/kaggle/input/datasets/afqwe0/clotheslabelled/Mahesh/men_suits_western_coatpant/15dc3fc11604755dd5da857a26293c4c.jpg,10,0.50636,0.484064,0.454958,0.788654
/kaggle/input/datasets/afqwe0/clotheslabelled/Mahesh/men_suits_western_coatpant/OIP_2278160281.jpg,10,0.496033,0.498633,0.641715,0.992429
/kaggle/input/datasets/afqwe0/clotheslabelled/Mahesh/men_suits_western_coatpant/OIP_2278160281.jpg,10,0.496353,0.497253,0.637212,0.990881
/kaggle/input/datasets/afqwe0/clotheslabelled/Mahesh/men_suits_western_coatpant/media_3799700412.jpg,10,0.538674,0.632848,0.670714,0.722612
/kaggle/input/datasets/afqwe0/clotheslabelled/Mahesh/men_suits_western_coatpant/media_3799700412.jpg,10,0.538693,0.520984,0.679297,0.949707
/kaggle/input/datasets/afqwe0/clotheslabelled/Mahesh/men_suits_western_coatpant/582e054d3734e118914f3e3ec902cc5c.jpg,10,0.427184,0.561571,0.266196,0.838208
/kaggle/input/datasets/afqwe0/clotheslabelled/Mahesh/men_suits_western_coatpant/582e054d3734e118914f3e3ec902cc5c.jpg,10,0.658704,0.586094,0.247713,0.680122
/kaggle/input/datasets/afqwe0/clotheslabelled/Mahesh/men_suits_western_coatpant/582e054d3734e118914f3e3ec902cc5c.jpg,10,0.428991,0.577541,0.264258,0.676713
/kaggle/input/datasets/afqwe0/clotheslabelled/Mahesh/men_suits_western_coatpant/582e054d3734e118914f3e3ec902cc5c.jpg,10,0.66038,0.563493,0.249611,0.852498
/kaggle/input/datasets/afqwe0/clotheslabelled/Mahesh/men_suits_western_coatpant/582e054d3734e118914f3e3ec902cc5c.jpg,10,0.429142,0.577495,0.261521,0.673285
/kaggle/input/datasets/afqwe0/clotheslabelled/Mahesh/men_suits_western_coatpant/582e054d3734e118914f3e3ec902cc5c.jpg,10,0.660024,0.585101,0.247677,0.676713
/kaggle/input/datasets/afqwe0/clotheslabelled/Mahesh/men_suits_western_coatpant/706456838_947963464946851_9071396913063456798_n.jpg,10,0.478582,0.606987,0.901359,0.721901
/kaggle/input/datasets/afqwe0/clotheslabelled/Mahesh/men_suits_western_coatpant/706456838_947963464946851_9071396913063456798_n.jpg,10,0.560632,0.637775,0.743382,0.520602
/kaggle/input/datasets/afqwe0/clotheslabelled/Mahesh/men_suits_western_coatpant/99e6bf6d_22ed_423d_8e89_36e97adfe71b.jpg,10,0.480393,0.698128,0.493766,0.595595
/kaggle/input/datasets/afqwe0/clotheslabelled/Mahesh/men_suits_western_coatpant/99e6bf6d_22ed_423d_8e89_36e97adfe71b.jpg,10,0.479499,0.75521,0.487709,0.473763
/kaggle/input/datasets/afqwe0/clotheslabelled/Mahesh/men_suits_western_coatpant/50abaf2684820478c502c9fb99a627b9.jpg,10,0.51328,0.497657,0.84385,0.999145
/kaggle/input/datasets/afqwe0/clotheslabelled/Mahesh/men_suits_western_coatpant/50abaf2684820478c502c9fb99a627b9.jpg,10,0.515014,0.499206,0.834334,0.993102
/kaggle/input/datasets/afqwe0/clotheslabelled/Mahesh/men_suits_western_coatpant/706154241_2021571911769738_8817197695357913890_n.jpg,10,0.488423,0.567457,0.216965,0.475711
/kaggle/input/datasets/afqwe0/clotheslabelled/Mahesh/men_suits_western_coatpant/706154241_2021571911769738_8817197695357913890_n.jpg,10,0.489065,0.582607,0.211279,0.375258
/kaggle/input/datasets/afqwe0/clotheslabelled/Mahesh/men_suits_western_coatpant/731f4dfe04de8c2703f01c85b05324f9.jpg,10,0.575524,0.711273,0.854389,0.464035
/kaggle/input/datasets/afqwe0/clotheslabelled/Mahesh/men_suits_western_coatpant/731f4dfe04de8c2703f01c85b05324f9.jpg,10,0.573691,0.645924,0.86393,0.672505
/kaggle/input/datasets/afqwe0/clotheslabelled/Mahesh/men_suits_western_coatpant/f5ba19c9accd6ce17d0a01b01bb57f9b.jpg,10,0.501431,0.69082,1.0,0.605053
/kaggle/input/datasets/afqwe0/clotheslabelled/Mahesh/men_suits_western_coatpant/f5ba19c9accd6ce17d0a01b01bb57f9b.jpg,10,0.497727,0.755289,1.0,0.47766
/kaggle/input/datasets/afqwe0/clotheslabelled/Mahesh/men_suits_western_coatpant/3e1f252bb6c94ede91487050cc5a3ca5.jpg,10,0.614608,0.513278,0.736702,0.961563
/kaggle/input/datasets/afqwe0/clotheslabelled/Mahesh/men_suits_western_coatpant/3e1f252bb6c94ede91487050cc5a3ca5.jpg,10,0.613407,0.601594,0.742422,0.791247
/kaggle/input/datasets/afqwe0/clotheslabelled/Mahesh/men_suits_western_coatpant/3e1f252bb6c94ede91487050cc5a3ca5.jpg,10,0.611865,0.602574,0.739495,0.788654
/kaggle/input/datasets/afqwe0/clotheslabelled/Mahesh/men_suits_western_coatpant/723721f707e5ccbc6747b98df027ceda_2736684426.jpg,10,0.546857,0.625953,0.92384,0.740325
/kaggle/input/datasets/afqwe0/clotheslabelled/Mahesh/men_suits_western_coatpant/723721f707e5ccbc6747b98df027ceda_2736684426.jpg,10,0.547586,0.501563,0.93075,0.989994
/kaggle/input/datasets/afqwe0/clotheslabelled/Mahesh/men_suits_western_coatpant/81c3d22eea7930dc702764d9265f0586.jpg,10,0.532363,0.584153,0.954533,0.821159
/kaggle/input/datasets/afqwe0/clotheslabelled/Mahesh/men_suits_western_coatpant/81c3d22eea7930dc702764d9265f0586.jpg,10,0.532179,0.682425,0.955778,0.623477
/kaggle/input/datasets/afqwe0/clotheslabelled/Mahesh/men_suits_western_coatpant/ad73b638604114f58868e0e4fa9ff7cc.jpg,10,0.71148,0.690812,0.489797,0.547811
/kaggle/input/datasets/afqwe0/clotheslabelled/Mahesh/men_suits_western_coatpant/ad73b638604114f58868e0e4fa9ff7cc.jpg,10,0.258995,0.593654,0.496058,0.676713
/kaggle/input/datasets/afqwe0/clotheslabelled/Mahesh/men_suits_western_coatpant/ad73b638604114f58868e0e4fa9ff7cc.jpg,10,0.7172,0.6567,0.496757,0.680122
/kaggle/input/datasets/afqwe0/clotheslabelled/Mahesh/men_suits_western_coatpant/ad73b638604114f58868e0e4fa9ff7cc.jpg,10,0.286542,0.5705,0.54935,0.872829
/kaggle/input/datasets/afqwe0/clotheslabelled/Mahesh/men_suits_western_coatpant/709121261_27233370786288065_1320753339376034553_n.jpg,10,0.76262,0.63694,0.406672,0.72033
/kaggle/input/datasets/afqwe0/clotheslabelled/Mahesh/men_suits_western_coatpant/709121261_27233370786288065_1320753339376034553_n.jpg,10,0.759779,0.711474,0.411586,0.578552
/kaggle/input/datasets/afqwe0/clotheslabelled/Mahesh/men_suits_western_coatpant/709121261_27233370786288065_1320753339376034553_n.jpg,10,0.760201,0.710085,0.406014,0.574737
/kaggle/input/datasets/afqwe0/clotheslabelled/Mahesh/men_suits_western_coatpant/64d265b97e8c64f72e7ebdb1b4bf1b11.jpg,10,0.50184,0.498633,0.656852,0.998301
/kaggle/input/datasets/afqwe0/clotheslabelled/Mahesh/men_suits_western_coatpant/64d265b97e8c64f72e7ebdb1b4bf1b11.jpg,10,0.503868,0.499206,0.649613,0.996058
/kaggle/input/datasets/afqwe0/clotheslabelled/Mahesh/men_suits_western_coatpant/462fa95c749842758e9b622a758cd834.jpg,10,0.499829,0.575977,0.944399,0.83984
/kaggle/input/datasets/afqwe0/clotheslabelled/Mahesh/men_suits_western_coatpant/462fa95c749842758e9b622a758cd834.jpg,10,0.518918,0.663734,0.897453,0.669839
/kaggle/input/datasets/afqwe0/clotheslabelled/Mahesh/men_suits_western_coatpant/462fa95c749842758e9b622a758cd834.jpg,10,0.516533,0.664653,0.88704,0.669839
/kaggle/input/datasets/afqwe0/clotheslabelled/Mahesh/men_suits_western_coatpant/491c4ce4654717f1bd2aa4de95969335.jpg,10,0.491998,0.533397,0.849329,0.924197
/kaggle/input/datasets/afqwe0/clotheslabelled/Mahesh/men_suits_western_coatpant/491c4ce4654717f1bd2aa4de95969335.jpg,10,0.489993,0.665258,0.842247,0.666374
/kaggle/input/datasets/afqwe0/clotheslabelled/Mahesh/men_suits_western_coatpant/491c4ce4654717f1bd2aa4de95969335.jpg,10,0.491285,0.66083,0.843768,0.667322
/kaggle/input/datasets/afqwe0/clotheslabelled/Mahesh/men_suits_western_coatpant/55232fcc496f81d6e03ebe2966e24f36.jpg,10,0.634312,0.72314,0.475529,0.543938
/kaggle/input/datasets/afqwe0/clotheslabelled/Mahesh/men_suits_western_coatpant/55232fcc496f81d6e03ebe2966e24f36.jpg,10,0.634493,0.653923,0.468494,0.686118
/kaggle/input/datasets/afqwe0/clotheslabelled/Mahesh/men_suits_western_coatpant/6107b84a488040c474adffa56531ca75.jpg,10,0.488382,0.568895,0.801453,0.850071
/kaggle/input/datasets/afqwe0/clotheslabelled/Mahesh/men_suits_western_coatpant/6107b84a488040c474adffa56531ca75.jpg,10,0.488953,0.657824,0.797504,0.673285
/kaggle/input/datasets/afqwe0/clotheslabelled/Mahesh/men_suits_western_coatpant/6107b84a488040c474adffa56531ca75.jpg,10,0.491287,0.657213,0.803598,0.669839
/kaggle/input/datasets/afqwe0/clotheslabelled/Mahesh/men_suits_western_coatpant/bef91b7bb1d15f9e8c4d174ff4e2db82.jpg,10,0.514264,0.498145,0.829805,0.991944
/kaggle/input/datasets/afqwe0/clotheslabelled/Mahesh/men_suits_western_coatpant/bef91b7bb1d15f9e8c4d174ff4e2db82.jpg,10,0.513044,0.603137,0.81884,0.781465
/kaggle/input/datasets/afqwe0/clotheslabelled/Mahesh/men_suits_western_coatpant/bef91b7bb1d15f9e8c4d174ff4e2db82.jpg,10,0.511672,0.60491,0.819841,0.775339
/kaggle/input/datasets/afqwe0/clotheslabelled/Mahesh/men_suits_western_coatpant/e90c09a28a37d47d0aaba1caf815ffe5.jpg,10,0.489015,0.499922,0.717171,0.987578
/kaggle/input/datasets/afqwe0/clotheslabelled/Mahesh/men_suits_western_coatpant/e90c09a28a37d47d0aaba1caf815ffe5.jpg,10,0.492707,0.500098,0.721901,0.990881
/kaggle/input/datasets/afqwe0/clotheslabelled/Mahesh/men_suits_western_coatpant/3ea2f731bf684196a72c8dc221913866.jpg,10,0.349734,0.67502,0.261947,0.627137
/kaggle/input/datasets/afqwe0/clotheslabelled/Mahesh/men_suits_western_coatpant/3ea2f731bf684196a72c8dc221913866.jpg,10,0.349367,0.683007,0.250624,0.489758
/kaggle/input/datasets/afqwe0/clotheslabelled/Mahesh/men_suits_western_coatpant/0f9f2b0c993b2dc65de6d271159ebfab.jpg,10,0.502098,0.515437,0.498612,0.835591
/kaggle/input/datasets/afqwe0/clotheslabelled/Mahesh/men_suits_western_coatpant/0f9f2b0c993b2dc65de6d271159ebfab.jpg,10,0.50068,0.539226,0.488792,0.659391
/kaggle/input/datasets/afqwe0/clotheslabelled/Mahesh/men_suits_western_coatpant/ecadda36a834f36442e0d4efdac21312_1398766705.jpg,10,0.515879,0.498633,0.615622,0.997886
/kaggle/input/datasets/afqwe0/clotheslabelled/Mahesh/men_suits_western_coatpant/ecadda36a834f36442e0d4efdac21312_1398766705.jpg,10,0.514597,0.566019,0.615402,0.858296
/kaggle/input/datasets/afqwe0/clotheslabelled/Mahesh/men_suits_western_coatpant/ecadda36a834f36442e0d4efdac21312_1398766705.jpg,10,0.514231,0.565013,0.615402,0.862054
/kaggle/input/datasets/afqwe0/clotheslabelled/Mahesh/men_suits_western_coatpant/c75a5d12c0811eecb3819819452a0150_3362312344.jpg,10,0.470065,0.554712,0.450727,0.628963
/kaggle/input/datasets/afqwe0/clotheslabelled/Mahesh/men_suits_western_coatpant/c75a5d12c0811eecb3819819452a0150_3362312344.jpg,10,0.438809,0.537527,0.530758,0.821159
/kaggle/input/datasets/afqwe0/clotheslabelled/Mahesh/men_suits_western_coatpant/c75a5d12c0811eecb3819819452a0150_3362312344.jpg,10,0.466801,0.552494,0.457901,0.632601
/kaggle/input/datasets/afqwe0/clotheslabelled/Mahesh/men_suits_western_coatpant/OIP_4008007181.jpg,10,0.493653,0.553505,0.553136,0.875872
/kaggle/input/datasets/afqwe0/clotheslabelled/Mahesh/men_suits_western_coatpant/OIP_4008007181.jpg,10,0.494426,0.423864,0.547024,0.588046
/kaggle/input/datasets/afqwe0/clotheslabelled/Mahesh/men_suits_western_coatpant/OIP_4008007181.jpg,10,0.494548,0.428647,0.549546,0.604967
/kaggle/input/datasets/afqwe0/clotheslabelled/Mahesh/men_suits_western_coatpant/OIP_4008007181.jpg,10,0.494812,0.558327,0.549546,0.862054
/kaggle/input/datasets/afqwe0/clotheslabelled/Mahesh/men_suits_western_coatpant/af8fa9ef79e78f8d09dcdf6aaf35bc8f.jpg,10,0.364959,0.69208,0.593247,0.614263
/kaggle/input/datasets/afqwe0/clotheslabelled/Mahesh/men_suits_western_coatpant/af8fa9ef79e78f8d09dcdf6aaf35bc8f.jpg,10,0.360525,0.655777,0.594792,0.690232
/kaggle/input/datasets/afqwe0/clotheslabelled/Mahesh/men_suits_western_coatpant/af8fa9ef79e78f8d09dcdf6aaf35bc8f.jpg,10,0.361173,0.691918,0.594792,0.61241
/kaggle/input/datasets/afqwe0/clotheslabelled/Mahesh/men_suits_western_coatpant/a59b3957157b147a0ba0bc57de0a38da.jpg,10,0.507882,0.531939,0.758968,0.929492
/kaggle/input/datasets/afqwe0/clotheslabelled/Mahesh/men_suits_western_coatpant/a59b3957157b147a0ba0bc57de0a38da.jpg,10,0.504036,0.623037,0.750609,0.741006
/kaggle/input/datasets/afqwe0/clotheslabelled/Mahesh/men_suits_western_coatpant/a59b3957157b147a0ba0bc57de0a38da.jpg,10,0.504192,0.622503,0.750609,0.746958
/kaggle/input/datasets/afqwe0/clotheslabelled/Mahesh/men_suits_western_coatpant/5fd4c6d8690c0649630b2857aa63e83a.jpg,10,0.469967,0.458204,0.553765,0.914962
/kaggle/input/datasets/afqwe0/clotheslabelled/Mahesh/men_suits_western_coatpant/5fd4c6d8690c0649630b2857aa63e83a.jpg,10,0.464986,0.47134,0.54769,0.741006
/kaggle/input/datasets/afqwe0/clotheslabelled/Mahesh/men_suits_western_coatpant/5f6a03dd1483869a57bdb259d0289e66.jpg,10,0.431862,0.498145,0.670607,0.998353
/kaggle/input/datasets/afqwe0/clotheslabelled/Mahesh/men_suits_western_coatpant/5f6a03dd1483869a57bdb259d0289e66.jpg,10,0.432506,0.498229,0.669305,0.996179
/kaggle/input/datasets/afqwe0/clotheslabelled/Mahesh/men_suits_western_coatpant/42a9b5b40f19bf5240a8ed50f93ce952.jpg,10,0.515151,0.75906,0.406037,0.473763
/kaggle/input/datasets/afqwe0/clotheslabelled/Mahesh/men_suits_western_coatpant/42a9b5b40f19bf5240a8ed50f93ce952.jpg,10,0.515752,0.694825,0.408167,0.603099
/kaggle/input/datasets/afqwe0/clotheslabelled/Mahesh/men_suits_western_coatpant/907686c4990d24a27be373323181dac7.jpg,10,0.592642,0.731755,0.756273,0.530342
/kaggle/input/datasets/afqwe0/clotheslabelled/Mahesh/men_suits_western_coatpant/907686c4990d24a27be373323181dac7.jpg,10,0.600429,0.669259,0.775585,0.651533
/kaggle/input/datasets/afqwe0/clotheslabelled/Mahesh/men_suits_western_coatpant/607e8d0676961f84725baaf0a2cc2198.jpg,10,0.522438,0.617535,0.487353,0.757938
/kaggle/input/datasets/afqwe0/clotheslabelled/Mahesh/men_suits_western_coatpant/607e8d0676961f84725baaf0a2cc2198.jpg,10,0.5213,0.678864,0.488752,0.638032
/kaggle/input/datasets/afqwe0/clotheslabelled/Mahesh/men_suits_western_coatpant/607e8d0676961f84725baaf0a2cc2198.jpg,10,0.5226,0.679455,0.491172,0.636225
/kaggle/input/datasets/afqwe0/clotheslabelled/Mahesh/men_suits_western_coatpant/4b26657ede7abd12127821ac1aee7562.jpg,10,0.589829,0.57081,0.383143,0.683511
/kaggle/input/datasets/afqwe0/clotheslabelled/Mahesh/men_suits_western_coatpant/4b26657ede7abd12127821ac1aee7562.jpg,10,0.57632,0.547706,0.423318,0.875872
/kaggle/input/datasets/afqwe0/clotheslabelled/Mahesh/men_suits_western_coatpant/534e07a97fbfd63621f82e1b452c4539.jpg,10,0.485188,0.498633,0.880258,0.998353
/kaggle/input/datasets/afqwe0/clotheslabelled/Mahesh/men_suits_western_coatpant/534e07a97fbfd63621f82e1b452c4539.jpg,10,0.479767,0.570295,0.884597,0.846045
/kaggle/input/datasets/afqwe0/clotheslabelled/Mahesh/men_suits_western_coatpant/534e07a97fbfd63621f82e1b452c4539.jpg,10,0.481827,0.554953,0.899348,0.872435
/kaggle/input/datasets/afqwe0/clotheslabelled/Mahesh/men_suits_western_coatpant/38b8ed20d108ce74116a1a5bb80b8e51_1678043827.jpg,10,0.484332,0.509215,0.853625,0.972014
/kaggle/input/datasets/afqwe0/clotheslabelled/Mahesh/men_suits_western_coatpant/38b8ed20d108ce74116a1a5bb80b8e51_1678043827.jpg,10,0.486364,0.501075,0.853625,0.987189
/kaggle/input/datasets/afqwe0/clotheslabelled/Mahesh/men_suits_western_coatpant/706abd9eccc7baf334b4909ef56e96b2.jpg,10,0.465571,0.52018,0.384312,0.840316
/kaggle/input/datasets/afqwe0/clotheslabelled/Mahesh/men_suits_western_coatpant/706abd9eccc7baf334b4909ef56e96b2.jpg,10,0.471421,0.523861,0.375416,0.676713
/kaggle/input/datasets/afqwe0/clotheslabelled/Mahesh/men_suits_western_coatpant/706abd9eccc7baf334b4909ef56e96b2.jpg,10,0.470554,0.515005,0.391567,0.676713
/kaggle/input/datasets/afqwe0/clotheslabelled/Mahesh/men_suits_western_coatpant/4b5de42c3c076081310326f3ded43667.jpg,10,0.369466,0.620578,0.428036,0.741006
/kaggle/input/datasets/afqwe0/clotheslabelled/Mahesh/men_suits_western_coatpant/4b5de42c3c076081310326f3ded43667.jpg,10,0.367291,0.666393,0.41734,0.574737
/kaggle/input/datasets/afqwe0/clotheslabelled/Mahesh/men_suits_western_coatpant/dd2f3a110ad7893d0fb2c384531ea1b6.jpg,10,0.515665,0.542621,1.0,0.863484
/kaggle/input/datasets/afqwe0/clotheslabelled/Mahesh/men_suits_western_coatpant/dd2f3a110ad7893d0fb2c384531ea1b6.jpg,10,0.509375,0.661551,1.0,0.621641
/kaggle/input/datasets/afqwe0/clotheslabelled/Mahesh/men_suits_western_coatpant/dd2f3a110ad7893d0fb2c384531ea1b6.jpg,10,0.508128,0.662036,1.0,0.623477
/kaggle/input/datasets/afqwe0/clotheslabelled/Mahesh/men_suits_western_coatpant/c2bc9a946a68afb048f6464537582e17.jpg,10,0.67709,0.572723,0.532583,0.850071
/kaggle/input/datasets/afqwe0/clotheslabelled/Mahesh/men_suits_western_coatpant/c2bc9a946a68afb048f6464537582e17.jpg,10,0.675182,0.608638,0.536097,0.728832
/kaggle/input/datasets/afqwe0/clotheslabelled/Mahesh/men_suits_western_coatpant/c2bc9a946a68afb048f6464537582e17.jpg,10,0.67834,0.573297,0.523882,0.850071
/kaggle/input/datasets/afqwe0/clotheslabelled/Mahesh/men_suits_western_coatpant/beige_premium_Formal_suits_for_men_Kathmandu_Nepal_1_2435953206.jpg,10,0.473822,0.524882,0.471148,0.929492
/kaggle/input/datasets/afqwe0/clotheslabelled/Mahesh/men_suits_western_coatpant/beige_premium_Formal_suits_for_men_Kathmandu_Nepal_1_2435953206.jpg,10,0.473473,0.556641,0.463035,0.731909
/kaggle/input/datasets/afqwe0/clotheslabelled/Mahesh/men_suits_western_coatpant/beige_premium_Formal_suits_for_men_Kathmandu_Nepal_1_2435953206.jpg,10,0.474522,0.557799,0.465488,0.741006
/kaggle/input/datasets/afqwe0/clotheslabelled/Mahesh/men_suits_western_coatpant/22f7e01b310ef5454a1cb7f081d860b6.jpg,10,0.496275,0.504492,0.704598,0.981468
/kaggle/input/datasets/afqwe0/clotheslabelled/Mahesh/men_suits_western_coatpant/22f7e01b310ef5454a1cb7f081d860b6.jpg,10,0.491874,0.619745,0.700886,0.752819
/kaggle/input/datasets/afqwe0/clotheslabelled/Mahesh/men_suits_western_coatpant/22f7e01b310ef5454a1cb7f081d860b6.jpg,10,0.492064,0.620511,0.703287,0.7499
/kaggle/input/datasets/afqwe0/clotheslabelled/Mahesh/men_suits_western_coatpant/6d7d536eb47dad24b2160c18090f82b5.jpg,10,0.514077,0.540924,0.379648,0.861632
/kaggle/input/datasets/afqwe0/clotheslabelled/Mahesh/men_suits_western_coatpant/6d7d536eb47dad24b2160c18090f82b5.jpg,10,0.501587,0.561696,0.350061,0.655873
/kaggle/input/datasets/afqwe0/clotheslabelled/Mahesh/men_suits_western_coatpant/585be02568af41e695c7b3ff443d9b7e.jpg,10,0.323404,0.592072,0.386805,0.815884
/kaggle/input/datasets/afqwe0/clotheslabelled/Mahesh/men_suits_western_coatpant/585be02568af41e695c7b3ff443d9b7e.jpg,10,0.304884,0.631258,0.347706,0.693563
/kaggle/input/datasets/afqwe0/clotheslabelled/Mahesh/men_suits_western_coatpant/966835512_02_3990992916.jpg,10,0.512035,0.615439,0.786751,0.758588
/kaggle/input/datasets/afqwe0/clotheslabelled/Mahesh/men_suits_western_coatpant/966835512_02_3990992916.jpg,10,0.515696,0.505469,0.791268,0.979683
/kaggle/input/datasets/afqwe0/clotheslabelled/Mahesh/men_suits_western_coatpant/966835512_02_3990992916.jpg,10,0.511394,0.614669,0.783828,0.761438
/kaggle/input/datasets/afqwe0/clotheslabelled/Mahesh/men_suits_western_coatpant/309119692afeead4174bfad8d570bf87.jpg,10,0.499068,0.580792,0.649214,0.82794
/kaggle/input/datasets/afqwe0/clotheslabelled/Mahesh/men_suits_western_coatpant/309119692afeead4174bfad8d570bf87.jpg,10,0.498977,0.577972,0.647385,0.830154
/kaggle/input/datasets/afqwe0/clotheslabelled/Mahesh/men_suits_western_coatpant/6b58247bd0f61f1f1a716bc420d314b7.jpg,10,0.577282,0.643446,0.76627,0.703434
/kaggle/input/datasets/afqwe0/clotheslabelled/Mahesh/men_suits_western_coatpant/6b58247bd0f61f1f1a716bc420d314b7.jpg,10,0.581648,0.54359,0.769333,0.903363
/kaggle/input/datasets/afqwe0/clotheslabelled/Mahesh/men_suits_western_coatpant/6b58247bd0f61f1f1a716bc420d314b7.jpg,10,0.579003,0.642027,0.772125,0.703434
/kaggle/input/datasets/afqwe0/clotheslabelled/Mahesh/men_suits_western_coatpant/5dcaa5fdd021f9aca21b7f1ff76c795d.jpg,10,0.509299,0.591805,0.547245,0.804529
/kaggle/input/datasets/afqwe0/clotheslabelled/Mahesh/men_suits_western_coatpant/5dcaa5fdd021f9aca21b7f1ff76c795d.jpg,10,0.506542,0.678603,0.545166,0.636225
/kaggle/input/datasets/afqwe0/clotheslabelled/Mahesh/men_suits_western_coatpant/5dcaa5fdd021f9aca21b7f1ff76c795d.jpg,10,0.506015,0.676731,0.54768,0.636225
/kaggle/input/datasets/afqwe0/clotheslabelled/Mahesh/men_suits_western_coatpant/media_2929026876.jpg,10,0.633024,0.501219,0.49913,1.0
/kaggle/input/datasets/afqwe0/clotheslabelled/Mahesh/men_suits_western_coatpant/media_2929026876.jpg,10,0.63274,0.50151,0.49913,1.0
/kaggle/input/datasets/afqwe0/clotheslabelled/Mahesh/men_suits_western_coatpant/839a3e0d411e64cc4691edcb80bf39a8.jpg,10,0.677286,0.711874,0.450743,0.567082
/kaggle/input/datasets/afqwe0/clotheslabelled/Mahesh/men_suits_western_coatpant/839a3e0d411e64cc4691edcb80bf39a8.jpg,10,0.255998,0.689141,0.458936,0.608695
/kaggle/input/datasets/afqwe0/clotheslabelled/Mahesh/men_suits_western_coatpant/839a3e0d411e64cc4691edcb80bf39a8.jpg,10,0.68106,0.630685,0.453077,0.734964
/kaggle/input/datasets/afqwe0/clotheslabelled/Mahesh/men_suits_western_coatpant/839a3e0d411e64cc4691edcb80bf39a8.jpg,10,0.262649,0.613192,0.458936,0.767068
/kaggle/input/datasets/afqwe0/clotheslabelled/Mahesh/men_suits_western_coatpant/IMG_20260211_WA0068_1.jpg,10,0.518588,0.597748,0.599023,0.79066
/kaggle/input/datasets/afqwe0/clotheslabelled/Mahesh/men_suits_western_coatpant/IMG_20260211_WA0068_1.jpg,10,0.5181,0.693102,0.600193,0.601227
/kaggle/input/datasets/afqwe0/clotheslabelled/Mahesh/men_suits_western_coatpant/Harrinton_cotton_linen_suits_for_men_kathmandu_nepal_high_quality_1_0e96b3e6_33d2_45ce_bf93_e8d10fbb4b8e_1200x1200_1500119485.jpg,10,0.486046,0.62921,0.696835,0.731909
/kaggle/input/datasets/afqwe0/clotheslabelled/Mahesh/men_suits_western_coatpant/Harrinton_cotton_linen_suits_for_men_kathmandu_nepal_high_quality_1_0e96b3e6_33d2_45ce_bf93_e8d10fbb4b8e_1200x1200_1500119485.jpg,10,0.486834,0.628907,0.694034,0.731909
/kaggle/input/datasets/afqwe0/clotheslabelled/Mahesh/men_suits_western_coatpant/67307e667d76be800e8ad1b73fea003d.jpg,10,0.50103,0.639905,1.0,0.709181
/kaggle/input/datasets/afqwe0/clotheslabelled/Mahesh/men_suits_western_coatpant/67307e667d76be800e8ad1b73fea003d.jpg,10,0.49801,0.518912,1.0,0.948955
/kaggle/input/datasets/afqwe0/clotheslabelled/Mahesh/men_suits_western_coatpant/67307e667d76be800e8ad1b73fea003d.jpg,10,0.502322,0.641444,1.0,0.713991
/kaggle/input/datasets/afqwe0/clotheslabelled/Mahesh/men_suits_western_coatpant/1a227a950bfeda0458ac9bb8f0413fb5.jpg,10,0.341176,0.642791,0.656606,0.707567
/kaggle/input/datasets/afqwe0/clotheslabelled/Mahesh/men_suits_western_coatpant/1a227a950bfeda0458ac9bb8f0413fb5.jpg,10,0.344206,0.713857,0.662478,0.561319
/kaggle/input/datasets/afqwe0/clotheslabelled/Mahesh/men_suits_western_coatpant/84a92a99_3d17_4f53_adba_f75490b676f1.jpg,10,0.5192,0.687319,0.355126,0.614263
/kaggle/input/datasets/afqwe0/clotheslabelled/Mahesh/men_suits_western_coatpant/84a92a99_3d17_4f53_adba_f75490b676f1.jpg,10,0.515541,0.750931,0.343048,0.489366
/kaggle/input/datasets/afqwe0/clotheslabelled/Mahesh/men_suits_western_coatpant/0b944a1391e331d6540fc8594c8340b4.jpg,10,0.544482,0.742353,0.699087,0.512799
/kaggle/input/datasets/afqwe0/clotheslabelled/Mahesh/men_suits_western_coatpant/0b944a1391e331d6540fc8594c8340b4.jpg,10,0.541669,0.661978,0.696342,0.667322
/kaggle/input/datasets/afqwe0/clotheslabelled/Mahesh/men_suits_western_coatpant/0b944a1391e331d6540fc8594c8340b4.jpg,10,0.542751,0.742275,0.700744,0.510847
/kaggle/input/datasets/afqwe0/clotheslabelled/Mahesh/men_suits_western_coatpant/22aaf35049d7cd8b7bf48fa85f397d00.jpg,10,0.504552,0.530601,1.0,0.930509
/kaggle/input/datasets/afqwe0/clotheslabelled/Mahesh/men_suits_western_coatpant/22aaf35049d7cd8b7bf48fa85f397d00.jpg,10,0.502698,0.669907,1.0,0.647977
/kaggle/input/datasets/afqwe0/clotheslabelled/Mahesh/men_suits_western_coatpant/6f03acd21b63bfdc8f8804050ee8e0e2.jpg,10,0.48367,0.600211,0.524604,0.79195
/kaggle/input/datasets/afqwe0/clotheslabelled/Mahesh/men_suits_western_coatpant/6f03acd21b63bfdc8f8804050ee8e0e2.jpg,10,0.479658,0.671319,0.537561,0.655873
/kaggle/input/datasets/afqwe0/clotheslabelled/Mahesh/men_suits_western_coatpant/6f03acd21b63bfdc8f8804050ee8e0e2.jpg,10,0.481285,0.669857,0.53172,0.655873
/kaggle/input/datasets/afqwe0/clotheslabelled/Mahesh/men_suits_western_coatpant/bfa2537660caba875bd6cda56d00a96c.jpg,10,0.506776,0.689776,1.0,0.608781
/kaggle/input/datasets/afqwe0/clotheslabelled/Mahesh/men_suits_western_coatpant/3cf979732a9f86cc85d2162d67c228fd.jpg,10,0.510002,0.617686,0.99086,0.75506
/kaggle/input/datasets/afqwe0/clotheslabelled/Mahesh/men_suits_western_coatpant/3cf979732a9f86cc85d2162d67c228fd.jpg,10,0.510923,0.618688,1.0,0.753612
/kaggle/input/datasets/afqwe0/clotheslabelled/Mahesh/men_suits_western_coatpant/f5ff5d3c107643a048171fca8b77fea1.jpg,10,0.520869,0.703203,0.339535,0.578552
/kaggle/input/datasets/afqwe0/clotheslabelled/Mahesh/men_suits_western_coatpant/f5ff5d3c107643a048171fca8b77fea1.jpg,10,0.52057,0.719363,0.320605,0.493663
/kaggle/input/datasets/afqwe0/clotheslabelled/Mahesh/men_suits_western_coatpant/95f93be7a50d68149859b9c6e5cc75ee.jpg,10,0.660462,0.644341,0.378625,0.608695
/kaggle/input/datasets/afqwe0/clotheslabelled/Mahesh/men_suits_western_coatpant/95f93be7a50d68149859b9c6e5cc75ee.jpg,10,0.662797,0.617074,0.380865,0.756502
/kaggle/input/datasets/afqwe0/clotheslabelled/Mahesh/men_suits_western_coatpant/0cd7c15d9d761858e9b76644117c5055.jpg,10,0.417751,0.691918,0.355006,0.61241
/kaggle/input/datasets/afqwe0/clotheslabelled/Mahesh/men_suits_western_coatpant/0cd7c15d9d761858e9b76644117c5055.jpg,10,0.415028,0.734621,0.346425,0.522552
/kaggle/input/datasets/afqwe0/clotheslabelled/Mahesh/men_suits_western_coatpant/download_1.png,10,0.47711,0.49961,0.849333,0.999943
/kaggle/input/datasets/afqwe0/clotheslabelled/Mahesh/men_suits_western_coatpant/download_1.png,10,0.477544,0.497253,0.840674,0.998134
/kaggle/input/datasets/afqwe0/clotheslabelled/Mahesh/men_suits_western_coatpant/2d51f928bc5ac7bb9c4db7f35d8ba083.jpg,10,0.380577,0.663346,0.371025,0.655873
/kaggle/input/datasets/afqwe0/clotheslabelled/Mahesh/men_suits_western_coatpant/2d51f928bc5ac7bb9c4db7f35d8ba083.jpg,10,0.379938,0.689977,0.359408,0.540059
/kaggle/input/datasets/afqwe0/clotheslabelled/Mahesh/men_suits_western_coatpant/aa3065725dcfec428301f91e0d9f027d.jpg,10,0.566764,0.49961,0.52099,0.999675
/kaggle/input/datasets/afqwe0/clotheslabelled/Mahesh/men_suits_western_coatpant/aa3065725dcfec428301f91e0d9f027d.jpg,10,0.569536,0.498229,0.515702,0.998353
/kaggle/input/datasets/afqwe0/clotheslabelled/Mahesh/men_suits_western_coatpant/1b1d067d9f6555feccd917aad9fbbd12.jpg,10,0.507835,0.791664,1.0,0.41865
/kaggle/input/datasets/afqwe0/clotheslabelled/Mahesh/men_suits_western_coatpant/1b1d067d9f6555feccd917aad9fbbd12.jpg,10,0.506893,0.515493,1.0,0.962265
/kaggle/input/datasets/afqwe0/clotheslabelled/Mahesh/men_suits_western_coatpant/1b1d067d9f6555feccd917aad9fbbd12.jpg,10,0.521748,0.791019,1.0,0.428904
/kaggle/input/datasets/afqwe0/clotheslabelled/Mahesh/men_suits_western_coatpant/9515807a3d72d143bce99a497627a82a.jpg,10,0.488387,0.627995,0.722409,0.734964
/kaggle/input/datasets/afqwe0/clotheslabelled/Mahesh/men_suits_western_coatpant/9515807a3d72d143bce99a497627a82a.jpg,10,0.486652,0.557604,0.723296,0.872435
/kaggle/input/datasets/afqwe0/clotheslabelled/Mahesh/men_suits_western_coatpant/88a20ccf423b5cd21318c51e72d1678e.jpg,10,0.391673,0.650139,0.835039,0.686882
/kaggle/input/datasets/afqwe0/clotheslabelled/Mahesh/men_suits_western_coatpant/88a20ccf423b5cd21318c51e72d1678e.jpg,10,0.391853,0.544559,0.830877,0.899193
/kaggle/input/datasets/afqwe0/clotheslabelled/Mahesh/men_suits_western_coatpant/bd54d6d21ff3de2256631515bae7e3c8.jpg,10,0.543699,0.742275,0.559782,0.508894
/kaggle/input/datasets/afqwe0/clotheslabelled/Mahesh/men_suits_western_coatpant/bd54d6d21ff3de2256631515bae7e3c8.jpg,10,0.546213,0.804873,0.555298,0.380399
/kaggle/input/datasets/afqwe0/clotheslabelled/Mahesh/men_suits_western_coatpant/705789439_1547499693708970_7167793930836065481_n.jpg,10,0.533806,0.749203,0.324481,0.487414
/kaggle/input/datasets/afqwe0/clotheslabelled/Mahesh/men_suits_western_coatpant/705789439_1547499693708970_7167793930836065481_n.jpg,10,0.533806,0.785814,0.318288,0.415951
/kaggle/input/datasets/afqwe0/clotheslabelled/Mahesh/men_suits_western_coatpant/50c0eee1174a9a53d5766fc3ddd01dd1.jpg,10,0.524912,0.545286,0.562352,0.728832
/kaggle/input/datasets/afqwe0/clotheslabelled/Mahesh/men_suits_western_coatpant/50c0eee1174a9a53d5766fc3ddd01dd1.jpg,10,0.065114,0.319796,0.148314,0.215688
/kaggle/input/datasets/afqwe0/clotheslabelled/Mahesh/men_suits_western_coatpant/50c0eee1174a9a53d5766fc3ddd01dd1.jpg,10,0.521988,0.518636,0.568373,0.902303
/kaggle/input/datasets/afqwe0/clotheslabelled/Mahesh/men_suits_western_coatpant/50c0eee1174a9a53d5766fc3ddd01dd1.jpg,10,0.817002,0.467911,0.176279,0.260962
/kaggle/input/datasets/afqwe0/clotheslabelled/Mahesh/men_suits_western_coatpant/50c0eee1174a9a53d5766fc3ddd01dd1.jpg,10,0.519496,0.521663,0.569884,0.917631
/kaggle/input/datasets/afqwe0/clotheslabelled/Mahesh/men_suits_western_coatpant/50c0eee1174a9a53d5766fc3ddd01dd1.jpg,10,0.522638,0.543786,0.557858,0.728832
/kaggle/input/datasets/afqwe0/clotheslabelled/Mahesh/men_suits_western_coatpant/50c0eee1174a9a53d5766fc3ddd01dd1.jpg,10,0.064331,0.31936,0.14516,0.213712
/kaggle/input/datasets/afqwe0/clotheslabelled/Mahesh/men_suits_western_coatpant/9dc962b720d5cc1ed404be9bc99c8092.jpg,10,0.512218,0.500098,0.493701,0.890371
/kaggle/input/datasets/afqwe0/clotheslabelled/Mahesh/men_suits_western_coatpant/9dc962b720d5cc1ed404be9bc99c8092.jpg,10,0.513957,0.533028,0.485209,0.731909
/kaggle/input/datasets/afqwe0/clotheslabelled/Mahesh/men_suits_western_coatpant/9dc962b720d5cc1ed404be9bc99c8092.jpg,10,0.512676,0.532136,0.483928,0.725733
/kaggle/input/datasets/afqwe0/clotheslabelled/Mahesh/men_suits_western_coatpant/8bcfc5e28b8a7edf828f9914accf28c3.jpg,10,0.513793,0.529704,0.69571,0.758588
/kaggle/input/datasets/afqwe0/clotheslabelled/Mahesh/men_suits_western_coatpant/8bcfc5e28b8a7edf828f9914accf28c3.jpg,10,0.506195,0.511326,0.715945,0.956014
/kaggle/input/datasets/afqwe0/clotheslabelled/Mahesh/men_suits_western_coatpant/8bcfc5e28b8a7edf828f9914accf28c3.jpg,10,0.516356,0.526703,0.690402,0.761438
/kaggle/input/datasets/afqwe0/clotheslabelled/Mahesh/men_suits_western_coatpant/ef8a92892c097685c0adf9c985aee565.jpg,10,0.506338,0.602574,0.357555,0.648786
/kaggle/input/datasets/afqwe0/clotheslabelled/Mahesh/men_suits_western_coatpant/ef8a92892c097685c0adf9c985aee565.jpg,10,0.51439,0.574634,0.36485,0.822304
/kaggle/input/datasets/afqwe0/clotheslabelled/Mahesh/men_suits_western_coatpant/ef8a92892c097685c0adf9c985aee565.jpg,10,0.509266,0.602997,0.356024,0.645217
/kaggle/input/datasets/afqwe0/clotheslabelled/Mahesh/men_suits_western_coatpant/7c581656eea6fe5f5f32e5e6ec1e7a1d.jpg,10,0.505788,0.497168,0.475348,0.999448
/kaggle/input/datasets/afqwe0/clotheslabelled/Mahesh/men_suits_western_coatpant/7c581656eea6fe5f5f32e5e6ec1e7a1d.jpg,10,0.507328,0.496276,0.471184,0.998867
/kaggle/input/datasets/afqwe0/clotheslabelled/Mahesh/men_suits_western_coatpant/7c581656eea6fe5f5f32e5e6ec1e7a1d.jpg,10,0.505991,0.514029,0.467814,0.856385
/kaggle/input/datasets/afqwe0/clotheslabelled/Mahesh/men_suits_western_coatpant/7c581656eea6fe5f5f32e5e6ec1e7a1d.jpg,10,0.504674,0.514842,0.46545,0.858296
/kaggle/input/datasets/afqwe0/clotheslabelled/Mahesh/men_suits_western_coatpant/6724e585e5f03c289298f6344249dae6.jpg,10,0.458446,0.526465,0.682744,0.93907
/kaggle/input/datasets/afqwe0/clotheslabelled/Mahesh/men_suits_western_coatpant/6724e585e5f03c289298f6344249dae6.jpg,10,0.458204,0.512303,0.687799,0.964882
/kaggle/input/datasets/afqwe0/clotheslabelled/Mahesh/men_suits_western_coatpant/89dee53819c90b94d3b93de43ec13c78.jpg,10,0.603924,0.595448,0.40195,0.676713
/kaggle/input/datasets/afqwe0/clotheslabelled/Mahesh/men_suits_western_coatpant/89dee53819c90b94d3b93de43ec13c78.jpg,10,0.612045,0.61913,0.381379,0.541999
/kaggle/input/datasets/afqwe0/clotheslabelled/Mahesh/men_suits_western_coatpant/download.png,19,0.50087,0.497756,0.928193,0.520602
/kaggle/input/datasets/afqwe0/clotheslabelled/Mahesh/men_suits_western_coatpant/a2462f5e166c286ae069b4e0184d07a4.jpg,10,0.601929,0.719705,0.486261,0.55361
/kaggle/input/datasets/afqwe0/clotheslabelled/Mahesh/men_suits_western_coatpant/a2462f5e166c286ae069b4e0184d07a4.jpg,10,0.604599,0.648154,0.485169,0.699419
/kaggle/input/datasets/afqwe0/clotheslabelled/Mahesh/men_suits_western_coatpant/a2462f5e166c286ae069b4e0184d07a4.jpg,10,0.602107,0.720017,0.486261,0.547811
/kaggle/input/datasets/afqwe0/clotheslabelled/Mahesh/men_suits_western_coatpant/7fcfe5ae22fb08207f16f416321b952e.jpg,10,0.46846,0.537041,0.40837,0.912499
/kaggle/input/datasets/afqwe0/clotheslabelled/Mahesh/men_suits_western_coatpant/7fcfe5ae22fb08207f16f416321b952e.jpg,10,0.464407,0.57081,0.396206,0.746958
/kaggle/input/datasets/afqwe0/clotheslabelled/Mahesh/men_suits_western_coatpant/c3b7725bb08b5d2745fd1f7a67df1236.jpg,10,0.505981,0.505401,0.641715,0.979683
/kaggle/input/datasets/afqwe0/clotheslabelled/Mahesh/men_suits_western_coatpant/c3b7725bb08b5d2745fd1f7a67df1236.jpg,10,0.507659,0.503028,0.643509,0.983098
/kaggle/input/datasets/afqwe0/clotheslabelled/Mahesh/men_suits_western_coatpant/edc67ef75dd5136f630f808ff8439af6.jpg,10,0.490929,0.641577,0.837131,0.696874
/kaggle/input/datasets/afqwe0/clotheslabelled/Mahesh/men_suits_western_coatpant/edc67ef75dd5136f630f808ff8439af6.jpg,10,0.49015,0.515193,0.841603,0.959185
/kaggle/input/datasets/afqwe0/clotheslabelled/Mahesh/men_suits_western_coatpant/edc67ef75dd5136f630f808ff8439af6.jpg,10,0.49015,0.642998,0.831338,0.696874
/kaggle/input/datasets/afqwe0/clotheslabelled/Mahesh/men_suits_western_coatpant/684f15782b853008f30f47171b08ef83.jpg,10,0.466017,0.681837,0.281671,0.630784
/kaggle/input/datasets/afqwe0/clotheslabelled/Mahesh/men_suits_western_coatpant/684f15782b853008f30f47171b08ef83.jpg,10,0.466685,0.70461,0.272561,0.512799
/kaggle/input/datasets/afqwe0/clotheslabelled/Mahesh/men_suits_western_coatpant/684f15782b853008f30f47171b08ef83.jpg,10,0.467062,0.704952,0.267746,0.505381
/kaggle/input/datasets/afqwe0/clotheslabelled/Mahesh/men_suits_western_coatpant/09540b1ec0a03a67bbebb28f1c9c1a74_4251206059.jpg,10,0.505327,0.495704,0.60275,0.97704
/kaggle/input/datasets/afqwe0/clotheslabelled/Mahesh/men_suits_western_coatpant/09540b1ec0a03a67bbebb28f1c9c1a74_4251206059.jpg,10,0.506807,0.525809,0.587207,0.778049
/kaggle/input/datasets/afqwe0/clotheslabelled/Mahesh/men_suits_western_coatpant/09540b1ec0a03a67bbebb28f1c9c1a74_4251206059.jpg,10,0.506914,0.519882,0.590271,0.767068
/kaggle/input/datasets/afqwe0/clotheslabelled/Mahesh/men_suits_western_coatpant/feed682d8c4e21275f807a258563f2e2.jpg,10,0.484086,0.54577,0.37323,0.887283
/kaggle/input/datasets/afqwe0/clotheslabelled/Mahesh/men_suits_western_coatpant/feed682d8c4e21275f807a258563f2e2.jpg,10,0.484415,0.553459,0.372426,0.874553
/kaggle/input/datasets/afqwe0/clotheslabelled/Mahesh/men_suits_western_coatpant/Navy_blue_premium_Formal_suits_for_men_Kathmandu_Nepal_1_a9379526_1123_4e10_bbe6_6a188e208995_1024x_3827001508.jpg,10,0.528747,0.640749,0.739778,0.705948
/kaggle/input/datasets/afqwe0/clotheslabelled/Mahesh/men_suits_western_coatpant/Navy_blue_premium_Formal_suits_for_men_Kathmandu_Nepal_1_a9379526_1123_4e10_bbe6_6a188e208995_1024x_3827001508.jpg,10,0.528397,0.533154,0.741878,0.923095
/kaggle/input/datasets/afqwe0/clotheslabelled/Mahesh/men_suits_western_coatpant/bd624f974486ccb92767cbb9e54707d4.jpg,10,0.464485,0.547464,0.503465,0.896324
/kaggle/input/datasets/afqwe0/clotheslabelled/Mahesh/men_suits_western_coatpant/bd624f974486ccb92767cbb9e54707d4.jpg,10,0.462983,0.628754,0.49755,0.734964
/kaggle/input/datasets/afqwe0/clotheslabelled/Mahesh/men_suits_western_coatpant/bd624f974486ccb92767cbb9e54707d4.jpg,10,0.463591,0.630273,0.499892,0.734964
/kaggle/input/datasets/afqwe0/clotheslabelled/Mahesh/men_suits_western_coatpant/fb3979231c05e16f4740117b41b803d4.jpg,10,0.456417,0.616843,0.431256,0.757938
/kaggle/input/datasets/afqwe0/clotheslabelled/Mahesh/men_suits_western_coatpant/fb3979231c05e16f4740117b41b803d4.jpg,10,0.457846,0.691229,0.438015,0.606833
/kaggle/input/datasets/afqwe0/clotheslabelled/Mahesh/men_suits_western_coatpant/fb3979231c05e16f4740117b41b803d4.jpg,10,0.457684,0.689995,0.438015,0.61241
/kaggle/input/datasets/afqwe0/clotheslabelled/Mahesh/Formal Pants Shirt Set/b6f16254f85c9f38d3df8979ca11f313.jpg,12,0.499384,0.561696,0.585744,0.867126
/kaggle/input/datasets/afqwe0/clotheslabelled/Mahesh/Formal Pants Shirt Set/b6f16254f85c9f38d3df8979ca11f313.jpg,12,0.532185,0.801321,0.463945,0.39337
/kaggle/input/datasets/afqwe0/clotheslabelled/Mahesh/Formal Pants Shirt Set/b6f16254f85c9f38d3df8979ca11f313.jpg,12,0.497377,0.635792,0.576437,0.722612
/kaggle/input/datasets/afqwe0/clotheslabelled/Mahesh/Formal Pants Shirt Set/971a14102d98a7e749d0c53a951e45fe.jpg,12,0.535654,0.831381,0.520326,0.333815
/kaggle/input/datasets/afqwe0/clotheslabelled/Mahesh/Formal Pants Shirt Set/971a14102d98a7e749d0c53a951e45fe.jpg,12,0.538687,0.65147,0.707627,0.690232
/kaggle/input/datasets/afqwe0/clotheslabelled/Mahesh/Formal Pants Shirt Set/971a14102d98a7e749d0c53a951e45fe.jpg,12,0.541636,0.590779,0.709862,0.808189
/kaggle/input/datasets/afqwe0/clotheslabelled/Mahesh/Formal Pants Shirt Set/d98be77aff345b07f7a14ae3f09f5ee4.jpg,12,0.54453,0.546496,0.943423,0.891887
/kaggle/input/datasets/afqwe0/clotheslabelled/Mahesh/Formal Pants Shirt Set/d98be77aff345b07f7a14ae3f09f5ee4.jpg,12,0.564637,0.840225,0.897713,0.308281
/kaggle/input/datasets/afqwe0/clotheslabelled/Mahesh/Formal Pants Shirt Set/d98be77aff345b07f7a14ae3f09f5ee4.jpg,12,0.543233,0.645958,0.930366,0.699419
/kaggle/input/datasets/afqwe0/clotheslabelled/Mahesh/Formal Pants Shirt Set/3a07693efff55affaccedd33fa1442ed.jpg,12,0.410795,0.542332,0.35411,0.783398
/kaggle/input/datasets/afqwe0/clotheslabelled/Mahesh/Formal Pants Shirt Set/3a07693efff55affaccedd33fa1442ed.jpg,12,0.409517,0.575111,0.342551,0.625309
/kaggle/input/datasets/afqwe0/clotheslabelled/Mahesh/Formal Pants Shirt Set/fbb95c9cf2d1f067ac809cd11f606131.jpg,12,0.566954,0.549157,1.0,0.891887
/kaggle/input/datasets/afqwe0/clotheslabelled/Mahesh/Formal Pants Shirt Set/fbb95c9cf2d1f067ac809cd11f606131.jpg,12,0.560129,0.694761,0.976994,0.603099
/kaggle/input/datasets/afqwe0/clotheslabelled/Mahesh/Formal Pants Shirt Set/fbb95c9cf2d1f067ac809cd11f606131.jpg,12,0.481598,0.930654,0.572443,0.136153
/kaggle/input/datasets/afqwe0/clotheslabelled/Mahesh/Formal Pants Shirt Set/e72f7dda419c23822f14dc05b2563889.jpg,12,0.515882,0.583405,0.693656,0.825703
/kaggle/input/datasets/afqwe0/clotheslabelled/Mahesh/Formal Pants Shirt Set/e72f7dda419c23822f14dc05b2563889.jpg,12,0.514798,0.664387,0.685879,0.666374
/kaggle/input/datasets/afqwe0/clotheslabelled/Mahesh/Formal Pants Shirt Set/beaf5357d0830060417f217e8063272b.jpg,12,0.471536,0.554953,0.463463,0.867126
/kaggle/input/datasets/afqwe0/clotheslabelled/Mahesh/Formal Pants Shirt Set/beaf5357d0830060417f217e8063272b.jpg,12,0.449305,0.583678,0.399883,0.662891
/kaggle/input/datasets/afqwe0/clotheslabelled/Mahesh/Formal Pants Shirt Set/6d0e25212f26e27d925e892b96226952.jpg,12,0.457714,0.539711,0.78811,0.909971
/kaggle/input/datasets/afqwe0/clotheslabelled/Mahesh/Formal Pants Shirt Set/6d0e25212f26e27d925e892b96226952.jpg,12,0.42853,0.558086,0.719306,0.662891
/kaggle/input/datasets/afqwe0/clotheslabelled/Mahesh/Formal Pants Shirt Set/8c2d9500f020f28eebc71de3579e092c.jpg,12,0.485841,0.541651,0.685717,0.9006
/kaggle/input/datasets/afqwe0/clotheslabelled/Mahesh/Formal Pants Shirt Set/8c2d9500f020f28eebc71de3579e092c.jpg,12,0.478031,0.608129,0.679846,0.767068
/kaggle/input/datasets/afqwe0/clotheslabelled/Mahesh/Formal Pants Shirt Set/ef02e66222ef8ce1c5a6be61c27b24fc.jpg,12,0.513682,0.485941,0.451366,0.940833
/kaggle/input/datasets/afqwe0/clotheslabelled/Mahesh/Formal Pants Shirt Set/ef02e66222ef8ce1c5a6be61c27b24fc.jpg,12,0.512767,0.51403,0.437813,0.758588
/kaggle/input/datasets/afqwe0/clotheslabelled/Mahesh/Formal Pants Shirt Set/ef02e66222ef8ce1c5a6be61c27b24fc.jpg,12,0.494893,0.636471,0.347274,0.506942
/kaggle/input/datasets/afqwe0/clotheslabelled/Mahesh/Formal Pants Shirt Set/aa7e726d29d030b5c7b597350b16a999.jpg,12,0.488816,0.473535,0.834001,0.843998
/kaggle/input/datasets/afqwe0/clotheslabelled/Mahesh/Formal Pants Shirt Set/aa7e726d29d030b5c7b597350b16a999.jpg,12,0.526113,0.607318,0.543568,0.400851
/kaggle/input/datasets/afqwe0/clotheslabelled/Mahesh/Formal Pants Shirt Set/aa7e726d29d030b5c7b597350b16a999.jpg,12,0.572432,0.479133,0.640443,0.659391
/kaggle/input/datasets/afqwe0/clotheslabelled/Mahesh/Formal Pants Shirt Set/69ca876d8427bc8c0808a6da71b51769.jpg,12,0.562829,0.494727,0.575203,0.97704
/kaggle/input/datasets/afqwe0/clotheslabelled/Mahesh/Formal Pants Shirt Set/69ca876d8427bc8c0808a6da71b51769.jpg,12,0.55843,0.551528,0.558475,0.815884
/kaggle/input/datasets/afqwe0/clotheslabelled/Mahesh/Formal Pants Shirt Set/d714a919867655e1198dfff4b67cd5a2.jpg,12,0.370138,0.542136,0.464506,0.9006
/kaggle/input/datasets/afqwe0/clotheslabelled/Mahesh/Formal Pants Shirt Set/d714a919867655e1198dfff4b67cd5a2.jpg,12,0.368911,0.602529,0.455571,0.772605
/kaggle/input/datasets/afqwe0/clotheslabelled/Mahesh/Formal Pants Shirt Set/a9f179da9116a76a7c5c1b06ee595827.jpg,12,0.266404,0.492286,0.461197,0.97484
/kaggle/input/datasets/afqwe0/clotheslabelled/Mahesh/Formal Pants Shirt Set/a9f179da9116a76a7c5c1b06ee595827.jpg,12,0.257679,0.617517,0.291367,0.567082
/kaggle/input/datasets/afqwe0/clotheslabelled/Mahesh/Formal Pants Shirt Set/846c0d5ed4ac93ddebafeed624ad1d9a.jpg,12,0.500291,0.741158,1.0,0.504591
/kaggle/input/datasets/afqwe0/clotheslabelled/Mahesh/Formal Pants Shirt Set/846c0d5ed4ac93ddebafeed624ad1d9a.jpg,12,0.502787,0.599625,1.0,0.780128
/kaggle/input/datasets/afqwe0/clotheslabelled/Mahesh/Formal Pants Shirt Set/e2bf210055b5daa1cf179c39735f1102.jpg,12,0.255538,0.492286,0.426605,0.930509
/kaggle/input/datasets/afqwe0/clotheslabelled/Mahesh/Formal Pants Shirt Set/e2bf210055b5daa1cf179c39735f1102.jpg,12,0.254225,0.448616,0.415101,0.838208
/kaggle/input/datasets/afqwe0/clotheslabelled/Mahesh/Formal Pants Shirt Set/dc2249a003b174de27efb6ab7baefe11.jpg,12,0.53434,0.550124,0.624489,0.891887
/kaggle/input/datasets/afqwe0/clotheslabelled/Mahesh/Formal Pants Shirt Set/dc2249a003b174de27efb6ab7baefe11.jpg,12,0.509362,0.769959,0.473487,0.460152
/kaggle/input/datasets/afqwe0/clotheslabelled/Mahesh/Formal Pants Shirt Set/dc2249a003b174de27efb6ab7baefe11.jpg,12,0.527167,0.624337,0.633788,0.752819
/kaggle/input/datasets/afqwe0/clotheslabelled/Mahesh/Formal Pants Shirt Set/7adc19a0be1901d09129149f1ecdfd08_2.jpg,12,0.558484,0.493751,0.632228,0.976329
/kaggle/input/datasets/afqwe0/clotheslabelled/Mahesh/Formal Pants Shirt Set/7adc19a0be1901d09129149f1ecdfd08_2.jpg,12,0.545821,0.616825,0.411177,0.565163
/kaggle/input/datasets/afqwe0/clotheslabelled/Mahesh/Formal Pants Shirt Set/7adc19a0be1901d09129149f1ecdfd08_2.jpg,12,0.559354,0.455864,0.626249,0.908683
/kaggle/input/datasets/afqwe0/clotheslabelled/Mahesh/Formal Pants Shirt Set/5524572cfd4e39aa4c1c2bff65fbced5.jpg,12,0.526793,0.498145,0.514012,0.979052
/kaggle/input/datasets/afqwe0/clotheslabelled/Mahesh/Formal Pants Shirt Set/5524572cfd4e39aa4c1c2bff65fbced5.jpg,12,0.526576,0.547464,0.497754,0.87923
/kaggle/input/datasets/afqwe0/clotheslabelled/Mahesh/Formal Pants Shirt Set/dcb87c4f99aaf9f39b33e50c506fa6e9.jpg,12,0.489746,0.476921,0.696062,0.929492
/kaggle/input/datasets/afqwe0/clotheslabelled/Mahesh/Formal Pants Shirt Set/dcb87c4f99aaf9f39b33e50c506fa6e9.jpg,12,0.492622,0.65496,0.46139,0.41216
/kaggle/input/datasets/afqwe0/clotheslabelled/Mahesh/Formal Pants Shirt Set/dcb87c4f99aaf9f39b33e50c506fa6e9.jpg,12,0.476459,0.503779,0.653504,0.737996
/kaggle/input/datasets/afqwe0/clotheslabelled/Mahesh/Formal Pants Shirt Set/0c74e8a90236ec01b6f0b3354ae454dd.jpg,12,0.529885,0.651643,0.343069,0.450464
/kaggle/input/datasets/afqwe0/clotheslabelled/Mahesh/Formal Pants Shirt Set/0c74e8a90236ec01b6f0b3354ae454dd.jpg,12,0.542936,0.524268,0.574226,0.709912
/kaggle/input/datasets/afqwe0/clotheslabelled/Mahesh/Formal Pants Shirt Set/0c74e8a90236ec01b6f0b3354ae454dd.jpg,12,0.574777,0.512875,0.639191,0.857864
/kaggle/input/datasets/afqwe0/clotheslabelled/Mahesh/Formal Pants Shirt Set/1150b0d2e4598fdf51afb728f952c355.jpg,12,0.545774,0.525369,0.570574,0.848069
/kaggle/input/datasets/afqwe0/clotheslabelled/Mahesh/Formal Pants Shirt Set/1150b0d2e4598fdf51afb728f952c355.jpg,12,0.556245,0.68631,0.43648,0.42547
/kaggle/input/datasets/afqwe0/clotheslabelled/Mahesh/Formal Pants Shirt Set/1150b0d2e4598fdf51afb728f952c355.jpg,12,0.540861,0.558327,0.557156,0.693563
/kaggle/input/datasets/afqwe0/clotheslabelled/Mahesh/Formal Pants Shirt Set/b7d96849f96d6461c37165068e8ffa73.jpg,12,0.497457,0.580732,0.593347,0.821159
/kaggle/input/datasets/afqwe0/clotheslabelled/Mahesh/Formal Pants Shirt Set/b7d96849f96d6461c37165068e8ffa73.jpg,12,0.517253,0.764025,0.404464,0.465979
/kaggle/input/datasets/afqwe0/clotheslabelled/Mahesh/Formal Pants Shirt Set/b7d96849f96d6461c37165068e8ffa73.jpg,12,0.498949,0.498145,0.583523,0.981468
/kaggle/input/datasets/afqwe0/clotheslabelled/Mahesh/Formal Pants Shirt Set/9007dc7eb964c1fffaa64a9b7dd32718.jpg,12,0.573616,0.496192,0.696579,0.963258
/kaggle/input/datasets/afqwe0/clotheslabelled/Mahesh/Formal Pants Shirt Set/9007dc7eb964c1fffaa64a9b7dd32718.jpg,12,0.56704,0.505732,0.677902,0.706684
/kaggle/input/datasets/afqwe0/clotheslabelled/Mahesh/Formal Pants Shirt Set/fed7e49fc9b68c1ac08961b48f4c2e21.jpg,12,0.46926,0.581303,0.453923,0.82794
/kaggle/input/datasets/afqwe0/clotheslabelled/Mahesh/Formal Pants Shirt Set/fed7e49fc9b68c1ac08961b48f4c2e21.jpg,12,0.46861,0.64925,0.453231,0.693563
/kaggle/input/datasets/afqwe0/clotheslabelled/Mahesh/Formal Pants Shirt Set/68765c3c01cff5908943e3e19c912941.jpg,12,0.494645,0.572245,0.534308,0.846045
/kaggle/input/datasets/afqwe0/clotheslabelled/Mahesh/Formal Pants Shirt Set/68765c3c01cff5908943e3e19c912941.jpg,12,0.492165,0.65147,0.530389,0.686882
/kaggle/input/datasets/afqwe0/clotheslabelled/Mahesh/Formal Pants Shirt Set/68765c3c01cff5908943e3e19c912941.jpg,12,0.484563,0.822206,0.37351,0.352299
/kaggle/input/datasets/afqwe0/clotheslabelled/Mahesh/Formal Pants Shirt Set/3d9408ebdc1de077f62033165ed8fe60.jpg,12,0.516641,0.502145,0.477422,0.811143
/kaggle/input/datasets/afqwe0/clotheslabelled/Mahesh/Formal Pants Shirt Set/3d9408ebdc1de077f62033165ed8fe60.jpg,12,0.512846,0.533108,0.449328,0.625309
/kaggle/input/datasets/afqwe0/clotheslabelled/Mahesh/Formal Pants Shirt Set/9cdd1b39f12700b72b0b4f46b82ac873.jpg,12,0.540835,0.559771,0.471439,0.765033
/kaggle/input/datasets/afqwe0/clotheslabelled/Mahesh/Formal Pants Shirt Set/9cdd1b39f12700b72b0b4f46b82ac873.jpg,12,0.578177,0.587752,0.375017,0.636225
/kaggle/input/datasets/afqwe0/clotheslabelled/Mahesh/Formal Pants Shirt Set/30f502b5d4e91adb3a9c77e7b5065b47.jpg,12,0.581516,0.479358,0.628239,0.948193
/kaggle/input/datasets/afqwe0/clotheslabelled/Mahesh/Formal Pants Shirt Set/30f502b5d4e91adb3a9c77e7b5065b47.jpg,12,0.577884,0.436571,0.610291,0.872829
/kaggle/input/datasets/afqwe0/clotheslabelled/Mahesh/Formal Pants Shirt Set/01b4e46b6e2ea3b0fcc4236fcb7bd561.jpg,12,0.464775,0.495704,0.692208,0.99219
/kaggle/input/datasets/afqwe0/clotheslabelled/Mahesh/Formal Pants Shirt Set/01b4e46b6e2ea3b0fcc4236fcb7bd561.jpg,12,0.492158,0.610962,0.391363,0.61241
/kaggle/input/datasets/afqwe0/clotheslabelled/Mahesh/Formal Pants Shirt Set/01b4e46b6e2ea3b0fcc4236fcb7bd561.jpg,12,0.46514,0.455287,0.675367,0.900917
/kaggle/input/datasets/afqwe0/clotheslabelled/Mahesh/Formal Pants Shirt Set/6a93b9c35c8fafac5f4f21e6b320fb93.jpg,12,0.533007,0.615689,0.734633,0.747764
/kaggle/input/datasets/afqwe0/clotheslabelled/Mahesh/Formal Pants Shirt Set/6a93b9c35c8fafac5f4f21e6b320fb93.jpg,12,0.529323,0.532911,0.733686,0.917362
/kaggle/input/datasets/afqwe0/clotheslabelled/Mahesh/Formal Pants Shirt Set/c3ee5fbcd82f5437561839212b1ddc66.jpg,12,0.483121,0.535538,0.449263,0.696874
/kaggle/input/datasets/afqwe0/clotheslabelled/Mahesh/Formal Pants Shirt Set/c3ee5fbcd82f5437561839212b1ddc66.jpg,12,0.488257,0.652307,0.334703,0.4466
/kaggle/input/datasets/afqwe0/clotheslabelled/Mahesh/Formal Pants Shirt Set/c3ee5fbcd82f5437561839212b1ddc66.jpg,12,0.49004,0.519887,0.461943,0.882509
/kaggle/input/datasets/afqwe0/clotheslabelled/Mahesh/Formal Pants Shirt Set/ad075f3f60253a7f266d6dda5215411d.jpg,12,0.494638,0.558327,0.67279,0.872435
/kaggle/input/datasets/afqwe0/clotheslabelled/Mahesh/Formal Pants Shirt Set/ad075f3f60253a7f266d6dda5215411d.jpg,12,0.489321,0.626625,0.674024,0.719469
/kaggle/input/datasets/afqwe0/clotheslabelled/Mahesh/Formal Pants Shirt Set/e376735c775bd1be711c2f08fc4589d2.jpg,12,0.466662,0.509637,0.367472,0.813525
/kaggle/input/datasets/afqwe0/clotheslabelled/Mahesh/Formal Pants Shirt Set/e376735c775bd1be711c2f08fc4589d2.jpg,12,0.469098,0.546692,0.360238,0.673285
/kaggle/input/datasets/afqwe0/clotheslabelled/Mahesh/Formal Pants Shirt Set/92e44e7bc4f161aecf313a6796a38d8b.jpg,12,0.519813,0.68103,0.385369,0.491318
/kaggle/input/datasets/afqwe0/clotheslabelled/Mahesh/Formal Pants Shirt Set/92e44e7bc4f161aecf313a6796a38d8b.jpg,12,0.501004,0.493751,0.557322,0.987578
/kaggle/input/datasets/afqwe0/clotheslabelled/Mahesh/Formal Pants Shirt Set/92e44e7bc4f161aecf313a6796a38d8b.jpg,12,0.497445,0.533514,0.540543,0.798883
/kaggle/input/datasets/afqwe0/clotheslabelled/Mahesh/Formal Pants Shirt Set/1a55025f0db172fdfda2b557e5bb8717.jpg,12,0.522282,0.548432,0.485853,0.809397
/kaggle/input/datasets/afqwe0/clotheslabelled/Mahesh/Formal Pants Shirt Set/1a55025f0db172fdfda2b557e5bb8717.jpg,12,0.516838,0.68209,0.318973,0.431209
/kaggle/input/datasets/afqwe0/clotheslabelled/Mahesh/Formal Pants Shirt Set/1a55025f0db172fdfda2b557e5bb8717.jpg,12,0.522923,0.577495,0.483673,0.659391
/kaggle/input/datasets/afqwe0/clotheslabelled/Mahesh/Formal Pants Shirt Set/c9c2c3e9df017cdeb19d9928af9ffc76.jpg,12,0.230008,0.498145,0.471192,0.991429
/kaggle/input/datasets/afqwe0/clotheslabelled/Mahesh/Formal Pants Shirt Set/c9c2c3e9df017cdeb19d9928af9ffc76.jpg,12,0.196052,0.626168,0.328847,0.608695
/kaggle/input/datasets/afqwe0/clotheslabelled/Mahesh/Formal Pants Shirt Set/af1eabf2c0988ef4f3fbaeee29ff2cea.jpg,12,0.429754,0.545044,0.441725,0.887283
/kaggle/input/datasets/afqwe0/clotheslabelled/Mahesh/Formal Pants Shirt Set/af1eabf2c0988ef4f3fbaeee29ff2cea.jpg,12,0.430771,0.612354,0.430158,0.755715
/kaggle/input/datasets/afqwe0/clotheslabelled/Mahesh/Formal Pants Shirt Set/2bbc4fdd46e74e1da83507c4738b8193.jpg,12,0.530153,0.491798,0.6107,0.982571
/kaggle/input/datasets/afqwe0/clotheslabelled/Mahesh/Formal Pants Shirt Set/2bbc4fdd46e74e1da83507c4738b8193.jpg,12,0.524599,0.529623,0.581159,0.788654
/kaggle/input/datasets/afqwe0/clotheslabelled/Mahesh/Formal Pants Shirt Set/53f1fe2d3c90e774147761353e6b46c9.jpg,12,0.538922,0.917225,0.589388,0.159013
/kaggle/input/datasets/afqwe0/clotheslabelled/Mahesh/Formal Pants Shirt Set/53f1fe2d3c90e774147761353e6b46c9.jpg,12,0.552976,0.630348,0.813024,0.570914
/kaggle/input/datasets/afqwe0/clotheslabelled/Mahesh/Formal Pants Shirt Set/53f1fe2d3c90e774147761353e6b46c9.jpg,12,0.555694,0.585575,0.818998,0.811796
/kaggle/input/datasets/afqwe0/clotheslabelled/Mahesh/Formal Pants Shirt Set/53f1fe2d3c90e774147761353e6b46c9.jpg,12,0.554232,0.667148,0.810236,0.647977
/kaggle/input/datasets/afqwe0/clotheslabelled/Mahesh/Formal Pants Shirt Set/b80cde2e1124250a6204c73e5a02e08d.jpg,12,0.494163,0.759517,0.344457,0.469869
/kaggle/input/datasets/afqwe0/clotheslabelled/Mahesh/Formal Pants Shirt Set/b80cde2e1124250a6204c73e5a02e08d.jpg,12,0.497567,0.793185,0.325769,0.393744
/kaggle/input/datasets/afqwe0/clotheslabelled/Mahesh/Formal Pants Shirt Set/97beda92935956a1d1e93443f9656bc5.jpg,12,0.479417,0.51035,0.40286,0.949707
/kaggle/input/datasets/afqwe0/clotheslabelled/Mahesh/Formal Pants Shirt Set/97beda92935956a1d1e93443f9656bc5.jpg,12,0.472184,0.526783,0.380611,0.743994
/kaggle/input/datasets/afqwe0/clotheslabelled/Mahesh/Formal Pants Shirt Set/1cae487ba5561cfc3274bc90452b132d.jpg,12,0.543368,0.500098,0.51974,0.855948
/kaggle/input/datasets/afqwe0/clotheslabelled/Mahesh/Formal Pants Shirt Set/1cae487ba5561cfc3274bc90452b132d.jpg,12,0.534906,0.643934,0.41239,0.403107
/kaggle/input/datasets/afqwe0/clotheslabelled/Mahesh/Formal Pants Shirt Set/1cae487ba5561cfc3274bc90452b132d.jpg,12,0.532837,0.519719,0.507482,0.662891
/kaggle/input/datasets/afqwe0/clotheslabelled/Mahesh/Formal Pants Shirt Set/78c1882912a2ffd9d7234fde9170ee4d.jpg,12,0.661296,0.527414,0.683576,0.928461
/kaggle/input/datasets/afqwe0/clotheslabelled/Mahesh/Formal Pants Shirt Set/78c1882912a2ffd9d7234fde9170ee4d.jpg,12,0.655726,0.594928,0.691298,0.785441
/kaggle/input/datasets/afqwe0/clotheslabelled/Mahesh/Formal Pants Shirt Set/78c1882912a2ffd9d7234fde9170ee4d.jpg,12,0.665249,0.755571,0.442427,0.48156
/kaggle/input/datasets/afqwe0/clotheslabelled/Mahesh/Formal Pants Shirt Set/f054eeb73e012bc4d677f1e841569aea.jpg,12,0.464054,0.493262,0.5304,0.846045
/kaggle/input/datasets/afqwe0/clotheslabelled/Mahesh/Formal Pants Shirt Set/f054eeb73e012bc4d677f1e841569aea.jpg,12,0.460723,0.523374,0.51228,0.673285
/kaggle/input/datasets/afqwe0/clotheslabelled/Mahesh/Formal Pants Shirt Set/67cbda641267d489b836ab642312dad7.jpg,12,0.415242,0.742211,0.376316,0.360724
/kaggle/input/datasets/afqwe0/clotheslabelled/Mahesh/Formal Pants Shirt Set/67cbda641267d489b836ab642312dad7.jpg,12,0.400373,0.644341,0.505188,0.567082
/kaggle/input/datasets/afqwe0/clotheslabelled/Mahesh/Formal Pants Shirt Set/67cbda641267d489b836ab642312dad7.jpg,12,0.411206,0.615132,0.541965,0.741006
/kaggle/input/datasets/afqwe0/clotheslabelled/Mahesh/Formal Pants Shirt Set/ffad076dbf9a22ed83be597da4ccd5af.jpg,12,0.49793,0.517181,0.586874,0.944218
/kaggle/input/datasets/afqwe0/clotheslabelled/Mahesh/Formal Pants Shirt Set/ffad076dbf9a22ed83be597da4ccd5af.jpg,12,0.486843,0.624413,0.381813,0.557468
/kaggle/input/datasets/afqwe0/clotheslabelled/Mahesh/Formal Pants Shirt Set/ffad076dbf9a22ed83be597da4ccd5af.jpg,12,0.494929,0.257384,0.571115,0.429294
/kaggle/input/datasets/afqwe0/clotheslabelled/Mahesh/Formal Pants Shirt Set/ffad076dbf9a22ed83be597da4ccd5af.jpg,12,0.498268,0.476762,0.582864,0.880879
/kaggle/input/datasets/afqwe0/clotheslabelled/Mahesh/Formal Pants Shirt Set/dba94788f3b83ebba167e627dbf5f25b.jpg,12,0.473974,0.677839,0.415827,0.450464
/kaggle/input/datasets/afqwe0/clotheslabelled/Mahesh/Formal Pants Shirt Set/dba94788f3b83ebba167e627dbf5f25b.jpg,12,0.485189,0.550078,0.56641,0.725733
/kaggle/input/datasets/afqwe0/clotheslabelled/Mahesh/Formal Pants Shirt Set/dba94788f3b83ebba167e627dbf5f25b.jpg,12,0.485616,0.519619,0.568795,0.914962
/kaggle/input/datasets/afqwe0/clotheslabelled/Mahesh/Formal Pants Shirt Set/d5539d36b709a7faee44696d271ca165.jpg,12,0.493337,0.721589,0.488898,0.543938
/kaggle/input/datasets/afqwe0/clotheslabelled/Mahesh/Formal Pants Shirt Set/d5539d36b709a7faee44696d271ca165.jpg,12,0.494718,0.65701,0.488334,0.67935
/kaggle/input/datasets/afqwe0/clotheslabelled/Mahesh/Formal Pants Shirt Set/46a35bab06b9cfe8bf4676a48da79f8c.jpg,12,0.500752,0.573678,0.956488,0.759369
/kaggle/input/datasets/afqwe0/clotheslabelled/Mahesh/Formal Pants Shirt Set/98c2548154161ccb0dcabc41a26ae199.jpg,12,0.415731,0.469131,0.836043,0.850071
/kaggle/input/datasets/afqwe0/clotheslabelled/Mahesh/Formal Pants Shirt Set/98c2548154161ccb0dcabc41a26ae199.jpg,12,0.411446,0.563138,0.819384,0.674223
/kaggle/input/datasets/afqwe0/clotheslabelled/Mahesh/Formal Pants Shirt Set/cb5db49485f91aa13e4b61a8c85c0ffd.jpg,12,0.461456,0.505324,0.397713,0.619801
/kaggle/input/datasets/afqwe0/clotheslabelled/Mahesh/Formal Pants Shirt Set/cb5db49485f91aa13e4b61a8c85c0ffd.jpg,12,0.464069,0.523058,0.371702,0.474154
/kaggle/input/datasets/afqwe0/clotheslabelled/Mahesh/Formal Pants Shirt Set/cd0f21250ff2d823e96876c5a18b70ea.jpg,12,0.481773,0.494239,0.605231,0.982571
/kaggle/input/datasets/afqwe0/clotheslabelled/Mahesh/Formal Pants Shirt Set/cd0f21250ff2d823e96876c5a18b70ea.jpg,12,0.475375,0.533514,0.584219,0.780735
/kaggle/input/datasets/afqwe0/clotheslabelled/Mahesh/Formal Pants Shirt Set/cd0f21250ff2d823e96876c5a18b70ea.jpg,12,0.491482,0.663952,0.433281,0.530342
/kaggle/input/datasets/afqwe0/clotheslabelled/Mahesh/Formal Pants Shirt Set/499761dc6b5fb126f7dc3e6d85468262.jpg,12,0.42203,0.775787,0.570081,0.4466
/kaggle/input/datasets/afqwe0/clotheslabelled/Mahesh/Formal Pants Shirt Set/499761dc6b5fb126f7dc3e6d85468262.jpg,12,0.475324,0.518156,0.715976,0.962136
/kaggle/input/datasets/afqwe0/clotheslabelled/Mahesh/Formal Pants Shirt Set/499761dc6b5fb126f7dc3e6d85468262.jpg,12,0.473131,0.597983,0.716706,0.79195
/kaggle/input/datasets/afqwe0/clotheslabelled/Mahesh/Formal Pants Shirt Set/724fa479c1edbcae718acb25e91057ab.jpg,12,0.522022,0.502539,0.852799,0.987578
/kaggle/input/datasets/afqwe0/clotheslabelled/Mahesh/Formal Pants Shirt Set/724fa479c1edbcae718acb25e91057ab.jpg,12,0.519311,0.597161,0.858,0.789364
/kaggle/input/datasets/afqwe0/clotheslabelled/Mahesh/Formal Pants Shirt Set/2ddf91bbd4ad072e9c3bf39ac59ee71b.jpg,12,0.679611,0.497657,0.620131,0.980891
/kaggle/input/datasets/afqwe0/clotheslabelled/Mahesh/Formal Pants Shirt Set/2ddf91bbd4ad072e9c3bf39ac59ee71b.jpg,12,0.677737,0.556159,0.619736,0.848069
/kaggle/input/datasets/afqwe0/clotheslabelled/Mahesh/Formal Pants Shirt Set/60c48ccfa82ea3fbe313ba2ae81893cc.jpg,12,0.383314,0.554229,0.807161,0.875872
/kaggle/input/datasets/afqwe0/clotheslabelled/Mahesh/Formal Pants Shirt Set/60c48ccfa82ea3fbe313ba2ae81893cc.jpg,12,0.446769,0.786471,0.618199,0.421655
/kaggle/input/datasets/afqwe0/clotheslabelled/Mahesh/Formal Pants Shirt Set/60c48ccfa82ea3fbe313ba2ae81893cc.jpg,12,0.38065,0.632412,0.799853,0.728131
/kaggle/input/datasets/afqwe0/clotheslabelled/Mahesh/Formal Pants Shirt Set/37787ca9bb29f6c710e1774d27123df9.jpg,12,0.483741,0.567412,0.584318,0.775339
/kaggle/input/datasets/afqwe0/clotheslabelled/Mahesh/Formal Pants Shirt Set/37787ca9bb29f6c710e1774d27123df9.jpg,12,0.4925,0.71487,0.473603,0.469869
/kaggle/input/datasets/afqwe0/clotheslabelled/Mahesh/Formal Pants Shirt Set/37787ca9bb29f6c710e1774d27123df9.jpg,12,0.488655,0.522056,0.598609,0.927416
/kaggle/input/datasets/afqwe0/clotheslabelled/Mahesh/Formal Pants Shirt Set/0e433ee3afa468d0ddc68cc0cce65410.jpg,12,0.445023,0.598453,0.740325,0.781465
/kaggle/input/datasets/afqwe0/clotheslabelled/Mahesh/Formal Pants Shirt Set/0e433ee3afa468d0ddc68cc0cce65410.jpg,12,0.445626,0.506934,0.73731,0.962701
/kaggle/input/datasets/afqwe0/clotheslabelled/Mahesh/Formal Pants Shirt Set/0e433ee3afa468d0ddc68cc0cce65410.jpg,12,0.389013,0.59972,0.616113,0.767068
/kaggle/input/datasets/afqwe0/clotheslabelled/Mahesh/Formal Pants Shirt Set/c57d4d518381df8847e1cf8729413ae5.jpg,12,0.602162,0.611846,0.390244,0.680122
/kaggle/input/datasets/afqwe0/clotheslabelled/Mahesh/Formal Pants Shirt Set/7adc19a0be1901d09129149f1ecdfd08.jpg,12,0.558484,0.493751,0.632228,0.976329
/kaggle/input/datasets/afqwe0/clotheslabelled/Mahesh/Formal Pants Shirt Set/7adc19a0be1901d09129149f1ecdfd08.jpg,12,0.545821,0.616825,0.411177,0.565163
/kaggle/input/datasets/afqwe0/clotheslabelled/Mahesh/Formal Pants Shirt Set/7adc19a0be1901d09129149f1ecdfd08.jpg,12,0.559354,0.455864,0.626249,0.908683
/kaggle/input/datasets/afqwe0/clotheslabelled/Mahesh/Formal Pants Shirt Set/c7f36e16f10a181146829ee462d9e567.jpg,12,0.50726,0.504004,0.722459,0.982571
/kaggle/input/datasets/afqwe0/clotheslabelled/Mahesh/Formal Pants Shirt Set/c7f36e16f10a181146829ee462d9e567.jpg,12,0.504901,0.587789,0.725287,0.804529
/kaggle/input/datasets/afqwe0/clotheslabelled/Mahesh/Formal Pants Shirt Set/c7f36e16f10a181146829ee462d9e567.jpg,12,0.474021,0.760663,0.477422,0.471816
/kaggle/input/datasets/afqwe0/clotheslabelled/Mahesh/Formal Pants Shirt Set/605786e2e4373802462ae3fbf5b9da3e.jpg,12,0.431155,0.668177,0.918428,0.656835
/kaggle/input/datasets/afqwe0/clotheslabelled/Mahesh/Formal Pants Shirt Set/605786e2e4373802462ae3fbf5b9da3e.jpg,12,0.418084,0.813911,0.893982,0.368504
/kaggle/input/datasets/afqwe0/clotheslabelled/Mahesh/Formal Pants Shirt Set/605786e2e4373802462ae3fbf5b9da3e.jpg,12,0.430292,0.605939,0.947855,0.766434
/kaggle/input/datasets/afqwe0/clotheslabelled/Mahesh/Formal Pants Shirt Set/b3704afb2f4d259b6a18db29028cce89.jpg,12,0.505805,0.61407,1.0,0.757939
/kaggle/input/datasets/afqwe0/clotheslabelled/Mahesh/Formal Pants Shirt Set/b3704afb2f4d259b6a18db29028cce89.jpg,12,0.50529,0.537041,1.0,0.911243
/kaggle/input/datasets/afqwe0/clotheslabelled/Mahesh/Formal Pants Shirt Set/b3704afb2f4d259b6a18db29028cce89.jpg,12,0.587687,0.83097,0.527543,0.339047
/kaggle/input/datasets/afqwe0/clotheslabelled/Mahesh/Formal Pants Shirt Set/145059b73de5a466d07073decf703e02.jpg,12,0.588083,0.54577,0.705587,0.846045
/kaggle/input/datasets/afqwe0/clotheslabelled/Mahesh/Formal Pants Shirt Set/145059b73de5a466d07073decf703e02.jpg,12,0.598975,0.559244,0.674366,0.706684
/kaggle/input/datasets/afqwe0/clotheslabelled/Mahesh/Formal Pants Shirt Set/145059b73de5a466d07073decf703e02.jpg,12,0.628166,0.677911,0.384717,0.454725
/kaggle/input/datasets/afqwe0/clotheslabelled/Mahesh/Formal Pants Shirt Set/d0250f8d80f43b5f2f21ecf8ba7b8dfa.jpg,12,0.468773,0.535538,0.341061,0.811143
/kaggle/input/datasets/afqwe0/clotheslabelled/Mahesh/Formal Pants Shirt Set/d0250f8d80f43b5f2f21ecf8ba7b8dfa.jpg,12,0.467311,0.565539,0.327367,0.627137
/kaggle/input/datasets/afqwe0/clotheslabelled/Mahesh/Formal Pants Shirt Set/4f79510f6b4cc58d5cc914fa5b38fa1c.jpg,12,0.235299,0.489357,0.510414,0.97484
/kaggle/input/datasets/afqwe0/clotheslabelled/Mahesh/Formal Pants Shirt Set/4f79510f6b4cc58d5cc914fa5b38fa1c.jpg,12,0.19212,0.608638,0.385181,0.588046
/kaggle/input/datasets/afqwe0/clotheslabelled/Mahesh/Formal Pants Shirt Set/4f79510f6b4cc58d5cc914fa5b38fa1c.jpg,12,0.230615,0.452484,0.505701,0.903672
/kaggle/input/datasets/afqwe0/clotheslabelled/Mahesh/Formal Pants Shirt Set/931a68bdc3142b18d7fda9b3135335dc.jpg,12,0.36114,0.547176,0.474765,0.778049
/kaggle/input/datasets/afqwe0/clotheslabelled/Mahesh/Formal Pants Shirt Set/931a68bdc3142b18d7fda9b3135335dc.jpg,12,0.759778,0.563572,0.455986,0.860185
/kaggle/input/datasets/afqwe0/clotheslabelled/Mahesh/Formal Pants Shirt Set/931a68bdc3142b18d7fda9b3135335dc.jpg,12,0.76414,0.504492,0.462939,0.985055
/kaggle/input/datasets/afqwe0/clotheslabelled/Mahesh/Formal Pants Shirt Set/269edbfaefcc75d6e7afca538561d4f0.jpg,12,0.453735,0.693932,0.396343,0.436967
/kaggle/input/datasets/afqwe0/clotheslabelled/Mahesh/Formal Pants Shirt Set/269edbfaefcc75d6e7afca538561d4f0.jpg,12,0.522239,0.520374,0.671511,0.929492
/kaggle/input/datasets/afqwe0/clotheslabelled/Mahesh/Formal Pants Shirt Set/269edbfaefcc75d6e7afca538561d4f0.jpg,12,0.523649,0.550561,0.661596,0.728832
/kaggle/input/datasets/afqwe0/clotheslabelled/Mahesh/Formal Pants Shirt Set/57a0d910c6be1a4ce34295357dc89094.jpg,12,0.525317,0.486917,0.69541,0.969347
/kaggle/input/datasets/afqwe0/clotheslabelled/Mahesh/Formal Pants Shirt Set/57a0d910c6be1a4ce34295357dc89094.jpg,12,0.517322,0.526296,0.456791,0.728832
/kaggle/input/datasets/afqwe0/clotheslabelled/Mahesh/Formal Pants Shirt Set/57a0d910c6be1a4ce34295357dc89094.jpg,12,0.526304,0.439446,0.686518,0.890371
/kaggle/input/datasets/afqwe0/clotheslabelled/Mahesh/Formal Pants Shirt Set/027cfb1b0bae3cb88ab14a71fadc6df8.jpg,12,0.502336,0.652512,1.0,0.687799
/kaggle/input/datasets/afqwe0/clotheslabelled/Mahesh/Formal Pants Shirt Set/027cfb1b0bae3cb88ab14a71fadc6df8.jpg,12,0.165581,0.943405,0.326811,0.111535
/kaggle/input/datasets/afqwe0/clotheslabelled/Mahesh/Formal Pants Shirt Set/9ebe28461ba2b849edbb84535b666154.jpg,12,0.542161,0.620578,0.367472,0.752819
/kaggle/input/datasets/afqwe0/clotheslabelled/Mahesh/Formal Pants Shirt Set/9ebe28461ba2b849edbb84535b666154.jpg,12,0.54208,0.671104,0.360238,0.648786
/kaggle/input/datasets/afqwe0/clotheslabelled/Mahesh/Formal Pants Shirt Set/b8fc42a0a8daa33c1e3fb871904a1ce2.jpg,12,0.526359,0.519643,0.490785,0.870686
/kaggle/input/datasets/afqwe0/clotheslabelled/Mahesh/Formal Pants Shirt Set/b8fc42a0a8daa33c1e3fb871904a1ce2.jpg,12,0.518743,0.554953,0.481003,0.666374
/kaggle/input/datasets/afqwe0/clotheslabelled/Mahesh/Formal Pants Shirt Set/e9e2694490bfe180f5a97922ae8c6b1f.jpg,12,0.513941,0.580539,0.575692,0.82905
/kaggle/input/datasets/afqwe0/clotheslabelled/Mahesh/Formal Pants Shirt Set/e9e2694490bfe180f5a97922ae8c6b1f.jpg,12,0.574655,0.795029,0.401709,0.40461
/kaggle/input/datasets/afqwe0/clotheslabelled/Mahesh/Formal Pants Shirt Set/e9e2694490bfe180f5a97922ae8c6b1f.jpg,12,0.513819,0.659409,0.553705,0.673285
/kaggle/input/datasets/afqwe0/clotheslabelled/Mahesh/Formal Pants Shirt Set/66cf7cdf8beb11dfe756477d210a6791.jpg,12,0.60576,0.645679,0.861591,0.692809
/kaggle/input/datasets/afqwe0/clotheslabelled/Mahesh/Formal Pants Shirt Set/66cf7cdf8beb11dfe756477d210a6791.jpg,12,0.609544,0.49668,0.894376,0.985947
/kaggle/input/datasets/afqwe0/clotheslabelled/Mahesh/Formal Pants Shirt Set/058bd0e3b69efc0d92550c290baa0533.jpg,12,0.53789,0.89731,0.505948,0.201715
/kaggle/input/datasets/afqwe0/clotheslabelled/Mahesh/Formal Pants Shirt Set/058bd0e3b69efc0d92550c290baa0533.jpg,12,0.524112,0.532182,0.778113,0.928461
/kaggle/input/datasets/afqwe0/clotheslabelled/Mahesh/Formal Pants Shirt Set/058bd0e3b69efc0d92550c290baa0533.jpg,12,0.595075,0.635403,0.612569,0.716305
/kaggle/input/datasets/afqwe0/clotheslabelled/Mahesh/Formal Pants Shirt Set/6fabb6e2c018a1752df9dde3b9263abd.jpg,12,0.567903,0.709666,0.359758,0.503036
/kaggle/input/datasets/afqwe0/clotheslabelled/Mahesh/Formal Pants Shirt Set/6fabb6e2c018a1752df9dde3b9263abd.jpg,12,0.474074,0.508886,0.956813,0.97071
/kaggle/input/datasets/afqwe0/clotheslabelled/Mahesh/Formal Pants Shirt Set/6fabb6e2c018a1752df9dde3b9263abd.jpg,12,0.619506,0.563092,0.632662,0.806309
/kaggle/input/datasets/afqwe0/clotheslabelled/Mahesh/Formal Pants Shirt Set/fd30338602b61a49bbaed960ddde5d6a.jpg,12,0.49934,0.665475,0.335685,0.506942
/kaggle/input/datasets/afqwe0/clotheslabelled/Mahesh/Formal Pants Shirt Set/fd30338602b61a49bbaed960ddde5d6a.jpg,12,0.522832,0.50791,0.474492,0.949707
/kaggle/input/datasets/afqwe0/clotheslabelled/Mahesh/Formal Pants Shirt Set/fd30338602b61a49bbaed960ddde5d6a.jpg,12,0.524922,0.291285,0.462923,0.271646
/kaggle/input/datasets/afqwe0/clotheslabelled/Mahesh/Formal Pants Shirt Set/fd30338602b61a49bbaed960ddde5d6a.jpg,12,0.518693,0.535944,0.467434,0.786038
/kaggle/input/datasets/afqwe0/clotheslabelled/Mahesh/Formal Pants Shirt Set/6d877393a5577b51a46fd8b883fed9fa.jpg,12,0.513183,0.940011,0.593867,0.113289
/kaggle/input/datasets/afqwe0/clotheslabelled/Mahesh/Formal Pants Shirt Set/6d877393a5577b51a46fd8b883fed9fa.jpg,12,0.502881,0.619379,0.911492,0.744806
/kaggle/input/datasets/afqwe0/clotheslabelled/Mahesh/Formal Pants Shirt Set/6d877393a5577b51a46fd8b883fed9fa.jpg,12,0.505471,0.707448,0.907863,0.557468
/kaggle/input/datasets/afqwe0/clotheslabelled/Mahesh/Formal Pants Shirt Set/5c3cd21cc26cac3a56f7b8bad52015f4.jpg,12,0.631563,0.593868,0.586599,0.725027
/kaggle/input/datasets/afqwe0/clotheslabelled/Mahesh/Formal Pants Shirt Set/5c3cd21cc26cac3a56f7b8bad52015f4.jpg,12,0.593894,0.617441,0.483673,0.591826
/kaggle/input/datasets/afqwe0/clotheslabelled/Mahesh/Formal Pants Shirt Set/4cca308bc2ebad1176a8569c2bf1a3c8.jpg,12,0.505904,0.504492,0.769898,0.945036
/kaggle/input/datasets/afqwe0/clotheslabelled/Mahesh/Formal Pants Shirt Set/4cca308bc2ebad1176a8569c2bf1a3c8.jpg,12,0.508074,0.575805,0.753959,0.793235
/kaggle/input/datasets/afqwe0/clotheslabelled/Mahesh/Formal Pants Shirt Set/4cca308bc2ebad1176a8569c2bf1a3c8.jpg,12,0.536555,0.540393,0.687525,0.734964
/kaggle/input/datasets/afqwe0/clotheslabelled/Mahesh/Formal Pants Shirt Set/4cca308bc2ebad1176a8569c2bf1a3c8.jpg,12,0.497498,0.698065,0.4599,0.41216
/kaggle/input/datasets/afqwe0/clotheslabelled/Mahesh/Formal Pants Shirt Set/0c18772f17b23c2f02f9d26ddb61ba73.jpg,12,0.515608,0.493751,0.666987,0.941697
/kaggle/input/datasets/afqwe0/clotheslabelled/Mahesh/Formal Pants Shirt Set/70faa5ebbea102e68cfff052109f0d76.jpg,12,0.501126,0.489845,0.677234,0.975596
/kaggle/input/datasets/afqwe0/clotheslabelled/Mahesh/Formal Pants Shirt Set/70faa5ebbea102e68cfff052109f0d76.jpg,12,0.508518,0.596243,0.45211,0.603099
/kaggle/input/datasets/afqwe0/clotheslabelled/Mahesh/Formal Pants Shirt Set/70faa5ebbea102e68cfff052109f0d76.jpg,12,0.490343,0.453452,0.664845,0.899513
/kaggle/input/datasets/afqwe0/clotheslabelled/Mahesh/Formal Pants Shirt Set/7adc19a0be1901d09129149f1ecdfd08_1.jpg,12,0.558484,0.493751,0.632228,0.976329
/kaggle/input/datasets/afqwe0/clotheslabelled/Mahesh/Formal Pants Shirt Set/7adc19a0be1901d09129149f1ecdfd08_1.jpg,12,0.545821,0.616825,0.411177,0.565163
/kaggle/input/datasets/afqwe0/clotheslabelled/Mahesh/Formal Pants Shirt Set/7adc19a0be1901d09129149f1ecdfd08_1.jpg,12,0.559354,0.455864,0.626249,0.908683
/kaggle/input/datasets/afqwe0/clotheslabelled/Mahesh/Formal Pants Shirt Set/dac42f31dd96367e53db6503db84877f.jpg,12,0.428651,0.821562,0.570508,0.349629
/kaggle/input/datasets/afqwe0/clotheslabelled/Mahesh/Formal Pants Shirt Set/dac42f31dd96367e53db6503db84877f.jpg,12,0.49777,0.524151,0.737316,0.934443
/kaggle/input/datasets/afqwe0/clotheslabelled/Mahesh/Formal Pants Shirt Set/dac42f31dd96367e53db6503db84877f.jpg,12,0.497736,0.620529,0.733647,0.743318
/kaggle/input/datasets/afqwe0/clotheslabelled/Mahesh/Formal Pants Shirt Set/eadf0c92b3964f1827399fe285386f30.jpg,12,0.532588,0.562611,0.344044,0.796361
/kaggle/input/datasets/afqwe0/clotheslabelled/Mahesh/Formal Pants Shirt Set/eadf0c92b3964f1827399fe285386f30.jpg,12,0.534474,0.528655,0.351669,0.921978
/kaggle/input/datasets/afqwe0/clotheslabelled/Mahesh/Formal Pants Shirt Set/71b3957f2514bbf1f267c947e1dd1d5f_1.jpg,12,0.478899,0.491798,0.675468,0.97704
/kaggle/input/datasets/afqwe0/clotheslabelled/Mahesh/Formal Pants Shirt Set/71b3957f2514bbf1f267c947e1dd1d5f_1.jpg,12,0.483474,0.609104,0.367745,0.589937
/kaggle/input/datasets/afqwe0/clotheslabelled/Mahesh/Formal Pants Shirt Set/71b3957f2514bbf1f267c947e1dd1d5f_1.jpg,12,0.479814,0.451415,0.667004,0.898092
/kaggle/input/datasets/afqwe0/clotheslabelled/Mahesh/Formal Pants Shirt Set/3f1142080acb78271592c2ed63594a90.jpg,12,0.561101,0.55447,0.744901,0.882509
/kaggle/input/datasets/afqwe0/clotheslabelled/Mahesh/Formal Pants Shirt Set/3f1142080acb78271592c2ed63594a90.jpg,12,0.575745,0.744588,0.3917,0.462093
/kaggle/input/datasets/afqwe0/clotheslabelled/Mahesh/Formal Pants Shirt Set/3f1142080acb78271592c2ed63594a90.jpg,12,0.56005,0.602997,0.717634,0.764265
/kaggle/input/datasets/afqwe0/clotheslabelled/Mahesh/Formal Pants Shirt Set/83a6fe77042eea105f6a6e2874380ef3.jpg,12,0.643001,0.815239,0.571834,0.368504
/kaggle/input/datasets/afqwe0/clotheslabelled/Mahesh/Formal Pants Shirt Set/83a6fe77042eea105f6a6e2874380ef3.jpg,12,0.642856,0.502051,0.821379,0.991429
/kaggle/input/datasets/afqwe0/clotheslabelled/Mahesh/Formal Pants Shirt Set/83a6fe77042eea105f6a6e2874380ef3.jpg,12,0.640927,0.590389,0.828285,0.802061
/kaggle/input/datasets/afqwe0/clotheslabelled/Mahesh/Formal Pants Shirt Set/83a6fe77042eea105f6a6e2874380ef3.jpg,12,0.634966,0.441427,0.810876,0.506942
/kaggle/input/datasets/afqwe0/clotheslabelled/Mahesh/Formal Pants Shirt Set/98e44cab2f4d02e3705a644437ea35d1.jpg,12,0.475323,0.84114,0.480766,0.314984
/kaggle/input/datasets/afqwe0/clotheslabelled/Mahesh/Formal Pants Shirt Set/98e44cab2f4d02e3705a644437ea35d1.jpg,12,0.531551,0.625804,0.705625,0.740325
/kaggle/input/datasets/afqwe0/clotheslabelled/Mahesh/Formal Pants Shirt Set/98e44cab2f4d02e3705a644437ea35d1.jpg,12,0.53506,0.518912,0.704793,0.518652
/kaggle/input/datasets/afqwe0/clotheslabelled/Mahesh/Formal Pants Shirt Set/98e44cab2f4d02e3705a644437ea35d1.jpg,12,0.533832,0.525954,0.704922,0.944218
/kaggle/input/datasets/afqwe0/clotheslabelled/Mahesh/Formal Pants Shirt Set/28d1a07f114dff4011cd88a05ec80eda.jpg,12,0.509882,0.662425,0.301263,0.522552
/kaggle/input/datasets/afqwe0/clotheslabelled/Mahesh/Formal Pants Shirt Set/28d1a07f114dff4011cd88a05ec80eda.jpg,12,0.50665,0.498633,0.392071,0.965407
/kaggle/input/datasets/afqwe0/clotheslabelled/Mahesh/Formal Pants Shirt Set/28d1a07f114dff4011cd88a05ec80eda.jpg,12,0.503895,0.540313,0.380195,0.788654
/kaggle/input/datasets/afqwe0/clotheslabelled/Mahesh/Formal Pants Shirt Set/0e24bdf57594a7d408c1cc5695bf0f4b.jpg,12,0.492215,0.566019,0.506724,0.854011
/kaggle/input/datasets/afqwe0/clotheslabelled/Mahesh/Formal Pants Shirt Set/0e24bdf57594a7d408c1cc5695bf0f4b.jpg,12,0.477893,0.778325,0.363156,0.43889
/kaggle/input/datasets/afqwe0/clotheslabelled/Mahesh/Formal Pants Shirt Set/0e24bdf57594a7d408c1cc5695bf0f4b.jpg,12,0.48892,0.629818,0.507258,0.725733
/kaggle/input/datasets/afqwe0/clotheslabelled/Mahesh/Formal Pants Shirt Set/0cbc6ec905fb330f8d228ab37b724e3d.jpg,12,0.545166,0.555194,0.542288,0.83984
/kaggle/input/datasets/afqwe0/clotheslabelled/Mahesh/Formal Pants Shirt Set/0cbc6ec905fb330f8d228ab37b724e3d.jpg,12,0.565503,0.698476,0.366733,0.454335
/kaggle/input/datasets/afqwe0/clotheslabelled/Mahesh/Formal Pants Shirt Set/0cbc6ec905fb330f8d228ab37b724e3d.jpg,12,0.527769,0.588889,0.529089,0.686882
/kaggle/input/datasets/afqwe0/clotheslabelled/Mahesh/Formal Pants Shirt Set/d5f268a61a16373e6cb6fbcf3e15ac8e.jpg,12,0.520563,0.526783,0.347044,0.669839
/kaggle/input/datasets/afqwe0/clotheslabelled/Mahesh/Formal Pants Shirt Set/d5f268a61a16373e6cb6fbcf3e15ac8e.jpg,12,0.525703,0.500586,0.355729,0.831253
/kaggle/input/datasets/afqwe0/clotheslabelled/Mahesh/Formal Pants Shirt Set/3483f1001b0e5fc310e72cb64af31849.jpg,12,0.450501,0.524835,0.540594,0.706684
/kaggle/input/datasets/afqwe0/clotheslabelled/Mahesh/Formal Pants Shirt Set/3483f1001b0e5fc310e72cb64af31849.jpg,12,0.46154,0.498633,0.542936,0.944218
/kaggle/input/datasets/afqwe0/clotheslabelled/Mahesh/Formal Pants Shirt Set/07c3fa916a457c9b3136362c4fd3ca9b.jpg,12,0.389742,0.574588,0.467206,0.734964
/kaggle/input/datasets/afqwe0/clotheslabelled/Mahesh/Formal Pants Shirt Set/07c3fa916a457c9b3136362c4fd3ca9b.jpg,12,0.390737,0.599764,0.451633,0.597475
/kaggle/input/datasets/afqwe0/clotheslabelled/Mahesh/Formal Pants Shirt Set/ad209ad0870b3b170754c1d5a1f30eb5.jpg,12,0.506464,0.510838,0.426568,0.969808
/kaggle/input/datasets/afqwe0/clotheslabelled/Mahesh/Formal Pants Shirt Set/ad209ad0870b3b170754c1d5a1f30eb5.jpg,12,0.504138,0.586004,0.417189,0.818219
/kaggle/input/datasets/afqwe0/clotheslabelled/Mahesh/Formal Pants Shirt Set/4dd2decf1362a47cccb98b214fdf78d6.jpg,12,0.549861,0.595869,0.882293,0.788062
/kaggle/input/datasets/afqwe0/clotheslabelled/Mahesh/Formal Pants Shirt Set/4dd2decf1362a47cccb98b214fdf78d6.jpg,12,0.550726,0.498633,0.887502,0.986787
/kaggle/input/datasets/afqwe0/clotheslabelled/Mahesh/Formal Pants Shirt Set/2374bb02c2de1d830936bb8a758cdd27.jpg,12,0.473314,0.517669,0.735713,0.95331
/kaggle/input/datasets/afqwe0/clotheslabelled/Mahesh/Formal Pants Shirt Set/2374bb02c2de1d830936bb8a758cdd27.jpg,12,0.54403,0.798586,0.546818,0.39804
/kaggle/input/datasets/afqwe0/clotheslabelled/Mahesh/Formal Pants Shirt Set/2374bb02c2de1d830936bb8a758cdd27.jpg,12,0.468748,0.6015,0.742297,0.778785
/kaggle/input/datasets/afqwe0/clotheslabelled/Mahesh/Formal Pants Shirt Set/2374bb02c2de1d830936bb8a758cdd27.jpg,12,0.470504,0.433197,0.727533,0.436967
/kaggle/input/datasets/afqwe0/clotheslabelled/Mahesh/Formal Pants Shirt Set/39d22e50ad2b5720ff7248afa299c7b4.jpg,12,0.475105,0.618227,0.684386,0.752159
/kaggle/input/datasets/afqwe0/clotheslabelled/Mahesh/Formal Pants Shirt Set/39d22e50ad2b5720ff7248afa299c7b4.jpg,12,0.47478,0.678603,0.676034,0.636225
/kaggle/input/datasets/afqwe0/clotheslabelled/Mahesh/Formal Pants Shirt Set/71b3957f2514bbf1f267c947e1dd1d5f.jpg,12,0.478899,0.491798,0.675468,0.97704
/kaggle/input/datasets/afqwe0/clotheslabelled/Mahesh/Formal Pants Shirt Set/71b3957f2514bbf1f267c947e1dd1d5f.jpg,12,0.483474,0.609104,0.367745,0.589937
/kaggle/input/datasets/afqwe0/clotheslabelled/Mahesh/Formal Pants Shirt Set/71b3957f2514bbf1f267c947e1dd1d5f.jpg,12,0.479814,0.451415,0.667004,0.898092
/kaggle/input/datasets/afqwe0/clotheslabelled/Mahesh/Formal Pants Shirt Set/51d7350c1c8c06f35d8f78d5f2359aaa.jpg,12,0.376387,0.607337,0.791278,0.777436
/kaggle/input/datasets/afqwe0/clotheslabelled/Mahesh/Formal Pants Shirt Set/51d7350c1c8c06f35d8f78d5f2359aaa.jpg,12,0.380754,0.523518,0.795998,0.950448
/kaggle/input/datasets/afqwe0/clotheslabelled/Mahesh/Formal Pants Shirt Set/51d7350c1c8c06f35d8f78d5f2359aaa.jpg,12,0.411218,0.822473,0.61382,0.352299
/kaggle/input/datasets/afqwe0/clotheslabelled/Mahesh/Formal Pants Shirt Set/7f657c1efb6c6747585f4de5408bc4de.jpg,12,0.543429,0.543348,0.605889,0.9006
/kaggle/input/datasets/afqwe0/clotheslabelled/Mahesh/Formal Pants Shirt Set/7f657c1efb6c6747585f4de5408bc4de.jpg,12,0.546543,0.60757,0.608832,0.77472
/kaggle/input/datasets/afqwe0/clotheslabelled/Mahesh/Formal Pants Shirt Set/7f657c1efb6c6747585f4de5408bc4de.jpg,12,0.557017,0.770995,0.503718,0.456273
/kaggle/input/datasets/afqwe0/clotheslabelled/Mahesh/Formal Pants Shirt Set/456f8e1862a08794759fe37b5dcee085.jpg,12,0.500792,0.914669,0.484314,0.158752
/kaggle/input/datasets/afqwe0/clotheslabelled/Mahesh/Formal Pants Shirt Set/456f8e1862a08794759fe37b5dcee085.jpg,12,0.423691,0.565059,0.851603,0.616113
/kaggle/input/datasets/afqwe0/clotheslabelled/Mahesh/Formal Pants Shirt Set/456f8e1862a08794759fe37b5dcee085.jpg,12,0.441602,0.623285,0.867318,0.728131
/kaggle/input/datasets/afqwe0/clotheslabelled/Mahesh/Formal Pants Shirt Set/21fb1c3555cbd0d12e6e1abab8603020.jpg,12,0.470857,0.52683,0.537062,0.740325
/kaggle/input/datasets/afqwe0/clotheslabelled/Mahesh/Formal Pants Shirt Set/21fb1c3555cbd0d12e6e1abab8603020.jpg,12,0.457874,0.542503,0.461187,0.586533
/kaggle/input/datasets/afqwe0/clotheslabelled/Mahesh/Formal Pants Shirt Set/f5930438a9c9fbbb78cd7040fcd798e0.jpg,12,0.50529,0.556354,0.362296,0.728832
/kaggle/input/datasets/afqwe0/clotheslabelled/Mahesh/Formal Pants Shirt Set/f5930438a9c9fbbb78cd7040fcd798e0.jpg,12,0.503133,0.594596,0.346042,0.593712
/kaggle/input/datasets/afqwe0/clotheslabelled/Mahesh/Formal Pants Shirt Set/f5930438a9c9fbbb78cd7040fcd798e0.jpg,12,0.512347,0.713268,0.269513,0.344673
/kaggle/input/datasets/afqwe0/clotheslabelled/Mahesh/Formal Pants Shirt Set/af802e2938d77c232f7212db29378f21.jpg,12,0.517562,0.505469,0.910657,0.91617
/kaggle/input/datasets/afqwe0/clotheslabelled/Mahesh/Formal Pants Shirt Set/af802e2938d77c232f7212db29378f21.jpg,12,0.512312,0.607104,0.893637,0.709181
/kaggle/input/datasets/afqwe0/clotheslabelled/Mahesh/Formal Pants Shirt Set/fba34a355003fc8f62def0771ff160c4.jpg,12,0.507956,0.584107,0.472302,0.767068
/kaggle/input/datasets/afqwe0/clotheslabelled/Mahesh/Formal Pants Shirt Set/fba34a355003fc8f62def0771ff160c4.jpg,12,0.476273,0.719025,0.301332,0.414435
/kaggle/input/datasets/afqwe0/clotheslabelled/Mahesh/Formal Pants Shirt Set/fba34a355003fc8f62def0771ff160c4.jpg,12,0.518196,0.617903,0.44833,0.632601
/kaggle/input/datasets/afqwe0/clotheslabelled/Mahesh/Formal Pants Shirt Set/5582dde2e3cede85a19bde17ee8592ac.jpg,12,0.417654,0.541848,0.618199,0.719469
/kaggle/input/datasets/afqwe0/clotheslabelled/Mahesh/Formal Pants Shirt Set/5582dde2e3cede85a19bde17ee8592ac.jpg,12,0.467954,0.688722,0.43058,0.408379
/kaggle/input/datasets/afqwe0/clotheslabelled/Mahesh/Formal Pants Shirt Set/5582dde2e3cede85a19bde17ee8592ac.jpg,12,0.419953,0.515718,0.625846,0.923095
/kaggle/input/datasets/afqwe0/clotheslabelled/Mahesh/Formal Pants Shirt Set/d5cf9ce33577d37ddad629372604b73e.jpg,12,0.522963,0.487893,0.61512,0.955353
/kaggle/input/datasets/afqwe0/clotheslabelled/Mahesh/Formal Pants Shirt Set/d5cf9ce33577d37ddad629372604b73e.jpg,12,0.524371,0.519882,0.594337,0.719469
/kaggle/input/datasets/afqwe0/clotheslabelled/Mahesh/Formal Pants Shirt Set/2d55005ada9debb19b02ce0a3e27b4a4.jpg,12,0.530647,0.660326,0.326042,0.47026
/kaggle/input/datasets/afqwe0/clotheslabelled/Mahesh/Formal Pants Shirt Set/2d55005ada9debb19b02ce0a3e27b4a4.jpg,12,0.573931,0.537966,0.495776,0.713119
/kaggle/input/datasets/afqwe0/clotheslabelled/Mahesh/Formal Pants Shirt Set/2d55005ada9debb19b02ce0a3e27b4a4.jpg,12,0.577352,0.520984,0.496603,0.882509
/kaggle/input/datasets/afqwe0/clotheslabelled/Mahesh/Formal Pants Shirt Set/aaba0532833d39e53431707d81522e07.jpg,12,0.547119,0.893955,0.496029,0.204411
/kaggle/input/datasets/afqwe0/clotheslabelled/Mahesh/Formal Pants Shirt Set/aaba0532833d39e53431707d81522e07.jpg,12,0.488686,0.539711,0.670607,0.911243
/kaggle/input/datasets/afqwe0/clotheslabelled/Mahesh/Formal Pants Shirt Set/aaba0532833d39e53431707d81522e07.jpg,12,0.484945,0.646461,0.666702,0.697774
/kaggle/input/datasets/afqwe0/clotheslabelled/Mahesh/Formal Pants Shirt Set/aaba0532833d39e53431707d81522e07.jpg,12,0.483969,0.553747,0.662677,0.503036
/kaggle/input/datasets/afqwe0/clotheslabelled/Mahesh/Formal Pants Shirt Set/925445b910f2640fcac9b75a512c8fd7.jpg,12,0.558319,0.514034,0.709165,0.882509
/kaggle/input/datasets/afqwe0/clotheslabelled/Mahesh/Formal Pants Shirt Set/925445b910f2640fcac9b75a512c8fd7.jpg,12,0.52889,0.473044,0.626096,0.764265
/kaggle/input/datasets/afqwe0/clotheslabelled/Mahesh/Formal Pants Shirt Set/925445b910f2640fcac9b75a512c8fd7.jpg,12,0.560479,0.48749,0.737159,0.949707
/kaggle/input/datasets/afqwe0/clotheslabelled/Mahesh/Formal Pants Shirt Set/ded81c3cd368e6adb9a104786c20da20.jpg,12,0.540704,0.562657,0.54391,0.857864
/kaggle/input/datasets/afqwe0/clotheslabelled/Mahesh/Formal Pants Shirt Set/ded81c3cd368e6adb9a104786c20da20.jpg,12,0.532769,0.625711,0.534967,0.741006
/kaggle/input/datasets/afqwe0/clotheslabelled/Mahesh/Formal Pants Shirt Set/eea6ea0bec6b13012ea99032b990ad07.jpg,12,0.44425,0.497657,0.486672,0.969347
/kaggle/input/datasets/afqwe0/clotheslabelled/Mahesh/Formal Pants Shirt Set/eea6ea0bec6b13012ea99032b990ad07.jpg,12,0.474438,0.669593,0.327993,0.471816
/kaggle/input/datasets/afqwe0/clotheslabelled/Mahesh/Formal Pants Shirt Set/eea6ea0bec6b13012ea99032b990ad07.jpg,12,0.440124,0.523781,0.465997,0.761438
/kaggle/input/datasets/afqwe0/clotheslabelled/Mahesh/Formal Pants Shirt Set/d7dede6d2e70a71218a791b9f05274f3.jpg,12,0.504272,0.715224,1.0,0.55852
/kaggle/input/datasets/afqwe0/clotheslabelled/Mahesh/Formal Pants Shirt Set/71668e2046be4e8115a38b9a54991cd7.jpg,12,0.452149,0.529993,0.528222,0.909971
/kaggle/input/datasets/afqwe0/clotheslabelled/Mahesh/Formal Pants Shirt Set/71668e2046be4e8115a38b9a54991cd7.jpg,12,0.449904,0.52873,0.517279,0.7499
/kaggle/input/datasets/afqwe0/clotheslabelled/Mahesh/Formal Pants Shirt Set/71668e2046be4e8115a38b9a54991cd7.jpg,12,0.461985,0.665408,0.271992,0.44892
/kaggle/input/datasets/afqwe0/clotheslabelled/Mahesh/Formal Pants Shirt Set/3c26d13932e02d4cd131e771c664ab9b.jpg,12,0.572217,0.69827,0.396208,0.456273
/kaggle/input/datasets/afqwe0/clotheslabelled/Mahesh/Formal Pants Shirt Set/3c26d13932e02d4cd131e771c664ab9b.jpg,12,0.572641,0.549111,0.585553,0.758588
/kaggle/input/datasets/afqwe0/clotheslabelled/Mahesh/Formal Pants Shirt Set/3c26d13932e02d4cd131e771c664ab9b.jpg,12,0.57988,0.513766,0.593389,0.956014
/kaggle/input/datasets/afqwe0/clotheslabelled/Mahesh/Formal Pants Shirt Set/c2f908b77819a252782333a1df1b38e2.jpg,12,0.505948,0.524882,0.583642,0.880879
/kaggle/input/datasets/afqwe0/clotheslabelled/Mahesh/Formal Pants Shirt Set/c2f908b77819a252782333a1df1b38e2.jpg,12,0.502263,0.686625,0.363963,0.44467
/kaggle/input/datasets/afqwe0/clotheslabelled/Mahesh/Formal Pants Shirt Set/c2f908b77819a252782333a1df1b38e2.jpg,12,0.550387,0.556354,0.496821,0.703434
/kaggle/input/datasets/afqwe0/clotheslabelled/Mahesh/Formal Pants Shirt Set/c4a726b5a5a7c5de483314f311374487.jpg,12,0.481461,0.623954,0.612569,0.423562
/kaggle/input/datasets/afqwe0/clotheslabelled/Mahesh/Formal Pants Shirt Set/c4a726b5a5a7c5de483314f311374487.jpg,12,0.501519,0.503779,0.641072,0.659391
/kaggle/input/datasets/afqwe0/clotheslabelled/Mahesh/Formal Pants Shirt Set/c4a726b5a5a7c5de483314f311374487.jpg,12,0.502881,0.503028,0.657025,0.917362
/kaggle/input/datasets/afqwe0/clotheslabelled/Mahesh/Formal Pants Shirt Set/756c363bf4a45cd4c7a5e554dbef3df6.jpg,12,0.555819,0.700938,0.452774,0.493271
/kaggle/input/datasets/afqwe0/clotheslabelled/Mahesh/Formal Pants Shirt Set/756c363bf4a45cd4c7a5e554dbef3df6.jpg,12,0.513621,0.519619,0.630337,0.94742
/kaggle/input/datasets/afqwe0/clotheslabelled/Mahesh/Formal Pants Shirt Set/756c363bf4a45cd4c7a5e554dbef3df6.jpg,12,0.514226,0.559725,0.623928,0.775339
/kaggle/input/datasets/afqwe0/clotheslabelled/Mahesh/Formal Pants Shirt Set/531a9d7e06d909fcd23eed543bcbfc02.jpg,12,0.713637,0.559049,0.475695,0.728832
/kaggle/input/datasets/afqwe0/clotheslabelled/Mahesh/Formal Pants Shirt Set/531a9d7e06d909fcd23eed543bcbfc02.jpg,12,0.719885,0.515812,0.485967,0.877942
/kaggle/input/datasets/afqwe0/clotheslabelled/Mahesh/Formal Pants Shirt Set/aa6422212a0f77d509f33639bbaaa8cd.jpg,12,0.501692,0.559531,0.744727,0.870686
/kaggle/input/datasets/afqwe0/clotheslabelled/Mahesh/Formal Pants Shirt Set/aa6422212a0f77d509f33639bbaaa8cd.jpg,12,0.482449,0.824071,0.487099,0.349629
/kaggle/input/datasets/afqwe0/clotheslabelled/Mahesh/Formal Pants Shirt Set/aa6422212a0f77d509f33639bbaaa8cd.jpg,12,0.497827,0.640995,0.748699,0.71079
/kaggle/input/datasets/afqwe0/clotheslabelled/Mahesh/Formal Pants Shirt Set/247b0da0e685dd62b5d7c7a5377d3d42.jpg,12,0.535659,0.531696,0.478504,0.888836
/kaggle/input/datasets/afqwe0/clotheslabelled/Mahesh/Formal Pants Shirt Set/247b0da0e685dd62b5d7c7a5377d3d42.jpg,12,0.528424,0.547176,0.470786,0.725733
/kaggle/input/datasets/afqwe0/clotheslabelled/Mahesh/Formal Pants Shirt Set/247b0da0e685dd62b5d7c7a5377d3d42.jpg,12,0.520221,0.671535,0.300783,0.47766
/kaggle/input/datasets/afqwe0/clotheslabelled/Mahesh/Formal Pants Shirt Set/71c69cc470f08a0d0b1c65559cb8d6ee.jpg,12,0.502236,0.571288,0.792257,0.843998
/kaggle/input/datasets/afqwe0/clotheslabelled/Mahesh/Formal Pants Shirt Set/71c69cc470f08a0d0b1c65559cb8d6ee.jpg,12,0.50009,0.656934,0.787876,0.674223
/kaggle/input/datasets/afqwe0/clotheslabelled/Mahesh/Formal Pants Shirt Set/8e6665d79cf2bac916643d5186950663.jpg,12,0.473315,0.492774,0.98607,0.938169
/kaggle/input/datasets/afqwe0/clotheslabelled/Mahesh/Formal Pants Shirt Set/8e6665d79cf2bac916643d5186950663.jpg,12,0.47711,0.552298,0.987785,0.805755
/kaggle/input/datasets/afqwe0/clotheslabelled/Mahesh/Formal Pants Shirt Set/8e6665d79cf2bac916643d5186950663.jpg,12,0.501166,0.531083,0.932446,0.772605
/kaggle/input/datasets/afqwe0/clotheslabelled/Mahesh/Formal Pants Shirt Set/6c55b7c2e93f0633e153132de32708ce.jpg,12,0.532538,0.531939,0.462181,0.870686
/kaggle/input/datasets/afqwe0/clotheslabelled/Mahesh/Formal Pants Shirt Set/6c55b7c2e93f0633e153132de32708ce.jpg,12,0.530153,0.559531,0.450794,0.680122
/kaggle/input/datasets/afqwe0/clotheslabelled/Mahesh/Formal Pants Shirt Set/77d32aa10e0fb6ae1da8060bed3d2e5c.jpg,12,0.402883,0.49961,0.413576,0.982028
/kaggle/input/datasets/afqwe0/clotheslabelled/Mahesh/Formal Pants Shirt Set/77d32aa10e0fb6ae1da8060bed3d2e5c.jpg,12,0.40012,0.54516,0.404341,0.815884
/kaggle/input/datasets/afqwe0/clotheslabelled/Mahesh/Formal Pants Shirt Set/d335fc9ee7980bec43f2aff4d5be8a1d.jpg,12,0.541069,0.503615,0.379318,0.508894
/kaggle/input/datasets/afqwe0/clotheslabelled/Mahesh/Formal Pants Shirt Set/d335fc9ee7980bec43f2aff4d5be8a1d.jpg,12,0.523011,0.599591,0.23961,0.236171
/kaggle/input/datasets/afqwe0/clotheslabelled/Mahesh/Formal Pants Shirt Set/e6ab4d6c53863023d68635ed54250864.jpg,12,0.489906,0.599156,0.432967,0.79066
/kaggle/input/datasets/afqwe0/clotheslabelled/Mahesh/Formal Pants Shirt Set/e6ab4d6c53863023d68635ed54250864.jpg,12,0.513414,0.820475,0.288565,0.354977
/kaggle/input/datasets/afqwe0/clotheslabelled/Mahesh/Formal Pants Shirt Set/e6ab4d6c53863023d68635ed54250864.jpg,12,0.503227,0.663346,0.388497,0.669839
/kaggle/input/datasets/afqwe0/clotheslabelled/Mahesh/Formal Pants Shirt Set/0c18772f17b23c2f02f9d26ddb61ba73_1.jpg,12,0.515608,0.493751,0.666987,0.941697
/kaggle/input/datasets/afqwe0/clotheslabelled/Mahesh/Loafers/cad4a7e6fe74b76e874c86120f3d3a0e.jpg,11,0.514461,0.515742,0.8258,0.810599
/kaggle/input/datasets/afqwe0/clotheslabelled/Mahesh/Loafers/cad4a7e6fe74b76e874c86120f3d3a0e.jpg,11,0.519614,0.50791,0.818721,0.79195
/kaggle/input/datasets/afqwe0/clotheslabelled/Mahesh/Loafers/cad4a7e6fe74b76e874c86120f3d3a0e.jpg,11,0.254573,0.523374,0.291289,0.822821
/kaggle/input/datasets/afqwe0/clotheslabelled/Mahesh/Loafers/cad4a7e6fe74b76e874c86120f3d3a0e.jpg,11,0.727268,0.5052,0.371411,0.726046
/kaggle/input/datasets/afqwe0/clotheslabelled/Mahesh/Loafers/486862d32136168f43b25af0439f3340.jpg,11,0.497314,0.799292,0.984196,0.201852
/kaggle/input/datasets/afqwe0/clotheslabelled/Mahesh/Loafers/486862d32136168f43b25af0439f3340.jpg,11,0.28434,0.829767,0.51374,0.146092
/kaggle/input/datasets/afqwe0/clotheslabelled/Mahesh/Loafers/486862d32136168f43b25af0439f3340.jpg,11,0.719967,0.76345,0.505221,0.12169
/kaggle/input/datasets/afqwe0/clotheslabelled/Mahesh/Loafers/486862d32136168f43b25af0439f3340.jpg,11,0.719662,0.762686,0.510891,0.123159
/kaggle/input/datasets/afqwe0/clotheslabelled/Mahesh/Loafers/486862d32136168f43b25af0439f3340.jpg,11,0.284033,0.829466,0.516598,0.148793
/kaggle/input/datasets/afqwe0/clotheslabelled/Mahesh/Loafers/486862d32136168f43b25af0439f3340.jpg,11,0.495985,0.79867,0.991055,0.204749
/kaggle/input/datasets/afqwe0/clotheslabelled/Mahesh/Loafers/973982bfa4e82b012a960fffcf0b3fa1.jpg,11,0.459462,0.517083,0.595595,0.538118
/kaggle/input/datasets/afqwe0/clotheslabelled/Mahesh/Loafers/973982bfa4e82b012a960fffcf0b3fa1.jpg,11,0.515742,0.508361,0.701059,0.556593
/kaggle/input/datasets/afqwe0/clotheslabelled/Mahesh/Loafers/973982bfa4e82b012a960fffcf0b3fa1.jpg,11,0.460405,0.516549,0.595595,0.540059
/kaggle/input/datasets/afqwe0/clotheslabelled/Mahesh/Loafers/973982bfa4e82b012a960fffcf0b3fa1.jpg,11,0.610058,0.473828,0.520602,0.497176
/kaggle/input/datasets/afqwe0/clotheslabelled/Mahesh/Loafers/973982bfa4e82b012a960fffcf0b3fa1.jpg,11,0.509703,0.50923,0.690232,0.540059
/kaggle/input/datasets/afqwe0/clotheslabelled/Mahesh/Loafers/10c820989edb756485c2172adea14952.jpg,11,0.425869,0.719229,0.406493,0.304959
/kaggle/input/datasets/afqwe0/clotheslabelled/Mahesh/Loafers/10c820989edb756485c2172adea14952.jpg,11,0.627962,0.414117,0.359462,0.499129
/kaggle/input/datasets/afqwe0/clotheslabelled/Mahesh/Loafers/10c820989edb756485c2172adea14952.jpg,11,0.628361,0.416199,0.360362,0.497176
/kaggle/input/datasets/afqwe0/clotheslabelled/Mahesh/Loafers/10c820989edb756485c2172adea14952.jpg,11,0.426914,0.719607,0.406493,0.304959
/kaggle/input/datasets/afqwe0/clotheslabelled/Mahesh/Loafers/10c820989edb756485c2172adea14952.jpg,11,0.513912,0.536458,0.597562,0.667322
/kaggle/input/datasets/afqwe0/clotheslabelled/Mahesh/Loafers/8685936cacd2d02c5bf7af18dfd0dd74.jpg,11,0.437142,0.38546,0.77683,0.610554
/kaggle/input/datasets/afqwe0/clotheslabelled/Mahesh/Loafers/8685936cacd2d02c5bf7af18dfd0dd74.jpg,11,0.693864,0.208129,0.239206,0.250554
/kaggle/input/datasets/afqwe0/clotheslabelled/Mahesh/Loafers/8685936cacd2d02c5bf7af18dfd0dd74.jpg,11,0.227789,0.484699,0.354143,0.41595
/kaggle/input/datasets/afqwe0/clotheslabelled/Mahesh/Loafers/8685936cacd2d02c5bf7af18dfd0dd74.jpg,11,0.431909,0.387409,0.770003,0.616113
/kaggle/input/datasets/afqwe0/clotheslabelled/Mahesh/Loafers/f7a56543be83a31bdd4c01fa980b006d.jpg,11,0.53793,0.705828,0.783922,0.241746
/kaggle/input/datasets/afqwe0/clotheslabelled/Mahesh/Loafers/f7a56543be83a31bdd4c01fa980b006d.jpg,11,0.29094,0.283376,0.567919,0.282678
/kaggle/input/datasets/afqwe0/clotheslabelled/Mahesh/Loafers/f7a56543be83a31bdd4c01fa980b006d.jpg,11,0.538386,0.704645,0.78848,0.241567
/kaggle/input/datasets/afqwe0/clotheslabelled/Mahesh/Loafers/f7a56543be83a31bdd4c01fa980b006d.jpg,11,0.291279,0.283767,0.570341,0.286256
/kaggle/input/datasets/afqwe0/clotheslabelled/Mahesh/Loafers/e7693c90d0cf61e1558ebeae61e7960b.jpg,11,0.473103,0.702369,0.631236,0.246249
/kaggle/input/datasets/afqwe0/clotheslabelled/Mahesh/Loafers/e7693c90d0cf61e1558ebeae61e7960b.jpg,11,0.473712,0.70285,0.631236,0.243721
/kaggle/input/datasets/afqwe0/clotheslabelled/Mahesh/Loafers/e7693c90d0cf61e1558ebeae61e7960b.jpg,11,0.580003,0.711329,0.849187,0.2792
/kaggle/input/datasets/afqwe0/clotheslabelled/Mahesh/Loafers/e7693c90d0cf61e1558ebeae61e7960b.jpg,11,0.903571,0.744748,0.201327,0.21901
/kaggle/input/datasets/afqwe0/clotheslabelled/Mahesh/Loafers/e7693c90d0cf61e1558ebeae61e7960b.jpg,11,0.573901,0.713658,0.858602,0.271336
/kaggle/input/datasets/afqwe0/clotheslabelled/Mahesh/Loafers/f0f888218684cc0630f2c686ba75dcbb.jpg,11,0.337969,0.705828,0.550032,0.332946
/kaggle/input/datasets/afqwe0/clotheslabelled/Mahesh/Loafers/f0f888218684cc0630f2c686ba75dcbb.jpg,11,0.335178,0.645683,0.566461,0.435046
/kaggle/input/datasets/afqwe0/clotheslabelled/Mahesh/Loafers/f0f888218684cc0630f2c686ba75dcbb.jpg,11,0.339018,0.70728,0.551394,0.330349
/kaggle/input/datasets/afqwe0/clotheslabelled/Mahesh/Loafers/f0f888218684cc0630f2c686ba75dcbb.jpg,11,0.425142,0.652529,0.754554,0.440815
/kaggle/input/datasets/afqwe0/clotheslabelled/Mahesh/Loafers/f0f888218684cc0630f2c686ba75dcbb.jpg,11,0.410061,0.531687,0.699554,0.210448
/kaggle/input/datasets/afqwe0/clotheslabelled/Mahesh/Loafers/6f190935e35188a93ff506ebb9560630.jpg,11,0.623089,0.431294,0.657709,0.589937
/kaggle/input/datasets/afqwe0/clotheslabelled/Mahesh/Loafers/6f190935e35188a93ff506ebb9560630.jpg,11,0.391126,0.631183,0.69091,0.601227
/kaggle/input/datasets/afqwe0/clotheslabelled/Mahesh/Loafers/6f190935e35188a93ff506ebb9560630.jpg,11,0.622083,0.431513,0.655325,0.586152
/kaggle/input/datasets/afqwe0/clotheslabelled/Mahesh/Loafers/6f190935e35188a93ff506ebb9560630.jpg,11,0.393158,0.631258,0.688552,0.597475
/kaggle/input/datasets/afqwe0/clotheslabelled/Mahesh/Loafers/6f190935e35188a93ff506ebb9560630.jpg,11,0.50259,0.535584,0.908132,0.794513
/kaggle/input/datasets/afqwe0/clotheslabelled/Mahesh/Loafers/6f190935e35188a93ff506ebb9560630.jpg,11,0.502721,0.535196,0.911803,0.797052
/kaggle/input/datasets/afqwe0/clotheslabelled/Mahesh/Loafers/405024dcf7959f2a5f18693e48c604b4.jpg,11,0.430702,0.612894,0.3727,0.423562
/kaggle/input/datasets/afqwe0/clotheslabelled/Mahesh/Loafers/405024dcf7959f2a5f18693e48c604b4.jpg,11,0.431447,0.612354,0.369657,0.423562
/kaggle/input/datasets/afqwe0/clotheslabelled/Mahesh/Loafers/8d4f48aad6e2e402f2fc087b42a94e8a.jpg,11,0.501468,0.597025,0.795282,0.349629
/kaggle/input/datasets/afqwe0/clotheslabelled/Mahesh/Loafers/8d4f48aad6e2e402f2fc087b42a94e8a.jpg,11,0.502222,0.595633,0.807741,0.363151
/kaggle/input/datasets/afqwe0/clotheslabelled/Mahesh/Loafers/53ea2e38973ab06dbadb73d04ff703d2.jpg,11,0.507362,0.516717,0.971795,0.686118
/kaggle/input/datasets/afqwe0/clotheslabelled/Mahesh/Loafers/53ea2e38973ab06dbadb73d04ff703d2.jpg,11,0.508201,0.514742,0.9684,0.675937
/kaggle/input/datasets/afqwe0/clotheslabelled/Mahesh/Loafers/il_fullxfull.6120443563_ieex_2153280054.jpg,11,0.429772,0.706392,0.700558,0.355507
/kaggle/input/datasets/afqwe0/clotheslabelled/Mahesh/Loafers/il_fullxfull.6120443563_ieex_2153280054.jpg,11,0.426634,0.70461,0.706454,0.359462
/kaggle/input/datasets/afqwe0/clotheslabelled/Mahesh/Loafers/il_fullxfull.6120443563_ieex_2153280054.jpg,11,0.484668,0.735762,0.555837,0.295928
/kaggle/input/datasets/afqwe0/clotheslabelled/Mahesh/Loafers/il_fullxfull.6120443563_ieex_2153280054.jpg,11,0.304428,0.674847,0.440373,0.295115
/kaggle/input/datasets/afqwe0/clotheslabelled/Mahesh/Loafers/ab3518aa12ad5d8c2203281ba23f0517.jpg,11,0.47438,0.848061,0.546208,0.300835
/kaggle/input/datasets/afqwe0/clotheslabelled/Mahesh/Loafers/f67618962dad000af53f97471aaa6606.jpg,11,0.278983,0.710889,0.397394,0.518652
/kaggle/input/datasets/afqwe0/clotheslabelled/Mahesh/Loafers/f67618962dad000af53f97471aaa6606.jpg,11,0.525667,0.725477,0.903504,0.544996
/kaggle/input/datasets/afqwe0/clotheslabelled/Mahesh/Loafers/f67618962dad000af53f97471aaa6606.jpg,11,0.27925,0.709062,0.398454,0.516701
/kaggle/input/datasets/afqwe0/clotheslabelled/Mahesh/Loafers/f67618962dad000af53f97471aaa6606.jpg,11,0.792344,0.87206,0.344448,0.249161
/kaggle/input/datasets/afqwe0/clotheslabelled/Mahesh/Loafers/f67618962dad000af53f97471aaa6606.jpg,11,0.280989,0.708721,0.401644,0.516701
/kaggle/input/datasets/afqwe0/clotheslabelled/Mahesh/Loafers/60529bfd6fd6ea9738dd5323c2fa0a5f_1.jpg,11,0.387517,0.27982,0.455673,0.489365
/kaggle/input/datasets/afqwe0/clotheslabelled/Mahesh/Loafers/60529bfd6fd6ea9738dd5323c2fa0a5f_1.jpg,11,0.61986,0.762005,0.550452,0.397105
/kaggle/input/datasets/afqwe0/clotheslabelled/Mahesh/Loafers/60529bfd6fd6ea9738dd5323c2fa0a5f_1.jpg,11,0.38738,0.279323,0.453505,0.483511
/kaggle/input/datasets/afqwe0/clotheslabelled/Mahesh/Loafers/60529bfd6fd6ea9738dd5323c2fa0a5f_1.jpg,11,0.620541,0.760841,0.548181,0.39617
/kaggle/input/datasets/afqwe0/clotheslabelled/Mahesh/Loafers/60529bfd6fd6ea9738dd5323c2fa0a5f_1.jpg,11,0.532768,0.497681,0.75805,0.920847
/kaggle/input/datasets/afqwe0/clotheslabelled/Mahesh/Loafers/47e4d81ee24d1611cc9322b29dab1af0.jpg,11,0.378814,0.761651,0.720064,0.442741
/kaggle/input/datasets/afqwe0/clotheslabelled/Mahesh/Loafers/47e4d81ee24d1611cc9322b29dab1af0.jpg,11,0.676251,0.481651,0.675704,0.225832
/kaggle/input/datasets/afqwe0/clotheslabelled/Mahesh/Loafers/47e4d81ee24d1611cc9322b29dab1af0.jpg,11,0.513405,0.669691,1.0,0.609711
/kaggle/input/datasets/afqwe0/clotheslabelled/Mahesh/Loafers/47e4d81ee24d1611cc9322b29dab1af0.jpg,11,0.677226,0.48121,0.681241,0.226858
/kaggle/input/datasets/afqwe0/clotheslabelled/Mahesh/Loafers/47e4d81ee24d1611cc9322b29dab1af0.jpg,11,0.377804,0.759506,0.720064,0.442741
/kaggle/input/datasets/afqwe0/clotheslabelled/Mahesh/Loafers/OIP_3392276524.jpg,11,0.500267,0.495704,0.731213,0.740773
/kaggle/input/datasets/afqwe0/clotheslabelled/Mahesh/Loafers/OIP_3392276524.jpg,11,0.499428,0.496083,0.735794,0.741506
/kaggle/input/datasets/afqwe0/clotheslabelled/Mahesh/Loafers/a14b910318611faf521b8e21381ce204.jpg,11,0.503522,0.634384,0.581687,0.421655
/kaggle/input/datasets/afqwe0/clotheslabelled/Mahesh/Loafers/a14b910318611faf521b8e21381ce204.jpg,11,0.504552,0.633301,0.580296,0.42547
/kaggle/input/datasets/afqwe0/clotheslabelled/Mahesh/Loafers/a14b910318611faf521b8e21381ce204.jpg,11,0.365193,0.622161,0.289274,0.382612
/kaggle/input/datasets/afqwe0/clotheslabelled/Mahesh/Loafers/a14b910318611faf521b8e21381ce204.jpg,11,0.626675,0.643262,0.316647,0.408759
/kaggle/input/datasets/afqwe0/clotheslabelled/Mahesh/Loafers/81ae23db147db885356a552948965734.jpg,11,0.70604,0.583678,0.39617,0.589937
/kaggle/input/datasets/afqwe0/clotheslabelled/Mahesh/Loafers/81ae23db147db885356a552948965734.jpg,11,0.552057,0.590566,0.712393,0.606919
/kaggle/input/datasets/afqwe0/clotheslabelled/Mahesh/Loafers/81ae23db147db885356a552948965734.jpg,11,0.329076,0.724327,0.262546,0.343437
/kaggle/input/datasets/afqwe0/clotheslabelled/Mahesh/Loafers/81ae23db147db885356a552948965734.jpg,11,0.704746,0.585146,0.39617,0.588046
/kaggle/input/datasets/afqwe0/clotheslabelled/Mahesh/Loafers/81ae23db147db885356a552948965734.jpg,11,0.328483,0.724312,0.260283,0.344319
/kaggle/input/datasets/afqwe0/clotheslabelled/Mahesh/Loafers/81ae23db147db885356a552948965734.jpg,11,0.550124,0.589362,0.707567,0.60785
/kaggle/input/datasets/afqwe0/clotheslabelled/Mahesh/Loafers/2a25463b691968413766eb1e1aa9d0a9.jpg,11,0.509655,0.488161,0.966607,0.87923
/kaggle/input/datasets/afqwe0/clotheslabelled/Mahesh/Loafers/2a25463b691968413766eb1e1aa9d0a9.jpg,11,0.504368,0.487893,0.958524,0.874164
/kaggle/input/datasets/afqwe0/clotheslabelled/Mahesh/Loafers/d4d55702991690edf9cc9b5476c17212_2056427803.jpg,11,0.703821,0.704204,0.275266,0.456273
/kaggle/input/datasets/afqwe0/clotheslabelled/Mahesh/Loafers/d4d55702991690edf9cc9b5476c17212_2056427803.jpg,11,0.549385,0.712909,0.621081,0.487413
/kaggle/input/datasets/afqwe0/clotheslabelled/Mahesh/Loafers/d4d55702991690edf9cc9b5476c17212_2056427803.jpg,11,0.399317,0.862431,0.287455,0.185068
/kaggle/input/datasets/afqwe0/clotheslabelled/Mahesh/Loafers/d4d55702991690edf9cc9b5476c17212_2056427803.jpg,11,0.399115,0.862436,0.287455,0.182723
/kaggle/input/datasets/afqwe0/clotheslabelled/Mahesh/Loafers/d4d55702991690edf9cc9b5476c17212_2056427803.jpg,11,0.701616,0.703806,0.273187,0.458212
/kaggle/input/datasets/afqwe0/clotheslabelled/Mahesh/Loafers/d4d55702991690edf9cc9b5476c17212_2056427803.jpg,11,0.552938,0.717648,0.629627,0.47961
/kaggle/input/datasets/afqwe0/clotheslabelled/Mahesh/Loafers/d082758718435fa879bbc6ec082e48ba.jpg,11,0.544878,0.641651,0.429294,0.419751
/kaggle/input/datasets/afqwe0/clotheslabelled/Mahesh/Loafers/d082758718435fa879bbc6ec082e48ba.jpg,11,0.545029,0.642387,0.42547,0.41785
/kaggle/input/datasets/afqwe0/clotheslabelled/Mahesh/Loafers/d082758718435fa879bbc6ec082e48ba.jpg,11,0.356063,0.583203,0.303305,0.326043
/kaggle/input/datasets/afqwe0/clotheslabelled/Mahesh/Loafers/d082758718435fa879bbc6ec082e48ba.jpg,11,0.353492,0.582774,0.300014,0.33208
/kaggle/input/datasets/afqwe0/clotheslabelled/Mahesh/Loafers/d082758718435fa879bbc6ec082e48ba.jpg,11,0.481308,0.630742,0.55852,0.440663
/kaggle/input/datasets/afqwe0/clotheslabelled/Mahesh/Loafers/d082758718435fa879bbc6ec082e48ba.jpg,11,0.483502,0.633546,0.556593,0.445241
/kaggle/input/datasets/afqwe0/clotheslabelled/Mahesh/Loafers/m_6a137c8121bd424eba097441_561312565.jpg,11,0.49233,0.508971,0.982633,0.954681
/kaggle/input/datasets/afqwe0/clotheslabelled/Mahesh/Loafers/m_6a137c8121bd424eba097441_561312565.jpg,11,0.490744,0.509374,0.980613,0.948193
/kaggle/input/datasets/afqwe0/clotheslabelled/Mahesh/Loafers/8f74ff94a0637943bb270244a0358708.jpg,11,0.523265,0.537041,0.885126,0.732746
/kaggle/input/datasets/afqwe0/clotheslabelled/Mahesh/Loafers/8f74ff94a0637943bb270244a0358708.jpg,11,0.294,0.53019,0.408823,0.680122
/kaggle/input/datasets/afqwe0/clotheslabelled/Mahesh/Loafers/8f74ff94a0637943bb270244a0358708.jpg,11,0.74825,0.536995,0.394571,0.728832
/kaggle/input/datasets/afqwe0/clotheslabelled/Mahesh/Loafers/8f74ff94a0637943bb270244a0358708.jpg,11,0.52294,0.535682,0.87578,0.726582
/kaggle/input/datasets/afqwe0/clotheslabelled/Mahesh/Loafers/aba4191f75c0e23d7d8f751f9cfe9b24.jpg,11,0.325599,0.455389,0.608695,0.836078
/kaggle/input/datasets/afqwe0/clotheslabelled/Mahesh/Loafers/aba4191f75c0e23d7d8f751f9cfe9b24.jpg,11,0.496597,0.49961,0.94339,0.945035
/kaggle/input/datasets/afqwe0/clotheslabelled/Mahesh/Loafers/aba4191f75c0e23d7d8f751f9cfe9b24.jpg,11,0.675686,0.497242,0.563242,0.946023
/kaggle/input/datasets/afqwe0/clotheslabelled/Mahesh/Loafers/aba4191f75c0e23d7d8f751f9cfe9b24.jpg,11,0.327747,0.457307,0.61241,0.838208
/kaggle/input/datasets/afqwe0/clotheslabelled/Mahesh/Loafers/aba4191f75c0e23d7d8f751f9cfe9b24.jpg,11,0.673997,0.497657,0.552734,0.945842
/kaggle/input/datasets/afqwe0/clotheslabelled/Mahesh/Loafers/aba4191f75c0e23d7d8f751f9cfe9b24.jpg,11,0.493866,0.501159,0.934443,0.951179
/kaggle/input/datasets/afqwe0/clotheslabelled/Mahesh/Loafers/1c2b9d40_3053_4086_9423_5a1f3886fe5d_2.37c0634d78f47ccc6e0392f02c05dc86_3579457131.jpg,11,0.313707,0.496276,0.61241,0.992801
/kaggle/input/datasets/afqwe0/clotheslabelled/Mahesh/Loafers/1c2b9d40_3053_4086_9423_5a1f3886fe5d_2.37c0634d78f47ccc6e0392f02c05dc86_3579457131.jpg,11,0.314233,0.494265,0.61241,0.992801
/kaggle/input/datasets/afqwe0/clotheslabelled/Mahesh/Loafers/1c2b9d40_3053_4086_9423_5a1f3886fe5d_2.37c0634d78f47ccc6e0392f02c05dc86_3579457131.jpg,11,0.695185,0.600063,0.603099,0.464892
/kaggle/input/datasets/afqwe0/clotheslabelled/Mahesh/Loafers/1c2b9d40_3053_4086_9423_5a1f3886fe5d_2.37c0634d78f47ccc6e0392f02c05dc86_3579457131.jpg,11,0.696063,0.59839,0.601227,0.468604
/kaggle/input/datasets/afqwe0/clotheslabelled/Mahesh/Loafers/1c2b9d40_3053_4086_9423_5a1f3886fe5d_2.37c0634d78f47ccc6e0392f02c05dc86_3579457131.jpg,11,0.501121,0.497281,0.989022,0.97931
/kaggle/input/datasets/afqwe0/clotheslabelled/Mahesh/Loafers/f3f94d718b04a470241050c251d927ce.jpg,11,0.500434,0.515254,0.849414,0.753612
/kaggle/input/datasets/afqwe0/clotheslabelled/Mahesh/Loafers/f3f94d718b04a470241050c251d927ce.jpg,11,0.444989,0.566498,0.725605,0.647003
/kaggle/input/datasets/afqwe0/clotheslabelled/Mahesh/Loafers/f3f94d718b04a470241050c251d927ce.jpg,11,0.502504,0.51523,0.855386,0.757939
/kaggle/input/datasets/afqwe0/clotheslabelled/Mahesh/Loafers/b914b30042ca4356591b85e4829b69b8.jpg,11,0.597894,0.633301,0.678599,0.233608
/kaggle/input/datasets/afqwe0/clotheslabelled/Mahesh/Loafers/b914b30042ca4356591b85e4829b69b8.jpg,11,0.365958,0.558936,0.607482,0.202765
/kaggle/input/datasets/afqwe0/clotheslabelled/Mahesh/Loafers/b914b30042ca4356591b85e4829b69b8.jpg,11,0.502171,0.603352,0.901841,0.297559
/kaggle/input/datasets/afqwe0/clotheslabelled/Mahesh/Loafers/b914b30042ca4356591b85e4829b69b8.jpg,11,0.596364,0.635516,0.681503,0.232734
/kaggle/input/datasets/afqwe0/clotheslabelled/Mahesh/Loafers/b914b30042ca4356591b85e4829b69b8.jpg,11,0.500248,0.603119,0.899029,0.297559
/kaggle/input/datasets/afqwe0/clotheslabelled/Mahesh/Loafers/b914b30042ca4356591b85e4829b69b8.jpg,11,0.366844,0.558373,0.602685,0.206683
/kaggle/input/datasets/afqwe0/clotheslabelled/Mahesh/Loafers/L.L._Bean_Allagash_Loafer_1649494094.jpg,11,0.500223,0.493131,0.804529,0.668585
/kaggle/input/datasets/afqwe0/clotheslabelled/Mahesh/Loafers/L.L._Bean_Allagash_Loafer_1649494094.jpg,11,0.500226,0.491309,0.803298,0.680184
/kaggle/input/datasets/afqwe0/clotheslabelled/Mahesh/Loafers/a7bf703bdd5473550741a93b342fbd70.jpg,11,0.684869,0.495777,0.354864,0.972945
/kaggle/input/datasets/afqwe0/clotheslabelled/Mahesh/Loafers/a7bf703bdd5473550741a93b342fbd70.jpg,11,0.254239,0.493824,0.35395,0.975306
/kaggle/input/datasets/afqwe0/clotheslabelled/Mahesh/Loafers/a7bf703bdd5473550741a93b342fbd70.jpg,11,0.685315,0.495479,0.354865,0.97211
/kaggle/input/datasets/afqwe0/clotheslabelled/Mahesh/Loafers/a7bf703bdd5473550741a93b342fbd70.jpg,11,0.253522,0.49499,0.354865,0.976768
/kaggle/input/datasets/afqwe0/clotheslabelled/Mahesh/Loafers/a7bf703bdd5473550741a93b342fbd70.jpg,11,0.472103,0.494239,0.792748,0.980296
/kaggle/input/datasets/afqwe0/clotheslabelled/Mahesh/Loafers/a7bf703bdd5473550741a93b342fbd70.jpg,11,0.468826,0.494727,0.789755,0.979052
/kaggle/input/datasets/afqwe0/clotheslabelled/Mahesh/Loafers/0df771622cc367fd19e552d147c6e9da.jpg,11,0.476454,0.808981,0.866954,0.234834
/kaggle/input/datasets/afqwe0/clotheslabelled/Mahesh/Loafers/0df771622cc367fd19e552d147c6e9da.jpg,11,0.220987,0.833434,0.343436,0.185068
/kaggle/input/datasets/afqwe0/clotheslabelled/Mahesh/Loafers/0df771622cc367fd19e552d147c6e9da.jpg,11,0.668193,0.774612,0.469758,0.157193
/kaggle/input/datasets/afqwe0/clotheslabelled/Mahesh/Loafers/0df771622cc367fd19e552d147c6e9da.jpg,11,0.669873,0.775126,0.466785,0.154063
/kaggle/input/datasets/afqwe0/clotheslabelled/Mahesh/Loafers/6352f430bafe899875f3934b5beabe47.jpg,11,0.651455,0.44765,0.365126,0.858296
/kaggle/input/datasets/afqwe0/clotheslabelled/Mahesh/Loafers/6352f430bafe899875f3934b5beabe47.jpg,11,0.504656,0.45578,0.665334,0.890371
/kaggle/input/datasets/afqwe0/clotheslabelled/Mahesh/Loafers/6352f430bafe899875f3934b5beabe47.jpg,11,0.650696,0.447147,0.367048,0.860185
/kaggle/input/datasets/afqwe0/clotheslabelled/Mahesh/Loafers/6352f430bafe899875f3934b5beabe47.jpg,11,0.506019,0.448607,0.661124,0.875872
/kaggle/input/datasets/afqwe0/clotheslabelled/Mahesh/Loafers/6352f430bafe899875f3934b5beabe47.jpg,11,0.314765,0.364535,0.273024,0.696874
/kaggle/input/datasets/afqwe0/clotheslabelled/Mahesh/Loafers/6352f430bafe899875f3934b5beabe47.jpg,11,0.312798,0.469394,0.283221,0.905023
/kaggle/input/datasets/afqwe0/clotheslabelled/Mahesh/Loafers/2e9e88d291f6d8c743356caf3f3c0944.jpg,11,0.589486,0.479377,0.433774,0.597475
/kaggle/input/datasets/afqwe0/clotheslabelled/Mahesh/Loafers/2e9e88d291f6d8c743356caf3f3c0944.jpg,11,0.588683,0.62439,0.420522,0.312461
/kaggle/input/datasets/afqwe0/clotheslabelled/Mahesh/Loafers/2e9e88d291f6d8c743356caf3f3c0944.jpg,11,0.48841,0.317781,0.202262,0.270103
/kaggle/input/datasets/afqwe0/clotheslabelled/Mahesh/Loafers/2e9e88d291f6d8c743356caf3f3c0944.jpg,11,0.589793,0.626014,0.422913,0.309114
/kaggle/input/datasets/afqwe0/clotheslabelled/Mahesh/Loafers/2e9e88d291f6d8c743356caf3f3c0944.jpg,11,0.589301,0.471881,0.41814,0.578552
/kaggle/input/datasets/afqwe0/clotheslabelled/Mahesh/Loafers/624875498fd41cee8202087516253986.jpg,11,0.496674,0.483915,0.932503,0.689721
/kaggle/input/datasets/afqwe0/clotheslabelled/Mahesh/Loafers/624875498fd41cee8202087516253986.jpg,11,0.619931,0.513874,0.680122,0.612183
/kaggle/input/datasets/afqwe0/clotheslabelled/Mahesh/Loafers/624875498fd41cee8202087516253986.jpg,11,0.496948,0.476257,0.932503,0.681759
/kaggle/input/datasets/afqwe0/clotheslabelled/Mahesh/Loafers/624875498fd41cee8202087516253986.jpg,11,0.380423,0.338954,0.700164,0.387939
/kaggle/input/datasets/afqwe0/clotheslabelled/Mahesh/Loafers/media_902601683.jpg,11,0.481651,0.741792,0.706684,0.370324
/kaggle/input/datasets/afqwe0/clotheslabelled/Mahesh/Loafers/media_902601683.jpg,11,0.646564,0.545528,0.520602,0.304132
/kaggle/input/datasets/afqwe0/clotheslabelled/Mahesh/Loafers/media_902601683.jpg,11,0.645279,0.544454,0.522552,0.302481
/kaggle/input/datasets/afqwe0/clotheslabelled/Mahesh/Loafers/media_902601683.jpg,11,0.481407,0.743414,0.706684,0.37489
/kaggle/input/datasets/afqwe0/clotheslabelled/Mahesh/Loafers/media_902601683.jpg,11,0.516839,0.659926,0.781465,0.528486
/kaggle/input/datasets/afqwe0/clotheslabelled/Mahesh/Loafers/media_902601683.jpg,11,0.516474,0.662709,0.786755,0.537237
/kaggle/input/datasets/afqwe0/clotheslabelled/Mahesh/Loafers/57b6effedd78080def42413e86904968.jpg,11,0.495151,0.499571,0.847015,0.741824
/kaggle/input/datasets/afqwe0/clotheslabelled/Mahesh/Loafers/57b6effedd78080def42413e86904968.jpg,11,0.43667,0.54577,0.728179,0.647003
/kaggle/input/datasets/afqwe0/clotheslabelled/Mahesh/Loafers/57b6effedd78080def42413e86904968.jpg,11,0.497139,0.495704,0.856576,0.7507
/kaggle/input/datasets/afqwe0/clotheslabelled/Mahesh/Loafers/57b6effedd78080def42413e86904968.jpg,11,0.436911,0.545239,0.73075,0.647003
/kaggle/input/datasets/afqwe0/clotheslabelled/Mahesh/Loafers/eaa99bfa165a51cc9ee5a94b3fa09a42.jpg,11,0.550023,0.546012,0.629627,0.578552
/kaggle/input/datasets/afqwe0/clotheslabelled/Mahesh/Loafers/eaa99bfa165a51cc9ee5a94b3fa09a42.jpg,11,0.551502,0.541409,0.6378,0.589079
/kaggle/input/datasets/afqwe0/clotheslabelled/Mahesh/Loafers/eaa99bfa165a51cc9ee5a94b3fa09a42.jpg,11,0.685847,0.545286,0.34884,0.563242
/kaggle/input/datasets/afqwe0/clotheslabelled/Mahesh/Loafers/eaa99bfa165a51cc9ee5a94b3fa09a42.jpg,11,0.39542,0.545044,0.313704,0.574737
/kaggle/input/datasets/afqwe0/clotheslabelled/Mahesh/Loafers/07eca99a5a34cc13df38d782acbfe145.jpg,11,0.572966,0.723547,0.49755,0.382242
/kaggle/input/datasets/afqwe0/clotheslabelled/Mahesh/Loafers/07eca99a5a34cc13df38d782acbfe145.jpg,11,0.573267,0.722651,0.501064,0.383165
/kaggle/input/datasets/afqwe0/clotheslabelled/Mahesh/Loafers/07eca99a5a34cc13df38d782acbfe145.jpg,11,0.656286,0.708659,0.699243,0.415951
/kaggle/input/datasets/afqwe0/clotheslabelled/Mahesh/Loafers/07eca99a5a34cc13df38d782acbfe145.jpg,11,0.658397,0.705836,0.68971,0.419958
/kaggle/input/datasets/afqwe0/clotheslabelled/Mahesh/Loafers/07eca99a5a34cc13df38d782acbfe145.jpg,11,0.817642,0.625621,0.385351,0.258782
/kaggle/input/datasets/afqwe0/clotheslabelled/Mahesh/Loafers/c9a59e5bd0c66146454d6a8b8708ce70.jpg,11,0.542242,0.754487,0.735572,0.248431
/kaggle/input/datasets/afqwe0/clotheslabelled/Mahesh/Loafers/c9a59e5bd0c66146454d6a8b8708ce70.jpg,11,0.641072,0.476209,0.517055,0.187867
/kaggle/input/datasets/afqwe0/clotheslabelled/Mahesh/Loafers/c9a59e5bd0c66146454d6a8b8708ce70.jpg,11,0.643303,0.475487,0.507691,0.187436
/kaggle/input/datasets/afqwe0/clotheslabelled/Mahesh/Loafers/c9a59e5bd0c66146454d6a8b8708ce70.jpg,11,0.542728,0.75556,0.738147,0.246975
/kaggle/input/datasets/afqwe0/clotheslabelled/Mahesh/Loafers/71yVKscJcIL._AC_SL1500_2806183892.jpg,11,0.342607,0.439299,0.676713,0.901849
/kaggle/input/datasets/afqwe0/clotheslabelled/Mahesh/Loafers/71yVKscJcIL._AC_SL1500_2806183892.jpg,11,0.585646,0.675101,0.813525,0.596142
/kaggle/input/datasets/afqwe0/clotheslabelled/Mahesh/Loafers/71yVKscJcIL._AC_SL1500_2806183892.jpg,11,0.344066,0.44157,0.676713,0.896939
/kaggle/input/datasets/afqwe0/clotheslabelled/Mahesh/Loafers/71yVKscJcIL._AC_SL1500_2806183892.jpg,11,0.585172,0.674438,0.813525,0.593494
/kaggle/input/datasets/afqwe0/clotheslabelled/Mahesh/Loafers/71yVKscJcIL._AC_SL1500_2806183892.jpg,11,0.500406,0.484059,0.985054,0.978203
/kaggle/input/datasets/afqwe0/clotheslabelled/Mahesh/Loafers/ca5dd5f8f995dcf7ccb4b18a13462a3e.jpg,11,0.528605,0.522933,1.0,0.872435
/kaggle/input/datasets/afqwe0/clotheslabelled/Mahesh/Loafers/ca5dd5f8f995dcf7ccb4b18a13462a3e.jpg,11,0.849425,0.459192,0.345513,0.758588
/kaggle/input/datasets/afqwe0/clotheslabelled/Mahesh/Loafers/ca5dd5f8f995dcf7ccb4b18a13462a3e.jpg,11,0.215208,0.75565,0.381044,0.408379
/kaggle/input/datasets/afqwe0/clotheslabelled/Mahesh/Loafers/1a67861cfdc4039e252c1201983d6aab.jpg,11,0.481694,0.533154,0.830192,0.681049
/kaggle/input/datasets/afqwe0/clotheslabelled/Mahesh/Loafers/1a67861cfdc4039e252c1201983d6aab.jpg,11,0.279681,0.539422,0.412152,0.673285
/kaggle/input/datasets/afqwe0/clotheslabelled/Mahesh/Loafers/1a67861cfdc4039e252c1201983d6aab.jpg,11,0.729119,0.51167,0.314752,0.648786
/kaggle/input/datasets/afqwe0/clotheslabelled/Mahesh/Loafers/1a67861cfdc4039e252c1201983d6aab.jpg,11,0.482019,0.530821,0.828967,0.687799
/kaggle/input/datasets/afqwe0/clotheslabelled/Mahesh/Loafers/ec7dc96a1f76c44d30d58e49f4932a45.jpg,11,0.496077,0.511961,0.720426,0.824576
/kaggle/input/datasets/afqwe0/clotheslabelled/Mahesh/Loafers/ec7dc96a1f76c44d30d58e49f4932a45.jpg,11,0.493658,0.510838,0.719159,0.82794
/kaggle/input/datasets/afqwe0/clotheslabelled/Mahesh/Loafers/5a0c96fd7611c91e86f662367b8e17b5.jpg,11,0.480339,0.550561,0.513015,0.532288
/kaggle/input/datasets/afqwe0/clotheslabelled/Mahesh/Loafers/5a0c96fd7611c91e86f662367b8e17b5.jpg,11,0.479692,0.549399,0.513015,0.528396
/kaggle/input/datasets/afqwe0/clotheslabelled/Mahesh/Loafers/5a0c96fd7611c91e86f662367b8e17b5.jpg,11,0.351445,0.532905,0.25493,0.489758
/kaggle/input/datasets/afqwe0/clotheslabelled/Mahesh/Loafers/5a0c96fd7611c91e86f662367b8e17b5.jpg,11,0.555719,0.549111,0.35675,0.528396
/kaggle/input/datasets/afqwe0/clotheslabelled/Mahesh/Loafers/f94473cfd8cda51e797a78ade6028124.jpg,11,0.525279,0.600233,0.687317,0.460152
/kaggle/input/datasets/afqwe0/clotheslabelled/Mahesh/Loafers/f94473cfd8cda51e797a78ade6028124.jpg,11,0.323366,0.327438,0.469951,0.291875
/kaggle/input/datasets/afqwe0/clotheslabelled/Mahesh/Loafers/f94473cfd8cda51e797a78ade6028124.jpg,11,0.525828,0.600896,0.684409,0.458212
/kaggle/input/datasets/afqwe0/clotheslabelled/Mahesh/Loafers/f94473cfd8cda51e797a78ade6028124.jpg,11,0.476338,0.505676,0.813133,0.640816
/kaggle/input/datasets/afqwe0/clotheslabelled/Mahesh/Loafers/f94473cfd8cda51e797a78ade6028124.jpg,11,0.323409,0.328178,0.471213,0.293492
/kaggle/input/datasets/afqwe0/clotheslabelled/Mahesh/Loafers/c2ad66fc62541af85ce8793ff4288c04.jpg,11,0.402507,0.358099,0.626469,0.174612
/kaggle/input/datasets/afqwe0/clotheslabelled/Mahesh/Loafers/c2ad66fc62541af85ce8793ff4288c04.jpg,11,0.500805,0.721981,0.666679,0.186455
/kaggle/input/datasets/afqwe0/clotheslabelled/Mahesh/Loafers/c2ad66fc62541af85ce8793ff4288c04.jpg,11,0.499713,0.72314,0.660899,0.187941
/kaggle/input/datasets/afqwe0/clotheslabelled/Mahesh/Loafers/c2ad66fc62541af85ce8793ff4288c04.jpg,11,0.39855,0.359204,0.626469,0.174471
/kaggle/input/datasets/afqwe0/clotheslabelled/Mahesh/Loafers/108351aed7b7a63157b72645a422533b.jpg,11,0.251543,0.671104,0.42547,0.215835
/kaggle/input/datasets/afqwe0/clotheslabelled/Mahesh/Loafers/108351aed7b7a63157b72645a422533b.jpg,11,0.760752,0.679455,0.40461,0.219912
/kaggle/input/datasets/afqwe0/clotheslabelled/Mahesh/Loafers/108351aed7b7a63157b72645a422533b.jpg,11,0.251083,0.671678,0.423562,0.218242
/kaggle/input/datasets/afqwe0/clotheslabelled/Mahesh/Loafers/108351aed7b7a63157b72645a422533b.jpg,11,0.760308,0.678159,0.406493,0.222774
/kaggle/input/datasets/afqwe0/clotheslabelled/Mahesh/Loafers/108351aed7b7a63157b72645a422533b.jpg,11,0.500515,0.670555,0.93348,0.239492
/kaggle/input/datasets/afqwe0/clotheslabelled/Mahesh/Loafers/f39c8a097d0163fd38bf16c29d9bd843.jpg,11,0.685947,0.749753,0.57287,0.354083
/kaggle/input/datasets/afqwe0/clotheslabelled/Mahesh/Loafers/f39c8a097d0163fd38bf16c29d9bd843.jpg,11,0.225498,0.527677,0.374181,0.746958
/kaggle/input/datasets/afqwe0/clotheslabelled/Mahesh/Loafers/f39c8a097d0163fd38bf16c29d9bd843.jpg,11,0.226414,0.527757,0.369236,0.746958
/kaggle/input/datasets/afqwe0/clotheslabelled/Mahesh/Loafers/f39c8a097d0163fd38bf16c29d9bd843.jpg,11,0.504952,0.543251,0.935192,0.76922
/kaggle/input/datasets/afqwe0/clotheslabelled/Mahesh/Loafers/f39c8a097d0163fd38bf16c29d9bd843.jpg,11,0.684927,0.750154,0.575147,0.354083
/kaggle/input/datasets/afqwe0/clotheslabelled/Mahesh/Loafers/f39c8a097d0163fd38bf16c29d9bd843.jpg,11,0.505593,0.544801,0.932286,0.77472
/kaggle/input/datasets/afqwe0/clotheslabelled/Mahesh/Loafers/83fc7077f5f53c500863341bfee44e7f.jpg,11,0.41678,0.667646,0.587252,0.518652
/kaggle/input/datasets/afqwe0/clotheslabelled/Mahesh/Loafers/83fc7077f5f53c500863341bfee44e7f.jpg,11,0.416846,0.66714,0.589397,0.518652
/kaggle/input/datasets/afqwe0/clotheslabelled/Mahesh/Loafers/83fc7077f5f53c500863341bfee44e7f.jpg,11,0.858532,0.800585,0.287909,0.237583
/kaggle/input/datasets/afqwe0/clotheslabelled/Mahesh/Loafers/83fc7077f5f53c500863341bfee44e7f.jpg,11,0.858688,0.80096,0.287909,0.237583
/kaggle/input/datasets/afqwe0/clotheslabelled/Mahesh/Loafers/83fc7077f5f53c500863341bfee44e7f.jpg,11,0.557374,0.666931,0.884882,0.527512
/kaggle/input/datasets/afqwe0/clotheslabelled/Mahesh/Loafers/792f386d2072b9ddabe7d9ba8b3bbb37.jpg,11,0.514634,0.747548,0.719834,0.265963
/kaggle/input/datasets/afqwe0/clotheslabelled/Mahesh/Loafers/792f386d2072b9ddabe7d9ba8b3bbb37.jpg,11,0.556244,0.573207,0.265247,0.288979
/kaggle/input/datasets/afqwe0/clotheslabelled/Mahesh/Loafers/792f386d2072b9ddabe7d9ba8b3bbb37.jpg,11,0.514553,0.747537,0.72242,0.267491
/kaggle/input/datasets/afqwe0/clotheslabelled/Mahesh/Loafers/792f386d2072b9ddabe7d9ba8b3bbb37.jpg,11,0.516504,0.654585,0.726415,0.45273
/kaggle/input/datasets/afqwe0/clotheslabelled/Mahesh/Loafers/792f386d2072b9ddabe7d9ba8b3bbb37.jpg,11,0.556325,0.572361,0.264418,0.290587
/kaggle/input/datasets/afqwe0/clotheslabelled/Mahesh/Loafers/da8dd921ebb00345e287e0462a465909.jpg,11,0.504583,0.503662,0.843342,0.859758
/kaggle/input/datasets/afqwe0/clotheslabelled/Mahesh/Loafers/da8dd921ebb00345e287e0462a465909.jpg,11,0.254852,0.334887,0.323388,0.520602
/kaggle/input/datasets/afqwe0/clotheslabelled/Mahesh/Loafers/da8dd921ebb00345e287e0462a465909.jpg,11,0.689171,0.546738,0.463547,0.767068
/kaggle/input/datasets/afqwe0/clotheslabelled/Mahesh/Loafers/da8dd921ebb00345e287e0462a465909.jpg,11,0.50627,0.501075,0.84067,0.859758
/kaggle/input/datasets/afqwe0/clotheslabelled/Mahesh/Loafers/2a2f93227fa709f2652fad091f7ac5e8.jpg,11,0.49881,0.49939,0.894376,0.824576
/kaggle/input/datasets/afqwe0/clotheslabelled/Mahesh/Loafers/2a2f93227fa709f2652fad091f7ac5e8.jpg,11,0.247834,0.497242,0.389167,0.81822
/kaggle/input/datasets/afqwe0/clotheslabelled/Mahesh/Loafers/2a2f93227fa709f2652fad091f7ac5e8.jpg,11,0.747549,0.50085,0.387017,0.811143
/kaggle/input/datasets/afqwe0/clotheslabelled/Mahesh/Loafers/2a2f93227fa709f2652fad091f7ac5e8.jpg,11,0.499095,0.497168,0.894376,0.820009
/kaggle/input/datasets/afqwe0/clotheslabelled/Mahesh/Loafers/2a2f93227fa709f2652fad091f7ac5e8.jpg,11,0.747409,0.501418,0.387554,0.811143
/kaggle/input/datasets/afqwe0/clotheslabelled/Mahesh/Loafers/2a2f93227fa709f2652fad091f7ac5e8.jpg,11,0.24665,0.495479,0.385945,0.813525
/kaggle/input/datasets/afqwe0/clotheslabelled/Mahesh/Loafers/3892ab9dd4cc3690181b0114f95cb5b4.jpg,11,0.366354,0.409741,0.424258,0.520602
/kaggle/input/datasets/afqwe0/clotheslabelled/Mahesh/Loafers/3892ab9dd4cc3690181b0114f95cb5b4.jpg,11,0.366511,0.409879,0.417501,0.520602
/kaggle/input/datasets/afqwe0/clotheslabelled/Mahesh/Loafers/ac06c3e2c684daa47bc04e21b4a38089.jpg,11,0.423484,0.544559,0.859207,0.71079
/kaggle/input/datasets/afqwe0/clotheslabelled/Mahesh/Loafers/ac06c3e2c684daa47bc04e21b4a38089.jpg,11,0.424447,0.536653,0.868711,0.715584
/kaggle/input/datasets/afqwe0/clotheslabelled/Mahesh/Loafers/9dca57f85d4b734c402e3e0c7e7d4812.jpg,11,0.621717,0.792675,0.409536,0.15844
/kaggle/input/datasets/afqwe0/clotheslabelled/Mahesh/Loafers/9dca57f85d4b734c402e3e0c7e7d4812.jpg,11,0.221791,0.572476,0.285465,0.323817
/kaggle/input/datasets/afqwe0/clotheslabelled/Mahesh/Loafers/9dca57f85d4b734c402e3e0c7e7d4812.jpg,11,0.454331,0.641601,0.759937,0.462093
/kaggle/input/datasets/afqwe0/clotheslabelled/Mahesh/Loafers/9dca57f85d4b734c402e3e0c7e7d4812.jpg,11,0.621271,0.792269,0.409536,0.158962
/kaggle/input/datasets/afqwe0/clotheslabelled/Mahesh/Loafers/9dca57f85d4b734c402e3e0c7e7d4812.jpg,11,0.221594,0.572251,0.285465,0.323817
/kaggle/input/datasets/afqwe0/clotheslabelled/Mahesh/Loafers/8d0ca3a602896f8d35124a564aa5cc14.jpg,11,0.421175,0.585101,0.520602,0.696874
/kaggle/input/datasets/afqwe0/clotheslabelled/Mahesh/Loafers/8d0ca3a602896f8d35124a564aa5cc14.jpg,11,0.644049,0.400835,0.487414,0.676713
/kaggle/input/datasets/afqwe0/clotheslabelled/Mahesh/Loafers/8d0ca3a602896f8d35124a564aa5cc14.jpg,11,0.421629,0.584435,0.522552,0.696874
/kaggle/input/datasets/afqwe0/clotheslabelled/Mahesh/Loafers/8d0ca3a602896f8d35124a564aa5cc14.jpg,11,0.64472,0.399527,0.489366,0.673285
/kaggle/input/datasets/afqwe0/clotheslabelled/Mahesh/Loafers/8d0ca3a602896f8d35124a564aa5cc14.jpg,11,0.523055,0.498779,0.732746,0.870686
/kaggle/input/datasets/afqwe0/clotheslabelled/Mahesh/Loafers/8d0ca3a602896f8d35124a564aa5cc14.jpg,11,0.526708,0.497657,0.728131,0.874164
/kaggle/input/datasets/afqwe0/clotheslabelled/Mahesh/Loafers/d7840f9372cf77305e9afc0eaf1cc298.jpg,11,0.522324,0.479991,0.738821,0.877561
/kaggle/input/datasets/afqwe0/clotheslabelled/Mahesh/Loafers/d7840f9372cf77305e9afc0eaf1cc298.jpg,11,0.521593,0.480333,0.734273,0.87923
/kaggle/input/datasets/afqwe0/clotheslabelled/Mahesh/Loafers/1337fafc660dd5db95e231d6bdc9f303.jpg,11,0.512617,0.498627,0.878895,0.867126
/kaggle/input/datasets/afqwe0/clotheslabelled/Mahesh/Loafers/1337fafc660dd5db95e231d6bdc9f303.jpg,11,0.511822,0.49668,0.880566,0.861632
/kaggle/input/datasets/afqwe0/clotheslabelled/Mahesh/Loafers/21a19cca69a0077caa072fb9ecf54f01_1597117513.jpg,11,0.456922,0.586291,0.633396,0.331214
/kaggle/input/datasets/afqwe0/clotheslabelled/Mahesh/Loafers/21a19cca69a0077caa072fb9ecf54f01_1597117513.jpg,11,0.457363,0.585146,0.631033,0.331214
/kaggle/input/datasets/afqwe0/clotheslabelled/Mahesh/Loafers/eaee51e2aabec99c08f95240cbf56e90.jpg,11,0.671514,0.651421,0.468613,0.328623
/kaggle/input/datasets/afqwe0/clotheslabelled/Mahesh/Loafers/eaee51e2aabec99c08f95240cbf56e90.jpg,11,0.668971,0.64925,0.47665,0.326043
/kaggle/input/datasets/afqwe0/clotheslabelled/Mahesh/Loafers/6db7171b80f9c22f2d29d10523a97a3e.jpg,11,0.507318,0.503708,0.790469,0.942549
/kaggle/input/datasets/afqwe0/clotheslabelled/Mahesh/Loafers/6db7171b80f9c22f2d29d10523a97a3e.jpg,11,0.666233,0.399898,0.435086,0.743994
/kaggle/input/datasets/afqwe0/clotheslabelled/Mahesh/Loafers/6db7171b80f9c22f2d29d10523a97a3e.jpg,11,0.365727,0.607197,0.491091,0.7499
/kaggle/input/datasets/afqwe0/clotheslabelled/Mahesh/Loafers/6db7171b80f9c22f2d29d10523a97a3e.jpg,11,0.365886,0.607708,0.491092,0.7499
/kaggle/input/datasets/afqwe0/clotheslabelled/Mahesh/Loafers/6db7171b80f9c22f2d29d10523a97a3e.jpg,11,0.666096,0.400934,0.435086,0.741006
/kaggle/input/datasets/afqwe0/clotheslabelled/Mahesh/Loafers/6db7171b80f9c22f2d29d10523a97a3e.jpg,11,0.506695,0.505469,0.789176,0.939958
/kaggle/input/datasets/afqwe0/clotheslabelled/Mahesh/Loafers/e7d38a0953d1bc51d0f783283eca9852.jpg,11,0.598675,0.4826,0.812999,0.655873
/kaggle/input/datasets/afqwe0/clotheslabelled/Mahesh/Loafers/e7d38a0953d1bc51d0f783283eca9852.jpg,11,0.599035,0.483765,0.810089,0.655873
/kaggle/input/datasets/afqwe0/clotheslabelled/Mahesh/Loafers/e7d38a0953d1bc51d0f783283eca9852.jpg,11,0.291063,0.913519,0.635342,0.16687
/kaggle/input/datasets/afqwe0/clotheslabelled/Mahesh/Loafers/e7d38a0953d1bc51d0f783283eca9852.jpg,11,0.483987,0.564182,1.0,0.83984
/kaggle/input/datasets/afqwe0/clotheslabelled/Mahesh/Loafers/e7d38a0953d1bc51d0f783283eca9852.jpg,11,0.290049,0.909816,0.646814,0.166328
/kaggle/input/datasets/afqwe0/clotheslabelled/Mahesh/Loafers/dc4e9241a0b82838eab04b50d8b2db77.jpg,11,0.384516,0.83197,0.640671,0.148842
/kaggle/input/datasets/afqwe0/clotheslabelled/Mahesh/Loafers/dc4e9241a0b82838eab04b50d8b2db77.jpg,11,0.793359,0.384401,0.42079,0.384088
/kaggle/input/datasets/afqwe0/clotheslabelled/Mahesh/Loafers/dc4e9241a0b82838eab04b50d8b2db77.jpg,11,0.383109,0.832337,0.637806,0.152591
/kaggle/input/datasets/afqwe0/clotheslabelled/Mahesh/Loafers/dc4e9241a0b82838eab04b50d8b2db77.jpg,11,0.534563,0.548673,0.944345,0.712393
/kaggle/input/datasets/afqwe0/clotheslabelled/Mahesh/Loafers/dc4e9241a0b82838eab04b50d8b2db77.jpg,11,0.794055,0.380512,0.421381,0.38132
/kaggle/input/datasets/afqwe0/clotheslabelled/Mahesh/Loafers/16853587589eca7f919d6e4a9fa608f6633acf8a41_2383956529.png,11,0.470283,0.52476,0.8843,0.76783
/kaggle/input/datasets/afqwe0/clotheslabelled/Mahesh/Loafers/16853587589eca7f919d6e4a9fa608f6633acf8a41_2383956529.png,11,0.474309,0.522933,0.872615,0.766434
/kaggle/input/datasets/afqwe0/clotheslabelled/Mahesh/Loafers/16853587589eca7f919d6e4a9fa608f6633acf8a41_2383956529.png,11,0.613455,0.432711,0.587205,0.580455
/kaggle/input/datasets/afqwe0/clotheslabelled/Mahesh/Loafers/16853587589eca7f919d6e4a9fa608f6633acf8a41_2383956529.png,11,0.423435,0.651913,0.773219,0.510847
/kaggle/input/datasets/afqwe0/clotheslabelled/Mahesh/Loafers/59cffb48c6d9b1c494707f4d1fe608c1.jpg,11,0.560241,0.620511,0.714901,0.230129
/kaggle/input/datasets/afqwe0/clotheslabelled/Mahesh/Loafers/59cffb48c6d9b1c494707f4d1fe608c1.jpg,11,0.559272,0.620546,0.720079,0.227544
/kaggle/input/datasets/afqwe0/clotheslabelled/Mahesh/Loafers/59cffb48c6d9b1c494707f4d1fe608c1.jpg,11,0.340997,0.336043,0.427206,0.135009
/kaggle/input/datasets/afqwe0/clotheslabelled/Mahesh/Loafers/59cffb48c6d9b1c494707f4d1fe608c1.jpg,11,0.340171,0.335012,0.422683,0.132744
/kaggle/input/datasets/afqwe0/clotheslabelled/Mahesh/Loafers/59cffb48c6d9b1c494707f4d1fe608c1.jpg,11,0.526841,0.490053,0.796749,0.473366
/kaggle/input/datasets/afqwe0/clotheslabelled/Mahesh/Loafers/Big_Size_Men_s_Casual_Loafers_Slip_On_Leather_Shoes_Lightweight_Driving_Shoes_Moccasins_Classic_Penny_Loafer_Flats_Boat_Shoes_be6608af_9758_4d56_aeea_cb41171017e8.55ced669d78f788f21e3679c7f933095_17154103.jpg,11,0.494446,0.52074,0.890371,0.381981
/kaggle/input/datasets/afqwe0/clotheslabelled/Mahesh/Loafers/Big_Size_Men_s_Casual_Loafers_Slip_On_Leather_Shoes_Lightweight_Driving_Shoes_Moccasins_Classic_Penny_Loafer_Flats_Boat_Shoes_be6608af_9758_4d56_aeea_cb41171017e8.55ced669d78f788f21e3679c7f933095_17154103.jpg,11,0.493409,0.52045,0.892228,0.376723
/kaggle/input/datasets/afqwe0/clotheslabelled/Mahesh/Loafers/7b43b69ffbac1ebf1b572aa224e80807.jpg,11,0.306935,0.37841,0.497246,0.321766
/kaggle/input/datasets/afqwe0/clotheslabelled/Mahesh/Loafers/7b43b69ffbac1ebf1b572aa224e80807.jpg,11,0.450599,0.564098,0.670486,0.262924
/kaggle/input/datasets/afqwe0/clotheslabelled/Mahesh/Loafers/7b43b69ffbac1ebf1b572aa224e80807.jpg,11,0.42331,0.455315,0.743038,0.469869
/kaggle/input/datasets/afqwe0/clotheslabelled/Mahesh/Loafers/7b43b69ffbac1ebf1b572aa224e80807.jpg,11,0.307979,0.379188,0.499684,0.323473
/kaggle/input/datasets/afqwe0/clotheslabelled/Mahesh/Loafers/7b43b69ffbac1ebf1b572aa224e80807.jpg,11,0.449052,0.563904,0.667883,0.267109
/kaggle/input/datasets/afqwe0/clotheslabelled/Mahesh/Loafers/7b43b69ffbac1ebf1b572aa224e80807.jpg,11,0.513414,0.584947,0.918986,0.721901
/kaggle/input/datasets/afqwe0/clotheslabelled/Mahesh/Loafers/7b43b69ffbac1ebf1b572aa224e80807.jpg,11,0.410975,0.452464,0.714658,0.473763
/kaggle/input/datasets/afqwe0/clotheslabelled/Mahesh/Loafers/130e5ada7bd466c5b96bd0ee6f01789b.jpg,11,0.504291,0.636194,0.937375,0.182343
/kaggle/input/datasets/afqwe0/clotheslabelled/Mahesh/Loafers/130e5ada7bd466c5b96bd0ee6f01789b.jpg,11,0.279168,0.634044,0.49755,0.168917
/kaggle/input/datasets/afqwe0/clotheslabelled/Mahesh/Loafers/130e5ada7bd466c5b96bd0ee6f01789b.jpg,11,0.779746,0.639002,0.367273,0.182723
/kaggle/input/datasets/afqwe0/clotheslabelled/Mahesh/Loafers/130e5ada7bd466c5b96bd0ee6f01789b.jpg,11,0.501736,0.637825,0.937375,0.182707
/kaggle/input/datasets/afqwe0/clotheslabelled/Mahesh/Loafers/758eee73cfe3748b6d2fe55c5c16d9cc.jpg,11,0.467168,0.576111,0.814073,0.339047
/kaggle/input/datasets/afqwe0/clotheslabelled/Mahesh/Loafers/758eee73cfe3748b6d2fe55c5c16d9cc.jpg,11,0.203821,0.191678,0.43633,0.169687
/kaggle/input/datasets/afqwe0/clotheslabelled/Mahesh/Loafers/758eee73cfe3748b6d2fe55c5c16d9cc.jpg,11,0.468061,0.57753,0.816547,0.337298
/kaggle/input/datasets/afqwe0/clotheslabelled/Mahesh/Loafers/758eee73cfe3748b6d2fe55c5c16d9cc.jpg,11,0.203821,0.19064,0.438626,0.169687
/kaggle/input/datasets/afqwe0/clotheslabelled/Mahesh/Loafers/f92cd313d6f6d00c8965a7e3f698220a.jpg,11,0.228207,0.468961,0.387436,0.619801
/kaggle/input/datasets/afqwe0/clotheslabelled/Mahesh/Loafers/f92cd313d6f6d00c8965a7e3f698220a.jpg,11,0.634447,0.510424,0.437037,0.965526
/kaggle/input/datasets/afqwe0/clotheslabelled/Mahesh/Loafers/f92cd313d6f6d00c8965a7e3f698220a.jpg,11,0.448664,0.507385,0.829805,0.963807
/kaggle/input/datasets/afqwe0/clotheslabelled/Mahesh/Loafers/f92cd313d6f6d00c8965a7e3f698220a.jpg,11,0.448664,0.508398,0.834152,0.959185
/kaggle/input/datasets/afqwe0/clotheslabelled/Mahesh/Loafers/f92cd313d6f6d00c8965a7e3f698220a.jpg,11,0.633938,0.509637,0.438147,0.967546
/kaggle/input/datasets/afqwe0/clotheslabelled/Mahesh/Loafers/f92cd313d6f6d00c8965a7e3f698220a.jpg,11,0.227465,0.470853,0.387436,0.625309
/kaggle/input/datasets/afqwe0/clotheslabelled/Mahesh/Loafers/Skate_Loafer_Shoe_2909981770.jpg,11,0.456127,0.484478,0.910164,0.966939
/kaggle/input/datasets/afqwe0/clotheslabelled/Mahesh/Loafers/Skate_Loafer_Shoe_2909981770.jpg,11,0.459468,0.483587,0.906283,0.96888
/kaggle/input/datasets/afqwe0/clotheslabelled/Mahesh/Loafers/40a249efc7e3f8780ea942c0bdf1149d.jpg,11,0.550849,0.507313,0.784121,0.842858
/kaggle/input/datasets/afqwe0/clotheslabelled/Mahesh/Loafers/40a249efc7e3f8780ea942c0bdf1149d.jpg,11,0.576353,0.612301,0.725733,0.649131
/kaggle/input/datasets/afqwe0/clotheslabelled/Mahesh/Loafers/40a249efc7e3f8780ea942c0bdf1149d.jpg,11,0.575712,0.612108,0.731909,0.637258
/kaggle/input/datasets/afqwe0/clotheslabelled/Mahesh/Loafers/40a249efc7e3f8780ea942c0bdf1149d.jpg,11,0.549157,0.508289,0.781465,0.848932
/kaggle/input/datasets/afqwe0/clotheslabelled/Mahesh/Loafers/40a249efc7e3f8780ea942c0bdf1149d.jpg,11,0.333783,0.415133,0.343437,0.658609
/kaggle/input/datasets/afqwe0/clotheslabelled/Mahesh/Loafers/a34cb2140f4b9596908d4cbac4c1ac9e.jpg,11,0.500579,0.520253,0.877274,0.354977
/kaggle/input/datasets/afqwe0/clotheslabelled/Mahesh/Loafers/a34cb2140f4b9596908d4cbac4c1ac9e.jpg,11,0.374206,0.416363,0.589304,0.142714
/kaggle/input/datasets/afqwe0/clotheslabelled/Mahesh/Loafers/a34cb2140f4b9596908d4cbac4c1ac9e.jpg,11,0.665429,0.591846,0.52195,0.216995
/kaggle/input/datasets/afqwe0/clotheslabelled/Mahesh/Loafers/a34cb2140f4b9596908d4cbac4c1ac9e.jpg,11,0.496724,0.522202,0.871594,0.351408
/kaggle/input/datasets/afqwe0/clotheslabelled/Mahesh/Loafers/a34cb2140f4b9596908d4cbac4c1ac9e.jpg,11,0.376802,0.414331,0.598537,0.146628
/kaggle/input/datasets/afqwe0/clotheslabelled/Mahesh/Loafers/0c8597ef4747a45a6042ee4534908670.jpg,11,0.502686,0.512266,0.656449,0.762212
/kaggle/input/datasets/afqwe0/clotheslabelled/Mahesh/Loafers/0c8597ef4747a45a6042ee4534908670.jpg,11,0.467977,0.573201,0.57064,0.638032
/kaggle/input/datasets/afqwe0/clotheslabelled/Mahesh/Loafers/0c8597ef4747a45a6042ee4534908670.jpg,11,0.503467,0.51035,0.653854,0.762212
/kaggle/input/datasets/afqwe0/clotheslabelled/Mahesh/Loafers/a7276199308c5e651ea24ccdd91e73df.jpg,11,0.591148,0.397187,0.748426,0.370324
/kaggle/input/datasets/afqwe0/clotheslabelled/Mahesh/Loafers/a7276199308c5e651ea24ccdd91e73df.jpg,11,0.452062,0.543106,0.821483,0.487413
/kaggle/input/datasets/afqwe0/clotheslabelled/Mahesh/Loafers/a7276199308c5e651ea24ccdd91e73df.jpg,11,0.50293,0.498566,0.928166,0.576734
/kaggle/input/datasets/afqwe0/clotheslabelled/Mahesh/Loafers/a7276199308c5e651ea24ccdd91e73df.jpg,11,0.592984,0.396933,0.745859,0.369414
/kaggle/input/datasets/afqwe0/clotheslabelled/Mahesh/Loafers/a7276199308c5e651ea24ccdd91e73df.jpg,11,0.45271,0.541667,0.821484,0.491318
/kaggle/input/datasets/afqwe0/clotheslabelled/Mahesh/Loafers/a7276199308c5e651ea24ccdd91e73df.jpg,11,0.499171,0.49961,0.919298,0.57864
/kaggle/input/datasets/afqwe0/clotheslabelled/Mahesh/Loafers/59ab753eb8621b026c7614611aabcf56.jpg,11,0.491615,0.371676,0.795285,0.285857
/kaggle/input/datasets/afqwe0/clotheslabelled/Mahesh/Loafers/59ab753eb8621b026c7614611aabcf56.jpg,11,0.525088,0.538255,0.724628,0.458212
/kaggle/input/datasets/afqwe0/clotheslabelled/Mahesh/Loafers/59ab753eb8621b026c7614611aabcf56.jpg,11,0.489516,0.372228,0.79776,0.288255
/kaggle/input/datasets/afqwe0/clotheslabelled/Mahesh/Loafers/59ab753eb8621b026c7614611aabcf56.jpg,11,0.524605,0.538271,0.724628,0.452399
/kaggle/input/datasets/afqwe0/clotheslabelled/Mahesh/Loafers/59ab753eb8621b026c7614611aabcf56.jpg,11,0.495348,0.497467,0.808964,0.538208
/kaggle/input/datasets/afqwe0/clotheslabelled/Mahesh/Loafers/78cad3f5a5b460f6a65f5b78db9cbc8a.jpg,11,0.496765,0.662709,0.974063,0.531405
/kaggle/input/datasets/afqwe0/clotheslabelled/Mahesh/Loafers/78cad3f5a5b460f6a65f5b78db9cbc8a.jpg,11,0.558592,0.73028,0.848069,0.396197
/kaggle/input/datasets/afqwe0/clotheslabelled/Mahesh/Loafers/78cad3f5a5b460f6a65f5b78db9cbc8a.jpg,11,0.297456,0.523861,0.588046,0.245525
/kaggle/input/datasets/afqwe0/clotheslabelled/Mahesh/Loafers/78cad3f5a5b460f6a65f5b78db9cbc8a.jpg,11,0.558809,0.728542,0.850071,0.406904
/kaggle/input/datasets/afqwe0/clotheslabelled/Mahesh/Loafers/5dddc9d5c0c97457909594db3cf9da8c.jpg,11,0.350431,0.589153,0.346646,0.237583
/kaggle/input/datasets/afqwe0/clotheslabelled/Mahesh/Loafers/5dddc9d5c0c97457909594db3cf9da8c.jpg,11,0.560225,0.677626,0.792714,0.41216
/kaggle/input/datasets/afqwe0/clotheslabelled/Mahesh/Loafers/5dddc9d5c0c97457909594db3cf9da8c.jpg,11,0.703981,0.766579,0.478884,0.23624
/kaggle/input/datasets/afqwe0/clotheslabelled/Mahesh/Loafers/5dddc9d5c0c97457909594db3cf9da8c.jpg,11,0.350431,0.588744,0.342308,0.236171
/kaggle/input/datasets/afqwe0/clotheslabelled/Mahesh/Loafers/5dddc9d5c0c97457909594db3cf9da8c.jpg,11,0.702801,0.765431,0.47344,0.236593
/kaggle/input/datasets/afqwe0/clotheslabelled/Mahesh/Loafers/Big_Size_Men_s_Casual_Loafers_Slip_Leather_Shoes_Comfortable_Lightweight_Driving_Shoes_Male_Moccasins_Classic_Penny_Loafer_Flats_Boat_Shoes_Outdoor_W_61761e49_f2dd_4e00_aa61_761c3e1417fa.6c5fcd09ebece5902.jpg,11,0.502899,0.532182,0.976329,0.522154
/kaggle/input/datasets/afqwe0/clotheslabelled/Mahesh/Loafers/Big_Size_Men_s_Casual_Loafers_Slip_Leather_Shoes_Comfortable_Lightweight_Driving_Shoes_Male_Moccasins_Classic_Penny_Loafer_Flats_Boat_Shoes_Outdoor_W_61761e49_f2dd_4e00_aa61_761c3e1417fa.6c5fcd09ebece5902.jpg,11,0.503815,0.5333,0.978401,0.522642
/kaggle/input/datasets/afqwe0/clotheslabelled/Mahesh/Loafers/Ablanczoom_Loafers_Womens_Flats_Comfort_Walking_Shoes_Woman_Casual_Sneakers_No_Slip_Leather_Dress_Shoe_6c83d8ea_70ac_42ec_939a_64a9e974ae92.f4be518630ba29dcffb6a158bc97f16c_2646560183.jpg,11,0.500085,0.471892,0.971586,0.806975
/kaggle/input/datasets/afqwe0/clotheslabelled/Mahesh/Loafers/Ablanczoom_Loafers_Womens_Flats_Comfort_Walking_Shoes_Woman_Casual_Sneakers_No_Slip_Leather_Dress_Shoe_6c83d8ea_70ac_42ec_939a_64a9e974ae92.f4be518630ba29dcffb6a158bc97f16c_2646560183.jpg,11,0.499592,0.469861,0.968405,0.804529
/kaggle/input/datasets/afqwe0/clotheslabelled/Mahesh/Loafers/7d3265c82d0da2f7407592634c57b881.jpg,11,0.498947,0.492774,0.991429,0.972014
/kaggle/input/datasets/afqwe0/clotheslabelled/Mahesh/Loafers/7d3265c82d0da2f7407592634c57b881.jpg,11,0.498543,0.489442,0.990595,0.969808
/kaggle/input/datasets/afqwe0/clotheslabelled/Mahesh/Loafers/7d3265c82d0da2f7407592634c57b881.jpg,11,0.445664,0.308181,0.863902,0.603099
/kaggle/input/datasets/afqwe0/clotheslabelled/Mahesh/Loafers/7d3265c82d0da2f7407592634c57b881.jpg,11,0.442952,0.305544,0.86932,0.604967
/kaggle/input/datasets/afqwe0/clotheslabelled/Mahesh/Loafers/6e56bfcd89b1bc460d2b29903ae6d0dd_2070210243.jpg,11,0.223957,0.625099,0.40513,0.388719
/kaggle/input/datasets/afqwe0/clotheslabelled/Mahesh/Loafers/6e56bfcd89b1bc460d2b29903ae6d0dd_2070210243.jpg,11,0.493924,0.648689,0.953222,0.437055
/kaggle/input/datasets/afqwe0/clotheslabelled/Mahesh/Loafers/6e56bfcd89b1bc460d2b29903ae6d0dd_2070210243.jpg,11,0.710787,0.712475,0.506725,0.308281
/kaggle/input/datasets/afqwe0/clotheslabelled/Mahesh/Loafers/6e56bfcd89b1bc460d2b29903ae6d0dd_2070210243.jpg,11,0.709195,0.708693,0.510409,0.316672
/kaggle/input/datasets/afqwe0/clotheslabelled/Mahesh/Loafers/6e56bfcd89b1bc460d2b29903ae6d0dd_2070210243.jpg,11,0.224294,0.625106,0.406232,0.389647
/kaggle/input/datasets/afqwe0/clotheslabelled/Mahesh/Loafers/6e56bfcd89b1bc460d2b29903ae6d0dd_2070210243.jpg,11,0.493314,0.6486,0.9511,0.4397
/kaggle/input/datasets/afqwe0/clotheslabelled/Mahesh/Loafers/811lEIgpR7L_2981315486.jpg,11,0.497757,0.499041,0.982571,0.989249
/kaggle/input/datasets/afqwe0/clotheslabelled/Mahesh/Loafers/811lEIgpR7L_2981315486.jpg,11,0.49868,0.500206,0.982028,0.989249
/kaggle/input/datasets/afqwe0/clotheslabelled/Mahesh/Loafers/6750c88c45881c8195f63f81644d822c.jpg,11,0.493299,0.553408,0.911983,0.677645
/kaggle/input/datasets/afqwe0/clotheslabelled/Mahesh/Loafers/6750c88c45881c8195f63f81644d822c.jpg,11,0.492842,0.548915,0.910592,0.67935
/kaggle/input/datasets/afqwe0/clotheslabelled/Mahesh/Loafers/1e24e0b166f54475a7473c616443b76f.jpg,11,0.196049,0.746071,0.341678,0.448531
/kaggle/input/datasets/afqwe0/clotheslabelled/Mahesh/Loafers/1e24e0b166f54475a7473c616443b76f.jpg,11,0.924263,0.244487,0.151033,0.208508
/kaggle/input/datasets/afqwe0/clotheslabelled/Mahesh/Loafers/1e24e0b166f54475a7473c616443b76f.jpg,11,0.753933,0.927492,0.398976,0.128136
/kaggle/input/datasets/afqwe0/clotheslabelled/Mahesh/Loafers/1e24e0b166f54475a7473c616443b76f.jpg,11,0.284552,0.748963,0.154573,0.44892
/kaggle/input/datasets/afqwe0/clotheslabelled/Mahesh/Loafers/1e24e0b166f54475a7473c616443b76f.jpg,11,0.195127,0.747102,0.339923,0.450464
/kaggle/input/datasets/afqwe0/clotheslabelled/Mahesh/Loafers/674251df0baf91bb0647ad618a2136eb.jpg,11,0.477873,0.621678,0.901249,0.715584
/kaggle/input/datasets/afqwe0/clotheslabelled/Mahesh/Loafers/674251df0baf91bb0647ad618a2136eb.jpg,11,0.329688,0.569374,0.592893,0.603099
/kaggle/input/datasets/afqwe0/clotheslabelled/Mahesh/Loafers/674251df0baf91bb0647ad618a2136eb.jpg,11,0.672136,0.768322,0.499854,0.42547
/kaggle/input/datasets/afqwe0/clotheslabelled/Mahesh/Loafers/674251df0baf91bb0647ad618a2136eb.jpg,11,0.488413,0.621219,0.912578,0.709181
/kaggle/input/datasets/afqwe0/clotheslabelled/Mahesh/Loafers/9ebea1a05edadbcc52cb3db98ecd1958.jpg,11,0.473045,0.595537,0.73112,0.252833
/kaggle/input/datasets/afqwe0/clotheslabelled/Mahesh/Loafers/9ebea1a05edadbcc52cb3db98ecd1958.jpg,11,0.471765,0.59432,0.73112,0.252464
/kaggle/input/datasets/afqwe0/clotheslabelled/Mahesh/Loafers/9ebea1a05edadbcc52cb3db98ecd1958.jpg,11,0.552983,0.562657,0.884906,0.325185
/kaggle/input/datasets/afqwe0/clotheslabelled/Mahesh/Loafers/9ebea1a05edadbcc52cb3db98ecd1958.jpg,11,0.547317,0.560012,0.899029,0.318365
/kaggle/input/datasets/afqwe0/clotheslabelled/Mahesh/Loafers/9ebea1a05edadbcc52cb3db98ecd1958.jpg,11,0.857433,0.500436,0.241593,0.195908
/kaggle/input/datasets/afqwe0/clotheslabelled/Mahesh/Loafers/ba7ec510d172487ab248e30f4f8723e9.jpg,11,0.350272,0.47707,0.362782,0.207864
/kaggle/input/datasets/afqwe0/clotheslabelled/Mahesh/Loafers/ba7ec510d172487ab248e30f4f8723e9.jpg,11,0.392369,0.692686,0.612569,0.270179
/kaggle/input/datasets/afqwe0/clotheslabelled/Mahesh/Loafers/ba7ec510d172487ab248e30f4f8723e9.jpg,11,0.391651,0.690952,0.612569,0.268641
/kaggle/input/datasets/afqwe0/clotheslabelled/Mahesh/Loafers/ba7ec510d172487ab248e30f4f8723e9.jpg,11,0.350448,0.477913,0.367097,0.208508
/kaggle/input/datasets/afqwe0/clotheslabelled/Mahesh/Loafers/ba7ec510d172487ab248e30f4f8723e9.jpg,11,0.399644,0.598122,0.601277,0.4466
/kaggle/input/datasets/afqwe0/clotheslabelled/Mahesh/Loafers/d887db918e47e0d3aaa0ee1b287add22.jpg,11,0.363809,0.709487,0.194772,0.179824
/kaggle/input/datasets/afqwe0/clotheslabelled/Mahesh/Loafers/d887db918e47e0d3aaa0ee1b287add22.jpg,11,0.718236,0.729013,0.358502,0.185068
/kaggle/input/datasets/afqwe0/clotheslabelled/Mahesh/Loafers/d887db918e47e0d3aaa0ee1b287add22.jpg,11,0.576558,0.722651,0.652568,0.198054
/kaggle/input/datasets/afqwe0/clotheslabelled/Mahesh/Loafers/d887db918e47e0d3aaa0ee1b287add22.jpg,11,0.718906,0.729479,0.358502,0.185068
/kaggle/input/datasets/afqwe0/clotheslabelled/Mahesh/Loafers/d887db918e47e0d3aaa0ee1b287add22.jpg,11,0.363874,0.709056,0.193781,0.18098
/kaggle/input/datasets/afqwe0/clotheslabelled/Mahesh/Loafers/5201f40ec6e3ff0afa464b0a8c3a2823.jpg,11,0.551424,0.557845,0.40988,0.375806
/kaggle/input/datasets/afqwe0/clotheslabelled/Mahesh/Loafers/5201f40ec6e3ff0afa464b0a8c3a2823.jpg,11,0.551039,0.559216,0.406935,0.37489
/kaggle/input/datasets/afqwe0/clotheslabelled/Mahesh/Loafers/5201f40ec6e3ff0afa464b0a8c3a2823.jpg,11,0.547601,0.464101,0.401068,0.559395
/kaggle/input/datasets/afqwe0/clotheslabelled/Mahesh/Loafers/5201f40ec6e3ff0afa464b0a8c3a2823.jpg,11,0.551938,0.467935,0.40988,0.557468
/kaggle/input/datasets/afqwe0/clotheslabelled/Mahesh/Loafers/5201f40ec6e3ff0afa464b0a8c3a2823.jpg,11,0.57011,0.344814,0.277151,0.320405
/kaggle/input/datasets/afqwe0/clotheslabelled/Mahesh/Loafers/5201f40ec6e3ff0afa464b0a8c3a2823.jpg,11,0.518409,0.360347,0.373208,0.356768
/kaggle/input/datasets/afqwe0/clotheslabelled/Mahesh/Loafers/5201f40ec6e3ff0afa464b0a8c3a2823.jpg,11,0.572019,0.32705,0.270798,0.2826
/kaggle/input/datasets/afqwe0/clotheslabelled/Mahesh/Loafers/5201f40ec6e3ff0afa464b0a8c3a2823.jpg,11,0.527078,0.362582,0.355447,0.354083
/kaggle/input/datasets/afqwe0/clotheslabelled/Mahesh/Loafers/55ddce154febaa8979cb346d82c03dcc.jpg,11,0.794024,0.425296,0.403669,0.305787
/kaggle/input/datasets/afqwe0/clotheslabelled/Mahesh/Loafers/55ddce154febaa8979cb346d82c03dcc.jpg,11,0.291508,0.732139,0.549746,0.235712
/kaggle/input/datasets/afqwe0/clotheslabelled/Mahesh/Loafers/55ddce154febaa8979cb346d82c03dcc.jpg,11,0.794024,0.425213,0.40461,0.304131
/kaggle/input/datasets/afqwe0/clotheslabelled/Mahesh/Loafers/55ddce154febaa8979cb346d82c03dcc.jpg,11,0.291357,0.7316,0.549746,0.232909
/kaggle/input/datasets/afqwe0/clotheslabelled/Mahesh/Loafers/bf1289bee13c169adf93caa729d4dcba.jpg,11,0.538405,0.467672,0.80774,0.903363
/kaggle/input/datasets/afqwe0/clotheslabelled/Mahesh/Loafers/ceed64e91d329ba3c3d7776efa00c10e.jpg,11,0.57156,0.374742,0.491712,0.532288
/kaggle/input/datasets/afqwe0/clotheslabelled/Mahesh/Loafers/a6134b337dbd3791dd4dc7308fd571fb.jpg,11,0.693864,0.636816,0.42628,0.234765
/kaggle/input/datasets/afqwe0/clotheslabelled/Mahesh/Loafers/a6134b337dbd3791dd4dc7308fd571fb.jpg,11,0.343392,0.761296,0.377591,0.266345
/kaggle/input/datasets/afqwe0/clotheslabelled/Mahesh/Loafers/a6134b337dbd3791dd4dc7308fd571fb.jpg,11,0.693504,0.637311,0.42628,0.231969
/kaggle/input/datasets/afqwe0/clotheslabelled/Mahesh/Loafers/a6134b337dbd3791dd4dc7308fd571fb.jpg,11,0.531791,0.70965,0.783828,0.370324
/kaggle/input/datasets/afqwe0/clotheslabelled/Mahesh/Loafers/a6134b337dbd3791dd4dc7308fd571fb.jpg,11,0.341816,0.761817,0.376489,0.265963
/kaggle/input/datasets/afqwe0/clotheslabelled/Mahesh/Loafers/a6134b337dbd3791dd4dc7308fd571fb.jpg,11,0.532156,0.707246,0.777978,0.375806
/kaggle/input/datasets/afqwe0/clotheslabelled/Mahesh/Loafers/8e7f57afb013a069c73f891e262c5e44.jpg,11,0.304428,0.519231,0.282282,0.279521
/kaggle/input/datasets/afqwe0/clotheslabelled/Mahesh/Loafers/8e7f57afb013a069c73f891e262c5e44.jpg,11,0.723629,0.577303,0.354977,0.303305
/kaggle/input/datasets/afqwe0/clotheslabelled/Mahesh/Loafers/8e7f57afb013a069c73f891e262c5e44.jpg,11,0.724214,0.575951,0.354977,0.304132
/kaggle/input/datasets/afqwe0/clotheslabelled/Mahesh/Loafers/8e7f57afb013a069c73f891e262c5e44.jpg,11,0.304066,0.517083,0.283471,0.282678
/kaggle/input/datasets/afqwe0/clotheslabelled/Mahesh/Loafers/OIP_1245898553.jpg,11,0.617769,0.494671,0.210066,0.865429
/kaggle/input/datasets/afqwe0/clotheslabelled/Mahesh/Loafers/OIP_1245898553.jpg,11,0.387332,0.493948,0.220332,0.8598
/kaggle/input/datasets/afqwe0/clotheslabelled/Mahesh/Loafers/OIP_1245898553.jpg,11,0.502274,0.495266,0.45394,0.875373
/kaggle/input/datasets/afqwe0/clotheslabelled/Mahesh/Loafers/OIP_1245898553.jpg,11,0.387071,0.494067,0.220415,0.862616
/kaggle/input/datasets/afqwe0/clotheslabelled/Mahesh/Loafers/OIP_1245898553.jpg,11,0.617711,0.496237,0.209823,0.862616
/kaggle/input/datasets/afqwe0/clotheslabelled/Mahesh/Loafers/OIP_1245898553.jpg,11,0.501984,0.496451,0.450795,0.885138
/kaggle/input/datasets/afqwe0/clotheslabelled/Mahesh/Loafers/81ed575bfd57c252d187a5902ad7f37a.jpg,11,0.243635,0.225973,0.462093,0.397105
/kaggle/input/datasets/afqwe0/clotheslabelled/Mahesh/Loafers/81ed575bfd57c252d187a5902ad7f37a.jpg,11,0.754114,0.225973,0.456273,0.39337
/kaggle/input/datasets/afqwe0/clotheslabelled/Mahesh/Loafers/81ed575bfd57c252d187a5902ad7f37a.jpg,11,0.748595,0.722373,0.454335,0.403669
/kaggle/input/datasets/afqwe0/clotheslabelled/Mahesh/Loafers/81ed575bfd57c252d187a5902ad7f37a.jpg,11,0.244536,0.727049,0.460152,0.400851
/kaggle/input/datasets/afqwe0/clotheslabelled/Mahesh/Loafers/81ed575bfd57c252d187a5902ad7f37a.jpg,11,0.243275,0.226605,0.462093,0.39617
/kaggle/input/datasets/afqwe0/clotheslabelled/Mahesh/Loafers/81ed575bfd57c252d187a5902ad7f37a.jpg,11,0.754114,0.226135,0.458212,0.395236
/kaggle/input/datasets/afqwe0/clotheslabelled/Mahesh/Loafers/81ed575bfd57c252d187a5902ad7f37a.jpg,11,0.244175,0.726549,0.460152,0.398976
/kaggle/input/datasets/afqwe0/clotheslabelled/Mahesh/Loafers/81ed575bfd57c252d187a5902ad7f37a.jpg,11,0.74933,0.721573,0.452399,0.40461
/kaggle/input/datasets/afqwe0/clotheslabelled/Mahesh/Loafers/81ed575bfd57c252d187a5902ad7f37a.jpg,11,0.496475,0.482039,0.974062,0.907378
/kaggle/input/datasets/afqwe0/clotheslabelled/Mahesh/Loafers/BT271_BK0001_1742187715.jpg,11,0.495559,0.675186,0.767068,0.415951
/kaggle/input/datasets/afqwe0/clotheslabelled/Mahesh/Loafers/BT271_BK0001_1742187715.jpg,11,0.498436,0.637426,0.76783,0.491896
/kaggle/input/datasets/afqwe0/clotheslabelled/Mahesh/Loafers/BT271_BK0001_1742187715.jpg,11,0.497513,0.639195,0.76922,0.487992
/kaggle/input/datasets/afqwe0/clotheslabelled/Mahesh/Loafers/BT271_BK0001_1742187715.jpg,11,0.497268,0.675596,0.769848,0.415951
/kaggle/input/datasets/afqwe0/clotheslabelled/Mahesh/Loafers/BT271_BK0001_1742187715.jpg,11,0.523299,0.561261,0.722612,0.326902
/kaggle/input/datasets/afqwe0/clotheslabelled/Mahesh/Loafers/BT271_BK0001_1742187715.jpg,11,0.530115,0.563138,0.713119,0.332947
/kaggle/input/datasets/afqwe0/clotheslabelled/Mahesh/Loafers/loafer_trends_2023_306254_1679400664797_main.700x0c_2121840898.jpg,11,0.565456,0.335662,0.544972,0.666374
/kaggle/input/datasets/afqwe0/clotheslabelled/Mahesh/Loafers/loafer_trends_2023_306254_1679400664797_main.700x0c_2121840898.jpg,11,0.446364,0.220554,0.302145,0.433126
/kaggle/input/datasets/afqwe0/clotheslabelled/Mahesh/Loafers/loafer_trends_2023_306254_1679400664797_main.700x0c_2121840898.jpg,11,0.650095,0.456768,0.363772,0.421655
/kaggle/input/datasets/afqwe0/clotheslabelled/Mahesh/Loafers/loafer_trends_2023_306254_1679400664797_main.700x0c_2121840898.jpg,11,0.564585,0.331111,0.53892,0.659391
/kaggle/input/datasets/afqwe0/clotheslabelled/Mahesh/Loafers/3138167020m8_zm_2136380734.jpg,11,0.722063,0.630576,0.501083,0.218325
/kaggle/input/datasets/afqwe0/clotheslabelled/Mahesh/Loafers/3138167020m8_zm_2136380734.jpg,11,0.280701,0.692686,0.47766,0.39804
/kaggle/input/datasets/afqwe0/clotheslabelled/Mahesh/Loafers/3138167020m8_zm_2136380734.jpg,11,0.721965,0.630809,0.501083,0.221256
/kaggle/input/datasets/afqwe0/clotheslabelled/Mahesh/Loafers/3138167020m8_zm_2136380734.jpg,11,0.28011,0.692618,0.47766,0.398976
/kaggle/input/datasets/afqwe0/clotheslabelled/Mahesh/Loafers/3138167020m8_zm_2136380734.jpg,11,0.505798,0.695183,0.931513,0.391418
/kaggle/input/datasets/afqwe0/clotheslabelled/Mahesh/Loafers/aecc09637d44c6902fe5fd602ec917a3.jpg,11,0.326473,0.711073,0.646934,0.207365
/kaggle/input/datasets/afqwe0/clotheslabelled/Mahesh/Loafers/aecc09637d44c6902fe5fd602ec917a3.jpg,11,0.49425,0.760027,0.972168,0.315062
/kaggle/input/datasets/afqwe0/clotheslabelled/Mahesh/Loafers/aecc09637d44c6902fe5fd602ec917a3.jpg,11,0.627602,0.799923,0.707936,0.239604
/kaggle/input/datasets/afqwe0/clotheslabelled/Mahesh/Loafers/aecc09637d44c6902fe5fd602ec917a3.jpg,11,0.625909,0.802252,0.707936,0.240674
/kaggle/input/datasets/afqwe0/clotheslabelled/Mahesh/Loafers/aecc09637d44c6902fe5fd602ec917a3.jpg,11,0.324779,0.712309,0.644177,0.210512
/kaggle/input/datasets/afqwe0/clotheslabelled/Mahesh/Loafers/aecc09637d44c6902fe5fd602ec917a3.jpg,11,0.494271,0.766131,0.996973,0.315828
/kaggle/input/datasets/afqwe0/clotheslabelled/Mahesh/Loafers/98186141bbc621f4e6130daf2536153b.jpg,11,0.50167,0.452875,0.784299,0.833434
/kaggle/input/datasets/afqwe0/clotheslabelled/Mahesh/Loafers/98186141bbc621f4e6130daf2536153b.jpg,11,0.502428,0.450057,0.778956,0.82905
/kaggle/input/datasets/afqwe0/clotheslabelled/Mahesh/Loafers/60529bfd6fd6ea9738dd5323c2fa0a5f.jpg,11,0.387517,0.27982,0.455673,0.489365
/kaggle/input/datasets/afqwe0/clotheslabelled/Mahesh/Loafers/60529bfd6fd6ea9738dd5323c2fa0a5f.jpg,11,0.61986,0.762005,0.550452,0.397105
/kaggle/input/datasets/afqwe0/clotheslabelled/Mahesh/Loafers/60529bfd6fd6ea9738dd5323c2fa0a5f.jpg,11,0.38738,0.279323,0.453505,0.483511
/kaggle/input/datasets/afqwe0/clotheslabelled/Mahesh/Loafers/60529bfd6fd6ea9738dd5323c2fa0a5f.jpg,11,0.620541,0.760841,0.548181,0.39617
/kaggle/input/datasets/afqwe0/clotheslabelled/Mahesh/Loafers/60529bfd6fd6ea9738dd5323c2fa0a5f.jpg,11,0.532768,0.497681,0.75805,0.920847
/kaggle/input/datasets/afqwe0/clotheslabelled/Mahesh/Loafers/a9c5933ec7950e5f0431674366f331ba.jpg,11,0.503543,0.581018,0.824619,0.296743
/kaggle/input/datasets/afqwe0/clotheslabelled/Mahesh/Loafers/a9c5933ec7950e5f0431674366f331ba.jpg,11,0.280797,0.583742,0.343897,0.289057
/kaggle/input/datasets/afqwe0/clotheslabelled/Mahesh/Loafers/a9c5933ec7950e5f0431674366f331ba.jpg,11,0.68034,0.648575,0.431064,0.152542
/kaggle/input/datasets/afqwe0/clotheslabelled/Mahesh/Loafers/a9c5933ec7950e5f0431674366f331ba.jpg,11,0.503177,0.583011,0.824619,0.293492
/kaggle/input/datasets/afqwe0/clotheslabelled/Mahesh/Loafers/b9aa45d74b868084851965c06cf621d6.jpg,11,0.500387,0.667465,0.672797,0.264441
/kaggle/input/datasets/afqwe0/clotheslabelled/Mahesh/Loafers/b9aa45d74b868084851965c06cf621d6.jpg,11,0.445727,0.709449,0.543247,0.182562
/kaggle/input/datasets/afqwe0/clotheslabelled/Mahesh/Loafers/b9aa45d74b868084851965c06cf621d6.jpg,11,0.556885,0.607121,0.557403,0.146336
/kaggle/input/datasets/afqwe0/clotheslabelled/Mahesh/Loafers/b9aa45d74b868084851965c06cf621d6.jpg,11,0.505993,0.666561,0.661222,0.258407
/kaggle/input/datasets/afqwe0/clotheslabelled/Mahesh/Loafers/b9aa45d74b868084851965c06cf621d6.jpg,11,0.558383,0.60592,0.552757,0.146628
/kaggle/input/datasets/afqwe0/clotheslabelled/Mahesh/Loafers/b9aa45d74b868084851965c06cf621d6.jpg,11,0.444739,0.711094,0.549219,0.177531
/kaggle/input/datasets/afqwe0/clotheslabelled/Mahesh/Loafers/fe5bd5645c77c5bf0c13922879b4c082_3648741737.jpg,11,0.521642,0.463785,0.958524,0.762212
/kaggle/input/datasets/afqwe0/clotheslabelled/Mahesh/Loafers/fe5bd5645c77c5bf0c13922879b4c082_3648741737.jpg,11,0.520819,0.463626,0.942202,0.757938
/kaggle/input/datasets/afqwe0/clotheslabelled/Mahesh/Loafers/3844ae3a0d19fbec4982e21db3681de8.jpg,11,0.526951,0.750796,0.408379,0.391969
/kaggle/input/datasets/afqwe0/clotheslabelled/Mahesh/Loafers/3844ae3a0d19fbec4982e21db3681de8.jpg,11,0.733522,0.642899,0.395611,0.228945
/kaggle/input/datasets/afqwe0/clotheslabelled/Mahesh/Loafers/3844ae3a0d19fbec4982e21db3681de8.jpg,11,0.52829,0.748679,0.410268,0.389811
/kaggle/input/datasets/afqwe0/clotheslabelled/Mahesh/Loafers/3844ae3a0d19fbec4982e21db3681de8.jpg,11,0.733737,0.644285,0.395611,0.227468
/kaggle/input/datasets/afqwe0/clotheslabelled/Mahesh/Loafers/3844ae3a0d19fbec4982e21db3681de8.jpg,11,0.624104,0.72991,0.614263,0.421761
/kaggle/input/datasets/afqwe0/clotheslabelled/Mahesh/Loafers/3844ae3a0d19fbec4982e21db3681de8.jpg,11,0.628544,0.728608,0.602249,0.42865
/kaggle/input/datasets/afqwe0/clotheslabelled/Mahesh/Loafers/28e29a3af2edf94b01831b17b8550db6.jpg,11,0.488871,0.825799,0.950825,0.309114
/kaggle/input/datasets/afqwe0/clotheslabelled/Mahesh/Loafers/28e29a3af2edf94b01831b17b8550db6.jpg,11,0.48822,0.823902,0.950825,0.309949
/kaggle/input/datasets/afqwe0/clotheslabelled/Mahesh/Loafers/28e29a3af2edf94b01831b17b8550db6.jpg,11,0.48389,0.724725,0.97903,0.509472
/kaggle/input/datasets/afqwe0/clotheslabelled/Mahesh/Loafers/28e29a3af2edf94b01831b17b8550db6.jpg,11,0.720517,0.688865,0.45487,0.211749
/kaggle/input/datasets/afqwe0/clotheslabelled/Mahesh/Loafers/28e29a3af2edf94b01831b17b8550db6.jpg,11,0.488058,0.782176,0.946549,0.397105
/kaggle/input/datasets/afqwe0/clotheslabelled/Mahesh/Loafers/babda3fcf5009fd891470750ec1cb669.jpg,11,0.46644,0.843613,0.247121,0.249089
/kaggle/input/datasets/afqwe0/clotheslabelled/Mahesh/Loafers/babda3fcf5009fd891470750ec1cb669.jpg,11,0.782265,0.658971,0.284386,0.497176
/kaggle/input/datasets/afqwe0/clotheslabelled/Mahesh/Loafers/babda3fcf5009fd891470750ec1cb669.jpg,11,0.466383,0.844111,0.247121,0.249089
/kaggle/input/datasets/afqwe0/clotheslabelled/Mahesh/Loafers/babda3fcf5009fd891470750ec1cb669.jpg,11,0.635824,0.69082,0.59793,0.554664
/kaggle/input/datasets/afqwe0/clotheslabelled/Mahesh/Loafers/babda3fcf5009fd891470750ec1cb669.jpg,11,0.78333,0.659799,0.284813,0.49913
/kaggle/input/datasets/afqwe0/clotheslabelled/Mahesh/Loafers/babda3fcf5009fd891470750ec1cb669.jpg,11,0.633823,0.688384,0.59673,0.552734
/kaggle/input/datasets/afqwe0/clotheslabelled/Mahesh/Loafers/660262ce105e1376633263922cf9aaa0.jpg,11,0.492398,0.540439,0.928448,0.882509
/kaggle/input/datasets/afqwe0/clotheslabelled/Mahesh/Loafers/660262ce105e1376633263922cf9aaa0.jpg,11,0.495053,0.541021,0.924297,0.880879
/kaggle/input/datasets/afqwe0/clotheslabelled/Mahesh/Loafers/46709eef0347e72129ff9ea4aff677a7.jpg,11,0.507405,0.615041,0.995945,0.322619
/kaggle/input/datasets/afqwe0/clotheslabelled/Mahesh/Loafers/46709eef0347e72129ff9ea4aff677a7.jpg,11,0.508504,0.61382,0.995944,0.325185
/kaggle/input/datasets/afqwe0/clotheslabelled/Mahesh/Loafers/2f7902d2ee8d10661377d445d63b5e66_1.jpg,11,0.33387,0.537041,0.560963,0.263682
/kaggle/input/datasets/afqwe0/clotheslabelled/Mahesh/Loafers/2f7902d2ee8d10661377d445d63b5e66_1.jpg,11,0.567625,0.614283,0.592854,0.278342
/kaggle/input/datasets/afqwe0/clotheslabelled/Mahesh/Loafers/2f7902d2ee8d10661377d445d63b5e66_1.jpg,11,0.333522,0.537179,0.563709,0.262924
/kaggle/input/datasets/afqwe0/clotheslabelled/Mahesh/Loafers/2f7902d2ee8d10661377d445d63b5e66_1.jpg,11,0.566082,0.614116,0.588657,0.281097
/kaggle/input/datasets/afqwe0/clotheslabelled/Mahesh/Loafers/2f7902d2ee8d10661377d445d63b5e66_1.jpg,11,0.461644,0.580397,0.839092,0.350518
/kaggle/input/datasets/afqwe0/clotheslabelled/Mahesh/Loafers/2f7902d2ee8d10661377d445d63b5e66_1.jpg,11,0.46007,0.5794,0.836202,0.352299
/kaggle/input/datasets/afqwe0/clotheslabelled/Mahesh/Loafers/PLERISE_Men_s_Large_Size_Handmade_Loafers_Slip_On_Casual_Shoes_for_Business_Office_and_Leisure_Wear_with_Comfortable_All_Day_Support_cd6dacec_c3cb_4053_84f7_445e6994c0ea.822949506b6a19ee9ca13e652736384c_2.jpg,11,0.498894,0.538983,0.985508,0.338253
/kaggle/input/datasets/afqwe0/clotheslabelled/Mahesh/Loafers/PLERISE_Men_s_Large_Size_Handmade_Loafers_Slip_On_Casual_Shoes_for_Business_Office_and_Leisure_Wear_with_Comfortable_All_Day_Support_cd6dacec_c3cb_4053_84f7_445e6994c0ea.822949506b6a19ee9ca13e652736384c_2.jpg,11,0.498825,0.534758,0.986787,0.335199
/kaggle/input/datasets/afqwe0/clotheslabelled/Mahesh/Loafers/1eee739ea636465c5f5ab90d86073930.jpg,11,0.562588,0.474018,0.694359,0.743994
/kaggle/input/datasets/afqwe0/clotheslabelled/Mahesh/Loafers/1eee739ea636465c5f5ab90d86073930.jpg,11,0.563937,0.473341,0.694359,0.741006
/kaggle/input/datasets/afqwe0/clotheslabelled/Mahesh/Loafers/dcc331a42940f898e39d42497d362ca4.jpg,11,0.53797,0.532911,0.848516,0.919701
/kaggle/input/datasets/afqwe0/clotheslabelled/Mahesh/Loafers/dcc331a42940f898e39d42497d362ca4.jpg,11,0.724193,0.533514,0.463732,0.798883
/kaggle/input/datasets/afqwe0/clotheslabelled/Mahesh/Loafers/dcc331a42940f898e39d42497d362ca4.jpg,11,0.538886,0.528874,0.850661,0.913738
/kaggle/input/datasets/afqwe0/clotheslabelled/Mahesh/Loafers/dcc331a42940f898e39d42497d362ca4.jpg,11,0.723658,0.532622,0.467164,0.796361
/kaggle/input/datasets/afqwe0/clotheslabelled/Mahesh/Loafers/dcc331a42940f898e39d42497d362ca4.jpg,11,0.283507,0.369494,0.317849,0.593712
/kaggle/input/datasets/afqwe0/clotheslabelled/Mahesh/Loafers/890dc2266c4247b80b1182e350feeb2c.jpg,11,0.500422,0.49905,0.932559,0.887283
/kaggle/input/datasets/afqwe0/clotheslabelled/Mahesh/Loafers/890dc2266c4247b80b1182e350feeb2c.jpg,11,0.236004,0.489431,0.396745,0.863902
/kaggle/input/datasets/afqwe0/clotheslabelled/Mahesh/Loafers/890dc2266c4247b80b1182e350feeb2c.jpg,11,0.734819,0.498707,0.452063,0.882876
/kaggle/input/datasets/afqwe0/clotheslabelled/Mahesh/Loafers/890dc2266c4247b80b1182e350feeb2c.jpg,11,0.235576,0.489621,0.395657,0.862054
/kaggle/input/datasets/afqwe0/clotheslabelled/Mahesh/Loafers/890dc2266c4247b80b1182e350feeb2c.jpg,11,0.500322,0.496192,0.932559,0.88412
/kaggle/input/datasets/afqwe0/clotheslabelled/Mahesh/Loafers/890dc2266c4247b80b1182e350feeb2c.jpg,11,0.733963,0.49792,0.452063,0.879606
/kaggle/input/datasets/afqwe0/clotheslabelled/Mahesh/Loafers/142372c81b06969280a306f00e4f5450.jpg,11,0.66426,0.409151,0.408379,0.187272
/kaggle/input/datasets/afqwe0/clotheslabelled/Mahesh/Loafers/142372c81b06969280a306f00e4f5450.jpg,11,0.429126,0.661162,0.580455,0.551679
/kaggle/input/datasets/afqwe0/clotheslabelled/Mahesh/Loafers/142372c81b06969280a306f00e4f5450.jpg,11,0.428408,0.660894,0.580455,0.547811
/kaggle/input/datasets/afqwe0/clotheslabelled/Mahesh/Loafers/142372c81b06969280a306f00e4f5450.jpg,11,0.501984,0.624202,0.732746,0.623561
/kaggle/input/datasets/afqwe0/clotheslabelled/Mahesh/Loafers/142372c81b06969280a306f00e4f5450.jpg,11,0.664886,0.4078,0.41216,0.187346
/kaggle/input/datasets/afqwe0/clotheslabelled/Mahesh/Loafers/2f7902d2ee8d10661377d445d63b5e66.jpg,11,0.33387,0.537041,0.560963,0.263682
/kaggle/input/datasets/afqwe0/clotheslabelled/Mahesh/Loafers/2f7902d2ee8d10661377d445d63b5e66.jpg,11,0.567625,0.614283,0.592854,0.278342
/kaggle/input/datasets/afqwe0/clotheslabelled/Mahesh/Loafers/2f7902d2ee8d10661377d445d63b5e66.jpg,11,0.333522,0.537179,0.563709,0.262924
/kaggle/input/datasets/afqwe0/clotheslabelled/Mahesh/Loafers/2f7902d2ee8d10661377d445d63b5e66.jpg,11,0.566082,0.614116,0.588657,0.281097
/kaggle/input/datasets/afqwe0/clotheslabelled/Mahesh/Loafers/2f7902d2ee8d10661377d445d63b5e66.jpg,11,0.461644,0.580397,0.839092,0.350518
/kaggle/input/datasets/afqwe0/clotheslabelled/Mahesh/Loafers/2f7902d2ee8d10661377d445d63b5e66.jpg,11,0.46007,0.5794,0.836202,0.352299
/kaggle/input/datasets/afqwe0/clotheslabelled/Mahesh/Loafers/c3227a980fee704f247c0fbbb6cf2f37.jpg,11,0.509093,0.490822,0.824576,0.814172
/kaggle/input/datasets/afqwe0/clotheslabelled/Mahesh/Loafers/c3227a980fee704f247c0fbbb6cf2f37.jpg,11,0.509398,0.491394,0.814172,0.812987
/kaggle/input/datasets/afqwe0/clotheslabelled/Mahesh/Loafers/47cd5bca7895d82a3447e5b62ac15ebc55_Secondary_tmisk_1.rvertical.w570_3586827554.jpg,11,0.491266,0.547464,0.916575,0.888836
/kaggle/input/datasets/afqwe0/clotheslabelled/Mahesh/Loafers/47cd5bca7895d82a3447e5b62ac15ebc55_Secondary_tmisk_1.rvertical.w570_3586827554.jpg,11,0.251403,0.549031,0.420827,0.895197
/kaggle/input/datasets/afqwe0/clotheslabelled/Mahesh/Loafers/47cd5bca7895d82a3447e5b62ac15ebc55_Secondary_tmisk_1.rvertical.w570_3586827554.jpg,11,0.492984,0.547319,0.912733,0.891887
/kaggle/input/datasets/afqwe0/clotheslabelled/Mahesh/Loafers/47cd5bca7895d82a3447e5b62ac15ebc55_Secondary_tmisk_1.rvertical.w570_3586827554.jpg,11,0.249913,0.549111,0.421919,0.896653
/kaggle/input/datasets/afqwe0/clotheslabelled/Mahesh/Loafers/47cd5bca7895d82a3447e5b62ac15ebc55_Secondary_tmisk_1.rvertical.w570_3586827554.jpg,11,0.724139,0.557364,0.448518,0.871084
/kaggle/input/datasets/afqwe0/clotheslabelled/Mahesh/Loafers/d96662f099acb76a204faaae66708f8d_3479126091.jpg,11,0.497501,0.68894,0.893541,0.470932
/kaggle/input/datasets/afqwe0/clotheslabelled/Mahesh/Loafers/d96662f099acb76a204faaae66708f8d_3479126091.jpg,11,0.20976,0.642998,0.306322,0.385013
/kaggle/input/datasets/afqwe0/clotheslabelled/Mahesh/Loafers/d96662f099acb76a204faaae66708f8d_3479126091.jpg,11,0.710458,0.758803,0.459839,0.326043
/kaggle/input/datasets/afqwe0/clotheslabelled/Mahesh/Loafers/d96662f099acb76a204faaae66708f8d_3479126091.jpg,11,0.709433,0.75583,0.458663,0.332947
/kaggle/input/datasets/afqwe0/clotheslabelled/Mahesh/Loafers/d96662f099acb76a204faaae66708f8d_3479126091.jpg,11,0.210287,0.644068,0.305631,0.382242
/kaggle/input/datasets/afqwe0/clotheslabelled/Mahesh/Loafers/d96662f099acb76a204faaae66708f8d_3479126091.jpg,11,0.500514,0.685023,0.898125,0.471419
/kaggle/input/datasets/afqwe0/clotheslabelled/Mahesh/Loafers/29a1d888a632c534bc8b81edcba77b62.jpg,11,0.352711,0.515981,0.530342,0.662891
/kaggle/input/datasets/afqwe0/clotheslabelled/Mahesh/Loafers/29a1d888a632c534bc8b81edcba77b62.jpg,11,0.498657,0.51501,0.825703,0.662099
/kaggle/input/datasets/afqwe0/clotheslabelled/Mahesh/Loafers/29a1d888a632c534bc8b81edcba77b62.jpg,11,0.498322,0.514742,0.820009,0.665585
/kaggle/input/datasets/afqwe0/clotheslabelled/Mahesh/Loafers/29a1d888a632c534bc8b81edcba77b62.jpg,11,0.35299,0.516305,0.532288,0.662891
/kaggle/input/datasets/afqwe0/clotheslabelled/Mahesh/Loafers/29a1d888a632c534bc8b81edcba77b62.jpg,11,0.676862,0.628298,0.464036,0.351408
/kaggle/input/datasets/afqwe0/clotheslabelled/Mahesh/Loafers/29a1d888a632c534bc8b81edcba77b62.jpg,11,0.676541,0.62933,0.464036,0.351408
/kaggle/input/datasets/afqwe0/clotheslabelled/Mahesh/Loafers/fa12444a90142879cec4b9ce7f759945.jpg,11,0.384816,0.547222,0.708852,0.43889
/kaggle/input/datasets/afqwe0/clotheslabelled/Mahesh/Loafers/fa12444a90142879cec4b9ce7f759945.jpg,11,0.622603,0.479133,0.692013,0.40461
/kaggle/input/datasets/afqwe0/clotheslabelled/Mahesh/Loafers/fa12444a90142879cec4b9ce7f759945.jpg,11,0.387176,0.54506,0.708852,0.43889
/kaggle/input/datasets/afqwe0/clotheslabelled/Mahesh/Loafers/fa12444a90142879cec4b9ce7f759945.jpg,11,0.623043,0.479457,0.699243,0.402729
/kaggle/input/datasets/afqwe0/clotheslabelled/Mahesh/Loafers/fa12444a90142879cec4b9ce7f759945.jpg,11,0.501078,0.520374,0.940199,0.491896
/kaggle/input/datasets/afqwe0/clotheslabelled/Mahesh/Loafers/fa12444a90142879cec4b9ce7f759945.jpg,11,0.500017,0.523031,0.93286,0.501173
/kaggle/input/datasets/afqwe0/clotheslabelled/Mahesh/Loafers/48a555803a86d8605911a777b570fc25.jpg,11,0.466626,0.526099,0.860385,0.613423
/kaggle/input/datasets/afqwe0/clotheslabelled/Mahesh/Loafers/48a555803a86d8605911a777b570fc25.jpg,11,0.46754,0.523518,0.851942,0.615274
/kaggle/input/datasets/afqwe0/clotheslabelled/Mahesh/Loafers/fb1148f5e8d01f045c61a53afb52eba0.jpg,11,0.476155,0.720121,0.74297,0.438738
/kaggle/input/datasets/afqwe0/clotheslabelled/Mahesh/Loafers/fb1148f5e8d01f045c61a53afb52eba0.jpg,11,0.47771,0.721573,0.739906,0.448531
/kaggle/input/datasets/afqwe0/clotheslabelled/Mahesh/Loafers/fb1148f5e8d01f045c61a53afb52eba0.jpg,11,0.670045,0.714073,0.327362,0.429294
/kaggle/input/datasets/afqwe0/clotheslabelled/Mahesh/Loafers/9d1ef69fe053be741f54d5e27e17b7a3.jpg,11,0.28197,0.576065,0.410488,0.597475
/kaggle/input/datasets/afqwe0/clotheslabelled/Mahesh/Loafers/9d1ef69fe053be741f54d5e27e17b7a3.jpg,11,0.693811,0.785814,0.544601,0.331214
/kaggle/input/datasets/afqwe0/clotheslabelled/Mahesh/Loafers/9d1ef69fe053be741f54d5e27e17b7a3.jpg,11,0.521642,0.616151,0.906179,0.669054
/kaggle/input/datasets/afqwe0/clotheslabelled/Mahesh/Loafers/9d1ef69fe053be741f54d5e27e17b7a3.jpg,11,0.694665,0.785727,0.543247,0.332946
/kaggle/input/datasets/afqwe0/clotheslabelled/Mahesh/Loafers/9d1ef69fe053be741f54d5e27e17b7a3.jpg,11,0.280965,0.577303,0.409906,0.595595
/kaggle/input/datasets/afqwe0/clotheslabelled/Mahesh/Loafers/9d1ef69fe053be741f54d5e27e17b7a3.jpg,11,0.525026,0.61555,0.899159,0.674223
/kaggle/input/datasets/afqwe0/clotheslabelled/Mahesh/Loafers/a394a6a702873c106e419f54442e310a.jpg,11,0.508971,0.529848,0.687799,0.734273
/kaggle/input/datasets/afqwe0/clotheslabelled/Mahesh/Loafers/a394a6a702873c106e419f54442e310a.jpg,11,0.507751,0.530358,0.687799,0.734273
/kaggle/input/datasets/afqwe0/clotheslabelled/Mahesh/Loafers/e6a04dfcdc9c7f03a693045864bc0f62.jpg,11,0.497345,0.476945,0.912499,0.61064
/kaggle/input/datasets/afqwe0/clotheslabelled/Mahesh/Loafers/e6a04dfcdc9c7f03a693045864bc0f62.jpg,11,0.576197,0.477311,0.752159,0.61064
/kaggle/input/datasets/afqwe0/clotheslabelled/Mahesh/Loafers/8fff9d11975ae70e9b3842def3992ad1.jpg,11,0.618475,0.580352,0.397105,0.427381
/kaggle/input/datasets/afqwe0/clotheslabelled/Mahesh/Loafers/8fff9d11975ae70e9b3842def3992ad1.jpg,11,0.395999,0.669809,0.389647,0.234483
/kaggle/input/datasets/afqwe0/clotheslabelled/Mahesh/Loafers/8fff9d11975ae70e9b3842def3992ad1.jpg,11,0.618575,0.580397,0.399914,0.429294
/kaggle/input/datasets/afqwe0/clotheslabelled/Mahesh/Loafers/8fff9d11975ae70e9b3842def3992ad1.jpg,11,0.510741,0.579989,0.617121,0.431537
/kaggle/input/datasets/afqwe0/clotheslabelled/Mahesh/Loafers/8fff9d11975ae70e9b3842def3992ad1.jpg,11,0.3967,0.670654,0.387791,0.234132
/kaggle/input/datasets/afqwe0/clotheslabelled/Mahesh/Loafers/8fff9d11975ae70e9b3842def3992ad1.jpg,11,0.513303,0.580352,0.614349,0.429861
/kaggle/input/datasets/afqwe0/clotheslabelled/Mahesh/Loafers/369ae05b3809b434f3dec797a9ac6a02.jpg,11,0.538983,0.511778,0.919701,0.932503
/kaggle/input/datasets/afqwe0/clotheslabelled/Mahesh/Loafers/369ae05b3809b434f3dec797a9ac6a02.jpg,11,0.420952,0.382323,0.693563,0.669839
/kaggle/input/datasets/afqwe0/clotheslabelled/Mahesh/Loafers/369ae05b3809b434f3dec797a9ac6a02.jpg,11,0.421778,0.381304,0.693563,0.669839
/kaggle/input/datasets/afqwe0/clotheslabelled/Mahesh/Loafers/369ae05b3809b434f3dec797a9ac6a02.jpg,11,0.67942,0.691247,0.623477,0.584256
/kaggle/input/datasets/afqwe0/clotheslabelled/Mahesh/Loafers/369ae05b3809b434f3dec797a9ac6a02.jpg,11,0.678888,0.691229,0.628962,0.584256
/kaggle/input/datasets/afqwe0/clotheslabelled/Mahesh/Loafers/369ae05b3809b434f3dec797a9ac6a02.jpg,11,0.538255,0.514254,0.920847,0.93817
/kaggle/input/datasets/afqwe0/clotheslabelled/Mahesh/Loafers/05766ba9d12bed0380c39b9b3a44d7f0.jpg,11,0.500835,0.49884,0.918539,0.667322
/kaggle/input/datasets/afqwe0/clotheslabelled/Mahesh/Loafers/05766ba9d12bed0380c39b9b3a44d7f0.jpg,11,0.500843,0.497168,0.920847,0.667322
/kaggle/input/datasets/afqwe0/clotheslabelled/Mahesh/Loafers/05766ba9d12bed0380c39b9b3a44d7f0.jpg,11,0.844005,0.503127,0.235009,0.662891
/kaggle/input/datasets/afqwe0/clotheslabelled/Mahesh/Loafers/05766ba9d12bed0380c39b9b3a44d7f0.jpg,11,0.609303,0.49385,0.226003,0.645217
/kaggle/input/datasets/afqwe0/clotheslabelled/Mahesh/Loafers/05766ba9d12bed0380c39b9b3a44d7f0.jpg,11,0.166914,0.497756,0.255796,0.645217
/kaggle/input/datasets/afqwe0/clotheslabelled/Mahesh/Loafers/05766ba9d12bed0380c39b9b3a44d7f0.jpg,11,0.385682,0.498977,0.231342,0.655873
/kaggle/input/datasets/afqwe0/clotheslabelled/Mahesh/Loafers/c8f80bd9f969d3fcd42fee1e1fd745b4.jpg,11,0.304181,0.405634,0.473142,0.370324
/kaggle/input/datasets/afqwe0/clotheslabelled/Mahesh/Loafers/c8f80bd9f969d3fcd42fee1e1fd745b4.jpg,11,0.478198,0.594596,0.590121,0.302481
/kaggle/input/datasets/afqwe0/clotheslabelled/Mahesh/Loafers/c8f80bd9f969d3fcd42fee1e1fd745b4.jpg,11,0.52195,0.549641,0.905492,0.647977
/kaggle/input/datasets/afqwe0/clotheslabelled/Mahesh/Loafers/c8f80bd9f969d3fcd42fee1e1fd745b4.jpg,11,0.304404,0.406556,0.474335,0.367596
/kaggle/input/datasets/afqwe0/clotheslabelled/Mahesh/Loafers/c8f80bd9f969d3fcd42fee1e1fd745b4.jpg,11,0.475923,0.59485,0.584988,0.302481
/kaggle/input/datasets/afqwe0/clotheslabelled/Mahesh/Loafers/c8f80bd9f969d3fcd42fee1e1fd745b4.jpg,11,0.51691,0.547319,0.90322,0.649757
/kaggle/input/datasets/afqwe0/clotheslabelled/Mahesh/Loafers/1f9b38454be745604c978526e6653929.jpg,11,0.543712,0.756466,0.836078,0.452291
/kaggle/input/datasets/afqwe0/clotheslabelled/Mahesh/Loafers/1f9b38454be745604c978526e6653929.jpg,11,0.543515,0.757969,0.838208,0.45346
/kaggle/input/datasets/afqwe0/clotheslabelled/Mahesh/Loafers/1f9b38454be745604c978526e6653929.jpg,11,0.497437,0.527758,0.97704,0.928636
/kaggle/input/datasets/afqwe0/clotheslabelled/Mahesh/Loafers/1f9b38454be745604c978526e6653929.jpg,11,0.701536,0.232751,0.574737,0.301034
/kaggle/input/datasets/afqwe0/clotheslabelled/Mahesh/Loafers/1f9b38454be745604c978526e6653929.jpg,11,0.784223,0.23229,0.403669,0.297633
/kaggle/input/datasets/afqwe0/clotheslabelled/Mahesh/Loafers/15a6043717590f9136c77092c3d362db.jpg,11,0.435336,0.569427,0.879291,0.732746
/kaggle/input/datasets/afqwe0/clotheslabelled/Mahesh/Loafers/15a6043717590f9136c77092c3d362db.jpg,11,0.472356,0.775202,0.810363,0.320914
/kaggle/input/datasets/afqwe0/clotheslabelled/Mahesh/Loafers/15a6043717590f9136c77092c3d362db.jpg,11,0.406865,0.392753,0.822541,0.384088
/kaggle/input/datasets/afqwe0/clotheslabelled/Mahesh/Loafers/15a6043717590f9136c77092c3d362db.jpg,11,0.406722,0.393782,0.826553,0.385013
/kaggle/input/datasets/afqwe0/clotheslabelled/Mahesh/Loafers/15a6043717590f9136c77092c3d362db.jpg,11,0.472939,0.776466,0.810363,0.320063
/kaggle/input/datasets/afqwe0/clotheslabelled/Mahesh/Loafers/d9b642864edcbfe5353116e8ee32a909.jpg,11,0.488689,0.866286,0.567294,0.265963
/kaggle/input/datasets/afqwe0/clotheslabelled/Mahesh/Loafers/d9b642864edcbfe5353116e8ee32a909.jpg,11,0.510131,0.455213,0.801636,0.212712
/kaggle/input/datasets/afqwe0/clotheslabelled/Mahesh/Loafers/d9b642864edcbfe5353116e8ee32a909.jpg,11,0.507446,0.671309,0.801751,0.651533
/kaggle/input/datasets/afqwe0/clotheslabelled/Mahesh/Loafers/d9b642864edcbfe5353116e8ee32a909.jpg,11,0.510375,0.455557,0.806623,0.216829
/kaggle/input/datasets/afqwe0/clotheslabelled/Mahesh/Loafers/d9b642864edcbfe5353116e8ee32a909.jpg,11,0.486411,0.867119,0.564749,0.265963
/kaggle/input/datasets/afqwe0/clotheslabelled/Sworup/Baggy Pants/Light_Grey_Cotton_Slogan_Embellished_Slight….jpg,15,0.51086,0.510206,0.505284,0.780735
/kaggle/input/datasets/afqwe0/clotheslabelled/Sworup/Baggy Pants/Vintage_Men_s_Korean_Denim_Pants_Y2K_Cltohes….jpg,15,0.47619,0.567946,0.930509,0.747979
/kaggle/input/datasets/afqwe0/clotheslabelled/Sworup/Baggy Pants/Pantalones_Vaqueros_Baggy_Extremos_Gris_Oscuro….jpg,15,0.567262,0.547222,0.698969,0.703434
/kaggle/input/datasets/afqwe0/clotheslabelled/Sworup/Baggy Pants/1072771573748614140.jpg,15,0.510202,0.445217,0.471237,0.803857
/kaggle/input/datasets/afqwe0/clotheslabelled/Sworup/Baggy Pants/80009330878121335.jpg,15,0.53123,0.784331,0.305602,0.419751
/kaggle/input/datasets/afqwe0/clotheslabelled/Sworup/Baggy Pants/1008736016549163846.jpg,15,0.511752,0.548915,0.531398,0.703434
/kaggle/input/datasets/afqwe0/clotheslabelled/Sworup/Baggy Pants/16536723625779652.jpg,15,0.615004,0.664823,0.567739,0.419751
/kaggle/input/datasets/afqwe0/clotheslabelled/Sworup/Baggy Pants/2462974792619412.jpg,15,0.607345,0.770995,0.279737,0.345201
/kaggle/input/datasets/afqwe0/clotheslabelled/Sworup/Baggy Pants/2462974792619412.jpg,15,0.616576,0.597843,0.299506,0.722612
/kaggle/input/datasets/afqwe0/clotheslabelled/Sworup/Baggy Pants/37154765671737766.jpg,15,0.447627,0.724214,0.462468,0.431209
/kaggle/input/datasets/afqwe0/clotheslabelled/Sworup/Baggy Pants/Cool_grunge_hippie_cargo_pants_unisex_pairs….jpg,15,0.516183,0.522887,0.97871,0.829552
/kaggle/input/datasets/afqwe0/clotheslabelled/Sworup/Baggy Pants/5136987069715558.jpg,15,0.419782,0.667862,0.82772,0.522552
/kaggle/input/datasets/afqwe0/clotheslabelled/Sworup/Baggy Pants/Military_Green_Wide_Leg_Cargo_Pants_Unisex_Alt….jpg,15,0.514963,0.505005,0.724669,0.936332
/kaggle/input/datasets/afqwe0/clotheslabelled/Sworup/Baggy Pants/American_Retro_Washed_Blue_Wide_Leg_Jeans_Men_s….jpg,16,0.533908,0.563138,0.475917,0.680122
/kaggle/input/datasets/afqwe0/clotheslabelled/Sworup/Baggy Pants/83527768085402106.jpg,15,0.404108,0.558086,0.756262,0.848525
/kaggle/input/datasets/afqwe0/clotheslabelled/Sworup/Baggy Pants/Streetwear_jean_lourd_Y2K_vêtements_hommes_femmes….jpg,15,0.476665,0.50087,0.793124,0.951179
/kaggle/input/datasets/afqwe0/clotheslabelled/Sworup/Baggy Pants/HEHCN_Men_s_Distressed_Vintage_Light_Blue_Loose….jpg,15,0.51882,0.484253,0.501615,0.877942
/kaggle/input/datasets/afqwe0/clotheslabelled/Sworup/Baggy Pants/Casual_Parachutebroek_Heren_High_Street_Design….jpg,15,0.499821,0.486693,0.5488,0.788654
/kaggle/input/datasets/afqwe0/clotheslabelled/Sworup/Baggy Pants/This_fit_is_too_clean_😮_🔥_Minimal_aesthetic….jpg,15,0.511852,0.607202,0.404691,0.41785
/kaggle/input/datasets/afqwe0/clotheslabelled/Sworup/Baggy Pants/Model_Info_Height_Weight_Try_on_size_176cm_5_9_….jpg,15,0.514077,0.575111,0.441618,0.761438
/kaggle/input/datasets/afqwe0/clotheslabelled/Sworup/Baggy Pants/baggy_pants_shopping_new_style.jpg,15,0.497242,0.49347,0.663333,0.945035
/kaggle/input/datasets/afqwe0/clotheslabelled/Sworup/Baggy Pants/21321798231730182.jpg,15,0.512862,0.694554,0.410514,0.51475
/kaggle/input/datasets/afqwe0/clotheslabelled/Sworup/Baggy Pants/Losse_cargojeans_met_klepzakken_en_zijpaneel_voor….jpg,15,0.49091,0.521344,0.641207,0.815884
/kaggle/input/datasets/afqwe0/clotheslabelled/Sworup/Baggy Pants/271904896247693695.jpg,15,0.554139,0.524755,0.75344,0.806309
/kaggle/input/datasets/afqwe0/clotheslabelled/Sworup/Baggy Pants/요즘_날씨_너무_조아.jpg,15,0.495303,0.635792,0.479588,0.673285
/kaggle/input/datasets/afqwe0/clotheslabelled/Sworup/Baggy Pants/914862420669885.jpg,15,0.498676,0.697092,1.0,0.599439
/kaggle/input/datasets/afqwe0/clotheslabelled/Sworup/Baggy Pants/29132728833205493.jpg,15,0.633905,0.638502,0.488539,0.686882
/kaggle/input/datasets/afqwe0/clotheslabelled/Sworup/Baggy Pants/422282902574530966.jpg,15,0.550173,0.538983,0.776329,0.890371
/kaggle/input/datasets/afqwe0/clotheslabelled/Sworup/Baggy Pants/baggy_pinterest_pinterestfashion_fashion….jpg,15,0.751388,0.505244,0.421655,0.801382
/kaggle/input/datasets/afqwe0/clotheslabelled/Sworup/Baggy Pants/baggy_pinterest_pinterestfashion_fashion….jpg,15,0.246883,0.469394,0.436967,0.793816
/kaggle/input/datasets/afqwe0/clotheslabelled/Sworup/Baggy Pants/5277724559421789.jpg,15,0.521958,0.597514,0.93348,0.556593
/kaggle/input/datasets/afqwe0/clotheslabelled/Sworup/Baggy Pants/14355292557041682.jpg,15,0.594204,0.43559,0.858129,0.7499
/kaggle/input/datasets/afqwe0/clotheslabelled/Sworup/Baggy Pants/Amazon_com_Aelfric_Eden_Super_Baggy_Barrel….jpg,15,0.500054,0.557123,1.0,0.868916
/kaggle/input/datasets/afqwe0/clotheslabelled/Sworup/Baggy Pants/Loose_Wide_Leg_Solid_Color_Split_Joint_Casual….jpg,15,0.470235,0.610962,0.539479,0.690232
/kaggle/input/datasets/afqwe0/clotheslabelled/Sworup/Baggy Pants/7529524371515324.jpg,15,0.484205,0.610962,0.590552,0.586152
/kaggle/input/datasets/afqwe0/clotheslabelled/Sworup/Baggy Pants/baggy_outfits_outfitstyle_outfits4school….jpg,15,0.526673,0.643446,0.543925,0.641632
/kaggle/input/datasets/afqwe0/clotheslabelled/Sworup/Baggy Pants/12596073953541563.jpg,15,0.490394,0.71047,0.610348,0.559395
/kaggle/input/datasets/afqwe0/clotheslabelled/Sworup/Baggy Pants/51017408275628386.jpg,15,0.499352,0.635792,0.514419,0.526448
/kaggle/input/datasets/afqwe0/clotheslabelled/Sworup/Baggy Pants/Acid_Brown_Colossus_Jeans_Original_low_rise….jpg,15,0.509112,0.49499,0.654856,0.822821
/kaggle/input/datasets/afqwe0/clotheslabelled/Sworup/Baggy Pants/81416705760547288.jpg,15,0.523107,0.47889,0.696013,0.780735
/kaggle/input/datasets/afqwe0/clotheslabelled/Sworup/Baggy Pants/4595360580052843648.jpg,15,0.528124,0.562176,0.712068,0.755715
/kaggle/input/datasets/afqwe0/clotheslabelled/Sworup/Baggy Pants/97460779431966996.jpg,15,0.280949,0.546692,0.461481,0.889186
/kaggle/input/datasets/afqwe0/clotheslabelled/Sworup/Baggy Pants/97460779431966996.jpg,15,0.786839,0.545724,0.384997,0.896653
/kaggle/input/datasets/afqwe0/clotheslabelled/Sworup/Baggy Pants/Y2k_big_asf_fubu_like_hip_hop_baggy_jeans_y2k….jpg,15,0.495117,0.496933,0.56237,0.82794
/kaggle/input/datasets/afqwe0/clotheslabelled/Sworup/Baggy Pants/Men_s_Classic_Straight_Leg_Jeans_With_Pockets….jpg,15,0.474626,0.526296,0.795551,0.741006
/kaggle/input/datasets/afqwe0/clotheslabelled/Sworup/Baggy Pants/6966574418918784.jpg,15,0.544826,0.524835,0.60974,0.772605
/kaggle/input/datasets/afqwe0/clotheslabelled/Sworup/Baggy Pants/454159943694319704.jpg,15,0.552403,0.637437,0.499684,0.293492
/kaggle/input/datasets/afqwe0/clotheslabelled/Sworup/Baggy Pants/zip_fly_front_scoop_pockets_back_patch_pockets.jpg,15,0.500011,0.501343,0.598923,0.942549
/kaggle/input/datasets/afqwe0/clotheslabelled/Sworup/Baggy Pants/Plus_Size_Men_s_Loose_Solid_Color_Casual….jpg,15,0.490341,0.50622,0.579273,0.850523
/kaggle/input/datasets/afqwe0/clotheslabelled/Sworup/Baggy Pants/305400418500338145.jpg,15,0.534864,0.495967,0.793047,0.827331
/kaggle/input/datasets/afqwe0/clotheslabelled/Sworup/Baggy Pants/914862421299585.jpg,15,0.55635,0.736521,0.64684,0.40461
/kaggle/input/datasets/afqwe0/clotheslabelled/Sworup/Baggy Pants/31_Must_Have_Men_s_Baggy_Jeans_Styles_for….jpg,16,0.557589,0.687483,0.539642,0.501083
/kaggle/input/datasets/afqwe0/clotheslabelled/Sworup/Baggy Pants/Change_Fashion_Attitudes….jpg,15,0.50737,0.67647,0.36538,0.547811
/kaggle/input/datasets/afqwe0/clotheslabelled/Sworup/Baggy Pants/Light_Blue_Cargo_Jeans_aesthetic_baggy_jeans….jpg,15,0.513133,0.534855,0.728328,0.9006
/kaggle/input/datasets/afqwe0/clotheslabelled/Sworup/Baggy Pants/129197083056909647.jpg,15,0.566692,0.564098,0.642408,0.690232
/kaggle/input/datasets/afqwe0/clotheslabelled/Sworup/Baggy Pants/£25_99_Parachute_Pants_Women_Gothic_Y2k_Cargo….jpg,15,0.477225,0.504756,0.543201,0.827331
/kaggle/input/datasets/afqwe0/clotheslabelled/Sworup/Baggy Pants/Forest_Green_Fleece_With_Oval_Logo_Embroidery….jpg,15,0.47332,0.656283,0.540992,0.410268
/kaggle/input/datasets/afqwe0/clotheslabelled/Sworup/Baggy Pants/Forest_Green_Fleece_With_Oval_Logo_Embroidery….jpg,15,0.480533,0.555918,0.563927,0.798313
/kaggle/input/datasets/afqwe0/clotheslabelled/Sworup/Baggy Pants/262686590762351141.jpg,15,0.580591,0.60631,0.725907,0.617959
/kaggle/input/datasets/afqwe0/clotheslabelled/Sworup/Baggy Pants/879327895992981152.jpg,15,0.411933,0.584627,0.726095,0.820532
/kaggle/input/datasets/afqwe0/clotheslabelled/Sworup/Baggy Pants/127226758218280439.jpg,15,0.494973,0.511914,0.805741,0.543938
/kaggle/input/datasets/afqwe0/clotheslabelled/Sworup/Baggy Pants/This_outfit_is_going_viral_right_now_🔥_Layered….jpg,15,0.541106,0.603236,0.547314,0.503036
/kaggle/input/datasets/afqwe0/clotheslabelled/Sworup/Baggy Pants/These_viral_baggy_jeans_are_one_of_the_biggest….jpg,15,0.501988,0.617903,0.418691,0.648786
/kaggle/input/datasets/afqwe0/clotheslabelled/Sworup/Baggy Pants/Men_Flap_Pocket_Side_Drawstring_Waist_Oversize….jpg,15,0.48437,0.576065,0.496739,0.798883
/kaggle/input/datasets/afqwe0/clotheslabelled/Sworup/Baggy Pants/OCHENTA_Men_s_Casual_Military_Cargo_Pants_with_8….jpg,15,0.522174,0.498145,0.985751,0.981468
/kaggle/input/datasets/afqwe0/clotheslabelled/Sworup/Baggy Pants/Color_as_pictures_Material_Cotton_Blend_Womens….jpg,15,0.53369,0.448596,0.700622,0.818219
/kaggle/input/datasets/afqwe0/clotheslabelled/Sworup/Baggy Pants/9429480467304000.jpg,15,0.496169,0.507781,0.808883,0.9006
/kaggle/input/datasets/afqwe0/clotheslabelled/Sworup/Baggy Pants/14144186326711959.jpg,15,0.264343,0.561936,0.494592,0.863902
/kaggle/input/datasets/afqwe0/clotheslabelled/Sworup/Baggy Pants/14144186326711959.jpg,15,0.75311,0.588934,0.517451,0.793816
/kaggle/input/datasets/afqwe0/clotheslabelled/Sworup/Baggy Pants/mensoutfits_men’sfashion_fashion_baggypants….jpg,15,0.469371,0.710671,0.505074,0.452399
/kaggle/input/datasets/afqwe0/clotheslabelled/Sworup/Baggy Pants/19351473395005708.jpg,15,0.455547,0.699709,0.524776,0.518652
/kaggle/input/datasets/afqwe0/clotheslabelled/Sworup/Baggy Pants/Deconstructed_Washed_Jeans_–_ULTIMUS.jpg,15,0.463263,0.678177,0.501165,0.530342
/kaggle/input/datasets/afqwe0/clotheslabelled/Sworup/Baggy Pants/24136548000791349.jpg,15,0.459635,0.709666,0.259185,0.436967
/kaggle/input/datasets/afqwe0/clotheslabelled/Sworup/Baggy Pants/9992430416364738.jpg,15,0.458354,0.737278,0.362629,0.385938
/kaggle/input/datasets/afqwe0/clotheslabelled/Sworup/Baggy Pants/9992430416364738.jpg,15,0.559808,0.586951,0.598667,0.752819
/kaggle/input/datasets/afqwe0/clotheslabelled/Sworup/Baggy Pants/OG_OUTFIT_🥶.jpg,15,0.521137,0.67647,0.462468,0.549746
/kaggle/input/datasets/afqwe0/clotheslabelled/Sworup/Baggy Pants/146578162867846816.jpg,15,0.486001,0.596243,0.517279,0.547811
/kaggle/input/datasets/afqwe0/clotheslabelled/Sworup/Baggy Pants/Wide_leg_Damage_Denim_Jeans_WN2156_–_WONDER_NOAH.jpg,15,0.459225,0.591452,0.735053,0.759369
/kaggle/input/datasets/afqwe0/clotheslabelled/Sworup/Baggy Pants/d_nielkds_on_ig_businesscore_outfits_baggy….jpg,15,0.560656,0.639403,0.693901,0.543938
/kaggle/input/datasets/afqwe0/clotheslabelled/Sworup/Baggy Pants/Claim_Dot_Men_s_Casual_Fashion_Street_Daily….jpg,15,0.496253,0.504669,0.597669,0.960981
/kaggle/input/datasets/afqwe0/clotheslabelled/Sworup/Baggy Pants/Men_s_Black_Denim_Casual_Workwear_Baggy_Jeans_With….jpg,15,0.510697,0.54766,0.558908,0.844465
/kaggle/input/datasets/afqwe0/clotheslabelled/Sworup/Baggy Pants/2111131071709964.jpg,15,0.402435,0.800543,0.384558,0.39337
/kaggle/input/datasets/afqwe0/clotheslabelled/Sworup/Baggy Pants/Men_s_Street_Style_Loose_Casual_Jeans_Relaxed_Fit….jpg,15,0.473814,0.608173,0.453782,0.764265
/kaggle/input/datasets/afqwe0/clotheslabelled/Sworup/Baggy Pants/Why_Are_Pants_So_Big_Again_The_New_York_Times.jpg,15,0.492307,0.584627,0.65545,0.693563
/kaggle/input/datasets/afqwe0/clotheslabelled/Sworup/Baggy Pants/【Brand】OV_■_Detail….jpg,15,0.484384,0.526099,0.64192,0.920847
/kaggle/input/datasets/afqwe0/clotheslabelled/Sworup/Baggy Pants/Streetwear_Gothic_Aesthetic_–_Wide_leg_baggy_pants….jpg,15,0.494999,0.51379,0.499607,0.9197
/kaggle/input/datasets/afqwe0/clotheslabelled/Sworup/Baggy Pants/11962755255921723.jpg,15,0.442403,0.716062,0.751264,0.462093
/kaggle/input/datasets/afqwe0/clotheslabelled/Sworup/Baggy Pants/85568461664382736.jpg,15,0.565773,0.694347,0.52377,0.330349
/kaggle/input/datasets/afqwe0/clotheslabelled/Sworup/Baggy Pants/85568461664382736.jpg,15,0.57712,0.585539,0.703334,0.658594
/kaggle/input/datasets/afqwe0/clotheslabelled/Sworup/Baggy Pants/18014467257240429.jpg,15,0.538234,0.66504,0.824239,0.41785
/kaggle/input/datasets/afqwe0/clotheslabelled/Sworup/Baggy Pants/71987294036279472.jpg,15,0.484851,0.505244,0.487367,0.884482
/kaggle/input/datasets/afqwe0/clotheslabelled/Sworup/Baggy Pants/Workwear_inspired_cargos_by_BDG_complete_with….jpg,15,0.465598,0.501826,0.500097,0.811143
/kaggle/input/datasets/afqwe0/clotheslabelled/Sworup/Baggy Pants/4599230862015983744.jpg,15,0.501925,0.54698,0.409792,0.713119
/kaggle/input/datasets/afqwe0/clotheslabelled/Sworup/Baggy Pants/68750063941.jpg,15,0.499623,0.488156,0.48358,0.713119
/kaggle/input/datasets/afqwe0/clotheslabelled/Sworup/Baggy Pants/4855512094818699.jpg,15,0.468127,0.722373,0.572198,0.392438
/kaggle/input/datasets/afqwe0/clotheslabelled/Sworup/Baggy Pants/Blue_Layered_Baggy_Jeans_wide_leg_denim_pants….jpg,15,0.520545,0.552781,0.67583,0.846045
/kaggle/input/datasets/afqwe0/clotheslabelled/Sworup/Baggy Pants/Serving_effortless_Y2K_energy_with_a_modern_twist….jpg,15,0.475261,0.690812,0.496721,0.55554
/kaggle/input/datasets/afqwe0/clotheslabelled/Sworup/Baggy Pants/INCERUN_Men_s_Wide_Leg_Pants_Striped_Joggers….jpg,15,0.522933,0.496943,0.522552,0.844465
/kaggle/input/datasets/afqwe0/clotheslabelled/Sworup/Baggy Pants/Men_Loose_Wide_Leg_Baggy_Jeans_With_Star_Patterned….jpg,15,0.426651,0.498408,0.526265,0.840316
/kaggle/input/datasets/afqwe0/clotheslabelled/Sworup/Baggy Pants/9288742977768496.jpg,15,0.49787,0.79487,0.403162,0.399913
/kaggle/input/datasets/afqwe0/clotheslabelled/Sworup/Baggy Pants/9288742977768496.jpg,15,0.495546,0.577926,0.494284,0.836078
/kaggle/input/datasets/afqwe0/clotheslabelled/Sworup/Baggy Pants/◎Model_information_Female_model_164cm_50kg….jpg,15,0.497814,0.76023,0.471663,0.44467
/kaggle/input/datasets/afqwe0/clotheslabelled/Sworup/Baggy Pants/PRICES_MAY_VARY_How_do_I_choose_a_size_Please….jpg,15,0.521069,0.540439,0.846706,0.767068
/kaggle/input/datasets/afqwe0/clotheslabelled/Sworup/Baggy Pants/Casual_Plaid_Ruched_Wide_Leg_Pants_–_PrincessAce.jpg,15,0.46524,0.479138,0.734116,0.908683
/kaggle/input/datasets/afqwe0/clotheslabelled/Sworup/Baggy Pants/10062799163479444.jpg,15,0.58738,0.69827,0.427085,0.435046
/kaggle/input/datasets/afqwe0/clotheslabelled/Sworup/Baggy Pants/Verdusa_Men_s_Drawstring_Waist_Pocket_Side_Loose….jpg,15,0.402968,0.536995,0.756914,0.833925
/kaggle/input/datasets/afqwe0/clotheslabelled/Sworup/Baggy Pants/12666442697400586.jpg,15,0.518787,0.740293,0.282107,0.358563
/kaggle/input/datasets/afqwe0/clotheslabelled/Sworup/Caps/Editor_s_NotesThese_are_ball_caps_designed_by….jpg,19,0.458737,0.20935,0.83102,0.339923
/kaggle/input/datasets/afqwe0/clotheslabelled/Sworup/Caps/fotógrafos_latinos_on_Instagram_En_busca_de_los….jpg,19,0.550472,0.371712,0.433126,0.305459
/kaggle/input/datasets/afqwe0/clotheslabelled/Sworup/Caps/Editor_s_NotesThis_simple_quilted_casquette_cap….jpg,19,0.507721,0.282281,0.709476,0.364876
/kaggle/input/datasets/afqwe0/clotheslabelled/Sworup/Caps/284571270201217520.jpg,19,0.489931,0.510069,0.833434,0.48165
/kaggle/input/datasets/afqwe0/clotheslabelled/Sworup/Caps/MKI_SILHOUETTE_BALL_CAP_IN_BLACK_A_NEW_ADDITION….jpg,19,0.504982,0.229571,0.515879,0.284662
/kaggle/input/datasets/afqwe0/clotheslabelled/Sworup/Caps/Marine_corps.jpg,19,0.47301,0.15976,0.511703,0.229956
/kaggle/input/datasets/afqwe0/clotheslabelled/Sworup/Caps/Flat_Top_Hat_Denim_Hat_Men_s_Washed_Hat_New_Cotton….jpg,19,0.496765,0.516717,0.950448,0.51923
/kaggle/input/datasets/afqwe0/clotheslabelled/Sworup/Caps/We_obsessed_over_every_shadow_every_thread_every….jpg,19,0.469937,0.614514,0.419281,0.39617
/kaggle/input/datasets/afqwe0/clotheslabelled/Sworup/Caps/white_cap_casual_attire_men_s_style….jpg,19,0.535515,0.27037,0.728193,0.390577
/kaggle/input/datasets/afqwe0/clotheslabelled/Sworup/Caps/05_24_22_06_16_22_Memorial_Day_Sale_Memorial….jpg,19,0.48428,0.186986,0.720718,0.276385
/kaggle/input/datasets/afqwe0/clotheslabelled/Sworup/Caps/Boné_Trucker_Preto_All_Black_Brasão_na_MVCK….jpg,19,0.500013,0.494582,0.971446,0.42547
/kaggle/input/datasets/afqwe0/clotheslabelled/Sworup/Caps/Capturing_the_powerful_moment_when_Jesus_completed….jpg,19,0.495651,0.235892,0.790752,0.435046
/kaggle/input/datasets/afqwe0/clotheslabelled/Sworup/Caps/46724914878197170.jpg,19,0.512749,0.532425,0.749609,0.337298
/kaggle/input/datasets/afqwe0/clotheslabelled/Sworup/Caps/11681280279865026.jpg,19,0.523197,0.230782,0.864968,0.354083
/kaggle/input/datasets/afqwe0/clotheslabelled/Sworup/Caps/COS_Technical_soft_cap.jpg,19,0.496907,0.239253,0.890567,0.312461
/kaggle/input/datasets/afqwe0/clotheslabelled/Sworup/Caps/The_Sienna_Ball_Cap_in_beige_offers_a_classic….jpg,19,0.510812,0.197717,0.621094,0.343437
/kaggle/input/datasets/afqwe0/clotheslabelled/Sworup/Caps/4644405859808670.jpg,19,0.499657,0.492127,0.996058,0.612496
/kaggle/input/datasets/afqwe0/clotheslabelled/Sworup/Caps/644999977925778008.jpg,19,0.536699,0.414835,0.510686,0.372148
/kaggle/input/datasets/afqwe0/clotheslabelled/Sworup/Caps/563018698013886.jpg,19,0.563774,0.250762,0.616734,0.319214
/kaggle/input/datasets/afqwe0/clotheslabelled/Sworup/Caps/33003009765014529.jpg,19,0.506547,0.244536,0.574061,0.380399
/kaggle/input/datasets/afqwe0/clotheslabelled/Sworup/Caps/625367098322843924.jpg,19,0.467402,0.410332,0.295012,0.295115
/kaggle/input/datasets/afqwe0/clotheslabelled/Sworup/Caps/PRICES_MAY_VARY_High_Quality_Material_Catswort….jpg,19,0.50086,0.534127,0.928756,0.42547
/kaggle/input/datasets/afqwe0/clotheslabelled/Sworup/Caps/Stay_cool_and_look_cool_in_our_Mikey_Flat_Cap….jpg,19,0.504633,0.29862,0.324524,0.130069
/kaggle/input/datasets/afqwe0/clotheslabelled/Sworup/Caps/Stay_cool_and_look_cool_in_our_Mikey_Flat_Cap….jpg,19,0.519904,0.61407,0.778113,0.75506
/kaggle/input/datasets/afqwe0/clotheslabelled/Sworup/Caps/38280665579602203.jpg,19,0.453877,0.181527,0.379655,0.178103
/kaggle/input/datasets/afqwe0/clotheslabelled/Sworup/Caps/We’ve_collaborated_with_the_London_Cloth_Co_to….jpg,19,0.445363,0.23598,0.626775,0.330349
/kaggle/input/datasets/afqwe0/clotheslabelled/Sworup/Caps/no_face_poses_outfit_ideas_cap.jpg,19,0.491614,0.443837,0.444935,0.42547
/kaggle/input/datasets/afqwe0/clotheslabelled/Sworup/Caps/3940718421079679.jpg,19,0.516062,0.181473,0.887739,0.335554
/kaggle/input/datasets/afqwe0/clotheslabelled/Sworup/Caps/La_Casquette_Vintage_Homme_une_casquette_au_style….jpg,19,0.486515,0.498444,0.909971,0.831253
/kaggle/input/datasets/afqwe0/clotheslabelled/Sworup/Caps/Shawn_Stussy_Returns_To_The_Streetwear_Arenathe….jpg,19,0.440348,0.196404,0.58977,0.299194
/kaggle/input/datasets/afqwe0/clotheslabelled/Sworup/Caps/246642517086197213.jpg,19,0.470103,0.249805,0.89361,0.427381
/kaggle/input/datasets/afqwe0/clotheslabelled/Sworup/Caps/855965472971321982.jpg,19,0.482071,0.285373,0.417564,0.187436
/kaggle/input/datasets/afqwe0/clotheslabelled/Sworup/Caps/Mumcu_s_women_newsboy_cap_is_made_of_genuine….jpg,19,0.466827,0.255893,0.803048,0.415951
/kaggle/input/datasets/afqwe0/clotheslabelled/Sworup/Caps/Trucker_Mesh_Cap_Filson.jpg,19,0.515492,0.295622,0.550864,0.442741
/kaggle/input/datasets/afqwe0/clotheslabelled/Sworup/Caps/Літній_образ_від_stolenmooon_🌙_Виварена_кепка….jpg,19,0.57386,0.110809,0.298427,0.15844
/kaggle/input/datasets/afqwe0/clotheslabelled/Sworup/Caps/Green_Collar_Fabric_Embellished_Women….jpg,19,0.497604,0.523664,0.638611,0.503036
/kaggle/input/datasets/afqwe0/clotheslabelled/Sworup/Caps/Editor_s_notesIt_is_a_new_coloring_of_knockin_logo….jpg,19,0.565524,0.224303,0.874497,0.367596
/kaggle/input/datasets/afqwe0/clotheslabelled/Sworup/Caps/San_Francisco_s_Hayden_Shiebler_shot_by_Jasmine….jpg,19,0.485607,0.156639,0.805068,0.254682
/kaggle/input/datasets/afqwe0/clotheslabelled/Sworup/Caps/IT_S_HERE_I’m_so_stoked_it’s_finally_here_–_our….jpg,19,0.543913,0.29339,0.486493,0.296743
/kaggle/input/datasets/afqwe0/clotheslabelled/Sworup/Caps/girl_long_brown_hair_wavy_hair_cap_outfit….jpg,19,0.480851,0.214027,0.672765,0.224809
/kaggle/input/datasets/afqwe0/clotheslabelled/Sworup/Caps/Butter_Soft_Pu_Vintage_Style_Leather_Biker_Hat….jpg,19,0.425552,0.30918,0.83984,0.584343
/kaggle/input/datasets/afqwe0/clotheslabelled/Sworup/Caps/Short_Brim_Design_for_Clear_Vision_Featuring_a….jpg,19,0.481163,0.354609,0.493271,0.291875
/kaggle/input/datasets/afqwe0/clotheslabelled/Sworup/Caps/😏💙.jpg,19,0.554039,0.23952,0.462469,0.314142
/kaggle/input/datasets/afqwe0/clotheslabelled/Sworup/Caps/It’s_the_original_hat_that_kickstarted_our_entire….jpg,19,0.449413,0.27356,0.568541,0.234483
/kaggle/input/datasets/afqwe0/clotheslabelled/Sworup/Caps/Handmade_summer_pure_linen_newsboy_cap_in_the….jpg,19,0.52683,0.295179,0.932503,0.57578
/kaggle/input/datasets/afqwe0/clotheslabelled/Sworup/Caps/Satin_Cap_Pink_Asos_€14.jpg,19,0.535424,0.191291,0.646764,0.28506
/kaggle/input/datasets/afqwe0/clotheslabelled/Sworup/Caps/Officially_licensed_product_Unstructured_relaxed….jpg,19,0.494229,0.237303,0.745765,0.363971
/kaggle/input/datasets/afqwe0/clotheslabelled/Sworup/Caps/An_all_time_great_design_now_in_a_snapback….jpg,19,0.595177,0.271141,0.696814,0.343437
/kaggle/input/datasets/afqwe0/clotheslabelled/Sworup/Caps/Go_Bulls.jpg,19,0.627643,0.102129,0.520769,0.204093
/kaggle/input/datasets/afqwe0/clotheslabelled/Sworup/Caps/33214115990308518.jpg,19,0.553077,0.175505,0.286446,0.259458
/kaggle/input/datasets/afqwe0/clotheslabelled/Sworup/Caps/custom_caps_ZYCAPS_is_a_chinese_caps_manufacturer….jpg,19,0.523428,0.393316,0.493766,0.448531
/kaggle/input/datasets/afqwe0/clotheslabelled/Sworup/Caps/View_Size_Chart_Classic_Collection_Fast_Seller….jpg,19,0.439092,0.246163,0.592854,0.363971
/kaggle/input/datasets/afqwe0/clotheslabelled/Sworup/Caps/289215607335149254.jpg,19,0.501854,0.514095,0.907378,0.651533
/kaggle/input/datasets/afqwe0/clotheslabelled/Sworup/Caps/839358449317782328.jpg,19,0.460347,0.217399,0.42547,0.392512
/kaggle/input/datasets/afqwe0/clotheslabelled/Sworup/Caps/68748999706.jpg,19,0.492485,0.351319,0.799792,0.572827
/kaggle/input/datasets/afqwe0/clotheslabelled/Sworup/Caps/ATL_Baseball_Hat_in_White_Side_View.jpg,19,0.425051,0.34561,0.69314,0.326902
/kaggle/input/datasets/afqwe0/clotheslabelled/Sworup/Caps/caps.jpg,19,0.543112,0.222034,0.265507,0.253136
/kaggle/input/datasets/afqwe0/clotheslabelled/Sworup/Caps/Get_Your_Hands_on_Todd_Snyder’s_Latest_New_Era….jpg,19,0.486596,0.354515,0.509984,0.576646
/kaggle/input/datasets/afqwe0/clotheslabelled/Sworup/Caps/Pin_spired_thrifted_outfits_for_May_may_outfits….jpg,19,0.392216,0.173805,0.246689,0.211749
/kaggle/input/datasets/afqwe0/clotheslabelled/Sworup/Caps/9218374232705630.jpg,19,0.528514,0.429126,0.701649,0.368504
/kaggle/input/datasets/afqwe0/clotheslabelled/Sworup/Caps/Neue_Lieblingscap_gesucht_Von_Kopf_bis_Fuß_gut….jpg,19,0.501918,0.497208,0.966733,0.387791
/kaggle/input/datasets/afqwe0/clotheslabelled/Sworup/Caps/The_BASALT_Logo_Easy_Fit_Newsboy_Cap_in_Grey….jpg,19,0.535429,0.211736,0.712068,0.294303
/kaggle/input/datasets/afqwe0/clotheslabelled/Sworup/Caps/74802043807981953.jpg,19,0.56934,0.228149,0.659401,0.363067
/kaggle/input/datasets/afqwe0/clotheslabelled/Sworup/Caps/679410293825534460.jpg,19,0.380241,0.21457,0.48156,0.371236
/kaggle/input/datasets/afqwe0/clotheslabelled/Sworup/Caps/4593530969127611648.jpg,19,0.528815,0.30217,0.772393,0.534232
/kaggle/input/datasets/afqwe0/clotheslabelled/Sworup/Caps/Aggiungi_un_tocco_di_stile_vintage_ai_tuoi_outfit….jpg,19,0.499668,0.509764,0.944218,0.574825
/kaggle/input/datasets/afqwe0/clotheslabelled/Sworup/Caps/Brown_Casual_Collar_Polyester_Plain_Baker_Boy_Cap….jpg,19,0.493388,0.314022,0.63342,0.41595
/kaggle/input/datasets/afqwe0/clotheslabelled/Sworup/Caps/4081455907560789.jpg,19,0.621286,0.233262,0.540059,0.376723
/kaggle/input/datasets/afqwe0/clotheslabelled/Sworup/Caps/4081455907560789.jpg,19,0.584265,0.504492,0.620806,0.908683
/kaggle/input/datasets/afqwe0/clotheslabelled/Sworup/Caps/I_AM_A_HATZ.jpg,19,0.505132,0.322818,0.868868,0.483511
/kaggle/input/datasets/afqwe0/clotheslabelled/Sworup/Caps/37928821853437971.jpg,19,0.497162,0.386492,0.385938,0.387791
/kaggle/input/datasets/afqwe0/clotheslabelled/Sworup/Caps/Unisex_Vintage_Washed_Distressed_Baseball_Cap….jpg,19,0.60149,0.279323,0.544601,0.323473
/kaggle/input/datasets/afqwe0/clotheslabelled/Sworup/Caps/Let_s_go_He_was_seen_hiding_his_features_behind_a….jpg,19,0.534675,0.108032,0.476978,0.175262
/kaggle/input/datasets/afqwe0/clotheslabelled/Sworup/Caps/Let_s_go_He_was_seen_hiding_his_features_behind_a….jpg,19,0.487624,0.507422,0.69884,0.966436
/kaggle/input/datasets/afqwe0/clotheslabelled/Sworup/Caps/Material_100_Cowhide_Leather_soft_durable_and….jpg,19,0.504394,0.514644,0.87923,0.712393
/kaggle/input/datasets/afqwe0/clotheslabelled/Sworup/Caps/annabeth_chase.jpg,19,0.508029,0.851674,1.0,0.290263
/kaggle/input/datasets/afqwe0/clotheslabelled/Sworup/Caps/63894888472783146.jpg,19,0.279241,0.265676,0.6035,0.467924
/kaggle/input/datasets/afqwe0/clotheslabelled/Sworup/Caps/A_sleek_black_baseball_cap_with_minimalist_white….jpg,19,0.529505,0.3088,0.881796,0.561319
/kaggle/input/datasets/afqwe0/clotheslabelled/Sworup/Caps/141441244543408637.jpg,19,0.490194,0.274143,0.883855,0.450464
/kaggle/input/datasets/afqwe0/clotheslabelled/Sworup/Caps/2674081018475003.jpg,19,0.622907,0.523716,0.460427,0.130511
/kaggle/input/datasets/afqwe0/clotheslabelled/Sworup/Caps/Crafted_with_attention_to_detail_style_the_Gigi….jpg,19,0.477474,0.260209,0.684941,0.291875
/kaggle/input/datasets/afqwe0/clotheslabelled/Sworup/Caps/MLB_Major_League_Baseball_Adulto_Hombre.jpg,19,0.50206,0.500751,0.875872,0.643509
/kaggle/input/datasets/afqwe0/clotheslabelled/Sworup/Caps/LIT_AS_FVCK_yeezyjunkie.jpg,19,0.517237,0.192048,0.575073,0.363971
/kaggle/input/datasets/afqwe0/clotheslabelled/Sworup/Caps/Introducing_our_Organic_Cap_A_high_quality_cap….jpg,19,0.539906,0.180453,0.611707,0.269794
/kaggle/input/datasets/afqwe0/clotheslabelled/Sworup/Caps/La_Casquette_De_Baseball_Chance_une_casquette….jpg,19,0.498909,0.486515,0.97704,0.73731
/kaggle/input/datasets/afqwe0/clotheslabelled/Sworup/Caps/man_wearing_baseball_cap_side_view_Google_Search.jpg,19,0.483033,0.259946,0.905052,0.398976
/kaggle/input/datasets/afqwe0/clotheslabelled/Sworup/Caps/2392606048589451.jpg,19,0.516611,0.33554,0.520454,0.369414
/kaggle/input/datasets/afqwe0/clotheslabelled/Sworup/Caps/8373949301317176.jpg,19,0.507367,0.135878,0.537844,0.230475
/kaggle/input/datasets/afqwe0/clotheslabelled/Sworup/Caps/Fai_una_dichiarazione_con_il_nostro_berretto_retrò….jpg,19,0.50058,0.500313,0.97071,0.544027
/kaggle/input/datasets/afqwe0/clotheslabelled/Sworup/Caps/White_Baseball_Hat_With_Domed_Crown_Eyelet_Vents….jpg,19,0.481651,0.359541,0.536176,0.440815
/kaggle/input/datasets/afqwe0/clotheslabelled/Sworup/Caps/Luxury_Adjustable_Military_Style_Cap_This_luxury….jpg,19,0.501083,0.56178,0.984106,0.577687
/kaggle/input/datasets/afqwe0/clotheslabelled/Sworup/Caps/Adoptez_un_look_vintage_avec_la_casquette_plate….jpg,19,0.503037,0.516932,0.962136,0.539912
/kaggle/input/datasets/afqwe0/clotheslabelled/Sworup/Caps/44191640088021188.jpg,19,0.50891,0.248704,0.833938,0.283074
/kaggle/input/datasets/afqwe0/clotheslabelled/Sworup/Caps/44191640088021188.jpg,19,0.50718,0.774936,0.724671,0.318365
/kaggle/input/datasets/afqwe0/clotheslabelled/Sworup/Caps/1900024835302803.jpg,19,0.558632,0.222862,0.730319,0.346085
/kaggle/input/datasets/afqwe0/clotheslabelled/Sworup/Caps/422281210688173.jpg,19,0.399114,0.489335,0.590121,0.274436
/kaggle/input/datasets/afqwe0/clotheslabelled/Sworup/Caps/68747509083.jpg,19,0.489672,0.375238,0.594114,0.257659
/kaggle/input/datasets/afqwe0/clotheslabelled/Sworup/Caps/15551561210478941.jpg,19,0.51187,0.205816,0.880098,0.373061
/kaggle/input/datasets/afqwe0/clotheslabelled/Sworup/Caps/download.jpg,19,0.50087,0.497756,0.928193,0.520602
/kaggle/input/datasets/afqwe0/clotheslabelled/Sworup/Caps/250_Jahre_Freiheit_mit_Stolz_getragen_Feiern….jpg,19,0.471298,0.302866,0.394302,0.22515
/kaggle/input/datasets/afqwe0/clotheslabelled/Sworup/Caps/293508100736599124.jpg,19,0.526886,0.138478,0.636664,0.256913
/kaggle/input/datasets/afqwe0/clotheslabelled/Sworup/Caps/The_Classic_wide_fit_50_Pence_cap_is_made_from_a….jpg,19,0.54247,0.349152,0.756345,0.269409
/kaggle/input/datasets/afqwe0/clotheslabelled/Sworup/Caps/Editor_s_NotesWear_this_cap_made_from_wool_blend….jpg,19,0.507517,0.261111,0.654868,0.452399
/kaggle/input/datasets/afqwe0/clotheslabelled/Sworup/Caps/24840235440280067.jpg,19,0.38959,0.248344,0.623926,0.367596
/kaggle/input/datasets/afqwe0/clotheslabelled/Sworup/Caps/39828777963201100.jpg,19,0.451242,0.219059,0.529452,0.229438
/kaggle/input/datasets/afqwe0/clotheslabelled/Sworup/Caps/211174976004136.jpg,19,0.486504,0.440562,0.258652,0.185068
/kaggle/input/datasets/afqwe0/clotheslabelled/Sworup/Caps/Accessories_Men_Hats_Caps_Tuques_New_Era….jpg,19,0.500146,0.513181,0.878858,0.510847
/kaggle/input/datasets/afqwe0/clotheslabelled/Sworup/Caps/Preto_Estilo_de_rua_street_Collar_Algodão….jpg,19,0.490272,0.534758,0.940944,0.485064
/kaggle/input/datasets/afqwe0/clotheslabelled/Sworup/Caps/Our_six_panel_cotton_twill_baseball_caps_are….jpg,19,0.556841,0.260354,0.762373,0.366688
/kaggle/input/datasets/afqwe0/clotheslabelled/Sworup/One Piece/409757266118131998.jpg,17,0.530039,0.519399,0.487041,0.568999
/kaggle/input/datasets/afqwe0/clotheslabelled/Sworup/One Piece/This_is_BEMUSE_MANSION’s_round_neck_dress_is_made….jpg,17,0.567104,0.501907,0.355515,0.669839
/kaggle/input/datasets/afqwe0/clotheslabelled/Sworup/One Piece/1759287349281203.jpg,17,0.542207,0.588698,0.474578,0.643427
/kaggle/input/datasets/afqwe0/clotheslabelled/Sworup/One Piece/Features_Zipper_Stretch_No_stretch_Body_Partially….jpg,17,0.447839,0.456768,0.680897,0.778049
/kaggle/input/datasets/afqwe0/clotheslabelled/Sworup/One Piece/789326272237138557.jpg,17,0.572117,0.645857,0.537844,0.580455
/kaggle/input/datasets/afqwe0/clotheslabelled/Sworup/One Piece/985725437223011268.jpg,17,0.536689,0.543106,0.852509,0.911243
/kaggle/input/datasets/afqwe0/clotheslabelled/Sworup/One Piece/140806232869383.jpg,17,0.584068,0.577064,0.664112,0.588046
/kaggle/input/datasets/afqwe0/clotheslabelled/Sworup/One Piece/8585055536055591.jpg,17,0.366853,0.670025,0.652568,0.524501
/kaggle/input/datasets/afqwe0/clotheslabelled/Sworup/One Piece/7670261860952389.jpg,17,0.500153,0.553192,0.409685,0.741006
/kaggle/input/datasets/afqwe0/clotheslabelled/Sworup/One Piece/7670261860952389.jpg,17,0.494984,0.549157,0.333759,0.506942
/kaggle/input/datasets/afqwe0/clotheslabelled/Sworup/One Piece/1055671968931289804.jpg,17,0.521592,0.494338,0.914119,0.634415
/kaggle/input/datasets/afqwe0/clotheslabelled/Sworup/One Piece/STRIKE_A_BALANCE_OF_POISE_AND_POWER_IN_THE_SKYE….jpg,17,0.535445,0.500098,0.74297,0.983098
/kaggle/input/datasets/afqwe0/clotheslabelled/Sworup/One Piece/STRIKE_A_BALANCE_OF_POISE_AND_POWER_IN_THE_SKYE….jpg,17,0.422604,0.512266,0.515156,0.703434
/kaggle/input/datasets/afqwe0/clotheslabelled/Sworup/One Piece/38210296834973527.jpg,17,0.581026,0.441842,0.816855,0.709912
/kaggle/input/datasets/afqwe0/clotheslabelled/Sworup/One Piece/This_Season’s_Must_Have_Linen_Dresses_That_I….jpg,17,0.528428,0.579208,0.533006,0.709912
/kaggle/input/datasets/afqwe0/clotheslabelled/Sworup/One Piece/40532465391976710.jpg,17,0.491901,0.510313,0.8173,0.972436
/kaggle/input/datasets/afqwe0/clotheslabelled/Sworup/One Piece/Details_Composition_60_Linen_Design….jpg,17,0.475373,0.506057,0.409792,0.690232
/kaggle/input/datasets/afqwe0/clotheslabelled/Sworup/One Piece/12384967724211347.jpg,17,0.490135,0.714471,0.261246,0.565163
/kaggle/input/datasets/afqwe0/clotheslabelled/Sworup/One Piece/299067231527243437.jpg,17,0.572926,0.509374,0.268328,0.97484
/kaggle/input/datasets/afqwe0/clotheslabelled/Sworup/One Piece/299067231527243437.jpg,17,0.555421,0.384843,0.245525,0.41785
/kaggle/input/datasets/afqwe0/clotheslabelled/Sworup/One Piece/914862422070121.jpg,17,0.498326,0.49588,0.905878,0.9006
/kaggle/input/datasets/afqwe0/clotheslabelled/Sworup/One Piece/914862422070121.jpg,17,0.501299,0.546738,0.897325,0.780735
/kaggle/input/datasets/afqwe0/clotheslabelled/Sworup/One Piece/957507570796284738.jpg,17,0.46274,0.647914,0.405846,0.666374
/kaggle/input/datasets/afqwe0/clotheslabelled/Sworup/One Piece/Silk_Dress_Coralie_–_Gaâla.jpg,17,0.419497,0.729754,0.710645,0.534232
/kaggle/input/datasets/afqwe0/clotheslabelled/Sworup/One Piece/dress_look_fashion_icon.jpg,17,0.399211,0.521912,0.827493,0.916442
/kaggle/input/datasets/afqwe0/clotheslabelled/Sworup/One Piece/অর্ডার_করতে_ভিজিট_করুন….jpg,17,0.393951,0.563184,0.628795,0.867534
/kaggle/input/datasets/afqwe0/clotheslabelled/Sworup/One Piece/Modern_minimal_UO_midi_dress_designed_in_a….jpg,17,0.55312,0.602106,0.578907,0.791247
/kaggle/input/datasets/afqwe0/clotheslabelled/Sworup/One Piece/63754150969872598.jpg,17,0.427671,0.567937,0.451342,0.603099
/kaggle/input/datasets/afqwe0/clotheslabelled/Sworup/One Piece/me_as_a_dress_princesspollyboutique_——_code….jpg,17,0.455497,0.727904,0.321724,0.536176
/kaggle/input/datasets/afqwe0/clotheslabelled/Sworup/One Piece/me_as_a_dress_princesspollyboutique_——_code….jpg,17,0.452996,0.64512,0.337837,0.700164
/kaggle/input/datasets/afqwe0/clotheslabelled/Sworup/One Piece/2462974793350287.jpg,17,0.572467,0.66504,0.500949,0.61241
/kaggle/input/datasets/afqwe0/clotheslabelled/Sworup/One Piece/9570217953062258.jpg,17,0.472096,0.489133,0.556772,0.902303
/kaggle/input/datasets/afqwe0/clotheslabelled/Sworup/One Piece/Features_Ruched_Pocketed_Tied_Sheer_Opaque….jpg,17,0.539442,0.402675,0.728193,0.752819
/kaggle/input/datasets/afqwe0/clotheslabelled/Sworup/One Piece/Veuillez_consulter_le_guide_des_tailles_et_choisir….jpg,17,0.466389,0.643894,0.561256,0.703434
/kaggle/input/datasets/afqwe0/clotheslabelled/Sworup/One Piece/690387817921973719.jpg,17,0.547926,0.545528,0.539193,0.716305
/kaggle/input/datasets/afqwe0/clotheslabelled/Sworup/One Piece/Bodycon_maxi_dress_with_sculpted_cut_outs_and_a….jpg,17,0.504608,0.518743,0.300014,0.949127
/kaggle/input/datasets/afqwe0/clotheslabelled/Sworup/One Piece/91901648640809642.jpg,17,0.50895,0.576111,0.391455,0.725733
/kaggle/input/datasets/afqwe0/clotheslabelled/Sworup/One Piece/4503668371868223.jpg,17,0.535896,0.641651,0.441468,0.703434
/kaggle/input/datasets/afqwe0/clotheslabelled/Sworup/One Piece/6403624465811900.jpg,17,0.389856,0.582728,0.747269,0.803857
/kaggle/input/datasets/afqwe0/clotheslabelled/Sworup/One Piece/31032684928807274.jpg,17,0.525362,0.573246,0.457761,0.772605
/kaggle/input/datasets/afqwe0/clotheslabelled/Sworup/One Piece/Women’s_U_Neck_Midi_Casual_Dress_with_Pockets….jpg,17,0.46139,0.494583,0.338734,0.706684
/kaggle/input/datasets/afqwe0/clotheslabelled/Sworup/One Piece/40321359163068149.jpg,17,0.520169,0.498489,0.47035,0.524501
/kaggle/input/datasets/afqwe0/clotheslabelled/Sworup/One Piece/Product_Description_This_boned_tie_back_dress….jpg,17,0.502114,0.540439,0.413991,0.772605
/kaggle/input/datasets/afqwe0/clotheslabelled/Sworup/One Piece/13862711350658177.jpg,17,0.522536,0.440879,0.498536,0.709912
/kaggle/input/datasets/afqwe0/clotheslabelled/Sworup/One Piece/844493675218778.jpg,17,0.492004,0.363486,0.615567,0.639834
/kaggle/input/datasets/afqwe0/clotheslabelled/Sworup/One Piece/68744977601.jpg,17,0.562983,0.491653,0.601976,0.669839
/kaggle/input/datasets/afqwe0/clotheslabelled/Sworup/One Piece/The_Athena_Dress_combines_timeless_elegance_with….jpg,17,0.467915,0.608482,0.827418,0.719469
/kaggle/input/datasets/afqwe0/clotheslabelled/Sworup/One Piece/1108378158335489452.jpg,17,0.474785,0.541651,0.659608,0.690232
/kaggle/input/datasets/afqwe0/clotheslabelled/Sworup/One Piece/109071622222407051.jpg,17,0.546101,0.479187,0.769968,0.933699
/kaggle/input/datasets/afqwe0/clotheslabelled/Sworup/One Piece/1105493039813036645.jpg,17,0.493509,0.55929,0.656468,0.669839
/kaggle/input/datasets/afqwe0/clotheslabelled/Sworup/One Piece/7107311907113116.jpg,17,0.452133,0.54698,0.38431,0.536176
/kaggle/input/datasets/afqwe0/clotheslabelled/Sworup/One Piece/7107311907113116.jpg,17,0.44927,0.593609,0.394882,0.79195
/kaggle/input/datasets/afqwe0/clotheslabelled/Sworup/One Piece/The_Nova_is_your_date_night_dress_Made_using_100_….jpg,17,0.486571,0.617517,0.504574,0.755715
/kaggle/input/datasets/afqwe0/clotheslabelled/Sworup/One Piece/535154368242440655.jpg,17,0.501417,0.677751,0.300682,0.621641
/kaggle/input/datasets/afqwe0/clotheslabelled/Sworup/One Piece/204210164350102337.jpg,17,0.55214,0.54766,0.564557,0.780735
/kaggle/input/datasets/afqwe0/clotheslabelled/Sworup/One Piece/Item_Details_：_Product_Number_fg6022_Fabric….jpg,17,0.496565,0.613125,0.435193,0.522552
/kaggle/input/datasets/afqwe0/clotheslabelled/Sworup/One Piece/Item_Details_：_Product_Number_fg6022_Fabric….jpg,17,0.350364,0.586901,0.747594,0.812987
/kaggle/input/datasets/afqwe0/clotheslabelled/Sworup/One Piece/155585362122837878.jpg,17,0.407158,0.641651,0.5089,0.703434
/kaggle/input/datasets/afqwe0/clotheslabelled/Sworup/One Piece/Verde_Boho_Collar_Sem_Mangas_Chiffon….jpg,17,0.477324,0.393354,0.432991,0.696874
/kaggle/input/datasets/afqwe0/clotheslabelled/Sworup/One Piece/Verde_Boho_Collar_Sem_Mangas_Chiffon….jpg,17,0.483457,0.396953,0.574164,0.722612
/kaggle/input/datasets/afqwe0/clotheslabelled/Sworup/One Piece/586805026487680086.jpg,17,0.62431,0.38417,0.59908,0.728832
/kaggle/input/datasets/afqwe0/clotheslabelled/Sworup/One Piece/14566398794333225.jpg,17,0.369693,0.614514,0.641574,0.741006
/kaggle/input/datasets/afqwe0/clotheslabelled/Sworup/One Piece/Emili_Sindlev_on_Instagram_‘I_couldn’t_help_but….jpg,17,0.358333,0.633364,0.486504,0.442741
/kaggle/input/datasets/afqwe0/clotheslabelled/Sworup/One Piece/55098795435672702.jpg,17,0.440368,0.501762,0.79164,0.985508
/kaggle/input/datasets/afqwe0/clotheslabelled/Sworup/One Piece/27_Pieces_Of_Summer_Clothing_That_Look_Even_Better….jpg,17,0.478797,0.586568,0.577778,0.775339
/kaggle/input/datasets/afqwe0/clotheslabelled/Sworup/One Piece/11751649023060976.jpg,17,0.531614,0.609877,0.610949,0.616113
/kaggle/input/datasets/afqwe0/clotheslabelled/Sworup/One Piece/446208275603104318.jpg,17,0.534449,0.525369,0.859765,0.919701
/kaggle/input/datasets/afqwe0/clotheslabelled/Sworup/One Piece/Chic_fitted_bodice_meets_graceful_A_line….jpg,17,0.651871,0.393141,0.531781,0.659391
/kaggle/input/datasets/afqwe0/clotheslabelled/Sworup/One Piece/In_a_world_of_coffee_and_daydreams_👼🏼_Follow….jpg,17,0.521964,0.63194,0.512835,0.522552
/kaggle/input/datasets/afqwe0/clotheslabelled/Sworup/One Piece/In_a_world_of_coffee_and_daydreams_👼🏼_Follow….jpg,17,0.518763,0.575111,0.510474,0.643427
/kaggle/input/datasets/afqwe0/clotheslabelled/Sworup/One Piece/1069604980269425843.jpg,17,0.556567,0.544801,0.819578,0.741824
/kaggle/input/datasets/afqwe0/clotheslabelled/Sworup/One Piece/1069604980269425843.jpg,17,0.561668,0.45362,0.794717,0.386864
/kaggle/input/datasets/afqwe0/clotheslabelled/Sworup/One Piece/Beige_Floral_Print_Dress_Empire_Waist_Dress….jpg,17,0.517709,0.615439,0.710645,0.764265
/kaggle/input/datasets/afqwe0/clotheslabelled/Sworup/One Piece/46_Maximalist_Spring_Fashion_Finds_We_Can_t_Resist….jpg,17,0.569271,0.536799,0.477115,0.632601
/kaggle/input/datasets/afqwe0/clotheslabelled/Sworup/One Piece/Dark_Navy_Linen_MIDI_MAXI_Dress_With_Boat….jpg,17,0.606786,0.56906,0.649101,0.522552
/kaggle/input/datasets/afqwe0/clotheslabelled/Sworup/One Piece/9992430417216864.jpg,17,0.394848,0.57081,0.698096,0.690232
/kaggle/input/datasets/afqwe0/clotheslabelled/Sworup/One Piece/SponsoredPost_Details_Fabric_Content_Polyester….jpg,17,0.515055,0.448113,0.870683,0.825088
/kaggle/input/datasets/afqwe0/clotheslabelled/Sworup/One Piece/All_Dresses_–_Of_Her_Own_Kind.jpg,17,0.469388,0.606055,0.911775,0.780128
/kaggle/input/datasets/afqwe0/clotheslabelled/Sworup/One Piece/152700243612930290.jpg,17,0.537524,0.428109,0.565084,0.647003
/kaggle/input/datasets/afqwe0/clotheslabelled/Sworup/One Piece/755478906287789710.jpg,17,0.400376,0.624413,0.40541,0.610554
/kaggle/input/datasets/afqwe0/clotheslabelled/Sworup/One Piece/1618549856742017.jpg,17,0.517219,0.398454,0.444181,0.696874
/kaggle/input/datasets/afqwe0/clotheslabelled/Sworup/One Piece/Discover_the_art_of_elegance_with_our_100_elegant….jpg,17,0.605604,0.712075,0.316964,0.520602
/kaggle/input/datasets/afqwe0/clotheslabelled/Sworup/One Piece/Item_Details_：_Product_Number_fg7915_Fabric….jpg,17,0.483957,0.596203,0.583195,0.595595
/kaggle/input/datasets/afqwe0/clotheslabelled/Sworup/One Piece/This_fit_and_flare_satin_bridesmaid_dress_features….jpg,17,0.54988,0.692062,0.673522,0.608695
/kaggle/input/datasets/afqwe0/clotheslabelled/Sworup/One Piece/Li_Jing_Xiu_Who_is_adopted_A_half_Chinese_and….jpg,17,0.533013,0.597866,0.610745,0.794513
/kaggle/input/datasets/afqwe0/clotheslabelled/Sworup/One Piece/Item_description_A_comfy_and….jpg,17,0.413247,0.684538,0.525916,0.616113
/kaggle/input/datasets/afqwe0/clotheslabelled/Sworup/One Piece/Item_description_A_comfy_and….jpg,17,0.406201,0.612912,0.553945,0.763625
/kaggle/input/datasets/afqwe0/clotheslabelled/Sworup/One Piece/12525705207187714.jpg,17,0.482704,0.491898,0.60438,0.645217
/kaggle/input/datasets/afqwe0/clotheslabelled/Sworup/One Piece/12525705207187714.jpg,17,0.477662,0.504004,0.901692,0.985947
/kaggle/input/datasets/afqwe0/clotheslabelled/Sworup/One Piece/The_Deia_Midi_Dress_is_crafted_from_a_luxe_second….jpg,17,0.500037,0.531163,0.301732,0.713119
/kaggle/input/datasets/afqwe0/clotheslabelled/Sworup/One Piece/71635450324532592.jpg,17,0.456477,0.601638,0.719062,0.741006
/kaggle/input/datasets/afqwe0/clotheslabelled/Sworup/One Piece/Cinderella_Divine_BD103_Cowl_Neck_Satin_Sheath….jpg,17,0.454047,0.502051,0.505414,0.955353
/kaggle/input/datasets/afqwe0/clotheslabelled/Sworup/One Piece/Cinderella_Divine_BD103_Cowl_Neck_Satin_Sheath….jpg,17,0.520728,0.450355,0.257514,0.617959
/kaggle/input/datasets/afqwe0/clotheslabelled/Sworup/One Piece/8796161768174350.jpg,17,0.556519,0.459435,0.479502,0.680122
/kaggle/input/datasets/afqwe0/clotheslabelled/Sworup/One Piece/Floral_Print_Trim_Cami_Midi_Dress.jpg,17,0.537356,0.53019,0.448415,0.924445
/kaggle/input/datasets/afqwe0/clotheslabelled/Sworup/One Piece/633387444002106.jpg,17,0.528588,0.517037,0.784461,0.690232
/kaggle/input/datasets/afqwe0/clotheslabelled/Sworup/One Piece/Reformation_s_Lacey_dress_may_just_be_the….jpg,17,0.497114,0.497168,0.588373,0.983098
/kaggle/input/datasets/afqwe0/clotheslabelled/Sworup/One Piece/Reformation_s_Lacey_dress_may_just_be_the….jpg,17,0.461861,0.463075,0.510929,0.641632
/kaggle/input/datasets/afqwe0/clotheslabelled/Sworup/One Piece/39899146692849024.jpg,17,0.445818,0.562463,0.533218,0.591826
/kaggle/input/datasets/afqwe0/clotheslabelled/Sworup/One Piece/39899146692849024.jpg,17,0.458193,0.528533,0.554559,0.932503
/kaggle/input/datasets/afqwe0/clotheslabelled/Sworup/One Piece/9218374232294750.jpg,17,0.503494,0.54819,0.460493,0.7499
/kaggle/input/datasets/afqwe0/clotheslabelled/Sworup/One Piece/outfits_fashion_style_ootd_clothing_wardrobe….jpg,17,0.513507,0.478285,0.801729,0.854011
/kaggle/input/datasets/afqwe0/clotheslabelled/Sworup/One Piece/18436679720403914.jpg,17,0.536907,0.561982,0.641072,0.703434
/kaggle/input/datasets/afqwe0/clotheslabelled/Sworup/One Piece/180144053840649884.jpg,17,0.578279,0.545029,0.500722,0.568999
/kaggle/input/datasets/afqwe0/clotheslabelled/Sworup/One Piece/Women_s_Solid_Color_Backless_Side_Split_Dress….jpg,17,0.485101,0.440398,0.391871,0.791247
/kaggle/input/datasets/afqwe0/clotheslabelled/Sworup/One Piece/This_Gothic_dress_women_is_designed_with_a….jpg,17,0.449852,0.508727,0.84193,0.957944
/kaggle/input/datasets/afqwe0/clotheslabelled/Sworup/One Piece/The_Emerson_Midi_Dress_in_Ivory_is_a_graceful_and….jpg,17,0.492776,0.481163,0.497068,0.627137
/kaggle/input/datasets/afqwe0/clotheslabelled/Sworup/One Piece/1134625699899332530.jpg,17,0.551569,0.519278,0.945983,0.855948
/kaggle/input/datasets/afqwe0/clotheslabelled/Sworup/One Piece/KAIIA_Linen_Dress_Effortless_Romance_Timeless….jpg,17,0.504411,0.563138,0.568867,0.728832
/kaggle/input/datasets/afqwe0/clotheslabelled/Sworup/One Piece/Robe_d_été_en_dentelle_pour_femmes_mode_coréenne….jpg,17,0.491451,0.43463,0.848012,0.719469
/kaggle/input/datasets/afqwe0/clotheslabelled/Sworup/One Piece/7459155629683028.jpg,17,0.498011,0.547706,0.49942,0.638031
/kaggle/input/datasets/afqwe0/clotheslabelled/Sworup/One Piece/430023464443926164.jpg,17,0.435909,0.51045,0.5796,0.978144
/kaggle/input/datasets/afqwe0/clotheslabelled/Sworup/Sweat Shirt/friday_wfh_attire_☕_weareTALA_teamTALA….jpg,18,0.46479,0.464999,0.531202,0.926357
/kaggle/input/datasets/afqwe0/clotheslabelled/Sworup/Sweat Shirt/1132585006305142033.jpg,18,0.586683,0.498145,0.819381,0.999061
/kaggle/input/datasets/afqwe0/clotheslabelled/Sworup/Sweat Shirt/5136987070209531.jpg,18,0.60519,0.518912,0.459627,0.551679
/kaggle/input/datasets/afqwe0/clotheslabelled/Sworup/Sweat Shirt/5136987070209531.jpg,18,0.458823,0.496674,0.775676,0.850071
/kaggle/input/datasets/afqwe0/clotheslabelled/Sworup/Sweat Shirt/Y_3_pieces_showcase_an_expert_blend_of_a_sporty….jpg,18,0.48027,0.497657,0.465168,0.975596
/kaggle/input/datasets/afqwe0/clotheslabelled/Sworup/Sweat Shirt/Y_3_pieces_showcase_an_expert_blend_of_a_sporty….jpg,18,0.480839,0.342831,0.468824,0.378928
/kaggle/input/datasets/afqwe0/clotheslabelled/Sworup/Sweat Shirt/INSTANT_DOWNLOAD~_PLEASE_NOTE_no_physical_item….jpg,18,0.545286,0.531209,0.584343,0.928461
/kaggle/input/datasets/afqwe0/clotheslabelled/Sworup/Sweat Shirt/INSTANT_DOWNLOAD~_PLEASE_NOTE_no_physical_item….jpg,18,0.527317,0.566064,0.549746,0.567082
/kaggle/input/datasets/afqwe0/clotheslabelled/Sworup/Sweat Shirt/Oversized_Men_s_Letter_Patched_Raglan_Sleeve_2_In….jpg,18,0.509316,0.444252,0.760184,0.867534
/kaggle/input/datasets/afqwe0/clotheslabelled/Sworup/Sweat Shirt/Men_s_Solid_Color_Crew_Neck_Loose_Fleece….jpg,18,0.500336,0.441862,1.0,0.877942
/kaggle/input/datasets/afqwe0/clotheslabelled/Sworup/Sweat Shirt/Parlez_bay_shore_sweat_in_off_white_Now_349_00….jpg,18,0.504701,0.556882,1.0,0.870686
/kaggle/input/datasets/afqwe0/clotheslabelled/Sworup/Sweat Shirt/Parlez_bay_shore_sweat_in_off_white_Now_349_00….jpg,18,0.504427,0.609569,1.0,0.769848
/kaggle/input/datasets/afqwe0/clotheslabelled/Sworup/Sweat Shirt/Made_from_the_brand_s_supersoft_Cloud_9_fleece….jpg,18,0.496611,0.521425,0.980615,0.796361
/kaggle/input/datasets/afqwe0/clotheslabelled/Sworup/Sweat Shirt/Show_your_Kansas_State_pride_with_the_ultimate….jpg,18,0.482732,0.343051,0.514366,0.322108
/kaggle/input/datasets/afqwe0/clotheslabelled/Sworup/Sweat Shirt/Show_your_Kansas_State_pride_with_the_ultimate….jpg,18,0.479265,0.510924,0.51198,0.919701
/kaggle/input/datasets/afqwe0/clotheslabelled/Sworup/Sweat Shirt/From_the_Of_the_Angels_Collection_—_inspired_by….jpg,18,0.513274,0.61913,0.725595,0.608695
/kaggle/input/datasets/afqwe0/clotheslabelled/Sworup/Sweat Shirt/Men_s_Loose_Fit_Color_Block_2_In_1_Hooded….jpg,18,0.484694,0.497657,0.963311,0.99219
/kaggle/input/datasets/afqwe0/clotheslabelled/Sworup/Sweat Shirt/Men_s_Loose_Fit_Color_Block_2_In_1_Hooded….jpg,18,0.482908,0.440879,0.970456,0.833925
/kaggle/input/datasets/afqwe0/clotheslabelled/Sworup/Sweat Shirt/Men_s_Loose_Fit_Color_Block_2_In_1_Hooded….jpg,18,0.484694,0.497657,0.963311,0.99219
/kaggle/input/datasets/afqwe0/clotheslabelled/Sworup/Sweat Shirt/Men_s_Loose_Fit_Color_Block_2_In_1_Hooded….jpg,18,0.482908,0.440879,0.970456,0.833925
/kaggle/input/datasets/afqwe0/clotheslabelled/Sworup/Sweat Shirt/The_inspiration_behind_the_adidas_Originals….jpg,18,0.477798,0.561215,0.48156,0.659391
/kaggle/input/datasets/afqwe0/clotheslabelled/Sworup/Sweat Shirt/Women_Half_Zip_Fleece_Sweatshirt_Mock_Neck_Long….jpg,18,0.502195,0.421243,1.0,0.772605
/kaggle/input/datasets/afqwe0/clotheslabelled/Sworup/Sweat Shirt/Enthüllen_Sie_Ihre_Indie_Ästhetik_mit_diesem….jpg,18,0.537527,0.468888,0.670782,0.913738
/kaggle/input/datasets/afqwe0/clotheslabelled/Sworup/Sweat Shirt/422281210156388.jpg,18,0.526193,0.495215,0.988695,0.930509
/kaggle/input/datasets/afqwe0/clotheslabelled/Sworup/Sweat Shirt/2040762321809692.jpg,18,0.479417,0.484253,0.836183,0.836078
/kaggle/input/datasets/afqwe0/clotheslabelled/Sworup/Sweat Shirt/Behind_every_win_is_a_risk_someone_was_brave….jpg,18,0.504461,0.50791,0.925325,0.965407
/kaggle/input/datasets/afqwe0/clotheslabelled/Sworup/Sweat Shirt/Behind_every_win_is_a_risk_someone_was_brave….jpg,18,0.504359,0.588698,0.926321,0.709912
/kaggle/input/datasets/afqwe0/clotheslabelled/Sworup/Sweat Shirt/398146423321260101.jpg,18,0.500296,0.415076,0.993294,0.821159
/kaggle/input/datasets/afqwe0/clotheslabelled/Sworup/Sweat Shirt/Regular_Fit_Heart_Print_Casual_Long_Sleeve_Drop….jpg,18,0.498178,0.498962,0.948567,0.715584
/kaggle/input/datasets/afqwe0/clotheslabelled/Sworup/Sweat Shirt/Soft_Boy_Layered_Sleeve_Sweatshirt_Litlookz….jpg,18,0.478299,0.442324,0.730167,0.808738
/kaggle/input/datasets/afqwe0/clotheslabelled/Sworup/Sweat Shirt/Soft_Boy_Layered_Sleeve_Sweatshirt_Litlookz….jpg,18,0.481856,0.497168,0.741872,0.998247
/kaggle/input/datasets/afqwe0/clotheslabelled/Sworup/Sweat Shirt/Mit_einem_kleinen_Brust_Print_und_einem_großen….jpg,18,0.508564,0.522324,0.619134,0.576646
/kaggle/input/datasets/afqwe0/clotheslabelled/Sworup/Sweat Shirt/914862420528713.jpg,18,0.453526,0.500098,0.805493,0.989994
/kaggle/input/datasets/afqwe0/clotheslabelled/Sworup/Sweat Shirt/914862420528713.jpg,18,0.449639,0.551091,0.786583,0.83175
/kaggle/input/datasets/afqwe0/clotheslabelled/Sworup/Sweat Shirt/✈︎𝙰𝚟𝚊𝚒𝚕𝚊𝚋𝚕𝚎_𝚏𝚘𝚛_𝚙𝚛𝚎_𝚘𝚛𝚍𝚎𝚛✈︎….jpg,18,0.501522,0.519521,0.879624,0.938169
/kaggle/input/datasets/afqwe0/clotheslabelled/Sworup/Sweat Shirt/LET_US_SURPRISE_YOU_WITH_ONE_OF_OUR_FAMOUS….jpg,18,0.457234,0.496192,0.903363,0.982571
/kaggle/input/datasets/afqwe0/clotheslabelled/Sworup/Sweat Shirt/Grunge_Streetwear_Long_Sleeve_Jersey_Shirt_2000s….jpg,18,0.488255,0.500098,0.969494,0.984106
/kaggle/input/datasets/afqwe0/clotheslabelled/Sworup/Sweat Shirt/the_mock_neck_sweatshirt_you_ve_been_looking_for.jpg,18,0.493268,0.584413,0.801483,0.806975
/kaggle/input/datasets/afqwe0/clotheslabelled/Sworup/Sweat Shirt/the_mock_neck_sweatshirt_you_ve_been_looking_for.jpg,18,0.491712,0.616594,0.801348,0.504989
/kaggle/input/datasets/afqwe0/clotheslabelled/Sworup/Sweat Shirt/4011087169382360.jpg,18,0.451284,0.60631,0.503777,0.728832
/kaggle/input/datasets/afqwe0/clotheslabelled/Sworup/Sweat Shirt/Loose_Men_s_Letter_Print_Raglan_Sleeve_T_Shirt….jpg,18,0.485507,0.370765,0.887292,0.743994
/kaggle/input/datasets/afqwe0/clotheslabelled/Sworup/Sweat Shirt/Loose_Men_s_Letter_Print_Raglan_Sleeve_T_Shirt….jpg,18,0.479903,0.497168,0.881599,0.994094
/kaggle/input/datasets/afqwe0/clotheslabelled/Sworup/Sweat Shirt/367043438403739149.jpg,18,0.53478,0.474828,0.833462,0.772605
/kaggle/input/datasets/afqwe0/clotheslabelled/Sworup/Sweat Shirt/EAVA_Casual_en_Relaxte_Losvallende_Gebreide_Top….jpg,18,0.501078,0.480352,0.994591,0.803857
/kaggle/input/datasets/afqwe0/clotheslabelled/Sworup/Sweat Shirt/202943526959945948.jpg,18,0.501119,0.496192,0.952815,0.991944
/kaggle/input/datasets/afqwe0/clotheslabelled/Sworup/Sweat Shirt/202943526959945948.jpg,18,0.461428,0.381304,0.861499,0.758588
/kaggle/input/datasets/afqwe0/clotheslabelled/Sworup/Sweat Shirt/Men_s_Fashion_Creative_Design_Graphic_Print….jpg,18,0.501505,0.518546,1.0,0.949707
/kaggle/input/datasets/afqwe0/clotheslabelled/Sworup/Sweat Shirt/Mental_Health_Matters_Sweatshirt_Mental_Health….jpg,18,0.450603,0.592667,0.853498,0.796361
/kaggle/input/datasets/afqwe0/clotheslabelled/Sworup/Sweat Shirt/Features_Basic_style_Sheer_Opaque_Stretch….jpg,18,0.500107,0.485229,0.915531,0.818219
/kaggle/input/datasets/afqwe0/clotheslabelled/Sworup/Sweat Shirt/Making_a_statement_from_behind_🎨🔥_Obsessed_with….jpg,18,0.445826,0.610592,0.672511,0.777436
/kaggle/input/datasets/afqwe0/clotheslabelled/Sworup/Sweat Shirt/Making_a_statement_from_behind_🎨🔥_Obsessed_with….jpg,18,0.444153,0.712075,0.676003,0.572827
/kaggle/input/datasets/afqwe0/clotheslabelled/Sworup/Sweat Shirt/Men_Two_Tone_Drop_Shoulder_Fall_Sweater_Without….jpg,18,0.50119,0.497168,0.971578,0.999695
/kaggle/input/datasets/afqwe0/clotheslabelled/Sworup/Sweat Shirt/Men_Two_Tone_Drop_Shoulder_Fall_Sweater_Without….jpg,18,0.503709,0.431294,0.978621,0.860185
/kaggle/input/datasets/afqwe0/clotheslabelled/Sworup/Sweat Shirt/•_Fit_Loose_Fit•_Neckline_Round_Neck•_Sleeve….jpg,18,0.534167,0.525125,0.712971,0.942549
/kaggle/input/datasets/afqwe0/clotheslabelled/Sworup/Sweat Shirt/•_Fit_Loose_Fit•_Neckline_Round_Neck•_Sleeve….jpg,18,0.507184,0.593183,0.661222,0.621641
/kaggle/input/datasets/afqwe0/clotheslabelled/Sworup/Sweat Shirt/An_organic_cotton_crewneck_that_gives_back_by….jpg,18,0.637991,0.498145,0.684434,0.996409
/kaggle/input/datasets/afqwe0/clotheslabelled/Sworup/Sweat Shirt/An_organic_cotton_crewneck_that_gives_back_by….jpg,18,0.651291,0.672826,0.662891,0.647003
/kaggle/input/datasets/afqwe0/clotheslabelled/Sworup/Sweat Shirt/This_striped_sweatshirt_is_made_for_days_when_you….jpg,18,0.500291,0.431773,1.0,0.852498
/kaggle/input/datasets/afqwe0/clotheslabelled/Sworup/Sweat Shirt/Outer_Banks_North_Carolina_Beach_Unisex_Sweatshirt.jpg,18,0.394545,0.631276,0.788953,0.717171
/kaggle/input/datasets/afqwe0/clotheslabelled/Sworup/Sweat Shirt/Outer_Banks_North_Carolina_Beach_Unisex_Sweatshirt.jpg,18,0.388526,0.705423,0.793078,0.510847
/kaggle/input/datasets/afqwe0/clotheslabelled/Sworup/Sweat Shirt/DAZY_Homens_Estacionar_Zipper_Ombro_caído_Sem….jpg,18,0.468136,0.337502,0.817905,0.669839
/kaggle/input/datasets/afqwe0/clotheslabelled/Sworup/Sweat Shirt/DAZY_Homens_Estacionar_Zipper_Ombro_caído_Sem….jpg,18,0.468947,0.495704,0.816786,0.996626
/kaggle/input/datasets/afqwe0/clotheslabelled/Sworup/Sweat Shirt/Men_s_Plain_Drawstring_Hooded_Drop_Shoulder….jpg,18,0.503668,0.438965,1.0,0.872435
/kaggle/input/datasets/afqwe0/clotheslabelled/Sworup/Sweat Shirt/Diminishing_the_stigma_around_mental_health_starts….jpg,18,0.513197,0.516717,0.998198,0.955353
/kaggle/input/datasets/afqwe0/clotheslabelled/Sworup/Sweat Shirt/271341946292746242.jpg,18,0.498,0.661113,1.0,0.526448
/kaggle/input/datasets/afqwe0/clotheslabelled/Sworup/Sweat Shirt/271341946292746242.jpg,18,0.49945,0.586049,1.0,0.815351
/kaggle/input/datasets/afqwe0/clotheslabelled/Sworup/Sweat Shirt/Shop_Faux_Shearling_and_Fleece_Zip_Ups_for_Fall….jpg,18,0.592231,0.548432,0.832907,0.716305
/kaggle/input/datasets/afqwe0/clotheslabelled/Sworup/Sweat Shirt/Men_s_Color_Block_Crew_Neck_Long_Sleeve_Casual….jpg,18,0.506594,0.498145,0.523662,0.995804
/kaggle/input/datasets/afqwe0/clotheslabelled/Sworup/Sweat Shirt/concerts_beach_days_weekend_trips_festivals….jpg,18,0.483382,0.573678,0.533589,0.835591
/kaggle/input/datasets/afqwe0/clotheslabelled/Sworup/Sweat Shirt/concerts_beach_days_weekend_trips_festivals….jpg,18,0.48104,0.627157,0.535798,0.572827
/kaggle/input/datasets/afqwe0/clotheslabelled/Sworup/Sweat Shirt/Hoodies_with_heritage_and_cultural_pride_designs….jpg,18,0.512926,0.506545,0.958967,0.709912
/kaggle/input/datasets/afqwe0/clotheslabelled/Sworup/Sweat Shirt/But_because_of_His_great_love_for_us_God_who_is….jpg,18,0.510558,0.491395,0.823443,0.831253
/kaggle/input/datasets/afqwe0/clotheslabelled/Sworup/Sweat Shirt/This_Comfort_Colors_sweatshirt_is_for_men_and….jpg,18,0.457712,0.500361,0.902303,0.827331
/kaggle/input/datasets/afqwe0/clotheslabelled/Sworup/Sweat Shirt/4599582676196477184.jpg,18,0.516961,0.486917,0.855948,0.857864
/kaggle/input/datasets/afqwe0/clotheslabelled/Sworup/Sweat Shirt/New_Men_s_Solid_Color_Minimalist_Half_Zip….jpg,18,0.489325,0.497168,0.971578,0.992429
/kaggle/input/datasets/afqwe0/clotheslabelled/Sworup/Sweat Shirt/New_Men_s_Solid_Color_Minimalist_Half_Zip….jpg,18,0.497451,0.411297,0.945263,0.811143
/kaggle/input/datasets/afqwe0/clotheslabelled/Sworup/Sweat Shirt/314970567714472992.jpg,18,0.505576,0.497168,0.933772,0.993907
/kaggle/input/datasets/afqwe0/clotheslabelled/Sworup/Sweat Shirt/314970567714472992.jpg,18,0.507893,0.358997,0.93258,0.716305
/kaggle/input/datasets/afqwe0/clotheslabelled/Sworup/Sweat Shirt/Men_s_Autumn_Contrast_Color_Letter_Embroidery….jpg,18,0.502145,0.441862,1.0,0.879606
/kaggle/input/datasets/afqwe0/clotheslabelled/Sworup/Sweat Shirt/Sweat_shirt_oversize_bleu_en_coton_avec_motif….jpg,18,0.485506,0.617748,0.602095,0.597475
/kaggle/input/datasets/afqwe0/clotheslabelled/Sworup/Sweat Shirt/Heren_sweatshirt_met_kwartritssluiting_en….jpg,18,0.483557,0.496192,0.831505,0.996058
/kaggle/input/datasets/afqwe0/clotheslabelled/Sworup/Sweat Shirt/Heren_sweatshirt_met_kwartritssluiting_en….jpg,18,0.485588,0.33262,0.832612,0.669839
/kaggle/input/datasets/afqwe0/clotheslabelled/Sworup/Sweat Shirt/Amazon_com_Men_s_Oversized_Sweater.jpg,18,0.503412,0.45198,1.0,0.846506
/kaggle/input/datasets/afqwe0/clotheslabelled/Sworup/Sweat Shirt/22658804370220040.jpg,18,0.500739,0.532425,1.0,0.855948
/kaggle/input/datasets/afqwe0/clotheslabelled/Sworup/Sweat Shirt/10907224093350004.jpg,18,0.43594,0.449562,0.906521,0.793816
/kaggle/input/datasets/afqwe0/clotheslabelled/Sworup/Sweat Shirt/Casual_Loose_Letter_Print_Basic_Sweatshirt….jpg,18,0.522879,0.54698,0.999573,0.890371
/kaggle/input/datasets/afqwe0/clotheslabelled/Sworup/Sweat Shirt/Ingredients_50_Polyester_Polyester_….jpg,18,0.514771,0.55365,0.980058,0.701059
/kaggle/input/datasets/afqwe0/clotheslabelled/Sworup/Sweat Shirt/877287202428045807.jpg,18,0.442158,0.497657,0.89042,0.987189
/kaggle/input/datasets/afqwe0/clotheslabelled/Sworup/Sweat Shirt/Description_SizingIsabel_Oversized_JumperOur….jpg,18,0.5239,0.475479,0.755852,0.761438
/kaggle/input/datasets/afqwe0/clotheslabelled/Sworup/Sweat Shirt/Description_SizingIsabel_Oversized_JumperOur….jpg,18,0.447547,0.518912,0.916753,0.93348
/kaggle/input/datasets/afqwe0/clotheslabelled/Sworup/Sweat Shirt/Heren_losse_letterprint_lange_mouwen_vintage….jpg,18,0.514922,0.430336,0.873309,0.856385
/kaggle/input/datasets/afqwe0/clotheslabelled/Sworup/Sweat Shirt/Looking_for_that_perfect_mix_of_comfort_and_style….jpg,18,0.505055,0.475776,1.0,0.840316
/kaggle/input/datasets/afqwe0/clotheslabelled/Sworup/Sweat Shirt/Details_The_Relaxed_Funnel_Neck_Zip_Sweatshirt_is….jpg,18,0.509841,0.471603,0.597075,0.589937
/kaggle/input/datasets/afqwe0/clotheslabelled/Sworup/Sweat Shirt/Heren_Colorblock_Casual_Crew_Neck_Lange_Mouw….jpg,18,0.502307,0.508886,0.983756,0.972436
/kaggle/input/datasets/afqwe0/clotheslabelled/Sworup/Sweat Shirt/Heren_Colorblock_Casual_Crew_Neck_Lange_Mouw….jpg,18,0.503689,0.418626,0.994591,0.769848
/kaggle/input/datasets/afqwe0/clotheslabelled/Sworup/Sweat Shirt/Sweat_shirt_d_inspiration_sportive_de_iets….jpg,18,0.503119,0.532911,1.0,0.870686
/kaggle/input/datasets/afqwe0/clotheslabelled/Sworup/Sweat Shirt/FABRIC_This_v_neck_sweatshirt_women_crafted_from….jpg,18,0.501173,0.473292,1.0,0.75506
/kaggle/input/datasets/afqwe0/clotheslabelled/Sworup/Sweat Shirt/Modischer_Look_mit_Behaglichkeit_Bereichere_deine….jpg,18,0.499494,0.459247,1.0,0.725733
/kaggle/input/datasets/afqwe0/clotheslabelled/Sworup/Sweat Shirt/4602819662251617920.jpg,18,0.486128,0.496455,0.402961,0.862054
/kaggle/input/datasets/afqwe0/clotheslabelled/Sworup/Sweat Shirt/4602819662251617920.jpg,18,0.483866,0.351827,0.398261,0.318706
/kaggle/input/datasets/afqwe0/clotheslabelled/Sworup/Sweat Shirt/Our_Orchid_SEASIDE_unisex_sweatshirts_are_made….jpg,18,0.498684,0.64613,0.760869,0.666374
/kaggle/input/datasets/afqwe0/clotheslabelled/Sworup/Sweat Shirt/Our_Orchid_SEASIDE_unisex_sweatshirts_are_made….jpg,18,0.502193,0.506445,0.766778,0.976329
/kaggle/input/datasets/afqwe0/clotheslabelled/Sworup/Sweat Shirt/17099673582350851.jpg,18,0.516099,0.463075,1.0,0.752819
/kaggle/input/datasets/afqwe0/clotheslabelled/Sworup/Sweat Shirt/136163588727883494.jpg,18,0.500078,0.567937,0.725831,0.639834
/kaggle/input/datasets/afqwe0/clotheslabelled/Sworup/Sweat Shirt/136163588727883494.jpg,18,0.502761,0.503516,0.719131,0.977731
/kaggle/input/datasets/afqwe0/clotheslabelled/Sworup/Sweat Shirt/606437906118028773.jpg,18,0.500711,0.582061,0.836333,0.639834
/kaggle/input/datasets/afqwe0/clotheslabelled/Sworup/Sweat Shirt/606437906118028773.jpg,18,0.503063,0.500586,0.843849,0.989356
/kaggle/input/datasets/afqwe0/clotheslabelled/Sworup/Sweat Shirt/A_must_have_for_any_casual_outfit_our_cosy….jpg,18,0.442085,0.575395,0.76627,0.652338
/kaggle/input/datasets/afqwe0/clotheslabelled/Sworup/Sweat Shirt/A_must_have_for_any_casual_outfit_our_cosy….jpg,18,0.444896,0.51035,0.768601,0.965925
/kaggle/input/datasets/afqwe0/clotheslabelled/Sworup/Sweat Shirt/Description_Made_from_the_softest_ethical_cotton….jpg,18,0.510705,0.506709,0.457231,0.846506
/kaggle/input/datasets/afqwe0/clotheslabelled/Sworup/Sweat Shirt/Volledige_rits_hoodie_van_loopback_katoen_voor….jpg,18,0.500598,0.520253,0.525728,0.567082
/kaggle/input/datasets/afqwe0/clotheslabelled/Sworup/Sweat Shirt/Volledige_rits_hoodie_van_loopback_katoen_voor….jpg,18,0.50436,0.514278,0.536377,0.955353
/kaggle/input/datasets/afqwe0/clotheslabelled/Sworup/Sweat Shirt/23714335533490061.jpg,18,0.508504,0.44377,0.755082,0.871084
/kaggle/input/datasets/afqwe0/clotheslabelled/Sworup/Sweat Shirt/Grey_Casual_Collar_Long_Sleeve_Fabric_Cartoon….jpg,18,0.504501,0.441842,1.0,0.822821
/kaggle/input/datasets/afqwe0/clotheslabelled/Sworup/Sweat Shirt/Discover_the_ultimate_oversized_super_soft_blue….jpg,18,0.582765,0.599295,0.615915,0.606833
/kaggle/input/datasets/afqwe0/clotheslabelled/Sworup/Sweat Shirt/Discover_the_ultimate_oversized_super_soft_blue….jpg,18,0.585777,0.529628,0.616681,0.928461
/kaggle/input/datasets/afqwe0/clotheslabelled/Sworup/Sweat Shirt/Features_This_sweatshirt_is_adorned_with_a….jpg,18,0.500987,0.497696,0.888554,0.746288
/kaggle/input/datasets/afqwe0/clotheslabelled/Sworup/Sweat Shirt/293578469481923584.jpg,18,0.459901,0.496036,0.77472,0.976843
/kaggle/input/datasets/afqwe0/clotheslabelled/Sworup/Sweat Shirt/3096293488730664.jpg,18,0.720598,0.524516,0.500478,0.937257
/kaggle/input/datasets/afqwe0/clotheslabelled/Sworup/Sweat Shirt/54746951714197528.jpg,18,0.553448,0.500098,0.528961,0.965925
/kaggle/input/datasets/afqwe0/clotheslabelled/Sworup/Sweat Shirt/54746951714197528.jpg,18,0.452106,0.381178,0.320726,0.46637
/kaggle/input/datasets/afqwe0/clotheslabelled/Sworup/Sweat Shirt/【Premium_Material】_COOFANDY_Men_s_V_Neck_Jumps_is….jpg,18,0.484194,0.480839,0.968204,0.850523
/kaggle/input/datasets/afqwe0/clotheslabelled/Sworup/Sweat Shirt/Casual_vibes_zip_front_hoodie_by_WORSHIP_SUPPLIES….jpg,18,0.523197,0.549641,0.896213,0.696874
/kaggle/input/datasets/afqwe0/clotheslabelled/Sworup/Sweat Shirt/Autumn_Men_Casual_Sweatshirts_Harajuku_Printed_Men….jpg,18,0.544182,0.440879,0.746958,0.822821
/kaggle/input/datasets/afqwe0/clotheslabelled/Sworup/Sweat Shirt/🎁_Дівчатка_я_вирішила_зробити_цей_розіграш_і….jpg,18,0.509846,0.396154,1.0,0.788654
/kaggle/input/datasets/afqwe0/clotheslabelled/Sworup/Sweat Shirt/Material_Women_s_fall_sweatshirt_is_made_of….jpg,18,0.512083,0.499458,0.760794,0.885711
/kaggle/input/datasets/afqwe0/clotheslabelled/Sworup/Sweat Shirt/Sometimes_we_all_need_a_gentle_reminder_that_we….jpg,18,0.52756,0.517693,0.529459,0.949707
/kaggle/input/datasets/afqwe0/clotheslabelled/Sworup/Sweat Shirt/Sometimes_we_all_need_a_gentle_reminder_that_we….jpg,18,0.528337,0.579922,0.532288,0.582357
/kaggle/input/datasets/afqwe0/clotheslabelled/Sworup/Sweat Shirt/Made_for_casual_comfort_this_heavyweight_tunic_is….jpg,18,0.562059,0.49668,0.706398,0.997819
/kaggle/input/datasets/afqwe0/clotheslabelled/Sworup/Sweat Shirt/Made_for_casual_comfort_this_heavyweight_tunic_is….jpg,18,0.563151,0.43152,0.707724,0.551679
/kaggle/input/datasets/afqwe0/clotheslabelled/Sworup/Sweat Shirt/•_Clothing_Type_Hooded_Sweatshirt_•_Fit_Regular….jpg,18,0.549294,0.597418,0.941294,0.673285
/kaggle/input/datasets/afqwe0/clotheslabelled/Sworup/Sweat Shirt/Herren_Halb_Reißverschluss_Langarm_Viertel….jpg,18,0.50184,0.440899,1.0,0.879606
/kaggle/input/datasets/afqwe0/clotheslabelled/Sworup/Sweat Shirt/Men_s_Casual_Contrast_Color_Patchwork_Pullover….jpg,18,0.447866,0.504303,0.616699,0.978401
/kaggle/input/datasets/afqwe0/clotheslabelled/Sworup/Sweat Shirt/Men_s_Casual_Contrast_Color_Patchwork_Pullover….jpg,18,0.449276,0.319148,0.526765,0.358924
/kaggle/input/datasets/afqwe0/clotheslabelled/Sworup/Sweat Shirt/Men_s_Casual_Solid_Color_Crew_Neck_Long_Sleeve….jpg,18,0.518495,0.440418,0.901058,0.876257
/kaggle/input/datasets/afqwe0/clotheslabelled/Sworup/Sweat Shirt/5911043262636482.jpg,18,0.530701,0.589326,0.728605,0.809397
/kaggle/input/datasets/afqwe0/clotheslabelled/Sworup/Jeans Pants/Baggy_chic_with_my_sis_🎱💫_・_・_・_・_・_street….jpg,16,0.516997,0.740669,0.307143,0.41216
/kaggle/input/datasets/afqwe0/clotheslabelled/Sworup/Jeans Pants/Baggy_chic_with_my_sis_🎱💫_・_・_・_・_・_street….jpg,16,0.470131,0.591678,0.405598,0.737996
/kaggle/input/datasets/afqwe0/clotheslabelled/Sworup/Jeans Pants/1pc_Men_Relaxed_Fit_Vintage_Distressed_Washed_Wide….jpg,16,0.519674,0.61698,0.390112,0.719469
/kaggle/input/datasets/afqwe0/clotheslabelled/Sworup/Jeans Pants/372039619238793191.jpg,16,0.379959,0.440825,0.611707,0.355872
/kaggle/input/datasets/afqwe0/clotheslabelled/Sworup/Jeans Pants/Jeans_by_Weekday_Flared_slim_fit_Low_rise_Belt….jpg,16,0.430267,0.6376,0.376512,0.588046
/kaggle/input/datasets/afqwe0/clotheslabelled/Sworup/Jeans Pants/Mia_Two_Tone_Panel_Jeans_in_Cotton_Denim_–….jpg,16,0.466211,0.48279,0.509884,0.825088
/kaggle/input/datasets/afqwe0/clotheslabelled/Sworup/Jeans Pants/Featuring_a_convenient_zipper_fly_these_denim….jpg,16,0.52074,0.574634,0.421655,0.722612
/kaggle/input/datasets/afqwe0/clotheslabelled/Sworup/Jeans Pants/281543726912377.jpg,16,0.447139,0.681154,0.818813,0.625309
/kaggle/input/datasets/afqwe0/clotheslabelled/Sworup/Jeans Pants/Susanna_Jeans_Light_Wash_–_The_Frankie_Shop.jpg,16,0.445645,0.52829,0.841512,0.885711
/kaggle/input/datasets/afqwe0/clotheslabelled/Sworup/Jeans Pants/14847873767950539.jpg,16,0.540809,0.504267,0.455251,0.929724
/kaggle/input/datasets/afqwe0/clotheslabelled/Sworup/Jeans Pants/PANTALONE.jpg,16,0.50951,0.500427,0.556111,0.983098
/kaggle/input/datasets/afqwe0/clotheslabelled/Sworup/Jeans Pants/AGED_DENIM_OUT_NOW_NOAHCLONT_COM.jpg,16,0.48954,0.689995,0.413125,0.559395
/kaggle/input/datasets/afqwe0/clotheslabelled/Sworup/Jeans Pants/The_Side_Zip_Sketch_Denim_are_artistic_women’s….jpg,16,0.517848,0.50085,0.410779,0.772605
/kaggle/input/datasets/afqwe0/clotheslabelled/Sworup/Jeans Pants/협찬_가을은_연청_와이드로_완성💙_yoxemite_에서_와이드_데님을….jpg,16,0.523738,0.583249,0.362688,0.495223
/kaggle/input/datasets/afqwe0/clotheslabelled/Sworup/Jeans Pants/Features_Men_s_Baggy_barrel_jeans_wide_leg_jeans….jpg,16,0.509892,0.523861,0.585114,0.798883
/kaggle/input/datasets/afqwe0/clotheslabelled/Sworup/Jeans Pants/237635317824546247.jpg,16,0.521992,0.753842,0.667631,0.485462
/kaggle/input/datasets/afqwe0/clotheslabelled/Sworup/Jeans Pants/74379831364646903.jpg,16,0.568855,0.668945,0.589897,0.545875
/kaggle/input/datasets/afqwe0/clotheslabelled/Sworup/Jeans Pants/サイズ_表_単_位_cm_サ_イ_ズ_パンツ丈_ウエスト_股下_裾周り_XS_100_70….jpg,16,0.491162,0.50386,0.516231,0.693563
/kaggle/input/datasets/afqwe0/clotheslabelled/Sworup/Jeans Pants/American_Retro_Washed_Blue_Wide_Leg_Jeans_Men_s….jpg,16,0.533908,0.563138,0.475917,0.680122
/kaggle/input/datasets/afqwe0/clotheslabelled/Sworup/Jeans Pants/394839092351881737.jpg,16,0.551439,0.621933,0.696874,0.50577
/kaggle/input/datasets/afqwe0/clotheslabelled/Sworup/Jeans Pants/Vintage_wash_ultra‑wide_jeans_with_a_relaxed….jpg,16,0.493404,0.582254,0.417083,0.655873
/kaggle/input/datasets/afqwe0/clotheslabelled/Sworup/Jeans Pants/MO_Co_Women_s_Seams_Detail_Ripped_Jeans_Elevate….jpg,16,0.548799,0.466044,0.533037,0.922233
/kaggle/input/datasets/afqwe0/clotheslabelled/Sworup/Jeans Pants/31103053671431971.jpg,16,0.514727,0.523374,0.448568,0.916442
/kaggle/input/datasets/afqwe0/clotheslabelled/Sworup/Jeans Pants/Make_a_statement_with_the_Black_Diamante_Pin….jpg,16,0.482953,0.418884,0.729027,0.719469
/kaggle/input/datasets/afqwe0/clotheslabelled/Sworup/Jeans Pants/Sitting_Jeans_White_Clothing_Denim_Fashion….jpg,16,0.639384,0.645745,0.772125,0.358563
/kaggle/input/datasets/afqwe0/clotheslabelled/Sworup/Jeans Pants/166914729935761994.jpg,16,0.430805,0.735872,0.457906,0.516702
/kaggle/input/datasets/afqwe0/clotheslabelled/Sworup/Jeans Pants/166914729935761994.jpg,16,0.448862,0.545286,0.595707,0.904718
/kaggle/input/datasets/afqwe0/clotheslabelled/Sworup/Jeans Pants/1970393584402709.jpg,16,0.520938,0.723335,0.576584,0.47961
/kaggle/input/datasets/afqwe0/clotheslabelled/Sworup/Jeans Pants/697987642292716347.jpg,16,0.435699,0.656944,0.608157,0.512799
/kaggle/input/datasets/afqwe0/clotheslabelled/Sworup/Jeans Pants/Les_meilleures_marques_de_jeans_pour_homme….jpg,16,0.51414,0.489919,0.594254,0.922233
/kaggle/input/datasets/afqwe0/clotheslabelled/Sworup/Jeans Pants/Style_Casual_Street_Y2K_Vintage_Hip_Pop_Punk….jpg,16,0.532201,0.524348,0.425618,0.871084
/kaggle/input/datasets/afqwe0/clotheslabelled/Sworup/Jeans Pants/3_Instagram.jpg,16,0.473099,0.577541,0.541807,0.532288
/kaggle/input/datasets/afqwe0/clotheslabelled/Sworup/Jeans Pants/309129961947765249.jpg,16,0.500992,0.487181,0.470921,0.818219
/kaggle/input/datasets/afqwe0/clotheslabelled/Sworup/Jeans Pants/감기_조심하세여_저는_이미_걸림_😷.jpg,16,0.536206,0.668512,0.441642,0.526449
/kaggle/input/datasets/afqwe0/clotheslabelled/Sworup/Jeans Pants/감기_조심하세여_저는_이미_걸림_😷.jpg,16,0.539334,0.484722,0.456337,0.965925
/kaggle/input/datasets/afqwe0/clotheslabelled/Sworup/Jeans Pants/96264510778500622.jpg,16,0.532508,0.712859,0.579864,0.344319
/kaggle/input/datasets/afqwe0/clotheslabelled/Sworup/Jeans Pants/Ultra‑wide_flared_jeans_with_a_dramatic….jpg,16,0.482994,0.585101,0.407578,0.769848
/kaggle/input/datasets/afqwe0/clotheslabelled/Sworup/Jeans Pants/68745764198.jpg,16,0.496053,0.452484,1.0,0.7499
/kaggle/input/datasets/afqwe0/clotheslabelled/Sworup/Jeans Pants/6192518232071259.jpg,16,0.537455,0.615208,0.907451,0.467924
/kaggle/input/datasets/afqwe0/clotheslabelled/Sworup/Jeans Pants/4599019728031978240.jpg,16,0.512083,0.495056,0.5479,0.927416
/kaggle/input/datasets/afqwe0/clotheslabelled/Sworup/Jeans Pants/517632550944083675.jpg,16,0.478949,0.445283,0.995606,0.761438
/kaggle/input/datasets/afqwe0/clotheslabelled/Sworup/Jeans Pants/20829217022413288.jpg,16,0.385782,0.640703,0.403273,0.400851
/kaggle/input/datasets/afqwe0/clotheslabelled/Sworup/Jeans Pants/41447259075794255.jpg,16,0.526969,0.685381,0.455448,0.47766
/kaggle/input/datasets/afqwe0/clotheslabelled/Sworup/Jeans Pants/41447259075794255.jpg,16,0.512687,0.486429,0.563387,0.939958
/kaggle/input/datasets/afqwe0/clotheslabelled/Sworup/Jeans Pants/Discover_the_stylish_gray_denim_from_the….jpg,16,0.487409,0.546208,0.495524,0.693563
/kaggle/input/datasets/afqwe0/clotheslabelled/Sworup/Jeans Pants/292663675811277319.jpg,16,0.501295,0.658922,0.334054,0.48156
/kaggle/input/datasets/afqwe0/clotheslabelled/Sworup/Jeans Pants/292663675811277319.jpg,16,0.472836,0.479845,0.53203,0.955353
/kaggle/input/datasets/afqwe0/clotheslabelled/Sworup/Jeans Pants/Laid_back_meets_effortlessly_cool_The_Fade_to….jpg,16,0.570264,0.540681,0.640024,0.547811
/kaggle/input/datasets/afqwe0/clotheslabelled/Sworup/Jeans Pants/1000080661020217010.jpg,16,0.543516,0.719623,0.479014,0.473763
/kaggle/input/datasets/afqwe0/clotheslabelled/Sworup/Jeans Pants/Embroidered_Pastel_Blue_Shirt_Set.jpg,16,0.477435,0.569853,0.926938,0.683511
/kaggle/input/datasets/afqwe0/clotheslabelled/Sworup/Jeans Pants/Material_65Polyester_2_Elastane….jpg,16,0.520949,0.533108,0.505718,0.908977
/kaggle/input/datasets/afqwe0/clotheslabelled/Sworup/Jeans Pants/13933080092496009.jpg,16,0.473374,0.626472,0.672461,0.456273
/kaggle/input/datasets/afqwe0/clotheslabelled/Sworup/Jeans Pants/1618549863556509.jpg,16,0.489483,0.679455,0.456115,0.43889
/kaggle/input/datasets/afqwe0/clotheslabelled/Sworup/Jeans Pants/Not_your_dad’s_cargos_pants_This_item_is_Final….jpg,16,0.361981,0.599295,0.598465,0.793816
/kaggle/input/datasets/afqwe0/clotheslabelled/Sworup/Jeans Pants/Dark_wash_baggy_wide_leg_jeans_with_distressed….jpg,16,0.548324,0.576554,0.826349,0.831253
/kaggle/input/datasets/afqwe0/clotheslabelled/Sworup/Jeans Pants/50735933299774001.jpg,16,0.502108,0.636019,0.416473,0.495223
/kaggle/input/datasets/afqwe0/clotheslabelled/Sworup/Jeans Pants/50735933299774001.jpg,16,0.531534,0.497168,0.502392,0.985947
/kaggle/input/datasets/afqwe0/clotheslabelled/Sworup/Jeans Pants/9077636745396829.jpg,16,0.509592,0.682002,0.38421,0.47961
/kaggle/input/datasets/afqwe0/clotheslabelled/Sworup/Jeans Pants/211174976440685.jpg,16,0.565217,0.608715,0.389923,0.410268
/kaggle/input/datasets/afqwe0/clotheslabelled/Sworup/Jeans Pants/Upgrade_your_wardrobe_with_stretch_jeans_for_men….jpg,16,0.711589,0.637374,0.428354,0.450464
/kaggle/input/datasets/afqwe0/clotheslabelled/Sworup/Jeans Pants/MO_Co_Women_s_Hotfix_Rhinestone_Vintage_Jeans….jpg,16,0.531696,0.543786,0.497246,0.818219
/kaggle/input/datasets/afqwe0/clotheslabelled/Sworup/Jeans Pants/DetailsMaterial_DenimFabric_type….jpg,16,0.530964,0.598357,0.38434,0.619801
/kaggle/input/datasets/afqwe0/clotheslabelled/Sworup/Jeans Pants/Details_Material_Denim_Fabric_type_Plaid….jpg,16,0.500862,0.502314,0.610741,0.856385
/kaggle/input/datasets/afqwe0/clotheslabelled/Sworup/Jeans Pants/Details_Material_Denim_Fabric_type_Plaid….jpg,16,0.493729,0.493751,0.636783,0.977731
/kaggle/input/datasets/afqwe0/clotheslabelled/Sworup/Jeans Pants/Jacket_aritzia_Top_H_M_Uniqlo_Belt_hints….jpg,16,0.391872,0.656504,0.515644,0.4466
/kaggle/input/datasets/afqwe0/clotheslabelled/Sworup/Jeans Pants/Style_Casual_Street_Y2K_Vintage_BasicsFabric….jpg,16,0.506175,0.494014,0.486336,0.898092
/kaggle/input/datasets/afqwe0/clotheslabelled/Sworup/Jeans Pants/fashionInspiration_outfitIdeas_streetstyle….jpg,16,0.460913,0.687884,0.524444,0.456273
/kaggle/input/datasets/afqwe0/clotheslabelled/Sworup/Jeans Pants/Blair_s_stocks_the_Men_s_Cinch_Cowboy_Black_label….jpg,16,0.515147,0.501338,0.623926,0.889186
/kaggle/input/datasets/afqwe0/clotheslabelled/Sworup/Jeans Pants/31_Must_Have_Men_s_Baggy_Jeans_Styles_for….jpg,16,0.557589,0.687483,0.539642,0.501083
/kaggle/input/datasets/afqwe0/clotheslabelled/Sworup/Jeans Pants/MATERIAL_70_Polyester_6_Viscose….jpg,16,0.514316,0.54766,0.508016,0.860185
/kaggle/input/datasets/afqwe0/clotheslabelled/Sworup/Jeans Pants/Men_s_Solid_Color_Simple_Daily_Jeans_Medium_Wash….jpg,16,0.472841,0.505244,0.785514,0.706684
/kaggle/input/datasets/afqwe0/clotheslabelled/Sworup/Jeans Pants/4644405857787432.jpg,16,0.476338,0.651258,0.920134,0.696124
/kaggle/input/datasets/afqwe0/clotheslabelled/Sworup/Jeans Pants/85638830438349883.jpg,16,0.570764,0.774084,0.439913,0.408379
/kaggle/input/datasets/afqwe0/clotheslabelled/Sworup/Jeans Pants/101753272826197857.jpg,16,0.477147,0.72314,0.591565,0.506942
/kaggle/input/datasets/afqwe0/clotheslabelled/Sworup/Jeans Pants/3096293490245905.jpg,16,0.532523,0.573201,0.514689,0.831253
/kaggle/input/datasets/afqwe0/clotheslabelled/Sworup/Jeans Pants/3096293490245905.jpg,16,0.506919,0.68209,0.373861,0.363067
/kaggle/input/datasets/afqwe0/clotheslabelled/Sworup/Jeans Pants/Bring_maximalist_denim_energy_to_your_rotation….jpg,16,0.543296,0.660018,0.710645,0.343437
/kaggle/input/datasets/afqwe0/clotheslabelled/Sworup/Jeans Pants/12173861488104452.jpg,16,0.484429,0.671535,0.611914,0.414054
/kaggle/input/datasets/afqwe0/clotheslabelled/Sworup/Jeans Pants/This_jean_features_side_shifted_zipper_fly….jpg,16,0.490579,0.5557,0.824391,0.877561
/kaggle/input/datasets/afqwe0/clotheslabelled/Sworup/Jeans Pants/36h_in_ffm.jpg,16,0.47569,0.550078,0.364447,0.780735
/kaggle/input/datasets/afqwe0/clotheslabelled/Sworup/Jeans Pants/Low_rise_relaxed_straight_jean_built_with_13_oz….jpg,16,0.504241,0.516956,0.473312,0.881251
/kaggle/input/datasets/afqwe0/clotheslabelled/Sworup/Jeans Pants/SERENEDE®_FIG_Baggy_Jeans_Vintage_sky_wash….jpg,16,0.495923,0.498633,0.827652,0.993715
/kaggle/input/datasets/afqwe0/clotheslabelled/Sworup/Jeans Pants/NL4E_‘04_Rick_Owens_SLAB_Spiral_Cut_Denim….jpg,16,0.477648,0.52045,0.451909,0.806309
/kaggle/input/datasets/afqwe0/clotheslabelled/Sworup/Jeans Pants/Relaxed_and_slightly_structured_these_jeans_bring….jpg,16,0.460198,0.477652,0.973767,0.882509
/kaggle/input/datasets/afqwe0/clotheslabelled/Sworup/Jeans Pants/1068056867902867684.jpg,16,0.311174,0.692046,0.632483,0.42547
/kaggle/input/datasets/afqwe0/clotheslabelled/Sworup/Jeans Pants/New_Jean_Arrivals_Pair_A_Full_Side_View.jpg,16,0.504094,0.467989,0.442673,0.887637
/kaggle/input/datasets/afqwe0/clotheslabelled/Sworup/Jeans Pants/KoreanFashion_OutfitIsea_s_FashionInspo_Jeans….jpg,16,0.545145,0.718834,0.412237,0.429294
/kaggle/input/datasets/afqwe0/clotheslabelled/Sworup/Jeans Pants/Size_Chart_CMIN_サイズ_S_M_L_XL_2XL_着丈_110_112_114….jpg,16,0.54968,0.53607,0.734916,0.888836
/kaggle/input/datasets/afqwe0/clotheslabelled/Sworup/Jeans Pants/1138355243335234983.jpg,16,0.640648,0.488943,0.721003,0.858296
/kaggle/input/datasets/afqwe0/clotheslabelled/Sworup/Jeans Pants/1138355243335234983.jpg,16,0.527287,0.498764,0.953025,0.863484
/kaggle/input/datasets/afqwe0/clotheslabelled/Sworup/Jeans Pants/1138355243335234983.jpg,16,0.216767,0.512078,0.316127,0.820532
/kaggle/input/datasets/afqwe0/clotheslabelled/Sworup/Jeans Pants/1138355243335234983.jpg,16,0.389202,0.514517,0.665541,0.838208
/kaggle/input/datasets/afqwe0/clotheslabelled/Sworup/Jeans Pants/576460821096636347.jpg,16,0.474791,0.732713,0.912942,0.440815
/kaggle/input/datasets/afqwe0/clotheslabelled/Sworup/Jeans Pants/Our_Popular_Baggy_Jeans_🔥.jpg,16,0.256612,0.503291,0.471044,0.915238
/kaggle/input/datasets/afqwe0/clotheslabelled/Sworup/Jeans Pants/Our_Popular_Baggy_Jeans_🔥.jpg,16,0.781436,0.507049,0.414278,0.928461
/kaggle/input/datasets/afqwe0/clotheslabelled/Sworup/Jeans Pants/Details_Material_Cotton_other_Fabric_type….jpg,16,0.479945,0.542332,0.386864,0.780735
/kaggle/input/datasets/afqwe0/clotheslabelled/Sworup/Jeans Pants/Cropped_denim_wash_jeans.jpg,16,0.597596,0.639465,0.498571,0.421655
/kaggle/input/datasets/afqwe0/clotheslabelled/Sworup/Jeans Pants/474848354482714880.jpg,16,0.500003,0.492286,0.975488,0.984106
/kaggle/input/datasets/afqwe0/clotheslabelled/Sworup/Jeans Pants/Work_Style_Multi_pocket_Jeans_–_ARCANA_ARCHIVE.jpg,16,0.508564,0.476264,0.485624,0.846506
/kaggle/input/datasets/afqwe0/clotheslabelled/Sworup/Jeans Pants/These_faded_Acne_Studios_2023M_jeans_are….jpg,16,0.50886,0.536799,0.613327,0.850523
/kaggle/input/datasets/afqwe0/clotheslabelled/Sworup/Jeans Pants/6051780745653350.jpg,16,0.527961,0.714073,0.376776,0.541999
/kaggle/input/datasets/afqwe0/clotheslabelled/Sworup/Jeans Pants/5488830790386172.jpg,16,0.48773,0.508661,0.612569,0.827331
/kaggle/input/datasets/afqwe0/clotheslabelled/Sworup/Jeans Pants/협찬_빈티지_무드_가득한_와이드_데님으로_마무리….jpg,16,0.514646,0.620051,0.360752,0.551679
/kaggle/input/datasets/afqwe0/clotheslabelled/Sworup/Jeans Pants/Trendy_wide_leg_denim_jeans_with_a_vintage_washed….jpg,16,0.492444,0.476264,0.623926,0.836078
/kaggle/input/datasets/afqwe0/clotheslabelled/Sworup/Jeans Pants/꽉꽉_채운_거울샷_코디_모음_😃.jpg,16,0.753228,0.57745,0.345969,0.772605
/kaggle/input/datasets/afqwe0/clotheslabelled/Sworup/Jeans Pants/꽉꽉_채운_거울샷_코디_모음_😃.jpg,16,0.263051,0.590307,0.321141,0.769848
/kaggle/input/datasets/afqwe0/clotheslabelled/Sworup/Jeans Pants/Embrace_the_relaxed_vibe_of_a_baggy_jeans_outfit….jpg,16,0.493973,0.679455,0.44021,0.48351
/kaggle/input/datasets/afqwe0/clotheslabelled/Sworup/Jeans Pants/Embrace_the_relaxed_vibe_of_a_baggy_jeans_outfit….jpg,16,0.499142,0.496192,0.613235,0.919701
/kaggle/input/datasets/afqwe0/clotheslabelled/Sworup/Jeans Pants/148900331425420942.jpg,16,0.441022,0.706639,0.579864,0.473763
/kaggle/input/datasets/afqwe0/clotheslabelled/Sworup/Jeans Pants/SERENEDE®_CANYON_Jeans_Faded_earth_vintage_wash….jpg,16,0.528684,0.500098,0.741506,0.990595
/kaggle/input/datasets/afqwe0/clotheslabelled/Sworup/Jeans Pants/Toos_Pantaloni_Bootcut_Slim_Fit_a_5_Tasche_Blu….jpg,16,0.458792,0.513303,0.723206,0.965407
/kaggle/input/datasets/afqwe0/clotheslabelled/Sworup/Jeans Pants/9007268001682789.jpg,16,0.46257,0.539954,0.800069,0.854011
/kaggle/input/datasets/afqwe0/clotheslabelled/Sworup/Jeans Pants/9007268001682789.jpg,16,0.433966,0.595027,0.619105,0.326902
/kaggle/input/datasets/afqwe0/clotheslabelled/Sworup/Jeans Pants/182395853662784645.jpg,16,0.531115,0.681154,0.837478,0.460152
/kaggle/input/datasets/afqwe0/clotheslabelled/Sworup/Jeans Pants/【Multifunktionales_Design】Y2K_Jeans_nimmt_ein….jpg,16,0.513729,0.495606,0.528486,0.979052
/kaggle/input/datasets/afqwe0/clotheslabelled/Sworup/Jeans Pants/2392606047803486.jpg,16,0.563461,0.606871,0.519351,0.77472
/kaggle/input/datasets/afqwe0/clotheslabelled/Sworup/Jeans Pants/2392606047803486.jpg,16,0.55952,0.723629,0.515417,0.328623
/kaggle/input/datasets/afqwe0/clotheslabelled/Sworup/Jeans Pants/44050902600053638.jpg,16,0.552294,0.600233,0.604005,0.536176
/kaggle/input/datasets/afqwe0/clotheslabelled/Sworup/Jeans Pants/Closure_Type_button_flyApplicable_Scene….jpg,16,0.534021,0.637374,0.342557,0.666374
/kaggle/input/datasets/afqwe0/clotheslabelled/Sworup/Jeans Pants/A_relaxed_baggy_silhouette_combines_with_a_barrel….jpg,16,0.528514,0.667429,0.356823,0.543938
/kaggle/input/datasets/afqwe0/clotheslabelled/Sworup/Jeans Pants/Autumn_we_were_waiting_for_you_🍂….jpg,16,0.492555,0.679455,0.272654,0.471816
/kaggle/input/datasets/afqwe0/clotheslabelled/Sworup/Jeans Pants/Men_Distressed_Vintage_Loose_Fit_Straight_Leg….jpg,16,0.511591,0.445699,0.467907,0.80631
/kaggle/input/datasets/afqwe0/clotheslabelled/Sworup/Jeans Pants/GURBAKS_blends_innovative_design_with_high_quality….jpg,16,0.490923,0.520857,0.541807,0.921105
/kaggle/input/datasets/afqwe0/clotheslabelled/Sworup/Jeans Pants/Comfort_Meets_Style_–_The_Perfect_Everyday….jpg,16,0.376612,0.474748,0.47961,0.734964
/kaggle/input/datasets/afqwe0/clotheslabelled/Sworup/Jeans Pants/if_you_want_to_have_it_dm_me_😘.jpg,16,0.362065,0.492549,0.423809,0.860185
/kaggle/input/datasets/afqwe0/clotheslabelled/Sworup/Jeans Pants/if_you_want_to_have_it_dm_me_😘.jpg,16,0.692711,0.448133,0.331502,0.822821
/kaggle/input/datasets/afqwe0/clotheslabelled/Sworup/Jeans Pants/Feels_like_you’re_wearing_nothing_Made_to_wear_on….jpg,16,0.550943,0.604235,0.871092,0.203203
/kaggle/input/datasets/afqwe0/clotheslabelled/Sworup/Jeans Pants/DetailsMaterial_CottonFabric_type….jpg,16,0.54362,0.580828,0.418856,0.604967
/kaggle/input/datasets/afqwe0/clotheslabelled/Sworup/Jeans Pants/■_Detail_Distinctive_denim_pants_with_half_the….jpg,16,0.370663,0.680729,0.487059,0.574737
/kaggle/input/datasets/afqwe0/clotheslabelled/Sworup/Jeans Pants/20055160840463174.jpg,16,0.528293,0.688513,0.558476,0.433126
/kaggle/input/datasets/afqwe0/clotheslabelled/Sworup/Jeans Pants/Featuring_a_straight_leg_and_mid_rise_waist_the….jpg,16,0.507595,0.628298,0.326738,0.603099
/kaggle/input/datasets/afqwe0/clotheslabelled/Sworup/Jeans Pants/323344448270279963.jpg,16,0.447353,0.618688,0.762353,0.752159
/kaggle/input/datasets/afqwe0/clotheslabelled/Sworup/Jeans Pants/198510296073192452.jpg,16,0.502417,0.479845,0.854529,0.90199
