listing_id,product_index,seller_id,price,shipping_cost,discount,visits
L000001,0,S006,3896,127,15,207
L000002,0,S013,4167,67,15,37
L000003,0,S007,3548,118,15,145
L000004,0,S003,4097,81,10,84
L000005,0,S001,3473,157,20,96
L000006,1,S007,5167,77,20,77
L000007,2,S011,2796,159,15,103
L000008,2,S004,2948,86,25,457
L000009,2,S012,3169,96,15,395
L000010,2,S009,3085,0,5,212
L000011,3,S004,5806,74,25,89
L000012,3,S011,5710,0,15,324
L000013,3,S008,6213,141,30,241
L000014,4,S011,2743,89,60,175
L000015,5,S002,5531,78,5,110
L000016,5,S004,5482,0,10,685
L000017,5,S006,5840,195,20,175
L000018,5,S011,5485,0,20,171
L000019,6,S013,4313,204,40,192
L000020,6,S001,4189,0,10,68
L000021,6,S005,3947,51,20,67
L000022,6,S008,4158,238,20,47
L000023,7,S007,4537,197,20,28
L000024,7,S012,5068,213,0,413
L000025,8,S005,5329,82,10,911
L000026,8,S003,4989,52,20,171
L000027,8,S010,5819,238,0,342
L000028,9,S012,5080,119,15,256
L000029,9,S006,4792,158,0,150
L000030,9,S007,5226,225,15,916
L000031,9,S011,5609,115,50,61
L000032,9,S002,5553,182,10,318
L000033,10,S002,5537,209,5,57
L000034,10,S001,6083,84,50,421
L000035,10,S013,5915,161,5,113
L000036,10,S012,5790,67,15,141
L000037,10,S004,5600,164,10,346
L000038,11,S003,5129,66,25,1774
L000039,11,S002,4680,54,20,30
L000040,11,S001,4948,0,30,6
L000041,11,S013,5276,158,15,176
L000042,12,S011,1455,120,10,141
L000043,12,S003,1329,75,15,586
L000044,12,S007,1470,101,25,66
L000045,13,S008,4911,133,0,176
L000046,13,S001,4413,133,10,47
L000047,14,S009,579,110,5,278
L000048,14,S011,521,113,50,186
L000049,15,S011,775,152,30,335
L000050,15,S007,825,137,20,38
L000051,16,S012,1330,0,30,129
L000052,17,S014,2894,236,40,133
L000053,17,S010,2586,128,0,231
L000054,17,S006,2963,0,25,295
L000055,17,S008,2589,187,15,99
L000056,17,S005,2733,92,5,46
L000057,18,S004,3451,0,10,305
L000058,18,S010,3535,163,10,105
L000059,18,S014,2981,142,30,210
L000060,19,S003,4952,219,20,95
L000061,19,S002,5227,157,0,263
L000062,19,S013,5096,0,0,440
L000063,19,S007,5195,150,25,556
L000064,20,S010,5066,122,30,30
L000065,20,S002,5176,113,50,225
L000066,20,S011,4542,170,20,202
L000067,21,S013,3624,191,10,168
L000068,21,S012,3820,0,20,1646
L000069,21,S010,3763,0,0,183
L000070,21,S007,4015,194,20,131
L000071,22,S008,4213,184,10,34
L000072,22,S014,4146,153,10,238
L000073,22,S005,4069,51,10,422
L000074,22,S007,3519,139,20,150
L000075,23,S003,5535,135,5,111
L000076,23,S009,5617,130,40,141
L000077,23,S002,5616,84,10,44
L000078,24,S001,5964,0,10,146
L000079,24,S012,5818,102,5,386
L000080,24,S009,5865,0,5,204
L000081,25,S013,2447,0,30,632
L000082,25,S014,2743,217,5,253
L000083,25,S012,2374,90,10,72
L000084,25,S009,2592,152,30,31
L000085,25,S008,2467,103,0,164
L000086,26,S008,3211,124,10,495
L000087,26,S010,2935,250,5,136
L000088,27,S006,3617,223,5,167
L000089,27,S013,3687,145,10,37
L000090,27,S011,3674,0,25,51
L000091,27,S008,3904,0,20,325
L000092,27,S002,3834,161,25,121
L000093,28,S007,3628,0,30,216
L000094,29,S010,5041,203,30,68
L000095,29,S012,4314,0,20,122
L000096,29,S004,4579,109,20,94
L000097,30,S001,3841,213,40,46
L000098,31,S013,3940,216,15,34
L000099,31,S002,4448,121,60,680
L000100,31,S003,4582,75,10,79
L000101,32,S008,5759,0,20,190
L000102,33,S006,4241,156,5,172
L000103,33,S013,3624,217,20,347
L000104,34,S003,4205,229,0,267
L000105,35,S001,4562,137,20,134
L000106,35,S009,4525,50,15,72
L000107,35,S014,4211,250,20,177
L000108,36,S008,1615,134,15,70
L000109,36,S010,1468,0,0,122
L000110,36,S002,1400,104,30,10
L000111,36,S014,1610,50,20,86
L000112,36,S004,1384,227,10,210
L000113,37,S010,3934,170,15,39
L000114,37,S004,4048,0,5,98
L000115,38,S003,4382,0,20,28
L000116,38,S010,4773,169,20,42
L000117,38,S007,4464,0,5,179
L000118,39,S013,5021,143,0,168
L000119,39,S009,4953,219,15,108
L000120,39,S002,4458,143,5,49
L000121,39,S012,4665,64,15,32
L000122,40,S012,1122,184,25,208
L000123,40,S005,1098,0,10,399
L000124,40,S013,1157,190,5,246
L000125,41,S011,756,0,40,162
L000126,41,S005,753,121,10,34
L000127,41,S004,703,54,25,727
L000128,41,S009,687,116,40,255
L000129,41,S001,745,56,10,62
L000130,42,S003,515,0,20,540
L000131,42,S013,594,126,0,181
L000132,42,S004,592,222,10,338
L000133,42,S006,575,192,15,178
L000134,43,S006,2819,114,10,164
L000135,43,S005,2934,131,15,134
L000136,43,S001,3049,104,10,199
L000137,44,S006,1389,241,5,227
L000138,44,S001,1263,64,40,113
L000139,44,S002,1163,147,5,127
L000140,44,S013,1375,178,20,67
L000141,44,S009,1308,92,60,182
L000142,45,S008,3890,94,10,697
L000143,46,S002,1740,0,15,114
L000144,46,S008,1711,69,15,1296
L000145,46,S012,1720,153,15,338
L000146,47,S008,4460,178,5,298
L000147,47,S011,3955,105,15,116
L000148,47,S014,3846,148,25,38
L000149,48,S004,3455,210,5,50
L000150,49,S009,2317,0,10,361
L000151,49,S001,2030,200,5,41
L000152,50,S008,3255,171,15,794
L000153,50,S009,3092,213,20,2313
L000154,51,S006,1638,181,25,215
L000155,51,S014,1644,0,10,231
L000156,52,S003,1051,194,20,151
L000157,52,S002,999,110,0,93
L000158,52,S012,1020,141,5,147
L000159,52,S010,980,0,10,74
L000160,53,S011,5384,147,10,91
L000161,53,S010,5792,134,15,307
L000162,53,S009,5615,0,40,115
L000163,53,S006,5740,229,10,82
L000164,53,S008,5736,109,20,521
L000165,54,S014,4499,0,20,771
L000166,54,S006,4416,146,10,169
L000167,54,S002,4343,219,25,152
L000168,54,S004,3922,88,60,83
L000169,54,S005,4070,86,15,20
L000170,55,S009,4504,0,0,125
L000171,55,S005,4397,105,15,82
L000172,56,S005,4359,127,20,155
L000173,56,S012,3636,168,5,69
L000174,56,S013,3976,144,5,193
L000175,56,S001,3969,0,20,597
L000176,56,S010,3718,213,30,397
L000177,57,S007,1640,116,40,77
L000178,57,S008,1818,200,5,57
L000179,57,S005,1852,227,20,507
L000180,57,S004,1841,66,20,258
L000181,58,S009,5053,87,50,489
L000182,59,S004,3435,185,10,198
L000183,59,S001,3421,0,20,276
L000184,59,S009,3200,81,5,73
L000185,60,S006,4687,0,5,187
L000186,60,S012,4961,243,30,34
L000187,60,S005,4159,0,30,245
L000188,60,S003,4778,0,25,69
L000189,60,S002,4763,79,20,265
L000190,61,S002,1473,0,30,407
L000191,61,S001,1420,90,10,286
L000192,61,S004,1489,122,0,317
L000193,62,S002,647,98,50,241
L000194,62,S012,591,248,30,31
L000195,62,S011,562,175,10,42
L000196,63,S014,5055,60,20,85
L000197,63,S011,5525,112,5,64
L000198,63,S013,5085,203,25,32
L000199,63,S012,5708,81,5,486
L000200,64,S001,3626,149,0,246
L000201,64,S007,3593,138,30,72
L000202,65,S007,3796,0,15,90
L000203,65,S010,3958,0,40,65
L000204,65,S002,3514,0,15,145
L000205,65,S004,3405,123,30,1164
L000206,65,S012,3844,226,25,522
L000207,66,S006,2322,97,20,84
L000208,66,S011,2588,0,0,342
L000209,66,S014,2185,234,10,364
L000210,66,S007,2366,188,25,52
L000211,67,S001,1613,94,15,563
L000212,67,S005,1743,0,10,41
L000213,67,S002,1557,233,40,200
L000214,67,S008,1496,208,15,78
L000215,68,S003,3411,0,25,117
L000216,69,S014,3567,197,20,83
L000217,69,S007,3347,71,20,289
L000218,69,S009,3202,0,10,648
L000219,69,S012,3206,112,20,152
L000220,69,S011,3114,119,5,261
L000221,70,S011,2483,0,10,131
L000222,70,S006,2619,0,5,181
L000223,70,S002,2433,71,20,45
L000224,70,S004,2613,147,30,117
L000225,70,S009,2702,0,5,189
L000226,71,S012,5899,114,10,201
L000227,71,S003,5627,0,30,441
L000228,71,S006,5159,0,25,48
L000229,71,S013,5845,0,20,205
L000230,71,S014,5152,150,25,326
L000231,72,S014,1845,221,15,676
L000232,72,S010,1978,214,15,112
L000233,73,S007,5688,194,5,30
L000234,73,S011,5906,93,5,130
L000235,73,S010,6129,145,25,256
L000236,73,S013,6100,0,0,543
L000237,74,S006,1615,140,20,285
L000238,74,S005,1797,197,30,471
L000239,74,S008,1651,114,25,199
L000240,75,S004,3441,0,5,91
L000241,75,S002,3545,216,10,115
L000242,75,S010,3450,197,30,1529
L000243,75,S001,3097,130,10,244
L000244,75,S011,3304,165,10,615
L000245,76,S006,5797,142,10,746
L000246,76,S002,6121,0,5,23
L000247,77,S010,5676,196,0,162
L000248,77,S012,4957,92,15,529
L000249,77,S009,4791,182,30,105
L000250,78,S010,4983,111,20,101
L000251,78,S004,5499,117,20,228
L000252,78,S005,5107,77,30,113
L000253,78,S013,5558,187,10,93
L000254,78,S011,5690,150,30,340
L000255,79,S006,4326,233,50,81
L000256,79,S008,4820,0,20,193
L000257,79,S004,4788,0,30,186
L000258,80,S004,593,133,20,140
L000259,80,S002,640,140,10,632
L000260,80,S007,589,153,10,190
L000261,80,S012,700,237,0,459
L000262,80,S001,664,190,25,164
L000263,81,S011,3535,107,25,345
L000264,81,S009,3637,218,40,82
L000265,81,S003,3811,82,25,87
L000266,82,S010,5846,0,20,179
L000267,82,S009,5510,0,10,775
L000268,82,S013,5711,239,30,8
L000269,82,S014,5473,0,0,30
L000270,83,S014,5636,199,10,296
L000271,83,S004,5783,0,0,240
L000272,84,S012,5055,107,0,48
L000273,84,S004,4770,0,0,69
L000274,84,S007,5323,0,0,98
L000275,84,S006,5007,0,25,157
L000276,85,S001,1372,0,15,22
L000277,85,S003,1564,0,40,46
L000278,85,S012,1608,188,0,97
L000279,85,S006,1554,78,15,375
L000280,85,S005,1500,0,10,100
L000281,86,S014,1942,232,25,325
L000282,86,S001,2138,52,0,49
L000283,86,S009,2188,177,20,355
L000284,86,S003,1956,82,0,275
L000285,87,S013,5968,0,20,123
L000286,87,S011,5217,129,20,435
L000287,87,S002,5681,183,20,38
L000288,87,S004,5648,133,25,396
L000289,88,S001,4156,0,10,284
L000290,89,S003,4842,109,5,147
L000291,89,S002,4210,69,20,80
L000292,90,S001,1465,114,5,42
L000293,90,S005,1461,176,5,362
L000294,90,S002,1381,92,5,285
L000295,90,S009,1337,0,25,44
L000296,90,S008,1371,121,15,54
L000297,91,S011,5076,231,20,179
L000298,91,S012,5292,64,10,43
L000299,91,S010,5275,72,5,537
L000300,91,S007,5228,168,10,369
L000301,91,S009,4691,156,20,385
L000302,92,S014,741,105,0,391
L000303,93,S013,1316,88,30,205
L000304,93,S005,1243,197,40,176
L000305,94,S001,5245,122,25,58
L000306,94,S013,4722,119,15,71
L000307,94,S009,5565,0,20,52
L000308,94,S003,5406,123,5,133
L000309,95,S003,2313,103,10,639
L000310,95,S009,2527,164,5,713
L000311,96,S011,5351,240,20,67
L000312,96,S008,5711,237,15,300
L000313,96,S001,5466,209,0,653
L000314,96,S005,5780,78,5,157
L000315,97,S003,1563,197,20,47
L000316,97,S007,1595,168,15,52
L000317,98,S010,4254,0,15,103
L000318,99,S002,791,74,15,166
L000319,100,S007,1050,0,0,229
L000320,101,S009,1074,63,15,39
L000321,101,S010,1008,68,5,41
L000322,101,S014,999,119,20,79
L000323,101,S012,1029,204,10,63
L000324,101,S008,996,97,20,8
L000325,102,S004,6031,230,15,85
L000326,103,S011,1165,197,25,195
L000327,104,S010,5055,179,5,55
L000328,104,S003,4518,208,10,103
L000329,104,S005,4644,144,25,95
L000330,104,S009,4382,94,10,519
L000331,105,S003,1675,63,25,72
L000332,105,S006,1420,98,10,35
L000333,105,S013,1468,149,20,140
L000334,105,S012,1413,118,5,484
L000335,106,S013,3965,70,20,121
L000336,106,S005,3666,199,10,195
L000337,106,S010,3986,197,15,44
L000338,106,S006,3729,175,0,556
L000339,106,S002,3754,138,10,38
L000340,107,S004,1009,209,15,82
L000341,108,S011,583,51,5,74
L000342,108,S008,626,118,0,128
L000343,108,S004,542,152,5,356
L000344,108,S013,623,206,20,63
L000345,109,S011,4490,0,10,133
L000346,109,S007,4235,200,15,445
L000347,109,S008,4332,248,5,66
L000348,110,S012,2975,97,5,161
L000349,110,S002,3380,210,30,372
L000350,111,S011,5823,194,5,135
L000351,111,S013,6286,164,0,832
L000352,111,S003,5941,0,10,231
L000353,112,S001,1299,98,20,462
L000354,112,S005,1148,0,25,129
L000355,112,S004,1260,0,30,30
L000356,112,S014,1264,220,40,325
L000357,113,S002,723,89,50,1006
L000358,113,S005,799,70,20,108
L000359,113,S012,696,129,20,286
L000360,113,S008,713,103,20,133
L000361,113,S003,810,159,15,119
L000362,114,S005,6101,173,10,634
L000363,114,S002,5315,226,20,208
L000364,114,S008,5986,134,30,92
L000365,115,S009,3891,142,5,397
L000366,115,S001,4423,82,0,151
L000367,115,S014,3904,221,10,189
L000368,115,S002,4174,94,20,203
L000369,115,S005,4543,130,25,162
L000370,116,S008,3271,0,25,254
L000371,116,S005,3381,128,10,549
L000372,117,S005,3380,225,50,157
L000373,117,S008,3242,0,5,53
L000374,117,S003,3342,192,0,64
L000375,117,S011,3072,113,10,347
L000376,118,S003,4410,199,15,125
L000377,118,S014,4625,99,5,22
L000378,118,S008,4998,110,5,189
L000379,118,S004,4904,241,5,224
L000380,119,S008,1371,228,5,356
L000381,119,S006,1304,0,5,47
L000382,119,S010,1317,204,30,272
L000383,119,S005,1366,166,0,766
L000384,119,S007,1248,190,25,154
L000385,120,S006,731,100,0,89
L000386,120,S003,745,0,25,111
L000387,120,S011,717,90,15,99
L000388,121,S010,4173,78,15,52
L000389,122,S008,4271,230,5,20
L000390,123,S006,6083,246,10,225
L000391,123,S003,6104,204,15,779
L000392,123,S012,5216,56,15,504
L000393,123,S010,5171,77,20,1358
L000394,124,S012,4123,55,15,120
L000395,124,S014,4292,125,20,47
L000396,124,S007,4556,242,15,103
L000397,124,S013,4349,248,20,45
L000398,124,S004,4530,0,5,683
L000399,125,S012,3023,154,25,74
L000400,126,S004,6151,0,15,181
L000401,126,S010,6090,235,20,79
L000402,126,S008,5309,163,5,93
L000403,126,S012,5663,151,50,134
L000404,126,S011,5577,92,10,571
L000405,127,S007,3292,0,50,403
L000406,127,S010,3174,98,10,158
L000407,127,S009,3061,100,10,102
L000408,127,S011,3146,86,30,468
L000409,128,S010,4561,149,5,88
L000410,128,S014,4850,103,5,246
L000411,129,S008,5089,181,15,323
L000412,129,S014,4923,59,20,66
L000413,129,S007,4724,75,10,31
L000414,129,S002,5404,0,15,194
L000415,129,S010,4958,100,25,118
L000416,130,S007,5313,206,20,235
L000417,130,S003,5186,0,30,69
L000418,131,S010,3627,228,15,123
L000419,131,S004,4140,205,0,275
L000420,131,S003,3934,0,15,59
L000421,131,S013,3553,93,10,255
L000422,132,S013,4779,192,0,1084
L000423,132,S004,5090,141,5,221
L000424,133,S005,5004,243,50,59
L000425,134,S002,2153,149,5,51
L000426,134,S005,1917,0,40,62
L000427,134,S008,2220,192,15,51
L000428,134,S006,2118,213,5,44
L000429,134,S012,2249,0,25,253
L000430,135,S014,1340,0,25,55
L000431,136,S011,5289,139,25,38
L000432,136,S002,5187,106,15,54
L000433,136,S006,5419,95,10,110
L000434,136,S004,5059,145,10,299
L000435,136,S003,4520,0,15,58
L000436,137,S013,1076,130,30,49
L000437,137,S001,1027,193,10,143
L000438,137,S012,1107,193,15,107
L000439,137,S007,1095,143,15,204
L000440,138,S005,4257,0,10,39
L000441,138,S007,4324,205,30,140
L000442,139,S006,593,100,15,207
L000443,139,S003,612,0,0,528
L000444,139,S004,654,149,15,282
L000445,139,S005,555,199,15,31
L000446,140,S013,5328,0,0,196
L000447,140,S008,4940,118,10,35
L000448,140,S006,5899,234,5,156
L000449,140,S010,5143,172,15,122
L000450,140,S012,5448,56,10,286
L000451,141,S014,6314,135,0,356
L000452,142,S012,1237,0,5,150
L000453,142,S002,1286,0,40,148
L000454,143,S006,2239,0,20,202
L000455,143,S012,1965,206,10,132
L000456,143,S001,2197,0,15,125
L000457,143,S011,1963,145,20,216
L000458,143,S005,2257,134,10,598
L000459,144,S011,1607,78,25,215
L000460,145,S008,3862,92,15,884
L000461,145,S009,3323,147,0,511
L000462,146,S007,1910,0,50,28
L000463,146,S002,1989,191,5,422
L000464,146,S006,2011,228,20,237
L000465,146,S004,2065,83,20,64
L000466,147,S001,3307,242,5,3511
L000467,147,S013,2902,212,30,294
L000468,147,S014,3245,0,15,200
L000469,148,S003,941,152,10,25
L000470,148,S008,976,218,20,721
L000471,148,S009,966,125,5,74
L000472,148,S005,840,219,40,243
L000473,148,S013,1008,211,20,249
L000474,149,S004,3712,150,30,158
L000475,149,S011,3938,197,5,391
L000476,150,S005,4370,0,0,81
L000477,150,S010,4195,154,10,313
L000478,150,S007,4368,69,10,528
L000479,150,S012,4631,221,20,114
L000480,151,S012,3256,103,10,334
L000481,151,S007,3852,81,25,295
L000482,151,S008,3615,68,10,75
L000483,152,S010,1034,90,15,182
L000484,152,S003,1035,218,25,145
L000485,152,S002,884,54,20,80
L000486,152,S009,926,241,10,209
L000487,153,S006,3186,236,40,191
L000488,153,S008,2984,58,10,353
L000489,154,S013,4649,72,20,7
L000490,154,S005,4278,96,40,8
L000491,154,S009,4095,152,30,147
L000492,155,S005,5706,119,0,131
L000493,156,S006,5080,152,10,3275
L000494,156,S002,5559,196,10,50
L000495,157,S001,5154,157,20,74
L000496,157,S003,5317,0,5,721
L000497,157,S012,5198,243,20,28
L000498,157,S006,5554,71,10,36
L000499,157,S013,5431,0,20,146
L000500,158,S010,1064,0,5,554
L000501,159,S013,5685,154,40,271
L000502,159,S004,5417,231,25,211
L000503,160,S004,3751,0,25,111
L000504,161,S005,4319,155,20,148
L000505,161,S006,4203,193,5,96
L000506,161,S008,4248,108,5,281
L000507,162,S004,4634,0,30,266
L000508,162,S006,4413,0,25,22
L000509,162,S003,4181,0,5,340
L000510,162,S001,4617,223,30,77
L000511,163,S001,4136,222,20,100
L000512,163,S008,4066,54,15,397
L000513,163,S005,4289,250,20,451
L000514,163,S009,4232,166,40,268
L000515,164,S013,5787,205,50,171
L000516,164,S008,5747,222,5,707
L000517,165,S002,3429,124,40,109
L000518,166,S002,2145,176,25,397
L000519,166,S001,2130,0,0,202
L000520,166,S014,2254,0,10,75
L000521,167,S012,4279,158,10,283
L000522,167,S011,3932,0,10,171
L000523,167,S008,4517,88,0,268
L000524,168,S009,1294,130,25,191
L000525,168,S006,1520,114,20,208
L000526,168,S003,1440,237,30,329
L000527,168,S002,1484,55,10,223
L000528,169,S005,5253,53,10,66
L000529,170,S002,4372,92,15,178
L000530,170,S006,4644,135,10,97
L000531,170,S011,3971,212,10,258
L000532,170,S007,3977,126,10,106
L000533,171,S013,3461,52,25,370
L000534,171,S010,3875,149,0,83
L000535,172,S012,5780,145,5,108
L000536,172,S010,5803,148,30,412
L000537,172,S003,6018,241,10,59
L000538,172,S013,5667,167,20,186
L000539,172,S007,5383,59,10,40
L000540,173,S009,934,84,0,164
L000541,173,S004,880,169,15,120
L000542,173,S006,1027,85,5,781
L000543,173,S008,913,87,20,1560
L000544,174,S014,4327,181,0,241
L000545,174,S007,4350,109,10,148
L000546,174,S013,4048,100,30,135
L000547,175,S012,4886,101,15,112
L000548,175,S011,4127,227,5,382
L000549,175,S009,4871,0,5,1208
L000550,175,S007,4921,0,20,115
L000551,176,S001,948,199,25,888
L000552,176,S006,1071,150,15,148
L000553,176,S012,1022,243,10,195
L000554,177,S009,3792,58,30,68
L000555,178,S002,919,55,15,81
L000556,178,S013,865,0,5,765
L000557,178,S001,844,77,20,69
L000558,179,S010,666,86,10,672
L000559,179,S001,775,0,10,94
L000560,179,S002,760,84,40,125
L000561,180,S014,2565,76,0,129
L000562,180,S006,2604,0,5,229
L000563,181,S011,2144,175,50,50
L000564,181,S006,2118,236,10,260
L000565,181,S002,2322,248,20,30
L000566,181,S012,2414,167,25,25
L000567,181,S001,2196,107,5,35
L000568,182,S010,1920,174,30,560
L000569,182,S006,1768,179,10,268
L000570,182,S001,2070,143,20,185
L000571,183,S007,4573,246,5,743
L000572,183,S006,4201,119,5,198
L000573,184,S012,4170,133,10,141
L000574,184,S006,4399,128,5,89
L000575,184,S007,4333,51,15,544
L000576,185,S013,2317,133,15,72
L000577,186,S003,2106,177,20,64
L000578,186,S004,2335,79,20,54
L000579,186,S002,2307,0,20,185
L000580,186,S008,2009,0,0,17
L000581,186,S013,2214,179,20,222
L000582,187,S011,4894,93,10,401
L000583,188,S013,2826,127,5,350
L000584,189,S005,2882,247,25,180
L000585,189,S014,2515,141,5,88
L000586,189,S010,2970,82,30,195
L000587,189,S009,2490,0,50,57
L000588,190,S010,4623,0,30,113
L000589,190,S005,5293,231,5,257
L000590,190,S004,4442,240,20,9
L000591,190,S006,4489,224,0,169
L000592,190,S012,5094,78,25,278
L000593,191,S013,2474,171,50,135
L000594,191,S009,2626,0,15,51
L000595,191,S012,2790,120,5,1243
L000596,191,S006,2404,229,15,540
L000597,191,S010,2487,173,5,24
L000598,192,S013,2905,196,15,185
L000599,193,S005,4798,216,0,194
L000600,193,S008,4717,166,10,208
L000601,193,S002,4684,0,0,100
L000602,193,S003,5064,56,5,255
L000603,193,S011,4914,71,15,973
L000604,194,S007,5808,244,5,62
L000605,194,S002,6183,0,25,93
L000606,194,S013,5770,147,0,94
L000607,195,S013,4754,178,5,334
L000608,196,S006,2553,193,20,288
L000609,196,S014,2567,76,15,147
L000610,196,S005,2540,56,10,126
L000611,196,S002,2677,118,20,99
L000612,197,S014,799,94,60,83
L000613,197,S007,872,56,10,108
L000614,198,S003,1643,142,30,119
L000615,198,S011,1647,134,5,131
L000616,198,S010,1571,0,40,246
L000617,198,S008,1463,144,15,48
L000618,199,S004,6235,194,5,151
L000619,199,S005,5840,160,10,140
L000620,200,S013,5719,237,15,60
L000621,200,S006,5784,52,50,70
L000622,201,S004,4561,50,0,106
L000623,202,S010,2267,0,15,113
L000624,203,S012,2638,114,25,149
L000625,203,S007,2895,153,5,491
L000626,203,S004,2566,213,15,44
L000627,203,S006,2811,245,20,138
L000628,204,S002,715,76,30,34
L000629,204,S014,652,113,10,76
L000630,204,S007,772,144,15,231
L000631,205,S007,5833,203,15,105
L000632,205,S014,5716,87,15,529
L000633,205,S010,6038,248,15,29
L000634,205,S002,5383,218,10,295
L000635,206,S011,2790,228,15,109
L000636,207,S007,589,179,20,188
L000637,207,S014,561,97,30,216
L000638,208,S014,651,212,25,111
L000639,208,S012,645,170,15,1087
L000640,208,S010,625,58,15,379
L000641,209,S003,1672,186,15,60
L000642,209,S006,1495,77,10,111
L000643,210,S004,591,215,30,186
L000644,210,S009,574,109,20,68
L000645,210,S007,564,241,5,146
L000646,210,S006,638,243,15,48
L000647,211,S012,4088,171,20,105
L000648,211,S009,3482,82,0,574
L000649,211,S001,4118,68,10,79
L000650,211,S011,3946,193,20,284
L000651,211,S004,4093,158,15,91
L000652,212,S010,672,0,15,221
L000653,212,S014,682,54,50,137
L000654,212,S005,759,161,15,100
L000655,212,S001,702,160,15,185
L000656,213,S002,5426,241,15,351
L000657,214,S004,4785,155,10,91
L000658,214,S002,4806,131,0,297
L000659,214,S003,5093,0,25,138
L000660,214,S006,4953,62,5,467
L000661,215,S007,2281,193,15,106
L000662,215,S005,2239,182,40,339
L000663,215,S003,2222,246,15,22
L000664,216,S010,2987,96,0,70
L000665,216,S011,2875,133,20,200
L000666,216,S004,2790,176,20,1462
L000667,216,S003,3356,205,30,276
L000668,216,S009,2962,0,20,149
L000669,217,S011,2409,0,5,102
L000670,217,S007,2478,0,20,56
L000671,218,S011,5323,143,25,862
L000672,218,S006,5300,0,15,170
L000673,219,S013,4852,0,15,27
L000674,219,S006,5449,144,10,63
L000675,219,S008,5543,140,0,294
L000676,219,S003,5455,79,10,80
L000677,220,S005,2744,88,25,98
L000678,221,S012,2559,62,20,338
L000679,221,S001,2581,208,5,54
L000680,221,S014,2429,247,15,278
L000681,221,S005,2616,113,15,567
L000682,221,S010,2569,67,5,78
L000683,222,S011,5786,155,10,241
L000684,222,S004,5453,93,30,263
L000685,222,S009,5488,167,15,129
L000686,222,S007,5990,148,10,158
L000687,222,S014,5519,161,20,62
L000688,223,S011,800,108,5,67
L000689,223,S005,813,143,10,36
L000690,223,S013,741,56,25,36
L000691,224,S003,2449,0,15,439
L000692,224,S009,2176,231,0,196
L000693,225,S006,1472,204,5,68
L000694,226,S006,3218,0,30,210
L000695,226,S011,3481,52,15,32
L000696,226,S012,3423,173,20,122
L000697,226,S010,2982,175,5,150
L000698,226,S013,3062,171,25,343
L000699,227,S013,4640,59,15,503
L000700,228,S011,1485,87,25,105
L000701,228,S004,1397,177,0,62
L000702,228,S002,1486,233,15,75
L000703,228,S014,1279,59,15,73
L000704,229,S008,4610,202,5,359
L000705,229,S012,4034,213,25,56
L000706,229,S014,4163,89,20,150
L000707,230,S013,2250,143,30,58
L000708,230,S008,2292,173,25,80
L000709,230,S009,2288,190,60,95
L000710,230,S006,2383,173,10,167
L000711,230,S011,2367,58,30,113
L000712,231,S014,3372,150,15,314
L000713,231,S006,3034,94,10,237
L000714,231,S008,3085,74,50,20
L000715,231,S005,3010,152,5,37
L000716,231,S011,3076,0,30,141
L000717,232,S012,3948,0,20,381
L000718,233,S010,2241,198,10,170
L000719,233,S002,1905,171,25,408
L000720,233,S007,1897,128,10,44
L000721,234,S006,827,84,10,132
L000722,234,S008,755,236,25,119
L000723,235,S009,2991,0,0,59
L000724,235,S006,2607,60,10,60
L000725,235,S004,2726,231,10,108
L000726,235,S003,2715,210,20,246
L000727,236,S002,3252,216,30,68
L000728,236,S004,3775,187,5,23
L000729,236,S007,3550,187,25,312
L000730,237,S013,5088,142,20,38
L000731,238,S002,1852,75,40,90
L000732,239,S005,4632,89,10,143
L000733,240,S011,1439,76,0,92
L000734,240,S007,1471,218,15,28
L000735,240,S003,1491,129,10,237
L000736,240,S005,1522,233,0,85
L000737,240,S012,1335,173,5,201
L000738,241,S004,5193,105,5,186
L000739,241,S009,5253,181,10,99
L000740,242,S010,2898,53,20,176
L000741,242,S006,2810,0,5,307
L000742,242,S007,2725,115,15,63
L000743,242,S014,2648,0,15,32
L000744,242,S009,2891,53,40,56
L000745,243,S011,1196,55,50,14
L000746,243,S010,1340,148,30,360
L000747,243,S009,1199,0,25,104
L000748,244,S013,2651,244,30,440
L000749,245,S011,3537,0,30,48
L000750,245,S013,3354,102,5,152
L000751,245,S014,3187,163,25,208
L000752,246,S003,4862,97,15,426
L000753,247,S006,4430,182,5,284
L000754,247,S012,4146,185,15,344
L000755,247,S005,4702,180,5,479
L000756,247,S011,4930,113,30,125
L000757,247,S013,4144,0,10,209
L000758,248,S008,4238,67,30,46
L000759,249,S010,3033,115,10,111
L000760,249,S014,2892,0,15,106
L000761,249,S011,2608,0,10,386
L000762,249,S008,2571,143,15,155
L000763,250,S008,2682,0,0,304
L000764,250,S014,2694,215,5,49
L000765,250,S004,3117,204,0,224
L000766,250,S002,2995,72,50,124
L000767,251,S007,3519,164,0,193
L000768,252,S014,2556,61,20,24
L000769,252,S002,2432,214,10,192
L000770,253,S007,2022,0,5,38
L000771,253,S005,1960,231,10,78
L000772,253,S008,2186,163,15,409
L000773,253,S006,1962,141,10,25
L000774,254,S001,4724,70,5,86
L000775,254,S007,5335,209,5,233
L000776,254,S010,4607,0,15,53
L000777,254,S013,5210,0,5,105
L000778,255,S011,1574,203,5,149
L000779,255,S010,1589,248,40,166
L000780,256,S002,2812,0,5,462
L000781,257,S011,4697,78,15,140
L000782,257,S001,4941,248,15,236
L000783,257,S007,4758,220,30,119
L000784,257,S002,5060,219,50,115
L000785,257,S009,5039,0,10,283
L000786,258,S014,1792,0,10,307
L000787,258,S011,1669,167,10,110
L000788,258,S010,1805,196,50,92
L000789,258,S003,1763,244,15,36
L000790,259,S004,3401,223,30,50
L000791,259,S014,3402,233,20,68
L000792,259,S002,3617,67,0,161
L000793,259,S001,3785,0,5,158
L000794,260,S006,2886,112,30,212
L000795,261,S008,5828,86,5,201
L000796,262,S007,1109,0,25,19
L000797,262,S013,1226,0,20,68
L000798,262,S012,1323,126,0,19
L000799,262,S010,1087,0,10,363
L000800,262,S009,1219,205,10,48
L000801,263,S004,4689,181,10,136
L000802,264,S003,3217,0,5,448
L000803,264,S012,3094,101,25,249
L000804,264,S009,3653,90,25,111
L000805,265,S013,2834,0,20,164
L000806,265,S006,2814,249,15,181
L000807,266,S006,988,0,20,231
L000808,266,S009,1090,143,20,112
L000809,266,S014,1169,243,50,95
L000810,266,S012,1085,192,15,124
L000811,266,S010,1038,91,10,188
L000812,267,S009,5882,96,10,181
L000813,267,S004,6113,86,30,174
L000814,267,S014,6053,107,25,141
L000815,267,S007,5925,0,20,45
L000816,268,S013,732,94,20,303
L000817,268,S014,751,165,0,141
L000818,268,S004,735,184,20,11
L000819,268,S008,759,52,15,56
L000820,268,S007,765,0,20,558
L000821,269,S004,2584,81,0,216
L000822,269,S001,2580,81,10,360
L000823,270,S013,1009,228,0,349
L000824,271,S009,5800,0,50,192
L000825,271,S003,5734,229,0,219
L000826,271,S005,5746,94,10,111
L000827,271,S001,5866,0,40,46
L000828,271,S007,5086,0,0,83
L000829,272,S001,4060,70,25,134
L000830,272,S007,3556,139,15,65
L000831,272,S010,3553,0,20,220
L000832,272,S003,3613,246,20,536
L000833,273,S005,2004,179,40,41
L000834,273,S014,2120,188,60,247
L000835,274,S010,3436,246,0,42
L000836,274,S012,3611,216,50,124
L000837,274,S007,3751,69,25,36
L000838,274,S005,3693,168,0,62
L000839,274,S002,3805,57,10,135
L000840,275,S004,3666,194,10,136
L000841,276,S013,5905,0,15,319
L000842,276,S006,5219,79,15,68
L000843,276,S009,5077,0,5,36
L000844,276,S005,5405,0,30,63
L000845,276,S004,5207,76,10,140
L000846,277,S010,4837,199,30,67
L000847,277,S003,5115,215,10,671
L000848,277,S009,5145,210,30,179
L000849,277,S002,4767,215,30,303
L000850,278,S004,1656,120,30,673
L000851,278,S014,1744,242,10,162
L000852,278,S008,1629,96,10,430
L000853,278,S010,1692,216,0,177
L000854,279,S008,2938,160,20,390
L000855,279,S013,3133,106,5,104
L000856,280,S013,5049,216,15,154
L000857,281,S002,579,58,10,97
L000858,281,S011,583,0,0,212
L000859,282,S008,779,0,10,560
L000860,282,S014,797,178,15,49
L000861,282,S005,822,0,40,316
L000862,282,S002,762,167,20,183
L000863,282,S013,856,185,20,51
L000864,283,S001,2901,75,40,69
L000865,283,S006,2945,67,15,159
L000866,283,S012,2782,222,20,814
L000867,283,S014,2866,0,10,69
L000868,284,S009,5119,245,25,127
L000869,285,S008,2112,250,15,285
L000870,286,S003,2031,53,10,339
L000871,286,S010,1824,88,10,30
L000872,286,S008,2006,101,20,141
L000873,286,S005,1820,100,5,319
L000874,286,S002,1700,204,30,520
L000875,287,S007,908,238,40,95
L000876,287,S008,841,129,25,30
L000877,288,S006,5935,55,10,94
L000878,288,S012,5645,204,15,126
L000879,288,S008,5569,0,50,102
L000880,288,S004,5320,197,0,2583
L000881,288,S009,5536,237,20,872
L000882,289,S004,4634,207,10,455
L000883,289,S014,4522,0,15,50
L000884,289,S013,4419,0,5,144
L000885,289,S012,5016,173,25,45
L000886,289,S003,5033,198,10,77
L000887,290,S002,5306,0,10,24
L000888,290,S013,4875,137,0,287
L000889,290,S008,5193,107,20,269
L000890,290,S001,5174,59,20,33
L000891,290,S011,4408,0,20,438
L000892,291,S003,3756,0,15,171
L000893,291,S010,4010,194,5,190
L000894,291,S009,3941,224,0,416
L000895,291,S012,3644,50,10,193
L000896,292,S010,2419,0,0,198
L000897,292,S008,2160,0,25,86
L000898,293,S006,1415,199,20,36
L000899,293,S007,1596,0,15,141
L000900,294,S009,1070,104,20,6
L000901,294,S008,1043,121,15,93
L000902,294,S004,1218,208,0,19
L000903,295,S004,3589,52,15,92
L000904,295,S003,3789,191,25,143
L000905,295,S014,3407,90,15,50
L000906,295,S005,3810,122,5,174
L000907,296,S008,2211,0,20,244
L000908,296,S011,2279,50,40,69
L000909,297,S002,3175,123,5,196
L000910,298,S012,786,212,5,225
L000911,299,S001,3731,98,15,290
L000912,299,S014,4204,0,10,544
L000913,299,S011,4286,211,5,175
L000914,300,S004,2551,106,0,288
L000915,300,S006,2366,93,25,78
L000916,300,S001,2620,87,40,1821
L000917,300,S003,2197,58,15,674
L000918,301,S001,2186,70,15,211
L000919,301,S009,2222,0,10,46
L000920,301,S013,2527,247,25,53
L000921,302,S014,1999,61,10,43
L000922,302,S002,1758,154,30,189
L000923,302,S010,1857,190,10,35
L000924,302,S004,1934,64,20,131
L000925,303,S010,3081,229,10,70
L000926,303,S013,3312,0,25,231
L000927,303,S002,3658,0,20,483
L000928,303,S004,3675,121,5,60
L000929,304,S009,4399,113,25,31
L000930,304,S013,4902,97,0,87
L000931,304,S002,4712,231,5,138
L000932,305,S005,4314,0,25,142
L000933,305,S014,4001,0,20,146
L000934,305,S013,4612,77,20,805
L000935,305,S012,3943,86,30,322
L000936,305,S007,4204,234,5,294
L000937,306,S014,5063,0,0,57
L000938,306,S006,4653,89,5,954
L000939,307,S010,4615,105,0,253
L000940,308,S003,2156,63,10,136
L000941,308,S009,2435,0,15,11
L000942,308,S004,2378,165,15,120
L000943,308,S013,2199,204,10,368
L000944,308,S005,2322,201,20,370
L000945,309,S014,5364,56,20,961
L000946,309,S006,5006,150,0,129
L000947,309,S009,5319,54,5,551
L000948,310,S014,2134,0,25,62
L000949,311,S007,1389,189,15,147
L000950,311,S012,1231,0,30,303
L000951,311,S008,1439,68,10,152
L000952,311,S004,1408,0,50,91
L000953,311,S003,1244,159,5,289
L000954,312,S004,3040,125,10,282
L000955,312,S001,3383,158,15,64
L000956,313,S002,5609,74,20,140
L000957,314,S008,4212,184,25,115
L000958,314,S007,4118,216,20,130
L000959,315,S006,1610,225,0,301
L000960,315,S002,1557,0,5,25
L000961,315,S013,1666,198,20,70
L000962,316,S014,3816,167,25,356
L000963,316,S004,3991,90,15,115
L000964,316,S001,3278,0,20,512
L000965,317,S002,717,175,50,45
L000966,317,S009,714,87,5,386
L000967,317,S012,773,233,30,640
L000968,318,S005,2073,70,20,126
L000969,318,S008,2010,0,20,97
L000970,318,S010,1895,238,25,1274
L000971,318,S011,2154,169,20,378
L000972,319,S001,4690,130,10,109
L000973,319,S009,4423,0,5,249
L000974,319,S010,4369,0,20,26
L000975,319,S005,4613,157,30,18
L000976,320,S009,3223,104,30,360
L000977,320,S002,3065,63,40,159
L000978,321,S006,1943,118,25,581
L000979,321,S011,1952,242,5,527
L000980,321,S008,1967,235,15,108
L000981,321,S002,1765,117,5,550
L000982,321,S004,1834,166,30,272
L000983,322,S005,2035,0,10,56
L000984,322,S011,2088,222,10,727
L000985,322,S007,2093,187,0,110
L000986,323,S007,6086,82,0,290
L000987,324,S013,5291,230,10,427
L000988,324,S011,6076,67,0,268
L000989,324,S002,5429,124,10,200
L000990,324,S007,5438,202,30,43
L000991,325,S014,1077,160,5,488
L000992,325,S010,1187,202,10,59
L000993,325,S008,1151,231,20,187
L000994,325,S003,1187,0,30,84
L000995,326,S010,3640,82,30,222
L000996,326,S007,3512,247,30,206
L000997,327,S013,4488,0,10,169
L000998,327,S005,4382,90,0,121
L000999,327,S010,4533,211,30,137
L001000,328,S008,2604,0,10,88
L001001,328,S005,2499,88,5,191
L001002,328,S001,2726,182,20,48
L001003,328,S014,2304,191,15,297
L001004,329,S008,2905,0,0,98
L001005,330,S002,2988,0,10,61
L001006,330,S011,3410,106,0,2655
L001007,331,S005,3757,131,5,183
L001008,332,S006,3581,113,25,35
L001009,333,S012,5752,237,30,634
L001010,333,S002,5618,133,25,171
L001011,333,S007,5983,125,10,227
L001012,333,S014,6154,88,10,150
L001013,334,S001,2746,121,30,65
L001014,334,S013,2759,133,30,159
L001015,334,S003,2471,50,25,45
L001016,334,S007,2574,238,5,421
L001017,334,S009,2682,197,15,680
L001018,335,S006,5513,215,40,14
L001019,335,S002,5282,69,5,462
L001020,336,S007,2751,117,10,136
L001021,336,S002,2942,194,0,107
L001022,337,S008,2821,204,10,99
L001023,337,S004,3124,0,10,246
L001024,338,S004,2084,0,15,362
L001025,338,S005,2236,116,5,945
L001026,338,S013,2347,189,15,304
L001027,338,S008,2297,248,25,171
L001028,338,S006,2167,0,50,78
L001029,339,S004,5262,126,15,162
L001030,339,S010,5552,237,5,18
L001031,339,S006,6122,141,15,860
L001032,339,S009,6147,116,20,139
L001033,339,S007,6169,0,20,59
L001034,340,S014,2139,102,50,686
L001035,340,S004,2100,145,5,283
L001036,340,S001,2131,142,10,347
L001037,341,S014,3733,180,0,7
L001038,342,S011,1537,0,0,438
L001039,342,S002,1564,0,10,295
L001040,343,S009,601,209,10,59
L001041,343,S002,577,156,15,294
L001042,343,S014,607,0,5,61
L001043,344,S006,3235,0,5,72
L001044,344,S012,3092,232,10,61
L001045,344,S010,3103,141,10,362
L001046,345,S003,1254,214,20,12
L001047,345,S010,1122,0,25,236
L001048,346,S004,1558,197,15,492
L001049,346,S003,1687,57,0,140
L001050,347,S005,5964,111,30,54
L001051,348,S008,2427,53,5,160
L001052,348,S004,2451,233,25,145
L001053,349,S006,3176,0,10,232
L001054,349,S012,3372,216,20,92
L001055,349,S014,3268,66,5,86
L001056,349,S001,3109,244,20,197
L001057,349,S004,3381,157,15,668
L001058,350,S007,3146,245,15,283
L001059,350,S005,3236,143,15,79
L001060,350,S009,3091,76,15,340
L001061,351,S010,3388,0,15,14
L001062,351,S009,3484,0,10,3805
L001063,352,S009,3557,63,10,98
L001064,352,S014,3202,198,5,79
L001065,353,S002,5690,93,30,416
L001066,353,S003,5666,119,0,152
L001067,353,S009,5426,195,0,158
L001068,353,S013,6383,185,10,208
L001069,354,S012,1603,0,30,372
L001070,354,S007,1635,171,10,75
L001071,355,S011,918,161,20,108
L001072,355,S001,866,88,5,365
L001073,355,S004,963,155,0,81
L001074,355,S007,998,213,5,122
L001075,356,S011,2500,122,0,140
L001076,357,S005,3265,0,0,72
L001077,358,S012,4184,244,25,63
L001078,359,S006,2200,247,15,103
L001079,359,S005,2195,0,15,68
L001080,359,S003,2049,195,5,774
L001081,359,S002,2132,174,30,61
L001082,359,S009,2257,115,10,66
L001083,360,S010,3440,104,15,79
L001084,360,S011,3376,131,0,640
L001085,361,S005,4448,114,20,43
L001086,361,S014,4571,0,40,94
L001087,362,S008,4138,0,0,75
L001088,362,S011,4559,0,0,843
L001089,363,S010,2379,156,15,147
L001090,364,S007,5812,188,10,96
L001091,364,S003,6074,0,15,125
L001092,365,S001,1871,213,10,238
L001093,366,S014,1194,0,10,435
L001094,366,S011,1416,0,20,38
L001095,366,S006,1246,109,5,45
L001096,366,S004,1204,0,0,62
L001097,366,S013,1319,195,30,122
L001098,367,S004,5130,152,20,101
L001099,367,S014,4974,131,40,156
L001100,367,S002,5392,0,15,90
L001101,367,S011,4779,105,30,52
L001102,368,S004,3427,247,20,112
L001103,368,S010,3506,187,20,1496
L001104,369,S004,1718,101,25,704
L001105,369,S012,1757,100,15,28
L001106,369,S002,1575,134,25,966
L001107,369,S006,1609,119,10,444
L001108,369,S005,1711,226,20,379
L001109,370,S007,4302,0,25,174
L001110,370,S008,3764,138,15,230
L001111,370,S011,3883,248,0,481
L001112,371,S012,5019,128,15,50
L001113,371,S009,5260,0,5,214
L001114,371,S006,5775,160,10,241
L001115,371,S007,5626,114,25,50
L001116,372,S013,2863,127,30,64
L001117,373,S002,3017,149,5,131
L001118,373,S014,2949,106,25,268
L001119,374,S009,5057,139,20,235
L001120,374,S007,5664,0,5,130
L001121,374,S002,5408,0,10,138
L001122,375,S013,1889,0,20,17
L001123,376,S008,1619,179,15,173
L001124,376,S010,1632,230,25,771
L001125,376,S006,1686,67,25,77
L001126,377,S011,3613,61,0,443
L001127,377,S007,3567,96,30,43
L001128,377,S003,3616,102,5,215
L001129,378,S005,829,57,0,444
L001130,378,S010,834,131,20,114
L001131,378,S002,912,178,20,309
L001132,378,S013,947,78,15,1343
L001133,379,S011,800,0,5,433
L001134,380,S006,1224,206,0,354
L001135,381,S014,1907,85,0,200
L001136,382,S006,3592,193,5,27
L001137,382,S010,3510,105,15,213
L001138,383,S009,5019,0,15,86
L001139,383,S002,4891,196,15,42
L001140,383,S001,5760,74,15,279
L001141,383,S010,5522,85,20,138
L001142,383,S007,5533,242,10,271
L001143,384,S008,1901,175,15,288
L001144,385,S006,5597,71,10,203
L001145,385,S007,6294,136,0,19
L001146,386,S004,4953,0,15,164
L001147,387,S012,2539,101,20,33
L001148,388,S008,2796,248,20,63
L001149,388,S009,2774,0,0,55
L001150,389,S001,3192,0,40,251
L001151,389,S007,3507,69,20,31
L001152,389,S011,3389,113,40,539
L001153,389,S002,3122,122,25,41
L001154,390,S005,2390,0,10,218
L001155,390,S010,2428,200,30,19
L001156,391,S002,3634,83,10,37
L001157,391,S006,3164,90,10,154
L001158,391,S007,3522,219,30,258
L001159,392,S014,1026,247,10,124
L001160,392,S008,998,189,40,181
L001161,393,S014,5495,210,0,65
L001162,393,S004,5101,165,10,195
L001163,394,S003,5271,97,20,166
L001164,394,S007,4941,101,10,54
L001165,395,S002,2941,52,10,44
L001166,395,S004,2890,175,30,50
L001167,395,S014,2758,218,0,111
L001168,395,S012,2825,247,10,202
L001169,396,S001,5813,147,20,363
L001170,396,S010,5423,67,15,79
L001171,396,S003,5462,245,25,150
L001172,396,S011,6017,96,10,221
L001173,396,S009,6063,174,10,75
L001174,397,S004,1177,146,10,462
L001175,397,S011,1000,0,5,69
L001176,398,S001,5026,95,5,111
L001177,398,S013,4490,167,10,191
L001178,398,S002,4890,158,25,154
L001179,398,S008,4520,192,20,236
L001180,398,S009,4934,0,20,182
L001181,399,S010,1323,89,10,191
L001182,399,S009,1413,214,10,112
L001183,399,S013,1595,243,5,838
L001184,399,S005,1466,208,40,949
L001185,399,S004,1563,50,10,182
L001186,400,S005,1019,0,20,999
L001187,400,S014,1094,0,10,82
L001188,400,S007,1046,99,5,66
L001189,401,S001,5752,0,25,312
L001190,401,S004,4894,160,15,257
L001191,401,S006,4918,84,10,364
L001192,401,S003,5172,244,20,417
L001193,401,S005,5350,139,15,170
L001194,402,S011,5176,76,0,82
L001195,402,S007,5412,151,5,364
L001196,402,S006,4992,166,0,291
L001197,402,S003,5115,210,25,44
L001198,402,S014,5532,95,30,452
L001199,403,S006,5216,114,20,95
L001200,403,S009,5351,0,5,75
L001201,403,S011,5368,188,0,143
L001202,403,S012,5171,133,5,312
L001203,404,S012,5749,241,25,408
L001204,405,S004,4502,0,0,230
L001205,405,S005,4585,174,20,468
L001206,405,S001,4407,178,5,42
L001207,406,S004,5682,149,15,60
L001208,406,S008,5838,98,0,77
L001209,406,S002,5735,68,25,37
L001210,407,S014,581,246,5,715
L001211,407,S004,483,55,20,101
L001212,407,S009,485,243,5,45
L001213,407,S001,521,62,5,177
L001214,407,S012,571,86,10,94
L001215,408,S013,6484,161,20,28
L001216,408,S012,5890,0,25,1371
L001217,409,S005,1262,167,10,252
L001218,409,S011,1295,164,25,347
L001219,410,S008,4185,236,30,129
L001220,410,S005,4082,100,15,563
L001221,410,S010,4745,195,25,168
L001222,410,S009,4384,134,15,1114
L001223,411,S008,2599,0,50,920
L001224,411,S007,2700,0,25,248
L001225,411,S002,2789,86,10,1464
L001226,411,S006,2645,0,15,31
L001227,411,S011,2742,120,15,185
L001228,412,S006,4766,96,25,73
L001229,412,S012,4781,186,25,285
L001230,412,S013,4573,79,30,142
L001231,412,S004,4819,219,15,528
L001232,412,S008,4105,80,10,224
L001233,413,S010,3940,237,15,91
L001234,413,S009,3626,221,25,283
L001235,413,S008,4022,155,25,79
L001236,413,S001,4112,80,5,47
L001237,414,S002,3105,87,10,77
L001238,414,S009,3146,227,0,31
L001239,414,S012,3100,0,10,114
L001240,414,S014,3336,116,10,95
L001241,415,S002,2053,0,15,218
L001242,416,S014,3188,175,10,314
L001243,416,S003,3500,211,25,81
L001244,416,S006,2980,0,15,69
L001245,416,S004,3324,0,10,197
L001246,417,S013,1606,207,25,461
L001247,417,S009,1580,167,20,200
L001248,418,S010,2309,57,20,128
L001249,418,S011,2667,160,5,41
L001250,418,S008,2682,0,15,569
L001251,418,S012,2444,109,0,755
L001252,419,S010,2265,76,10,394
L001253,419,S007,2490,0,25,340
L001254,419,S006,2568,210,30,149
L001255,419,S008,2445,239,20,351
L001256,419,S005,2623,64,5,26
L001257,420,S011,3517,140,10,167
L001258,420,S006,4014,107,20,215
L001259,420,S010,3849,90,0,295
L001260,421,S013,4142,89,0,32
L001261,421,S004,4247,0,10,82
L001262,422,S011,945,130,40,302
L001263,422,S009,936,106,50,142
L001264,422,S005,1078,0,10,53
L001265,422,S010,1053,128,5,980
L001266,422,S013,995,159,0,376
L001267,423,S005,3225,110,5,241
L001268,423,S010,3430,240,30,21
L001269,423,S009,3124,116,25,152
L001270,424,S008,5099,242,20,69
L001271,424,S010,4713,217,40,204
L001272,424,S012,4913,62,25,135
L001273,424,S009,4799,249,60,532
L001274,425,S011,3079,0,30,79
L001275,426,S006,1254,114,20,249
L001276,426,S012,1434,134,25,18
L001277,427,S014,787,52,25,76
L001278,427,S007,731,134,20,207
L001279,427,S001,739,183,10,338
L001280,428,S009,4703,185,20,260
L001281,428,S001,5013,236,10,196
L001282,429,S007,2861,119,5,54
L001283,429,S002,2715,168,15,1042
L001284,429,S014,2794,155,0,28
L001285,430,S010,3203,99,60,77
L001286,430,S002,3140,65,15,39
L001287,430,S005,3093,243,10,82
L001288,431,S004,4811,221,0,311
L001289,431,S001,4983,188,15,107
L001290,431,S013,5234,193,15,92
L001291,432,S011,5460,123,5,130
L001292,432,S012,5233,146,5,576
L001293,432,S001,5849,59,0,43
L001294,432,S005,4933,119,15,81
L001295,432,S002,5582,167,25,58
L001296,433,S004,2142,222,10,38
L001297,433,S012,2094,135,30,361
L001298,433,S011,2321,71,10,230
L001299,433,S007,2322,192,40,62
L001300,434,S011,803,0,15,237
L001301,434,S014,698,81,25,146
L001302,435,S010,2666,191,10,99
L001303,436,S003,1146,171,15,75
L001304,436,S010,1227,75,30,176
L001305,436,S014,1233,0,5,747
L001306,437,S002,3849,223,30,309
L001307,437,S001,3304,236,0,72
L001308,437,S010,3628,51,10,73
L001309,438,S010,5248,210,10,210
L001310,439,S003,2130,93,25,45
L001311,439,S002,2128,213,5,934
L001312,439,S008,2153,53,10,1868
L001313,439,S013,2413,150,20,66
L001314,439,S004,2321,220,0,58
L001315,440,S013,2520,0,10,81
L001316,441,S001,3493,138,20,148
L001317,441,S002,3183,148,60,215
L001318,441,S006,3228,0,10,243
L001319,442,S012,5401,131,20,53
L001320,442,S013,5282,90,20,79
L001321,443,S012,2658,0,30,65
L001322,444,S012,2201,53,0,190
L001323,444,S009,2052,176,5,327
L001324,444,S008,1888,98,15,79
L001325,444,S002,1984,202,50,705
L001326,444,S011,1887,98,10,417
L001327,445,S005,4314,134,0,130
L001328,445,S009,4295,78,25,407
L001329,445,S008,4190,154,40,232
L001330,446,S012,2206,194,5,215
L001331,446,S009,2155,0,5,114
L001332,446,S013,2036,123,5,598
L001333,446,S002,2325,88,40,35
L001334,447,S004,572,148,15,212
L001335,448,S008,2678,0,30,565
L001336,448,S004,2226,210,5,360
L001337,449,S004,2886,205,10,65
L001338,449,S001,2774,101,10,273
L001339,449,S014,2745,221,40,156
L001340,449,S006,2893,66,40,422
L001341,449,S012,2562,140,15,248
L001342,450,S009,533,176,40,77
L001343,450,S003,533,180,30,267
L001344,451,S005,3815,76,20,40
L001345,451,S006,3904,0,0,71
L001346,452,S007,2923,0,0,155
L001347,452,S010,3275,64,15,179
L001348,452,S006,2822,240,20,122
L001349,452,S005,3199,200,5,50
L001350,453,S009,3532,147,20,387
L001351,453,S011,3723,209,40,102
L001352,453,S001,3126,215,10,108
L001353,453,S003,3483,240,15,331
L001354,454,S005,4826,61,60,417
L001355,455,S004,1012,116,15,844
L001356,455,S013,1052,109,60,83
L001357,455,S003,930,183,20,43
L001358,455,S011,1084,0,20,243
L001359,456,S003,551,0,60,280
L001360,456,S004,514,186,20,225
L001361,456,S013,531,229,40,66
L001362,456,S012,496,65,30,153
L001363,456,S006,574,50,15,121
L001364,457,S007,5798,88,25,881
L001365,458,S007,1508,152,10,408
L001366,458,S004,1685,70,0,227
L001367,458,S003,1633,122,15,189
L001368,458,S012,1733,233,0,652
L001369,459,S001,5648,82,30,45
L001370,459,S008,5866,205,25,138
L001371,459,S005,5922,0,5,60
L001372,459,S012,5954,112,5,25
L001373,460,S008,4350,120,5,208
L001374,460,S004,4685,162,25,576
L001375,460,S014,4113,121,5,57
L001376,460,S010,4714,181,0,759
L001377,461,S013,2919,160,10,53
L001378,461,S002,2899,58,10,62
L001379,461,S012,2773,67,10,24
L001380,462,S010,2373,0,50,63
L001381,462,S012,2341,95,0,371
L001382,463,S005,988,218,40,73
L001383,463,S011,1080,233,5,63
L001384,463,S002,1012,0,5,19
L001385,463,S009,1077,0,20,26
L001386,463,S012,1080,0,10,140
L001387,464,S014,3512,157,25,95
L001388,464,S013,3739,242,25,357
L001389,464,S012,3800,244,10,220
L001390,464,S009,3529,199,10,13
L001391,464,S008,3622,70,0,504
L001392,465,S008,4830,0,5,2282
L001393,465,S005,4683,0,15,94
L001394,466,S013,1174,139,10,1546
L001395,466,S009,1021,205,15,224
L001396,466,S002,1016,248,10,99
L001397,466,S014,1046,0,20,95
L001398,467,S001,5056,92,0,201
L001399,468,S008,2080,87,0,142
L001400,469,S014,2826,0,10,147
L001401,469,S001,2880,189,30,124
L001402,470,S004,3649,212,5,165
L001403,471,S001,3455,224,40,130
L001404,472,S007,2976,228,40,118
L001405,472,S014,3212,216,0,401
L001406,472,S012,3495,233,10,207
L001407,473,S006,3972,64,25,533
L001408,474,S010,3888,82,5,91
L001409,474,S002,4736,0,20,136
L001410,474,S003,4674,229,20,636
L001411,475,S014,2259,208,20,293
L001412,475,S007,2436,202,15,392
L001413,475,S009,2224,215,5,134
L001414,475,S008,2269,0,15,266
L001415,475,S002,2441,129,5,74
L001416,476,S009,1757,55,25,138
L001417,476,S007,1737,201,0,194
L001418,476,S014,1811,194,15,312
L001419,476,S001,1710,195,10,178
L001420,477,S013,3192,198,10,199
L001421,477,S001,3167,222,0,158
L001422,477,S007,2999,0,20,69
L001423,477,S014,3189,0,0,117
L001424,477,S005,2927,162,10,41
L001425,478,S010,553,130,25,193
L001426,478,S004,654,115,5,270
L001427,478,S013,651,104,20,469
L001428,478,S005,569,166,25,364
L001429,479,S012,4017,205,5,60
L001430,479,S005,4424,186,5,64
L001431,479,S008,3829,82,5,115
L001432,480,S002,2329,195,30,1069
L001433,480,S001,2575,104,40,392
L001434,480,S011,2304,64,20,213
L001435,481,S010,5239,76,15,186
L001436,482,S013,1239,156,25,61
L001437,483,S008,3713,0,25,23
L001438,483,S002,3680,178,25,122
L001439,483,S006,3281,0,20,424
L001440,483,S010,3756,0,30,152
L001441,484,S009,5572,0,40,50
L001442,484,S012,6430,109,40,268
L001443,485,S004,2983,246,10,753
L001444,486,S010,3628,143,10,107
L001445,487,S012,3312,103,25,50
L001446,487,S008,3673,159,5,788
L001447,487,S009,3491,105,25,80
L001448,487,S014,3476,74,10,101
L001449,488,S012,3723,141,25,346
L001450,488,S008,3308,210,5,154
L001451,489,S001,1483,65,15,219
L001452,489,S002,1279,0,5,642
L001453,490,S014,3642,189,30,87
L001454,491,S001,1780,97,20,346
L001455,491,S005,1579,0,0,112
L001456,491,S013,1723,223,25,635
L001457,491,S002,1596,153,10,47
L001458,492,S012,645,139,10,73
L001459,493,S014,4904,216,15,302
L001460,493,S001,5607,128,10,32
L001461,493,S002,5632,207,10,358
L001462,493,S004,5874,58,10,300
L001463,494,S014,4542,237,15,412
L001464,494,S012,4728,226,30,127
L001465,495,S010,5841,73,25,2150
L001466,495,S002,5613,137,10,62
L001467,495,S013,6000,65,0,920
L001468,495,S004,5977,242,5,35
L001469,495,S008,5611,84,20,57
L001470,496,S003,3195,63,20,109
L001471,497,S014,3749,0,40,226
L001472,497,S013,3967,66,50,230
L001473,497,S006,3858,185,10,54
L001474,497,S001,4053,132,5,414
L001475,498,S006,3513,238,10,44
L001476,499,S004,1779,103,5,759
L001477,499,S002,1733,75,15,69
L001478,499,S014,1890,156,10,148
L001479,500,S006,2312,130,20,111
L001480,500,S002,2176,0,40,79
L001481,500,S005,2162,199,10,80
L001482,500,S010,1941,0,40,237
L001483,500,S001,2306,185,15,399
L001484,501,S005,4169,98,40,228
L001485,501,S004,4122,115,5,190
L001486,502,S003,1424,193,40,298
L001487,503,S001,3476,79,5,195
L001488,504,S001,1329,0,15,261
L001489,505,S001,2767,0,40,266
L001490,505,S014,2646,186,20,558
L001491,505,S011,2547,63,10,269
L001492,505,S009,2837,84,10,337
L001493,505,S010,2595,122,60,76
L001494,506,S007,5347,232,5,1356
L001495,506,S012,5602,244,15,355
L001496,506,S006,5329,85,0,322
L001497,506,S014,5004,0,20,82
L001498,507,S009,1824,72,30,34
L001499,507,S006,1887,68,10,1007
L001500,508,S014,5397,68,40,172
L001501,508,S012,4631,239,10,273
L001502,509,S007,4884,0,25,91
L001503,509,S009,4577,122,0,228
L001504,510,S005,3217,84,40,135
L001505,510,S007,2716,232,20,139
L001506,511,S002,2755,0,15,75
L001507,511,S007,2788,114,15,162
L001508,511,S009,2766,101,30,471
L001509,511,S003,2875,248,10,44
L001510,511,S005,2648,64,40,153
L001511,512,S006,2501,185,30,241
L001512,512,S011,2554,241,25,124
L001513,512,S013,2844,196,15,60
L001514,512,S007,2958,122,5,82
L001515,512,S012,2614,0,5,110
L001516,513,S010,4426,108,30,383
L001517,513,S001,4338,190,10,620
L001518,514,S013,4314,114,30,585
L001519,514,S014,4909,118,25,377
L001520,514,S011,5163,112,30,93
L001521,515,S003,1372,225,0,168
L001522,515,S006,1536,122,20,85
L001523,515,S010,1359,170,10,103
L001524,515,S004,1486,0,30,55
L001525,516,S010,825,71,25,842
L001526,516,S011,766,0,10,6
L001527,517,S011,5660,239,15,96
L001528,517,S014,5748,247,10,200
L001529,517,S002,6153,0,20,223
L001530,517,S008,5907,205,50,534
L001531,517,S013,6346,230,5,658
L001532,518,S003,4313,155,15,16
L001533,518,S005,4241,0,25,84
L001534,518,S001,4511,85,40,40
L001535,518,S012,4231,216,5,87
L001536,519,S005,3874,189,50,103
L001537,519,S006,4485,81,50,422
L001538,519,S011,4243,117,20,101
L001539,520,S006,3362,211,60,1184
L001540,520,S009,3411,236,5,57
L001541,520,S002,3389,125,25,221
L001542,520,S003,3379,237,10,101
L001543,521,S007,5134,69,20,220
L001544,521,S013,5039,131,0,78
L001545,521,S010,5305,122,5,113
L001546,522,S012,1501,215,30,30
L001547,522,S010,1586,51,30,179
L001548,522,S009,1472,229,15,857
L001549,523,S008,2368,146,10,210
L001550,524,S013,5341,55,25,53
L001551,524,S003,5636,133,25,35
L001552,524,S006,5628,71,0,75
L001553,524,S002,5076,127,20,132
L001554,525,S002,1460,59,20,24
L001555,526,S001,1768,192,15,382
L001556,526,S013,1631,180,0,28
L001557,526,S010,1654,245,0,57
L001558,526,S003,1717,103,5,132
L001559,527,S008,2704,0,15,222
L001560,527,S006,2916,0,5,25
L001561,527,S001,2445,156,10,677
L001562,528,S004,5834,230,10,479
L001563,529,S010,5381,0,15,46
L001564,529,S008,5561,123,25,20
L001565,529,S002,5860,119,10,379
L001566,529,S012,5518,192,5,392
L001567,529,S011,6243,189,0,150
L001568,530,S013,4392,57,10,332
L001569,530,S007,4078,0,20,34
L001570,531,S006,2805,0,20,210
L001571,532,S011,1021,213,15,106
L001572,532,S006,933,130,10,275
L001573,532,S007,991,71,20,220
L001574,532,S009,977,178,25,158
L001575,533,S003,1060,170,20,183
L001576,533,S007,1097,171,10,1375
L001577,534,S009,3517,211,20,175
L001578,534,S006,3590,131,15,124
L001579,534,S001,3485,180,5,34
L001580,534,S004,3495,164,5,405
L001581,535,S006,5493,77,20,61
L001582,535,S005,5547,125,15,247
L001583,536,S004,4813,153,15,288
L001584,536,S009,4727,73,20,18
L001585,536,S005,4583,0,10,308
L001586,536,S003,4601,103,40,332
L001587,537,S010,3146,210,0,57
L001588,537,S001,2781,228,0,188
L001589,537,S013,3177,142,25,110
L001590,537,S009,2918,63,20,117
L001591,538,S011,4549,0,10,64
L001592,538,S006,4118,0,30,27
L001593,538,S007,3949,189,40,678
L001594,538,S012,4144,68,0,50
L001595,538,S005,3969,0,25,255
L001596,539,S001,935,125,25,259
L001597,540,S005,2928,240,0,98
L001598,540,S012,3280,0,10,504
L001599,540,S004,3231,163,40,201
L001600,541,S014,4052,54,10,537
L001601,542,S002,2028,76,5,144
L001602,542,S008,2177,0,20,674
L001603,543,S010,3694,107,20,67
L001604,544,S002,2114,122,10,42
L001605,544,S001,2132,118,40,93
L001606,544,S004,2100,170,0,522
L001607,545,S003,4462,100,5,576
L001608,545,S005,4669,95,10,155
L001609,545,S014,5223,0,10,169
L001610,545,S007,5210,0,10,628
L001611,546,S008,5032,152,40,195
L001612,546,S013,5676,209,5,101
L001613,547,S007,2069,0,50,17
L001614,547,S013,2316,217,25,208
L001615,547,S011,2244,177,5,620
L001616,547,S005,1955,68,5,177
L001617,547,S003,2107,130,5,466
L001618,548,S002,907,0,30,37
L001619,548,S004,1010,210,30,235
L001620,548,S008,895,118,5,188
L001621,548,S013,970,89,10,452
L001622,548,S012,937,186,30,48
L001623,549,S013,5879,156,5,256
L001624,550,S005,5853,109,30,480
L001625,550,S001,5667,241,20,240
L001626,550,S008,5562,146,25,187
L001627,550,S007,5685,0,0,171
L001628,550,S012,5506,0,10,186
L001629,551,S014,6271,219,10,258
L001630,551,S012,5523,170,0,192
L001631,551,S004,5582,212,30,400
L001632,551,S001,6066,54,5,71
L001633,552,S001,2250,150,20,87
L001634,553,S001,2348,134,0,226
L001635,554,S001,5444,102,30,109
L001636,554,S012,5178,140,5,84
L001637,554,S013,5279,129,20,319
L001638,555,S012,6043,115,0,64
L001639,555,S006,5718,160,15,255
L001640,555,S005,5437,96,5,28
L001641,556,S011,1968,157,10,338
L001642,556,S013,2182,0,30,116
L001643,556,S009,2102,194,10,65
L001644,556,S002,1991,227,20,67
L001645,557,S002,2707,0,10,68
L001646,557,S014,2777,0,20,394
L001647,558,S005,5953,96,5,61
L001648,558,S012,6364,0,10,106
L001649,559,S001,2841,204,15,72
L001650,560,S005,4515,0,15,210
L001651,561,S013,5181,0,30,573
L001652,561,S009,5961,213,10,77
L001653,561,S007,6062,243,20,196
L001654,561,S001,5531,78,0,668
L001655,561,S012,5731,0,15,682
L001656,562,S009,1195,0,10,123
L001657,563,S002,6147,139,20,133
L001658,563,S004,6327,185,15,106
L001659,563,S007,6479,250,25,160
L001660,563,S006,6192,82,30,83
L001661,563,S001,6293,181,30,15
L001662,564,S008,958,241,20,279
L001663,564,S010,1051,203,5,1035
L001664,564,S004,967,170,40,170
L001665,564,S002,969,0,0,108
L001666,564,S001,1097,60,15,457
L001667,565,S009,1094,109,50,37
L001668,566,S003,1762,81,15,77
L001669,566,S008,1685,234,5,99
L001670,566,S012,1604,248,30,60
L001671,566,S004,1536,94,0,320
L001672,567,S004,4416,0,5,574
L001673,567,S006,4787,135,0,672
L001674,567,S002,5135,239,20,742
L001675,567,S013,5200,132,30,168
L001676,568,S008,1874,76,5,252
L001677,569,S010,4275,166,0,454
L001678,569,S007,4102,126,25,89
L001679,570,S003,5016,66,20,159
L001680,570,S006,4969,0,0,121
L001681,570,S011,5845,0,10,665
L001682,570,S010,5606,93,20,15
L001683,571,S014,5679,237,10,570
L001684,571,S001,6114,124,15,177
L001685,571,S002,6062,157,10,199
L001686,571,S011,5650,0,10,193
L001687,571,S004,5511,177,0,92
L001688,572,S001,4245,132,10,1311
L001689,572,S010,4844,199,25,103
L001690,573,S004,2579,163,30,85
L001691,573,S013,2587,87,50,224
L001692,573,S001,2274,142,10,194
L001693,574,S012,3287,197,15,120
L001694,575,S008,1209,139,50,255
L001695,575,S007,1144,65,10,93
L001696,575,S014,1039,0,15,220
L001697,575,S012,1218,214,20,73
L001698,576,S013,5704,153,5,141
L001699,576,S006,5989,0,20,42
L001700,576,S001,5772,0,20,36
L001701,577,S002,1516,100,0,110
L001702,577,S008,1440,104,10,74
L001703,577,S004,1405,241,30,60
L001704,578,S009,5881,190,15,159
L001705,578,S013,5724,94,5,39
L001706,578,S003,6169,156,0,166
L001707,578,S001,6240,156,30,11
L001708,579,S012,5278,135,10,114
L001709,579,S005,4572,122,5,78
L001710,579,S014,5149,134,15,12
L001711,579,S008,4740,134,10,38
L001712,580,S014,2029,85,40,254
L001713,580,S005,1926,116,40,123
L001714,580,S010,2045,139,5,613
L001715,580,S013,2008,197,50,44
L001716,581,S013,1418,81,5,54
L001717,581,S007,1510,242,10,313
L001718,582,S009,5341,181,20,127
L001719,583,S013,3713,0,20,148
L001720,583,S008,3900,0,30,174
L001721,584,S003,5822,221,20,171
L001722,584,S007,5189,0,15,71
L001723,585,S005,3027,181,15,1084
L001724,586,S008,4254,0,40,92
L001725,586,S005,4266,210,5,1030
L001726,587,S009,6282,131,15,27
L001727,587,S010,5431,113,5,13
L001728,587,S008,5685,181,30,484
L001729,587,S003,5357,0,25,558
L001730,588,S011,2504,0,15,1103
L001731,588,S009,2207,0,25,13
L001732,588,S012,2129,131,30,173
L001733,589,S008,1781,59,10,40
L001734,589,S012,1737,0,10,153
L001735,589,S005,1681,182,15,250
L001736,590,S008,1391,149,5,197
L001737,590,S004,1293,187,5,202
L001738,590,S014,1382,0,30,40
L001739,590,S009,1392,222,20,96
L001740,591,S002,6178,140,20,345
L001741,591,S007,6384,0,10,282
L001742,591,S008,5506,229,30,76
L001743,591,S001,5802,208,25,594
L001744,592,S011,1371,0,5,230
L001745,592,S001,1392,0,40,79
L001746,592,S007,1438,154,30,95
L001747,593,S011,3148,97,0,168
L001748,593,S008,3606,0,10,34
L001749,593,S012,3200,206,15,53
L001750,594,S010,2137,0,25,233
L001751,595,S004,2993,184,30,309
L001752,595,S009,3155,88,40,136
L001753,595,S006,2748,97,5,540
L001754,596,S001,2126,234,20,186
L001755,596,S002,2012,182,20,118
L001756,597,S008,3758,202,5,179
L001757,597,S012,3346,0,20,77
L001758,597,S002,3404,81,5,76
L001759,598,S008,4549,239,40,172
L001760,598,S013,4762,180,20,654
L001761,598,S014,4303,223,20,110
L001762,599,S003,4468,110,40,26
L001763,599,S004,4613,151,25,90
L001764,599,S009,4441,192,15,209
L001765,600,S008,3098,209,40,99
L001766,600,S001,3440,141,15,160
L001767,600,S011,3672,0,0,32
L001768,600,S005,3200,151,20,136
L001769,601,S006,4290,219,15,65
L001770,602,S008,3051,113,5,404
L001771,602,S004,2992,155,15,115
L001772,602,S012,2759,216,50,116
L001773,603,S003,879,99,15,38
L001774,603,S012,948,152,30,291
L001775,603,S004,985,199,5,277
L001776,603,S009,995,0,0,446
L001777,603,S010,868,0,30,55
L001778,604,S011,4053,78,40,169
L001779,604,S001,4391,80,25,60
L001780,604,S007,4777,150,20,304
L001781,605,S003,4258,0,30,451
L001782,606,S004,4115,0,0,532
L001783,606,S003,4094,66,5,524
L001784,606,S010,4053,215,25,15
L001785,606,S005,3678,106,20,428
L001786,607,S012,1635,187,40,316
L001787,608,S011,2377,107,5,257
L001788,608,S002,2144,234,30,37
L001789,608,S014,2409,84,25,67
L001790,609,S001,1409,68,15,32
L001791,609,S009,1303,193,10,169
L001792,609,S003,1326,0,10,163
L001793,610,S004,3287,119,5,183
L001794,610,S013,2835,245,50,15
L001795,611,S001,3261,228,0,254
L001796,611,S003,3542,87,15,109
L001797,611,S007,3368,104,10,416
L001798,611,S013,3737,157,5,99
L001799,612,S003,5486,54,0,328
L001800,612,S004,6230,157,20,227
L001801,612,S009,5708,189,20,216
L001802,613,S004,4166,0,50,338
L001803,613,S010,3634,51,5,284
L001804,613,S014,3853,52,15,110
L001805,614,S003,3554,0,10,83
L001806,615,S002,3106,222,10,288
L001807,615,S009,3359,99,50,41
L001808,615,S004,3279,236,20,159
L001809,615,S001,3579,183,20,63
L001810,616,S011,4513,113,5,562
L001811,616,S008,4224,136,0,55
L001812,617,S010,3585,237,20,120
L001813,617,S014,3244,198,5,91
L001814,618,S011,2346,205,25,550
L001815,618,S010,2381,102,20,160
L001816,618,S007,2561,76,5,48
L001817,618,S014,2297,137,10,454
L001818,619,S013,2050,60,15,87
L001819,619,S007,2198,0,15,241
L001820,619,S014,2078,132,30,39
L001821,619,S009,2014,106,0,521
L001822,619,S006,2078,164,10,100
L001823,620,S002,2285,0,30,42
L001824,620,S003,2329,167,20,117
L001825,620,S004,2293,0,10,1150
L001826,621,S010,4583,65,10,215
L001827,621,S007,5235,182,5,334
L001828,621,S011,5301,195,20,162
L001829,621,S013,4579,211,0,383
L001830,622,S005,494,58,10,252
L001831,622,S009,506,0,10,188
L001832,622,S002,537,130,10,466
L001833,622,S006,512,0,20,66
L001834,623,S011,3663,208,20,36
L001835,623,S003,3581,214,5,34
L001836,623,S006,4118,0,50,604
L001837,624,S013,6158,150,15,287
L001838,624,S010,5524,167,5,178
L001839,625,S009,4625,163,20,108
L001840,626,S009,5346,191,10,2329
L001841,627,S013,590,0,30,1072
L001842,627,S005,567,235,10,458
L001843,627,S007,639,88,25,22
L001844,627,S010,553,227,40,251
L001845,627,S014,537,0,5,63
L001846,628,S010,1059,0,15,163
L001847,628,S004,1024,187,25,138
L001848,628,S011,1180,102,0,24
L001849,628,S008,1226,64,5,369
L001850,628,S006,1212,152,15,142
L001851,629,S013,5507,202,0,10
L001852,629,S012,5237,199,0,127
L001853,629,S001,5802,0,20,392
L001854,629,S008,5745,147,10,525
L001855,629,S007,5060,75,5,86
L001856,630,S001,6178,243,30,162
L001857,630,S005,5980,56,10,134
L001858,630,S006,5861,152,15,151
L001859,630,S009,5994,0,10,1048
L001860,630,S012,5815,235,10,95
L001861,631,S007,4983,247,5,130
L001862,632,S005,1697,142,0,99
L001863,632,S011,1609,78,10,261
L001864,632,S001,1519,105,20,60
L001865,632,S004,1695,161,10,191
L001866,632,S006,1570,95,10,532
L001867,633,S006,3144,115,50,179
L001868,633,S014,2756,113,10,66
L001869,633,S005,3172,0,15,375
L001870,633,S009,2714,150,10,1009
L001871,634,S013,5982,95,50,94
L001872,634,S007,5755,87,10,278
L001873,634,S008,6202,67,50,295
L001874,634,S001,6089,186,40,334
L001875,635,S008,949,130,20,117
L001876,635,S005,943,0,25,218
L001877,635,S002,990,125,0,223
L001878,635,S013,923,94,0,621
L001879,636,S006,1140,0,20,30
L001880,636,S011,1284,214,10,32
L001881,636,S001,1244,0,20,139
L001882,637,S013,6155,125,15,88
L001883,637,S008,5886,110,15,557
L001884,637,S010,5515,0,40,68
L001885,637,S009,5988,175,40,245
L001886,638,S007,3430,195,15,64
L001887,638,S014,3465,165,20,98
L001888,639,S008,2598,200,10,166
L001889,639,S009,2512,149,0,47
L001890,639,S005,2792,125,10,144
L001891,639,S001,2901,192,40,754
L001892,639,S002,2783,53,15,185
L001893,640,S007,594,208,25,47
L001894,640,S004,561,177,10,293
L001895,640,S011,619,191,50,72
L001896,641,S014,5237,0,15,60
L001897,641,S013,5041,235,50,204
L001898,641,S005,5040,130,25,132
L001899,642,S004,5946,185,10,124
L001900,643,S002,3063,231,5,77
L001901,643,S009,2987,0,25,435
L001902,644,S001,1259,79,5,99
L001903,644,S011,1242,87,60,281
L001904,644,S010,1413,0,60,625
L001905,645,S005,1019,208,30,279
L001906,645,S011,950,148,30,41
L001907,646,S006,2121,231,25,372
L001908,647,S002,4129,58,0,1928
L001909,647,S003,3818,0,30,477
L001910,648,S003,1468,183,15,196
L001911,648,S010,1501,129,15,93
L001912,648,S008,1425,0,50,194
L001913,648,S002,1475,0,15,285
L001914,648,S014,1360,203,10,69
L001915,649,S011,972,56,40,112
L001916,649,S012,1024,0,25,644
L001917,650,S012,3181,0,25,524
L001918,650,S004,2914,241,25,87
L001919,651,S003,1355,184,40,91
L001920,651,S006,1347,0,10,97
L001921,652,S013,5418,0,15,85
L001922,652,S003,5442,240,10,448
L001923,652,S008,6367,234,40,112
L001924,652,S002,5429,209,10,11
L001925,653,S005,4368,0,20,131
L001926,653,S011,4469,148,5,119
L001927,654,S006,2816,142,15,424
L001928,654,S004,2759,93,30,818
L001929,654,S008,2634,192,10,591
L001930,654,S001,2649,0,15,339
L001931,655,S014,4003,0,15,104
L001932,655,S006,4029,88,5,74
L001933,655,S007,4256,233,0,157
L001934,656,S013,4696,183,20,155
L001935,656,S014,4934,0,0,509
L001936,656,S008,4990,106,20,53
L001937,656,S009,4839,165,20,129
L001938,656,S001,5123,212,10,19
L001939,657,S002,4381,161,10,181
L001940,658,S012,3755,57,10,690
L001941,659,S014,6004,166,60,1336
L001942,660,S009,5197,167,25,373
L001943,660,S005,5496,228,0,89
L001944,660,S011,5714,0,20,42
L001945,660,S002,5734,209,15,125
L001946,660,S006,5348,136,15,229
L001947,661,S002,4410,231,10,161
L001948,661,S006,4704,0,0,151
L001949,661,S012,4349,0,40,229
L001950,662,S007,3671,197,5,32
L001951,663,S002,928,0,25,624
L001952,664,S005,1179,77,5,228
L001953,664,S006,1153,0,10,188
L001954,664,S002,1169,109,30,81
L001955,665,S008,4335,144,10,504
L001956,665,S009,4493,141,15,216
L001957,665,S013,4482,250,15,73
L001958,665,S004,4335,112,10,120
L001959,666,S001,4314,65,40,51
L001960,667,S008,3502,158,5,49
L001961,667,S013,3629,53,40,21
L001962,667,S010,3360,205,15,92
L001963,668,S011,1220,0,10,119
L001964,668,S001,1239,76,20,713
L001965,668,S010,1268,193,5,118
L001966,669,S003,1822,186,0,108
L001967,669,S011,1939,0,15,50
L001968,669,S010,1851,187,40,34
L001969,669,S012,2080,212,15,182
L001970,669,S008,1812,56,25,175
L001971,670,S009,5083,186,25,431
L001972,671,S011,606,54,20,92
L001973,671,S008,683,0,15,43
L001974,671,S009,714,0,5,105
L001975,672,S011,650,0,10,41
L001976,673,S014,4477,82,0,54
L001977,674,S009,2086,105,0,79
L001978,675,S008,2764,160,15,112
L001979,675,S004,2894,177,30,57
L001980,675,S005,2824,65,5,334
L001981,675,S006,3209,114,40,241
L001982,675,S001,3173,0,20,53
L001983,676,S008,2525,245,20,186
L001984,677,S014,2166,195,0,305
L001985,677,S006,2295,0,40,191
L001986,677,S009,1952,0,5,114
L001987,677,S001,2077,188,5,239
L001988,678,S014,1610,150,40,93
L001989,678,S001,1523,178,20,70
L001990,678,S008,1691,176,25,70
L001991,679,S012,4413,141,15,52
L001992,679,S004,4195,0,30,82
L001993,679,S008,4196,194,5,26
L001994,680,S002,786,109,15,235
L001995,680,S001,711,92,20,173
L001996,680,S011,679,56,25,38
L001997,680,S005,773,57,40,39
L001998,680,S008,697,0,5,379
L001999,681,S006,985,220,5,34
L002000,681,S011,921,0,5,133
L002001,681,S005,910,81,20,95
L002002,682,S014,5275,149,5,102
L002003,682,S012,4860,85,30,663
L002004,682,S005,5014,137,15,110
L002005,682,S003,5351,219,0,422
L002006,682,S013,4909,110,0,100
L002007,683,S009,5056,189,25,854
L002008,683,S008,4905,106,20,26
L002009,684,S002,891,0,15,106
L002010,685,S012,2971,184,15,652
L002011,686,S003,684,118,25,294
L002012,686,S008,673,142,50,797
L002013,686,S005,649,246,10,1369
L002014,687,S008,1941,179,20,29
L002015,687,S001,1928,158,5,28
L002016,687,S007,1739,127,5,18
L002017,688,S007,3698,76,30,133
L002018,688,S009,3825,0,0,62
L002019,689,S003,3649,228,10,8
L002020,689,S002,3641,169,30,159
L002021,689,S013,3784,0,5,63
L002022,689,S001,3274,0,20,20
L002023,690,S010,1380,120,20,636
L002024,690,S013,1631,182,30,105
L002025,690,S009,1448,0,5,197
L002026,691,S009,5857,150,0,1684
L002027,692,S009,898,149,10,40
L002028,692,S006,875,0,15,7
L002029,692,S011,794,0,20,147
L002030,692,S012,797,121,0,135
L002031,693,S010,2933,231,20,537
L002032,693,S008,3209,0,20,73
L002033,693,S001,2903,155,10,45
L002034,693,S005,2776,0,0,107
L002035,693,S002,2867,0,15,96
L002036,694,S003,4973,57,15,287
L002037,694,S010,4437,225,5,1476
L002038,694,S007,4499,0,10,255
L002039,694,S001,5084,0,30,116
L002040,695,S003,3473,103,40,44
L002041,696,S012,800,139,10,952
L002042,696,S004,770,119,20,117
L002043,696,S001,769,134,10,68
L002044,696,S007,894,69,15,531
L002045,697,S003,3405,0,30,36
L002046,697,S011,3872,98,25,39
L002047,697,S004,3558,0,50,4877
L002048,698,S008,5191,162,20,72
L002049,698,S013,5402,214,10,457
L002050,699,S008,4724,149,0,120
L002051,699,S001,4195,195,30,491
L002052,699,S009,4149,194,15,135
L002053,699,S004,4563,0,10,21
L002054,700,S008,1312,71,5,94
L002055,701,S008,1647,175,20,303
L002056,701,S004,1707,189,5,37
L002057,701,S009,1755,232,10,124
L002058,701,S001,1759,61,20,385
L002059,702,S005,2960,62,15,167
L002060,702,S003,2610,55,15,107
L002061,702,S012,2549,106,20,476
L002062,702,S014,2904,71,30,90
L002063,702,S004,2814,165,15,162
L002064,703,S010,4915,202,20,48
L002065,703,S005,4592,0,10,353
L002066,703,S006,4955,0,15,120
L002067,703,S001,4669,219,15,41
L002068,703,S014,4249,92,40,86
L002069,704,S001,3899,80,5,371
L002070,704,S008,3911,236,15,55
L002071,704,S003,3654,0,25,31
L002072,704,S002,3411,233,25,237
L002073,704,S014,3511,193,15,70
L002074,705,S007,6321,221,10,620
L002075,705,S010,5421,135,40,122
L002076,705,S003,5269,0,0,273
L002077,705,S002,5984,135,30,74
L002078,705,S005,5471,233,20,87
L002079,706,S003,2636,221,5,196
L002080,706,S004,2717,0,5,274
L002081,706,S001,2725,245,40,111
L002082,707,S013,3993,0,10,703
L002083,707,S008,4063,164,0,52
L002084,707,S010,4012,0,20,1082
L002085,708,S007,2961,99,10,115
L002086,708,S003,2586,111,10,63
L002087,708,S005,2884,98,20,122
L002088,708,S008,2877,132,5,174
L002089,708,S013,2972,201,15,175
L002090,709,S010,1122,108,10,93
L002091,709,S002,1281,72,15,386
L002092,709,S001,1246,110,10,132
L002093,709,S008,1212,0,0,380
L002094,709,S009,1151,122,15,124
L002095,710,S011,4105,71,10,43
L002096,710,S010,3756,0,10,76
L002097,710,S014,4116,0,15,143
L002098,710,S007,4021,203,5,294
L002099,710,S012,3651,155,25,125
L002100,711,S007,1367,82,20,346
L002101,712,S014,4913,0,40,59
L002102,712,S007,4963,181,20,108
L002103,713,S008,3299,104,15,1180
L002104,714,S011,1862,110,0,638
L002105,714,S009,1720,0,20,140
L002106,714,S005,1746,170,20,50
L002107,714,S006,1891,239,15,99
L002108,714,S007,1943,147,15,10
L002109,715,S002,5462,88,10,68
L002110,715,S009,5490,175,25,215
L002111,715,S001,5772,58,5,121
L002112,715,S012,5089,119,5,92
L002113,716,S007,5410,90,25,139
L002114,716,S003,5746,111,15,247
L002115,716,S012,5101,164,0,30
L002116,716,S011,5432,0,0,321
L002117,716,S006,6075,210,15,248
L002118,717,S001,515,63,10,427
L002119,717,S013,543,0,40,173
L002120,717,S008,489,0,10,496
L002121,718,S012,2818,0,5,399
L002122,718,S001,2931,156,50,449
L002123,718,S004,2574,174,15,91
L002124,718,S005,2559,65,30,113
L002125,719,S001,3582,55,30,105
L002126,719,S007,3596,139,5,374
L002127,719,S013,3157,0,20,62
L002128,719,S010,3171,238,25,41
L002129,720,S003,4027,0,30,62
L002130,720,S005,4086,195,10,173
L002131,720,S006,4593,0,25,43
L002132,721,S009,5597,185,5,51
L002133,721,S010,5374,225,25,290
L002134,722,S011,1434,198,10,45
L002135,722,S010,1401,103,10,83
L002136,722,S002,1308,0,5,88
L002137,722,S003,1245,0,30,172
L002138,722,S007,1234,53,20,186
L002139,723,S009,1051,107,0,42
L002140,723,S013,967,244,15,218
L002141,723,S014,1061,111,50,148
L002142,723,S010,1024,98,5,244
L002143,724,S005,5943,85,15,57
L002144,725,S014,4514,206,10,142
L002145,725,S013,3810,120,25,326
L002146,725,S011,4188,77,50,388
L002147,725,S007,4303,171,5,459
L002148,725,S008,3880,100,10,1790
L002149,726,S013,965,130,20,1079
L002150,727,S009,3771,131,40,268
L002151,727,S010,3878,56,20,324
L002152,727,S008,3713,220,25,277
L002153,727,S002,4367,240,25,392
L002154,727,S005,3884,109,30,252
L002155,728,S006,3890,111,15,364
L002156,728,S003,3685,68,30,254
L002157,729,S005,2103,220,5,229
L002158,729,S014,2216,99,15,594
L002159,730,S010,6221,100,10,265
L002160,731,S012,2430,125,20,116
L002161,731,S009,2447,203,20,443
L002162,731,S007,2474,234,15,462
L002163,732,S004,518,0,30,130
L002164,732,S009,549,196,10,21
L002165,732,S003,600,138,5,30
L002166,732,S006,531,141,10,201
L002167,732,S012,565,51,0,121
L002168,733,S008,2092,0,10,848
L002169,733,S006,2180,213,10,546
L002170,733,S005,1870,0,0,71
L002171,734,S005,5951,238,20,466
L002172,734,S009,6320,77,0,673
L002173,735,S007,3984,187,10,85
L002174,736,S003,3734,0,40,162
L002175,736,S010,4349,172,20,588
L002176,736,S002,4335,86,10,431
L002177,736,S006,4369,244,60,13
L002178,737,S001,957,194,25,62
L002179,737,S004,886,0,0,452
L002180,737,S013,1017,152,20,67
L002181,737,S011,1013,0,5,630
L002182,738,S010,3177,0,20,82
L002183,738,S005,3021,123,10,62
L002184,738,S011,3151,228,5,157
L002185,738,S009,3222,188,25,129
L002186,738,S007,3013,152,0,11
L002187,739,S014,2409,151,0,281
L002188,739,S013,2386,65,40,307
L002189,739,S001,2485,120,10,110
L002190,740,S002,2955,159,10,810
L002191,740,S004,3376,249,25,243
L002192,740,S011,3421,110,10,18
L002193,740,S006,3111,89,10,703
L002194,741,S013,5374,118,30,37
L002195,742,S008,3772,0,5,80
L002196,742,S002,3850,182,30,125
L002197,742,S005,4587,234,20,754
L002198,742,S001,4179,235,20,144
L002199,743,S006,1550,237,25,175
L002200,743,S007,1582,83,10,305
L002201,743,S008,1601,77,0,330
L002202,744,S003,1870,139,10,126
L002203,744,S006,1828,145,5,197
L002204,744,S010,2152,77,20,123
L002205,744,S009,2025,199,15,99
L002206,744,S007,1919,197,5,183
L002207,745,S006,4729,0,15,109
L002208,745,S007,4456,142,20,366
L002209,745,S009,4918,117,20,79
L002210,745,S014,4926,0,25,418
L002211,745,S012,4710,182,15,295
L002212,746,S007,4843,0,25,82
L002213,747,S008,3700,95,30,104
L002214,747,S006,4131,0,25,47
L002215,747,S005,4105,191,15,51
L002216,747,S013,4010,95,20,112
L002217,748,S013,1661,145,15,92
L002218,748,S012,1718,0,25,180
L002219,749,S013,2281,126,10,146
L002220,749,S014,2258,229,10,358
L002221,749,S010,2294,165,10,101
L002222,749,S009,2119,92,5,47
L002223,750,S006,1160,155,0,122
L002224,750,S001,1043,84,0,109
L002225,750,S007,1017,93,15,437
L002226,750,S011,1108,187,20,151
L002227,751,S006,3063,138,15,312
L002228,752,S005,3023,175,15,409
L002229,752,S006,3084,238,40,390
L002230,752,S012,3400,0,25,218
L002231,752,S009,3346,136,10,189
L002232,753,S001,4006,83,50,142
L002233,753,S004,4203,223,20,135
L002234,753,S005,4634,122,5,45
L002235,753,S002,4469,177,40,67
L002236,754,S012,2278,191,10,1000
L002237,755,S005,1494,170,40,131
L002238,755,S007,1576,208,50,251
L002239,755,S003,1603,118,0,80
L002240,755,S006,1774,0,0,571
L002241,756,S003,1426,0,10,54
L002242,756,S012,1382,0,20,6
L002243,757,S009,1187,0,25,119
L002244,757,S012,1245,127,20,332
L002245,758,S008,2202,189,20,157
L002246,759,S014,4050,150,5,113
L002247,759,S002,3931,0,10,65
L002248,759,S007,4079,249,5,81
L002249,759,S006,4690,85,20,70
L002250,760,S011,4643,115,5,60
L002251,760,S002,5258,115,0,177
L002252,760,S009,4819,118,20,137
L002253,760,S010,4877,215,30,83
L002254,760,S005,5276,0,60,261
L002255,761,S009,2164,0,15,53
L002256,762,S010,6146,226,5,134
L002257,762,S008,5777,166,25,278
L002258,762,S006,6430,66,0,46
L002259,762,S013,6423,0,10,400
L002260,763,S004,5422,103,25,232
L002261,764,S014,4328,216,20,364
L002262,764,S004,4438,236,5,325
L002263,764,S006,4082,203,40,436
L002264,765,S008,3656,130,25,89
L002265,765,S001,3801,73,5,187
L002266,766,S009,1307,0,40,166
L002267,766,S005,1527,87,15,264
L002268,767,S001,743,131,15,307
L002269,767,S005,858,63,20,31
L002270,767,S013,828,92,10,65
L002271,767,S008,746,115,30,92
L002272,768,S012,4326,220,15,103
L002273,768,S005,4340,237,40,75
L002274,768,S006,4168,246,15,169
L002275,768,S010,3946,130,20,111
L002276,768,S007,4636,121,5,103
L002277,769,S007,3312,55,15,37
L002278,770,S007,1133,229,10,869
L002279,770,S004,980,95,15,144
L002280,770,S003,1144,226,30,114
L002281,770,S001,1107,163,15,115
L002282,770,S011,1128,96,0,201
L002283,771,S001,2701,146,20,59
L002284,771,S007,2404,178,30,180
L002285,771,S011,2692,179,10,60
L002286,772,S013,3509,123,0,72
L002287,772,S014,3288,0,0,42
L002288,772,S003,3609,217,20,1109
L002289,772,S007,3335,147,15,395
L002290,772,S010,3334,243,40,31
L002291,773,S011,3708,0,20,277
L002292,774,S008,1675,230,40,841
L002293,774,S006,1789,0,10,204
L002294,774,S007,1822,215,10,68
L002295,774,S004,1864,167,15,439
L002296,774,S003,1692,100,5,234
L002297,775,S014,4895,165,30,135
L002298,775,S003,5158,237,10,130
L002299,775,S007,4675,205,10,316
L002300,775,S004,5350,138,60,159
L002301,776,S008,2968,157,40,171
L002302,776,S005,3100,223,10,318
L002303,777,S008,1633,66,30,249
L002304,777,S011,1515,222,40,34
L002305,777,S012,1468,107,0,47
L002306,778,S009,2851,72,20,74
L002307,779,S007,6194,0,30,347
L002308,779,S001,6290,230,10,196
L002309,779,S004,6232,145,5,763
L002310,779,S010,6370,0,15,78
L002311,780,S009,1303,190,15,399
L002312,781,S007,3086,0,40,25
L002313,781,S005,2798,204,40,31
L002314,781,S003,2722,223,20,620
L002315,781,S002,2979,65,10,192
L002316,781,S012,3079,150,15,133
L002317,782,S014,4712,0,5,159
L002318,782,S008,5238,147,15,97
L002319,782,S009,4648,201,5,302
L002320,782,S012,4609,142,20,176
L002321,782,S001,4472,0,20,121
L002322,783,S011,2586,64,10,266
L002323,783,S004,2697,59,0,582
L002324,784,S010,2366,222,5,229
L002325,784,S014,2329,221,20,81
L002326,785,S013,1920,0,40,132
L002327,786,S002,5407,114,10,86
L002328,787,S014,2201,66,20,317
L002329,787,S005,2452,178,20,165
L002330,788,S004,2518,0,20,366
L002331,788,S010,2374,120,0,339
L002332,789,S012,6528,209,20,62
L002333,789,S011,5851,66,15,114
L002334,789,S001,6534,204,15,152
L002335,790,S013,3132,195,10,160
L002336,790,S014,3106,228,50,19
L002337,790,S003,3653,90,30,370
L002338,790,S005,3481,166,20,930
L002339,790,S012,3308,0,30,697
L002340,791,S005,3414,153,60,275
L002341,791,S014,3603,117,25,64
L002342,791,S008,3410,70,15,113
L002343,791,S013,3336,192,5,384
L002344,791,S001,3622,173,5,33
L002345,792,S002,1587,144,5,189
L002346,793,S010,1298,0,15,119
L002347,793,S012,1275,0,25,299
L002348,794,S010,6103,52,0,93
L002349,794,S006,6218,151,15,156
L002350,794,S011,5903,0,15,432
L002351,795,S003,2398,0,20,321
L002352,795,S005,2501,200,10,93
L002353,795,S009,2582,150,40,112
L002354,795,S013,2643,226,0,636
L002355,796,S004,4874,165,10,230
L002356,796,S001,4819,53,0,157
L002357,797,S001,3948,0,0,395
L002358,797,S013,4696,99,10,143
L002359,797,S005,4670,0,20,134
L002360,797,S008,4161,128,20,142
L002361,797,S014,4791,171,60,86
L002362,798,S012,1192,0,20,179
L002363,798,S014,1358,55,30,108
L002364,799,S012,3403,73,40,589
L002365,800,S011,3705,150,10,138
L002366,800,S002,4258,62,5,79
L002367,800,S006,4160,188,10,280
L002368,800,S003,4051,246,5,169
L002369,800,S001,3946,74,10,93
L002370,801,S003,2466,141,10,174
L002371,801,S013,2353,108,5,44
L002372,802,S005,1559,235,10,32
L002373,802,S002,1633,181,30,95
L002374,803,S007,6168,111,5,652
L002375,803,S003,6160,88,10,52
L002376,803,S005,6159,91,30,273
L002377,804,S014,2851,159,10,206
L002378,804,S012,2558,250,5,688
L002379,804,S007,2495,208,50,263
L002380,805,S007,5122,0,10,241
L002381,805,S002,4476,106,10,48
L002382,805,S005,4969,188,20,1886
L002383,805,S009,4743,0,30,95
L002384,805,S008,4784,0,15,149
L002385,806,S011,2873,199,5,441
L002386,806,S005,2955,51,0,174
L002387,806,S002,2798,139,40,943
L002388,806,S010,2629,0,0,23
L002389,807,S012,3388,84,0,18
L002390,807,S005,2973,0,40,18
L002391,807,S009,3364,62,10,35
L002392,807,S008,3200,0,25,475
L002393,808,S009,5336,0,50,155
L002394,809,S007,2586,59,10,723
L002395,809,S002,2450,231,30,49
L002396,809,S004,2398,237,20,30
L002397,809,S005,2360,231,10,88
L002398,810,S002,4562,0,0,144
L002399,810,S013,3867,139,20,100
L002400,810,S003,4059,136,10,255
L002401,810,S008,4439,171,0,228
L002402,810,S011,3784,171,25,668
L002403,811,S011,3936,147,20,282
L002404,811,S007,3354,0,10,1142
L002405,811,S001,3633,71,5,82
L002406,812,S012,5943,53,15,30
L002407,812,S008,6064,74,20,56
L002408,812,S003,6225,123,20,236
L002409,813,S014,5147,149,10,30
L002410,813,S011,5024,60,30,28
L002411,814,S005,1247,248,5,294
L002412,814,S008,1125,249,25,139
L002413,814,S003,1134,0,10,59
L002414,815,S010,1946,0,10,65
L002415,815,S007,2113,0,10,534
L002416,815,S013,2077,182,0,22
L002417,816,S013,727,207,15,96
L002418,816,S011,660,113,20,55
L002419,816,S001,660,149,30,102
L002420,816,S010,685,77,15,122
L002421,817,S011,3465,99,20,261
L002422,817,S009,3879,140,25,104
L002423,818,S002,5298,0,5,124
L002424,819,S014,1784,244,5,259
L002425,819,S004,1813,0,15,296
L002426,820,S002,5663,180,20,255
L002427,820,S012,5540,55,10,189
L002428,820,S001,5190,51,25,169
L002429,821,S006,4614,89,15,31
L002430,821,S002,5059,178,20,45
L002431,821,S014,4606,0,30,59
L002432,822,S002,6002,76,5,56
L002433,822,S001,5216,91,10,155
L002434,823,S002,2900,113,0,29
L002435,823,S003,2938,144,40,650
L002436,824,S006,3869,147,0,89
L002437,824,S003,3868,0,40,102
L002438,824,S008,4337,95,40,1219
L002439,824,S002,4198,64,20,79
L002440,824,S001,4581,0,0,126
L002441,825,S001,2726,0,0,157
L002442,825,S010,2838,96,15,64
L002443,825,S008,2797,234,10,69
L002444,825,S003,3121,248,50,755
L002445,825,S011,3026,78,10,126
L002446,826,S006,4753,0,25,128
L002447,826,S010,5225,128,10,230
L002448,827,S013,3463,125,0,679
L002449,827,S014,3787,137,10,144
L002450,827,S002,3193,149,10,152
L002451,827,S007,3320,205,10,343
L002452,828,S010,4406,153,10,61
L002453,828,S003,4202,79,25,119
L002454,829,S005,2748,235,40,49
L002455,829,S009,2384,224,10,65
L002456,829,S011,2345,157,20,14
L002457,830,S009,1828,0,50,198
L002458,830,S002,1809,56,30,94
L002459,830,S005,1598,52,10,202
L002460,830,S014,1565,206,5,270
L002461,830,S008,1699,198,5,127
L002462,831,S002,722,125,10,109
L002463,831,S009,680,219,5,10
L002464,832,S005,4134,191,15,151
L002465,832,S001,4512,245,5,408
L002466,832,S012,4365,220,0,83
L002467,832,S007,4860,142,15,16
L002468,832,S011,4066,117,20,28
L002469,833,S005,4433,229,20,147
L002470,833,S003,4536,199,0,263
L002471,833,S009,5032,237,20,223
L002472,833,S010,4534,193,0,88
L002473,834,S012,1528,160,10,271
L002474,834,S008,1443,165,10,544
L002475,835,S008,1641,226,15,636
L002476,835,S010,1494,107,25,49
L002477,836,S001,1134,235,30,47
L002478,836,S013,1075,154,5,88
L002479,837,S008,1733,183,30,66
L002480,838,S013,665,88,20,75
L002481,838,S012,610,86,10,146
L002482,838,S005,687,212,40,30
L002483,838,S002,704,199,30,48
L002484,839,S013,3214,113,20,974
L002485,840,S006,4424,146,20,310
L002486,840,S011,4666,186,20,153
L002487,840,S010,4405,104,5,130
L002488,840,S001,4519,0,40,799
L002489,841,S001,5312,212,5,294
L002490,842,S008,5379,133,15,129
L002491,842,S004,4724,159,5,165
L002492,842,S012,4893,91,10,427
L002493,843,S001,593,0,15,104
L002494,843,S013,579,0,15,279
L002495,843,S007,534,186,10,60
L002496,844,S011,1925,0,60,35
L002497,844,S005,1916,100,5,122
L002498,844,S009,2047,76,15,170
L002499,844,S001,1756,182,40,387
L002500,845,S006,5298,240,20,1095
L002501,845,S007,5627,128,25,234
L002502,845,S002,5944,174,20,103
L002503,845,S012,5763,73,25,124
L002504,846,S014,2131,232,25,656
L002505,846,S008,2213,0,10,107
L002506,847,S009,6436,145,5,83
L002507,847,S014,5781,189,10,59
L002508,847,S006,5440,231,15,113
L002509,848,S010,3387,181,50,82
L002510,849,S013,5058,147,50,386
L002511,849,S002,4827,224,15,81
L002512,849,S009,4678,0,5,67
L002513,849,S012,5549,244,20,1574
L002514,850,S008,1208,0,20,246
L002515,850,S014,1185,0,0,22
L002516,850,S004,1146,188,10,75
L002517,850,S013,1141,201,0,88
L002518,850,S006,1281,149,10,124
L002519,851,S006,2550,59,15,39
L002520,851,S010,3017,239,30,970
L002521,851,S003,2534,126,15,51
L002522,851,S004,2912,138,30,164
L002523,851,S011,2816,98,15,42
L002524,852,S004,5458,52,10,506
L002525,852,S011,5475,209,10,263
L002526,852,S005,5172,125,10,103
L002527,852,S003,5270,150,0,310
L002528,853,S009,1245,128,25,86
L002529,853,S005,1310,0,10,131
L002530,853,S001,1100,242,60,90
L002531,853,S013,1234,0,20,135
L002532,854,S014,2455,157,15,448
L002533,855,S003,5646,142,20,85
L002534,855,S004,5119,0,15,371
L002535,856,S013,2109,211,5,203
L002536,856,S005,2256,131,40,401
L002537,856,S011,2276,231,25,406
L002538,856,S008,2136,0,5,147
L002539,856,S003,2266,0,15,353
L002540,857,S003,2665,228,15,418
L002541,858,S012,3082,0,10,130
L002542,858,S001,2912,171,25,1141
L002543,859,S008,2568,0,30,90
L002544,859,S012,2630,115,10,352
L002545,860,S009,5450,213,50,367
L002546,860,S008,4531,0,15,125
L002547,860,S014,5340,126,0,245
L002548,860,S007,4746,159,30,726
L002549,861,S009,5092,129,40,7
L002550,861,S012,4626,249,20,1753
L002551,861,S006,4506,232,20,157
L002552,861,S007,5136,93,20,107
L002553,862,S001,1286,229,5,82
L002554,863,S014,1548,81,0,18
L002555,863,S010,1563,87,10,109
L002556,863,S005,1521,80,5,13
L002557,863,S007,1627,143,15,29
L002558,863,S013,1509,0,40,125
L002559,864,S012,2401,108,20,100
L002560,864,S001,2398,51,25,256
L002561,864,S013,2551,0,30,585
L002562,864,S009,2677,170,0,142
L002563,865,S013,4508,187,25,411
L002564,865,S014,4460,191,20,67
L002565,865,S007,4211,247,20,277
L002566,866,S014,3054,226,40,24
L002567,867,S013,1339,0,30,250
L002568,867,S008,1356,157,25,343
L002569,867,S006,1425,233,15,99
L002570,867,S005,1332,200,5,129
L002571,868,S002,1531,0,5,339
L002572,868,S010,1357,144,20,252
L002573,868,S005,1420,212,0,91
L002574,868,S013,1477,225,50,13
L002575,868,S011,1474,0,40,175
L002576,869,S001,6080,0,10,395
L002577,869,S005,5985,84,5,33
L002578,870,S006,2492,76,15,94
L002579,870,S002,2611,0,30,106
L002580,870,S014,2541,0,10,499
L002581,871,S001,5034,191,20,650
L002582,871,S002,4497,212,5,206
L002583,872,S006,5121,247,30,763
L002584,872,S011,4914,157,0,5
L002585,872,S002,5711,204,25,185
L002586,872,S001,5002,148,30,357
L002587,873,S013,4403,212,25,351
L002588,873,S008,4403,0,40,244
L002589,873,S005,4247,52,20,210
L002590,873,S003,3912,215,10,111
L002591,873,S006,3832,98,20,525
L002592,874,S008,2112,250,60,265
L002593,875,S001,6314,128,10,94
L002594,875,S006,5981,0,10,977
L002595,876,S013,5479,79,30,360
L002596,876,S004,5570,127,5,332
L002597,876,S010,5428,213,0,81
L002598,877,S002,2231,0,30,2127
L002599,877,S007,2341,173,5,993
L002600,878,S007,6232,170,20,484
L002601,878,S001,6396,0,10,106
L002602,878,S008,5402,0,20,176
L002603,878,S014,6343,107,40,119
L002604,878,S012,5355,200,10,45
L002605,879,S008,1947,77,10,1002
L002606,879,S005,2073,0,20,60
L002607,879,S013,2254,144,25,50
L002608,879,S002,2246,160,5,188
L002609,879,S003,2132,96,0,202
L002610,880,S012,1794,0,10,22
L002611,880,S014,1734,148,25,45
L002612,881,S008,3619,69,25,313
L002613,881,S009,3852,0,25,156
L002614,882,S002,1318,124,15,12
L002615,882,S005,1157,121,40,475
L002616,882,S009,1347,227,10,110
L002617,882,S004,1249,235,0,64
L002618,882,S011,1193,138,10,1235
L002619,883,S014,5947,87,5,170
L002620,883,S010,6055,159,0,865
L002621,883,S008,5708,84,20,331
L002622,883,S009,5341,160,15,153
L002623,884,S012,3657,0,5,104
L002624,884,S007,3336,0,30,239
L002625,884,S009,3353,0,10,1437
L002626,885,S002,859,103,15,1432
L002627,885,S007,820,85,25,153
L002628,885,S009,807,171,10,626
L002629,886,S004,4042,190,10,452
L002630,886,S013,3797,225,10,147
L002631,886,S009,3950,189,5,178
L002632,887,S005,488,0,25,262
L002633,887,S007,463,215,30,251
L002634,888,S003,755,0,15,195
L002635,888,S011,630,191,30,302
L002636,888,S013,758,86,30,83
L002637,889,S003,1545,218,20,21
L002638,889,S010,1572,172,20,75
L002639,890,S001,887,141,20,436
L002640,890,S010,963,195,15,53
L002641,890,S012,918,241,5,92
L002642,890,S007,881,57,25,155
L002643,890,S014,847,0,20,307
L002644,891,S010,5613,64,5,268
L002645,891,S012,5649,0,5,339
L002646,891,S005,5937,0,40,8
L002647,891,S001,5489,0,0,207
L002648,892,S003,1208,0,0,222
L002649,892,S009,1101,107,20,33
L002650,892,S008,1076,115,25,155
L002651,893,S002,2910,130,15,161
L002652,893,S004,3270,167,20,266
L002653,894,S001,2146,175,25,33
L002654,894,S005,2129,166,25,123
L002655,894,S012,2108,88,30,88
L002656,895,S001,1794,240,50,267
L002657,896,S002,2900,70,20,377
L002658,896,S012,3508,234,25,70
L002659,896,S009,3418,190,25,71
L002660,897,S014,1578,78,10,202
L002661,897,S011,1823,220,25,307
L002662,898,S008,5255,155,15,117
L002663,898,S003,6201,209,0,253
L002664,898,S007,5521,59,10,181
L002665,898,S006,5298,76,5,30
L002666,899,S003,5158,233,60,757
L002667,899,S013,5126,57,20,90
L002668,899,S009,4741,130,20,438
L002669,899,S011,4894,149,0,441
L002670,899,S012,5151,110,5,217
L002671,900,S008,2348,127,5,46
L002672,900,S004,2142,229,15,101
L002673,901,S004,3084,138,20,8
L002674,901,S009,3692,215,0,67
L002675,901,S006,3264,57,15,170
L002676,902,S004,5725,71,15,74
L002677,902,S005,5434,189,25,54
L002678,903,S002,2055,0,0,122
L002679,903,S012,2003,86,25,691
L002680,903,S008,2060,94,20,116
L002681,903,S003,2005,63,15,202
L002682,903,S004,2008,0,0,380
L002683,904,S009,945,59,25,204
L002684,904,S002,1025,241,20,134
L002685,904,S005,880,154,20,71
L002686,905,S013,3797,71,0,44
L002687,905,S001,3727,111,0,198
L002688,905,S009,3912,93,5,55
L002689,905,S014,4015,133,10,187
L002690,906,S007,4119,205,0,30
L002691,906,S006,3739,158,15,142
L002692,906,S001,3929,0,50,157
L002693,906,S010,3617,221,20,288
L002694,907,S012,4574,0,0,170
L002695,907,S006,4228,93,30,58
L002696,907,S004,4371,93,10,172
L002697,907,S003,4626,246,5,189
L002698,907,S011,4413,112,5,129
L002699,908,S002,5395,229,0,89
L002700,908,S014,5293,171,0,134
L002701,908,S009,6424,111,0,89
L002702,908,S007,5310,204,20,57
L002703,908,S011,5994,0,0,128
L002704,909,S009,2549,56,20,286
L002705,909,S011,2382,123,40,108
L002706,909,S014,2435,92,5,11
L002707,909,S002,2193,0,20,323
L002708,909,S010,2332,172,25,49
L002709,910,S014,2047,83,5,834
L002710,910,S006,1976,249,10,1261
L002711,910,S008,1943,0,15,157
L002712,910,S005,1896,122,25,126
L002713,911,S006,2111,140,25,243
L002714,911,S014,2410,166,40,30
L002715,911,S007,2166,136,10,729
L002716,911,S001,2181,50,10,540
L002717,912,S001,6435,191,0,61
L002718,912,S004,5943,216,20,156
L002719,912,S008,5834,175,20,626
L002720,913,S002,3249,179,5,256
L002721,913,S009,2805,0,40,213
L002722,913,S004,3301,185,10,379
L002723,914,S009,1508,235,15,177
L002724,914,S013,1520,185,30,1055
L002725,914,S006,1586,136,5,110
L002726,915,S014,1985,219,5,675
L002727,915,S011,2012,0,0,656
L002728,915,S013,2210,112,20,531
L002729,915,S004,2224,190,30,584
L002730,915,S008,2078,0,20,149
L002731,916,S005,5485,159,5,59
L002732,917,S014,2250,196,30,91
L002733,917,S001,2280,140,15,112
L002734,917,S004,2089,179,25,16
L002735,917,S002,2084,140,10,139
L002736,918,S004,4959,151,15,187
L002737,918,S012,5711,78,5,239
L002738,918,S002,4754,136,20,219
L002739,918,S011,5577,0,10,124
L002740,918,S001,5646,206,20,85
L002741,919,S013,2765,109,0,63
L002742,919,S012,2861,126,20,88
L002743,919,S002,2682,182,30,119
L002744,919,S006,2753,175,20,502
L002745,920,S001,2041,188,5,104
L002746,920,S013,2085,239,10,226
L002747,920,S010,2160,135,30,223
L002748,921,S013,2179,151,5,31
L002749,922,S004,1302,0,20,98
L002750,923,S002,3838,208,20,5
L002751,923,S014,3938,148,5,58
L002752,924,S005,3876,0,20,270
L002753,924,S013,4306,116,10,347
L002754,925,S006,1864,214,5,37
L002755,925,S014,2208,161,5,42
L002756,926,S002,1379,0,25,45
L002757,926,S005,1296,246,20,56
L002758,926,S003,1224,228,0,49
L002759,927,S014,1259,83,0,157
L002760,927,S003,1183,158,0,308
L002761,927,S002,1238,117,15,260
L002762,927,S010,1171,166,20,14
L002763,928,S014,2269,0,5,387
L002764,928,S002,2468,161,20,213
L002765,928,S004,2152,60,10,271
L002766,928,S012,2206,178,10,462
L002767,928,S011,2562,70,25,96
L002768,929,S014,3019,0,25,248
L002769,929,S009,2643,167,25,81
L002770,929,S010,3014,108,40,31
L002771,929,S013,3187,90,20,54
L002772,930,S005,5059,62,20,253
L002773,930,S007,4757,71,15,58
L002774,930,S003,4963,74,0,159
L002775,930,S014,4298,177,30,95
L002776,930,S011,4565,153,10,860
L002777,931,S004,674,168,0,124
L002778,931,S007,768,204,10,194
L002779,931,S010,718,248,20,87
L002780,932,S012,1126,0,30,522
L002781,932,S006,1013,0,20,110
L002782,932,S002,1078,175,0,51
L002783,932,S007,1028,95,10,118
L002784,933,S011,4051,112,20,83
L002785,933,S010,4075,0,50,154
L002786,933,S003,4677,0,25,97
L002787,934,S002,2237,232,10,264
L002788,934,S013,1987,248,10,35
L002789,934,S008,2152,248,50,1165
L002790,935,S003,1649,109,0,144
L002791,936,S010,3503,141,5,44
L002792,936,S004,3223,77,5,56
L002793,936,S006,3135,0,5,196
L002794,936,S005,3342,67,25,1108
L002795,937,S014,5899,68,10,62
L002796,937,S006,5411,103,10,375
L002797,937,S011,6302,156,5,878
L002798,937,S010,5872,189,5,119
L002799,938,S006,3291,199,25,158
L002800,938,S008,3622,213,15,642
L002801,938,S010,3785,95,20,177
L002802,938,S013,3779,146,25,120
L002803,939,S013,3865,90,5,130
L002804,939,S011,3857,155,25,119
L002805,939,S014,4066,69,0,380
L002806,940,S006,1229,160,5,33
L002807,940,S008,1227,0,20,66
L002808,940,S002,1344,80,0,22
L002809,941,S008,3555,104,0,1152
L002810,942,S013,4151,0,20,94
L002811,942,S014,4358,0,25,179
L002812,942,S011,4384,235,25,33
L002813,942,S008,4667,163,10,916
L002814,943,S007,5095,153,10,167
L002815,943,S011,5050,116,30,115
L002816,944,S007,1967,162,15,419
L002817,944,S008,1918,50,15,38
L002818,944,S001,2087,188,0,361
L002819,944,S009,2069,209,15,281
L002820,945,S009,3726,0,5,119
L002821,945,S007,4416,234,40,31
L002822,945,S013,4436,97,15,78
L002823,945,S001,4469,124,10,123
L002824,946,S013,6203,219,15,231
L002825,947,S002,2830,231,20,183
L002826,947,S013,2685,73,5,55
L002827,947,S005,2713,171,15,441
L002828,947,S004,2528,0,20,40
L002829,947,S007,2470,218,5,159
L002830,948,S008,4659,126,5,112
L002831,948,S014,4710,132,10,152
L002832,948,S004,4787,133,30,755
L002833,948,S005,4025,94,15,86
L002834,948,S012,4578,0,10,191
L002835,949,S004,4702,57,20,25
L002836,949,S012,4337,225,40,21
L002837,950,S005,1588,0,25,173
L002838,950,S007,1722,216,40,156
L002839,951,S014,5461,0,50,276
L002840,951,S010,5843,70,50,33
L002841,951,S011,4925,126,10,90
L002842,952,S012,4722,135,10,67
L002843,953,S010,4107,194,20,74
L002844,953,S005,4030,0,5,759
L002845,953,S007,3945,178,40,515
L002846,953,S013,3758,52,50,68
L002847,953,S014,3834,71,20,501
L002848,954,S010,4052,231,10,299
L002849,955,S012,1996,67,0,110
L002850,955,S014,1943,241,15,332
L002851,956,S004,2915,237,15,19
L002852,956,S006,3081,224,25,257
L002853,956,S011,2990,176,40,210
L002854,957,S012,2096,0,5,23
L002855,958,S007,2753,174,0,122
L002856,959,S004,2701,135,5,3605
L002857,959,S008,2751,177,0,264
L002858,959,S009,3076,165,20,182
L002859,959,S006,3177,139,15,230
L002860,960,S007,2524,95,30,67
L002861,960,S011,2599,97,20,249
L002862,961,S006,2214,189,15,46
L002863,961,S003,2501,240,25,1221
L002864,961,S001,2344,0,30,318
L002865,961,S004,2504,0,20,108
L002866,961,S005,2105,0,20,25
L002867,962,S012,2050,54,20,130
L002868,962,S005,1847,90,5,555
L002869,962,S002,2153,245,15,170
L002870,962,S010,2155,227,10,274
L002871,962,S006,1992,205,10,13
L002872,963,S001,4920,0,15,244
L002873,963,S009,5396,0,20,277
L002874,963,S003,5709,205,50,907
L002875,963,S002,5424,57,10,97
L002876,964,S005,2324,0,5,416
L002877,964,S011,2325,0,15,127
L002878,964,S007,2680,181,10,3988
L002879,964,S002,2312,67,20,127
L002880,964,S006,2723,79,5,17
L002881,965,S012,4245,0,20,162
L002882,966,S001,2929,207,25,183
L002883,966,S008,3159,0,30,1602
L002884,967,S010,5303,197,10,185
L002885,968,S003,2115,0,10,1009
L002886,968,S006,1933,153,50,494
L002887,969,S013,1477,248,20,181
L002888,969,S005,1365,196,30,223
L002889,970,S008,2776,52,15,54
L002890,971,S002,4921,202,20,212
L002891,972,S006,3264,250,15,67
L002892,972,S001,3548,128,25,464
L002893,972,S012,3394,163,0,70
L002894,973,S001,2637,130,10,171
L002895,974,S009,3241,84,15,118
L002896,974,S002,3306,200,15,52
L002897,975,S002,1904,221,10,84
L002898,975,S004,1913,222,30,98
L002899,975,S006,2059,223,20,86
L002900,975,S013,1978,234,0,144
L002901,976,S001,1382,220,50,126
L002902,976,S011,1373,0,10,56
L002903,976,S003,1277,56,30,34
L002904,977,S012,673,88,30,18
L002905,978,S012,1316,61,20,361
L002906,979,S009,3111,125,20,288
L002907,979,S014,3235,87,15,248
L002908,979,S004,3359,178,30,37
L002909,979,S013,3191,0,20,436
L002910,980,S001,5617,197,25,109
L002911,980,S013,5624,165,30,163
L002912,981,S004,4335,100,60,364
L002913,981,S008,4209,0,15,147
L002914,981,S003,4431,163,10,64
L002915,981,S001,4731,176,40,33
L002916,982,S011,1690,0,20,118
L002917,982,S014,1595,87,30,191
L002918,982,S006,1709,73,10,94
L002919,983,S009,2733,0,10,130
L002920,983,S002,2794,93,0,601
L002921,983,S001,2745,187,5,62
L002922,983,S007,2549,0,20,225
L002923,984,S007,2506,96,10,107
L002924,984,S011,2328,111,10,1196
L002925,984,S013,2278,106,5,38
L002926,984,S014,2510,59,5,155
L002927,985,S004,1134,118,5,209
L002928,985,S005,1094,169,0,69
L002929,985,S001,1170,212,5,309
L002930,985,S010,1252,142,0,171
L002931,986,S014,4906,0,0,99
L002932,986,S008,5656,0,30,24
L002933,986,S009,4776,200,5,120
L002934,986,S007,5179,0,5,126
L002935,986,S004,4709,0,15,360
L002936,987,S012,2337,186,15,290
L002937,988,S009,4367,60,0,123
L002938,988,S004,4058,146,25,651
L002939,989,S003,4318,226,10,370
L002940,989,S002,4024,77,10,122
L002941,990,S009,3947,208,25,134
L002942,990,S002,3355,226,10,33
L002943,991,S004,2488,100,20,206
L002944,992,S013,6487,68,25,224
L002945,993,S012,4449,126,5,237
L002946,993,S004,5322,189,20,557
L002947,993,S002,5152,148,0,229
L002948,993,S008,4665,147,20,404
L002949,993,S006,4898,189,20,936
L002950,994,S003,6085,50,15,251
L002951,994,S012,5375,169,0,110
L002952,994,S007,6227,179,20,183
L002953,995,S013,978,60,40,108
L002954,996,S005,5057,0,25,126
L002955,996,S003,5098,120,0,132
L002956,996,S002,4431,91,5,32
L002957,996,S010,4268,160,20,69
L002958,996,S014,4307,0,40,90
L002959,997,S007,4716,231,25,301
L002960,998,S005,2203,0,30,17
L002961,999,S002,3514,102,0,349
L002962,999,S001,3651,0,30,97
L002963,1000,S006,2486,157,25,307
L002964,1000,S004,2530,116,0,114
L002965,1000,S012,2551,0,10,141
L002966,1001,S005,830,73,15,19
L002967,1002,S012,1649,79,10,113
L002968,1002,S005,1781,76,15,1884
L002969,1002,S013,1918,58,0,496
L002970,1003,S011,5549,244,5,37
L002971,1003,S009,6356,0,5,87
L002972,1003,S013,5975,198,0,85
L002973,1003,S006,5331,170,10,45
L002974,1003,S005,5510,99,30,93
L002975,1004,S002,804,239,5,1845
L002976,1004,S005,841,0,0,1461
L002977,1005,S003,1904,0,5,702
L002978,1005,S011,1887,93,20,111
L002979,1005,S004,1716,142,15,146
L002980,1006,S005,2846,110,10,150
L002981,1006,S014,3090,95,10,313
L002982,1007,S014,2315,166,5,1036
L002983,1007,S006,2279,82,10,38
L002984,1007,S009,2240,73,20,420
L002985,1007,S013,2303,0,5,48
L002986,1008,S002,479,99,5,151
L002987,1008,S011,549,94,0,31
L002988,1009,S010,4263,62,10,45
L002989,1009,S006,4230,0,5,539
L002990,1009,S008,4119,67,20,67
L002991,1009,S005,3645,166,15,135
L002992,1010,S006,3089,0,30,86
L002993,1010,S002,3208,216,40,1549
L002994,1010,S004,3188,0,5,338
L002995,1011,S008,1584,139,15,41
L002996,1012,S011,2514,0,10,138
L002997,1012,S002,2280,147,15,73
L002998,1012,S001,2552,163,15,107
L002999,1012,S003,2433,66,20,186
L003000,1013,S001,1513,229,5,202
L003001,1013,S009,1382,61,5,79
L003002,1013,S010,1546,177,0,92
L003003,1014,S001,3335,104,30,144
L003004,1014,S002,3615,181,5,194
L003005,1015,S006,3108,129,15,132
L003006,1015,S001,2835,125,5,133
L003007,1015,S013,2858,0,30,415
L003008,1016,S001,5896,0,0,201
L003009,1017,S005,5138,218,0,191
L003010,1017,S004,5104,90,15,41
L003011,1017,S011,4898,0,15,472
L003012,1018,S012,4452,130,10,981
L003013,1018,S007,4179,184,5,35
L003014,1019,S014,1881,0,15,103
L003015,1019,S011,1590,0,20,487
L003016,1019,S008,1610,170,25,220
L003017,1020,S011,4328,158,20,233
L003018,1020,S006,4000,122,20,197
L003019,1021,S010,746,182,50,461
L003020,1022,S006,5153,168,20,114
L003021,1022,S010,5197,232,20,144
L003022,1022,S003,5893,161,10,177
L003023,1023,S014,5407,223,20,82
L003024,1023,S006,5576,0,20,118
L003025,1023,S004,5914,152,20,222
L003026,1023,S001,5129,202,10,295
L003027,1023,S003,5699,178,40,111
L003028,1024,S006,2389,0,10,338
L003029,1025,S007,3947,211,20,115
L003030,1025,S008,3782,90,20,254
L003031,1025,S003,3759,246,0,180
L003032,1025,S013,3767,216,10,90
L003033,1026,S001,2700,70,10,100
L003034,1026,S010,2454,0,20,61
L003035,1026,S008,2559,189,0,228
L003036,1027,S014,4440,0,20,1762
L003037,1028,S007,3157,162,15,77
L003038,1028,S012,3316,207,20,14
L003039,1028,S009,2846,0,0,207
L003040,1029,S005,5356,163,20,393
L003041,1029,S011,5422,70,20,53
L003042,1029,S002,5133,177,10,423
L003043,1029,S010,4834,211,10,53
L003044,1030,S001,5569,0,15,170
L003045,1030,S011,5573,98,5,27
L003046,1030,S010,5490,115,20,14
L003047,1030,S014,5502,67,20,25
L003048,1030,S004,5523,107,5,203
L003049,1031,S006,3395,202,25,33
L003050,1032,S010,1855,174,30,203
L003051,1032,S012,1722,73,40,156
L003052,1032,S011,1687,191,10,36
L003053,1032,S003,1851,117,20,161
L003054,1033,S008,3867,83,10,174
L003055,1033,S003,4275,153,5,27
L003056,1033,S007,4555,234,10,30
L003057,1033,S005,4548,0,40,48
L003058,1034,S006,830,0,40,157
L003059,1034,S004,895,130,25,152
L003060,1035,S007,4998,151,20,310
L003061,1035,S008,4376,0,15,132
L003062,1036,S006,1453,189,0,294
L003063,1036,S007,1355,0,15,245
L003064,1036,S010,1383,186,25,202
L003065,1037,S008,3518,167,10,40
L003066,1037,S009,3094,78,0,341
L003067,1038,S009,4623,212,40,294
L003068,1038,S008,4498,223,15,31
L003069,1039,S003,2573,65,40,67
L003070,1039,S010,2650,58,15,197
L003071,1039,S008,2288,116,25,156
L003072,1040,S012,3101,190,20,204
L003073,1040,S005,3178,214,0,73
L003074,1040,S003,3240,60,5,211
L003075,1040,S001,3238,71,10,77
L003076,1040,S007,2818,110,10,395
L003077,1041,S004,4338,175,15,115
L003078,1041,S008,4193,176,5,65
L003079,1041,S002,4373,170,15,205
L003080,1041,S011,4869,95,30,75
L003081,1041,S012,4753,147,10,899
L003082,1042,S004,6478,115,40,98
L003083,1043,S006,1977,161,30,92
L003084,1044,S012,4395,203,0,230
L003085,1044,S010,4410,90,20,143
L003086,1045,S009,4492,113,5,72
L003087,1045,S014,3999,226,15,27
L003088,1046,S003,3548,128,0,74
L003089,1046,S005,3151,0,0,72
L003090,1046,S010,3477,59,0,53
L003091,1046,S012,3076,0,0,198
L003092,1046,S007,3433,105,5,271
L003093,1047,S003,1441,230,0,170
L003094,1047,S002,1514,166,0,95
L003095,1047,S001,1376,85,0,54
L003096,1047,S012,1613,206,15,89
L003097,1047,S006,1579,82,5,119
L003098,1048,S008,2029,120,5,27
L003099,1048,S010,2222,199,10,248
L003100,1048,S001,2037,131,10,41
L003101,1048,S013,2017,204,0,383
L003102,1048,S002,2049,59,15,110
L003103,1049,S007,1141,148,10,191
L003104,1050,S002,2673,127,15,81
L003105,1051,S009,724,63,20,95
L003106,1051,S004,694,83,5,64
L003107,1051,S011,726,205,30,67
L003108,1051,S006,756,98,10,187
L003109,1051,S007,734,179,15,311
L003110,1052,S012,5123,217,0,536
L003111,1053,S005,2624,58,0,89
L003112,1053,S004,2469,93,30,30
L003113,1054,S007,4699,140,5,191
L003114,1054,S010,4985,210,25,24
L003115,1055,S012,4482,70,5,36
L003116,1055,S010,4562,178,40,156
L003117,1055,S004,4671,0,0,68
L003118,1055,S007,4197,216,5,23
L003119,1056,S010,2573,246,10,237
L003120,1056,S006,2474,217,10,163
L003121,1056,S002,2620,0,10,72
L003122,1056,S005,2711,0,10,334
L003123,1056,S009,2846,231,5,108
L003124,1057,S012,5340,144,15,273
L003125,1057,S001,5143,143,0,372
L003126,1058,S004,3441,0,5,117
L003127,1059,S006,4180,80,10,76
L003128,1060,S002,4005,126,0,10
L003129,1060,S004,4332,0,30,145
L003130,1061,S002,2410,86,15,755
L003131,1061,S001,2199,186,5,1586
L003132,1061,S006,2394,233,10,77
L003133,1061,S014,2158,82,50,196
L003134,1061,S005,2438,0,5,205
L003135,1062,S004,3211,117,15,179
L003136,1062,S010,3329,97,0,363
L003137,1062,S014,3427,192,10,296
L003138,1062,S002,3326,0,5,317
L003139,1063,S002,1571,149,10,118
L003140,1063,S004,1796,74,20,818
L003141,1063,S005,1736,0,20,423
L003142,1063,S009,1522,0,0,25
L003143,1064,S007,1466,0,10,158
L003144,1064,S012,1519,0,15,80
L003145,1064,S005,1410,79,5,94
L003146,1064,S009,1446,172,5,410
L003147,1064,S010,1507,0,15,29
L003148,1065,S010,1643,148,10,370
L003149,1065,S004,1489,88,0,155
L003150,1066,S008,6104,130,15,172
L003151,1067,S001,3818,0,10,314
L003152,1067,S014,4218,155,20,29
L003153,1067,S006,4476,152,25,696
L003154,1068,S012,858,120,30,103
L003155,1068,S004,767,236,60,275
L003156,1068,S006,837,250,10,1147
L003157,1068,S013,917,163,10,138
L003158,1069,S010,2604,200,15,1116
L003159,1070,S008,1184,170,10,366
L003160,1070,S013,1029,208,10,26
L003161,1070,S005,1164,227,10,407
L003162,1070,S003,1018,0,15,94
L003163,1070,S010,1048,0,15,92
L003164,1071,S004,5115,211,0,18
L003165,1071,S001,4745,234,5,44
L003166,1072,S010,5235,134,15,61
L003167,1073,S012,2777,0,30,106
L003168,1073,S013,3027,237,10,55
L003169,1073,S001,2514,198,10,77
L003170,1074,S003,2972,225,10,141
L003171,1075,S004,2804,174,10,210
L003172,1075,S012,2680,238,15,109
L003173,1075,S003,2680,243,10,477
L003174,1076,S011,4057,64,5,82
L003175,1076,S009,4115,157,15,393
L003176,1076,S010,4279,55,20,121
L003177,1077,S013,5354,241,50,144
L003178,1077,S010,6379,0,10,304
L003179,1077,S003,5285,230,40,13
L003180,1077,S007,6031,174,10,80
L003181,1077,S002,5251,189,25,221
L003182,1078,S005,4581,105,5,105
L003183,1078,S008,4949,129,5,69
L003184,1078,S007,4241,119,15,91
L003185,1078,S009,4402,0,5,131
L003186,1078,S003,4301,0,25,211
L003187,1079,S008,4744,125,5,120
L003188,1079,S010,5197,212,20,320
L003189,1079,S002,4931,190,5,276
L003190,1079,S009,5021,216,15,86
L003191,1080,S009,3882,0,10,126
L003192,1081,S007,1160,116,20,19
L003193,1081,S013,1119,211,20,27
L003194,1082,S001,2295,99,5,108
L003195,1082,S009,2394,99,10,188
L003196,1082,S002,2440,200,20,28
L003197,1083,S010,1978,125,20,175
L003198,1083,S007,1695,223,0,62
L003199,1084,S007,3405,0,5,45
L003200,1084,S002,3650,230,10,112
L003201,1084,S010,3773,0,5,208
L003202,1084,S001,3487,237,25,129
L003203,1084,S013,3968,0,20,550
L003204,1085,S010,2729,0,10,136
L003205,1085,S001,3056,0,15,53
L003206,1085,S012,3239,91,5,75
L003207,1086,S001,738,0,15,127
L003208,1087,S004,2855,181,30,199
L003209,1087,S009,2848,176,20,22
L003210,1087,S013,2943,67,15,175
L003211,1088,S002,4203,0,5,76
L003212,1088,S008,4449,200,30,138
L003213,1089,S001,4834,190,30,84
L003214,1089,S006,4907,157,25,140
L003215,1089,S011,5214,92,30,54
L003216,1090,S014,5078,249,15,183
L003217,1090,S009,4882,0,20,149
L003218,1091,S012,4538,241,15,1016
L003219,1091,S001,4315,148,20,133
L003220,1091,S007,4759,234,40,189
L003221,1091,S005,4253,0,10,347
L003222,1092,S005,3196,0,10,408
L003223,1093,S001,3923,198,10,571
L003224,1093,S014,3652,0,10,41
L003225,1093,S010,3216,183,15,90
L003226,1093,S013,3424,137,20,221
L003227,1094,S002,1707,0,20,293
L003228,1095,S008,4003,90,20,129
L003229,1095,S012,4148,0,5,391
L003230,1095,S010,4024,171,5,187
L003231,1095,S011,4503,167,0,298
L003232,1096,S012,1965,0,10,229
L003233,1097,S004,1641,214,10,89
L003234,1097,S011,1720,227,10,246
L003235,1097,S002,1620,99,10,121
L003236,1097,S005,1586,81,20,104
L003237,1098,S009,5798,151,20,239
L003238,1098,S014,6351,207,0,371
L003239,1098,S001,5404,0,25,160
L003240,1098,S003,5697,72,0,134
L003241,1099,S010,4677,110,40,323
L003242,1100,S007,4658,205,10,48
L003243,1100,S003,4836,118,30,113
L003244,1100,S014,5423,0,5,121
L003245,1100,S004,4949,78,15,88
L003246,1100,S010,5152,85,25,413
L003247,1101,S007,3693,57,40,68
L003248,1101,S010,3253,0,60,68
L003249,1101,S011,3253,0,0,278
L003250,1101,S012,3672,88,15,119
L003251,1102,S001,3555,168,15,163
L003252,1102,S007,3243,215,0,118
L003253,1102,S012,3113,96,25,125
L003254,1102,S014,3046,127,30,473
L003255,1103,S001,4725,184,10,392
L003256,1103,S008,4085,163,30,199
L003257,1103,S010,4199,227,20,61
L003258,1103,S012,4570,219,0,311
L003259,1104,S011,2403,72,30,387
L003260,1105,S001,6051,158,15,12
L003261,1105,S005,5116,154,5,215
L003262,1105,S004,6000,191,30,49
L003263,1106,S005,4837,0,10,163
L003264,1107,S002,1149,0,15,319
L003265,1107,S014,1032,221,15,47
L003266,1108,S006,4432,127,30,184
L003267,1109,S006,4723,174,20,490
L003268,1109,S012,4383,110,10,110
L003269,1109,S008,4792,132,20,132
L003270,1110,S012,691,210,15,355
L003271,1110,S010,619,213,30,17
L003272,1111,S011,826,177,30,100
L003273,1112,S004,5162,103,15,13
L003274,1112,S007,4613,145,40,116
L003275,1112,S002,4680,0,25,177
L003276,1112,S012,4696,173,20,473
L003277,1113,S012,1155,99,30,246
L003278,1114,S003,3113,242,10,43
L003279,1114,S002,2792,186,50,408
L003280,1115,S014,1271,0,40,156
L003281,1115,S013,1363,0,10,112
L003282,1115,S010,1176,241,10,176
L003283,1116,S013,2091,77,0,38
L003284,1116,S009,2324,166,15,712
L003285,1116,S004,2447,234,5,259
L003286,1116,S014,2227,54,0,91
L003287,1117,S010,3285,142,10,226
L003288,1118,S011,3057,231,40,444
L003289,1119,S010,1501,165,0,202
L003290,1119,S004,1499,242,10,27
L003291,1120,S009,5038,196,30,370
L003292,1120,S011,4951,164,15,241
L003293,1120,S012,5017,0,15,70
L003294,1121,S009,5789,129,5,149
L003295,1121,S013,5130,104,40,201
L003296,1122,S002,939,0,15,101
L003297,1122,S010,821,174,10,25
L003298,1122,S011,978,108,0,134
L003299,1122,S001,916,177,10,68
L003300,1123,S002,3781,0,0,249
L003301,1123,S007,3772,100,5,177
L003302,1123,S003,3975,104,5,179
L003303,1123,S006,4069,246,25,58
L003304,1124,S011,1306,182,15,735
L003305,1124,S007,1428,234,0,39
L003306,1125,S001,4260,214,10,31
L003307,1125,S005,4990,0,0,344
L003308,1125,S008,4891,189,10,70
L003309,1125,S004,4280,240,30,307
L003310,1126,S001,5673,59,10,256
L003311,1126,S009,5874,143,15,571
L003312,1126,S004,6065,0,20,433
L003313,1126,S002,5332,191,10,127
L003314,1127,S005,1225,0,10,172
L003315,1127,S004,1260,179,10,188
L003316,1128,S012,3351,0,5,1746
L003317,1128,S001,3709,61,10,121
L003318,1129,S004,3192,93,10,190
L003319,1129,S002,2800,249,5,36
L003320,1129,S008,3114,0,50,119
L003321,1129,S001,3025,108,20,1226
L003322,1130,S014,1473,201,10,267
L003323,1131,S008,3540,151,10,212
L003324,1131,S013,3878,0,5,59
L003325,1131,S006,3664,190,20,195
L003326,1132,S014,2927,0,30,84
L003327,1132,S011,2942,206,25,250
L003328,1133,S001,2612,197,60,147
L003329,1133,S008,2908,162,25,70
L003330,1133,S005,3049,115,15,2667
L003331,1134,S002,4156,103,0,305
L003332,1134,S006,4001,85,25,49
L003333,1134,S005,3675,235,30,285
L003334,1135,S002,866,175,20,37
L003335,1135,S006,937,163,5,86
L003336,1135,S009,988,233,40,254
L003337,1136,S012,2989,172,30,210
L003338,1136,S001,3343,165,25,391
L003339,1136,S006,3334,177,5,2246
L003340,1136,S009,3424,58,5,618
L003341,1136,S004,3274,246,5,66
L003342,1137,S011,3567,231,10,269
L003343,1137,S007,3465,0,15,124
L003344,1137,S013,3312,0,15,50
L003345,1138,S009,1180,118,15,83
L003346,1138,S012,1239,0,15,315
L003347,1138,S002,1210,245,25,43
L003348,1138,S007,1054,220,5,138
L003349,1138,S003,1133,0,5,154
L003350,1139,S008,988,201,5,85
L003351,1139,S004,1001,87,15,145
L003352,1139,S007,981,250,0,55
L003353,1140,S002,3403,52,10,265
L003354,1141,S010,1210,127,10,568
L003355,1141,S003,1042,0,15,124
L003356,1141,S011,1169,0,15,117
L003357,1141,S007,1247,120,60,47
L003358,1141,S005,1230,191,25,894
L003359,1142,S006,2152,150,20,81
L003360,1142,S010,1970,197,30,468
L003361,1142,S012,1963,146,25,82
L003362,1143,S003,1159,246,50,562
L003363,1143,S005,1395,197,25,98
L003364,1143,S012,1324,116,50,48
L003365,1144,S009,889,141,20,298
L003366,1145,S008,3613,197,20,157
L003367,1146,S013,4879,51,10,245
L003368,1146,S001,4536,225,40,78
L003369,1146,S014,4424,0,0,238
L003370,1146,S004,4445,73,25,311
L003371,1147,S009,1414,95,15,263
L003372,1147,S005,1360,202,5,101
L003373,1147,S007,1279,0,0,55
L003374,1148,S004,4894,64,20,93
L003375,1148,S005,4727,148,50,116
L003376,1148,S009,4737,75,15,78
L003377,1148,S008,5184,189,10,211
L003378,1149,S004,3600,129,15,61
L003379,1149,S001,3813,94,15,277
L003380,1149,S006,3810,67,10,135
L003381,1150,S007,4532,163,20,33
L003382,1151,S004,1528,236,5,87
L003383,1151,S014,1629,0,20,369
L003384,1151,S008,1439,0,20,235
L003385,1152,S009,2225,0,10,37
L003386,1152,S010,2109,0,10,82
L003387,1152,S014,2107,227,5,122
L003388,1153,S006,4347,0,10,171
L003389,1153,S014,4352,0,0,162
L003390,1153,S009,4206,65,10,107
L003391,1153,S001,4476,198,5,778
L003392,1154,S008,4414,176,10,472
L003393,1155,S003,2622,0,20,210
L003394,1155,S008,2452,77,20,346
L003395,1156,S008,5699,200,5,103
L003396,1156,S005,4950,240,10,1285
L003397,1156,S007,4911,116,15,190
L003398,1156,S003,5530,192,15,384
L003399,1156,S006,4790,0,20,1438
L003400,1157,S014,5798,161,0,1276
L003401,1157,S006,5171,50,5,154
L003402,1157,S009,5247,210,5,19
L003403,1158,S005,4754,225,15,1222
L003404,1158,S014,4210,241,0,894
L003405,1158,S003,4397,232,20,26
L003406,1159,S002,1020,64,20,235
L003407,1159,S005,1061,0,5,179
L003408,1159,S008,961,136,15,46
L003409,1160,S001,930,214,20,233
L003410,1160,S011,843,211,5,171
L003411,1160,S006,853,142,5,33
L003412,1160,S004,843,163,5,329
L003413,1161,S010,3575,74,30,229
L003414,1161,S002,4259,206,15,347
L003415,1161,S013,3604,217,10,325
L003416,1162,S004,1435,65,5,38
L003417,1163,S008,4816,0,5,107
L003418,1163,S003,5412,232,20,32
L003419,1163,S012,4950,232,25,114
L003420,1164,S012,1994,0,30,231
L003421,1164,S014,1706,142,10,480
L003422,1164,S009,2003,168,5,216
L003423,1164,S008,2028,194,15,193
L003424,1165,S001,5675,110,30,968
L003425,1165,S009,5804,0,5,58
L003426,1166,S005,3097,224,15,91
L003427,1166,S012,3474,63,40,79
L003428,1166,S003,3422,199,15,99
L003429,1166,S007,3575,152,20,123
L003430,1166,S008,3086,139,10,96
L003431,1167,S014,2479,182,15,106
L003432,1168,S003,5839,220,30,74
L003433,1168,S001,6290,105,15,327
L003434,1168,S007,5791,184,10,143
L003435,1168,S006,5842,127,5,260
L003436,1168,S012,6009,0,0,657
L003437,1169,S002,635,120,5,104
L003438,1169,S009,546,240,25,69
L003439,1169,S014,570,70,15,104
L003440,1169,S011,579,233,0,135
L003441,1169,S004,625,0,20,153
L003442,1170,S001,3788,59,30,48
L003443,1170,S006,3943,208,5,460
L003444,1170,S014,4153,91,40,118
L003445,1170,S003,3704,83,10,132
L003446,1171,S001,923,192,5,22
L003447,1172,S013,6080,215,15,75
L003448,1172,S002,5980,209,15,69
L003449,1172,S012,5714,197,5,257
L003450,1173,S013,2405,56,0,111
L003451,1173,S012,2549,0,30,342
L003452,1173,S006,2683,165,50,14
L003453,1173,S001,2714,156,25,49
L003454,1174,S013,2683,238,25,418
L003455,1174,S005,2727,120,5,117
L003456,1174,S001,2346,58,10,280
L003457,1175,S011,4915,200,5,152
L003458,1175,S006,5348,62,0,160
L003459,1175,S013,5451,173,5,216
L003460,1175,S009,5130,0,15,61
L003461,1176,S007,2401,186,30,436
L003462,1177,S004,1991,172,25,119
L003463,1177,S006,1972,245,5,416
L003464,1177,S012,1869,0,5,82
L003465,1177,S003,1891,79,10,163
L003466,1178,S006,3107,0,40,114
L003467,1178,S013,2769,76,5,68
L003468,1178,S002,3221,0,15,211
L003469,1178,S005,2974,73,10,148
L003470,1179,S012,3706,79,10,81
L003471,1179,S002,4407,227,25,440
L003472,1179,S005,3953,209,20,98
L003473,1179,S004,4351,74,5,370
L003474,1179,S008,3932,0,20,137
L003475,1180,S009,3850,139,10,34
L003476,1181,S010,2838,0,15,240
L003477,1182,S008,643,238,50,113
L003478,1182,S011,728,174,5,219
L003479,1182,S002,767,0,0,44
L003480,1183,S010,784,65,10,213
L003481,1183,S006,849,0,50,159
L003482,1183,S008,913,248,60,162
L003483,1183,S005,793,0,10,83
L003484,1183,S011,868,217,50,242
L003485,1184,S005,4413,244,10,63
L003486,1184,S004,4446,99,20,90
L003487,1185,S005,5272,171,30,219
L003488,1185,S006,5368,206,10,157
L003489,1185,S009,5942,90,30,269
L003490,1185,S007,5606,0,0,401
L003491,1185,S011,5427,129,30,57
L003492,1186,S005,4273,161,5,68
L003493,1186,S002,4312,0,30,343
L003494,1186,S014,4184,198,0,415
L003495,1186,S007,4196,245,40,1164
L003496,1187,S006,2663,94,10,400
L003497,1187,S003,2652,152,25,1025
L003498,1187,S011,2975,106,10,518
L003499,1187,S005,2943,95,20,49
L003500,1187,S009,2720,158,15,144
L003501,1188,S012,4824,121,15,90
L003502,1188,S014,4102,177,15,68
L003503,1188,S013,4307,234,10,301
L003504,1188,S010,4714,159,5,111
L003505,1189,S004,5354,0,5,83
L003506,1189,S014,5624,139,20,160
L003507,1189,S008,5619,166,0,197
L003508,1189,S011,4850,54,25,96
L003509,1189,S002,5605,199,25,97
L003510,1190,S004,4361,118,10,161
L003511,1190,S006,4651,161,5,80
L003512,1190,S001,4412,121,15,1957
L003513,1190,S014,4330,247,20,31
L003514,1191,S012,1964,0,30,627
L003515,1192,S007,2278,207,60,314
L003516,1192,S013,1934,92,25,880
L003517,1192,S012,2130,0,25,112
L003518,1193,S009,4375,0,20,345
L003519,1193,S010,4262,132,10,31
L003520,1193,S002,4007,69,10,357
L003521,1193,S012,4392,0,30,208
L003522,1193,S006,4201,137,25,121
L003523,1194,S005,4051,208,0,48
L003524,1194,S007,3582,166,10,148
L003525,1195,S013,1115,211,60,204
L003526,1195,S011,1089,72,60,85
L003527,1195,S006,1133,233,0,56
L003528,1195,S003,1004,0,15,56
L003529,1196,S014,1232,105,5,182
L003530,1196,S001,1332,250,15,110
L003531,1197,S010,1451,201,10,56
L003532,1198,S010,1287,181,0,217
L003533,1198,S008,1334,68,5,117
L003534,1198,S011,1211,0,0,64
L003535,1198,S001,1371,65,20,24
L003536,1198,S004,1343,0,5,375
L003537,1199,S014,970,141,5,113
L003538,1199,S001,950,77,0,78
L003539,1199,S005,1019,59,10,55
L003540,1200,S001,5142,0,15,87
L003541,1200,S013,4592,62,5,33
L003542,1201,S013,4763,131,20,71
L003543,1201,S002,5166,208,15,6254
L003544,1201,S003,5277,0,0,200
L003545,1201,S008,4861,152,30,32
L003546,1201,S001,5264,203,5,38
L003547,1202,S010,3777,83,30,478
L003548,1203,S007,2460,100,25,63
L003549,1203,S014,2412,198,25,78
L003550,1203,S003,2395,0,15,404
L003551,1204,S014,798,203,15,62
L003552,1204,S011,712,135,5,112
L003553,1204,S004,760,50,20,336
L003554,1204,S010,678,67,5,92
L003555,1204,S002,781,84,10,188
L003556,1205,S013,3086,130,10,687
L003557,1205,S008,2739,0,25,126
L003558,1206,S012,1483,184,5,285
L003559,1207,S011,2055,143,10,32
L003560,1207,S012,1916,195,0,154
L003561,1207,S005,2079,225,15,1145
L003562,1208,S009,1273,94,10,208
L003563,1209,S012,2127,118,10,324
L003564,1209,S014,1863,89,5,581
L003565,1210,S003,5426,234,50,98
L003566,1210,S008,5536,152,10,121
L003567,1210,S001,6097,0,10,69
L003568,1211,S014,2322,74,60,100
L003569,1211,S002,2468,97,0,616
L003570,1211,S013,2615,0,5,52
L003571,1211,S008,2494,194,5,16
L003572,1211,S001,2625,228,25,197
L003573,1212,S010,4471,81,15,3922
L003574,1212,S003,4497,54,0,267
L003575,1212,S002,3878,81,15,180
L003576,1212,S007,3864,101,20,509
L003577,1213,S003,537,174,15,47
L003578,1213,S013,509,243,25,276
L003579,1214,S008,5057,236,25,168
L003580,1214,S011,5713,70,15,426
L003581,1214,S012,5578,80,20,125
L003582,1214,S007,5070,229,5,154
L003583,1214,S010,4876,130,5,80
L003584,1215,S003,5260,203,5,257
L003585,1215,S008,5732,68,5,57
L003586,1215,S014,5674,119,15,14
L003587,1216,S005,4650,75,15,247
L003588,1217,S010,603,0,15,507
L003589,1217,S002,727,235,25,2001
L003590,1217,S013,687,0,10,237
L003591,1217,S009,626,60,15,54
L003592,1217,S011,615,183,10,31
L003593,1218,S003,517,146,20,89
L003594,1218,S002,495,167,5,73
L003595,1218,S009,533,195,5,309
L003596,1219,S008,1019,0,20,233
L003597,1220,S013,1518,190,30,179
L003598,1220,S005,1614,129,25,783
L003599,1221,S008,4907,168,25,779
L003600,1221,S003,5379,232,40,270
L003601,1221,S014,4901,231,20,96
L003602,1222,S002,2831,226,30,243
L003603,1222,S007,2548,225,0,114
L003604,1222,S010,2574,194,30,60
L003605,1222,S005,2546,119,30,35
L003606,1222,S001,2863,141,5,308
L003607,1223,S011,5265,0,10,364
L003608,1223,S002,5306,123,20,742
L003609,1223,S003,5273,165,0,78
L003610,1223,S012,5142,114,0,39
L003611,1223,S009,5350,209,10,103
L003612,1224,S014,5570,166,50,129
L003613,1225,S004,4812,115,25,228
L003614,1225,S014,4312,221,0,171
L003615,1226,S005,1880,230,40,72
L003616,1226,S008,1948,78,10,258
L003617,1226,S007,1812,124,5,629
L003618,1227,S008,5634,239,5,260
L003619,1227,S002,5057,0,10,109
L003620,1228,S003,3818,76,30,151
L003621,1228,S011,3801,0,10,25
L003622,1229,S008,1383,77,20,658
L003623,1230,S007,771,0,30,23
L003624,1231,S006,3523,152,20,53
L003625,1231,S010,3753,119,20,391
L003626,1231,S004,3381,0,20,135
L003627,1232,S001,1086,139,15,135
L003628,1232,S004,1078,73,20,98
L003629,1232,S010,1182,0,15,259
L003630,1232,S005,1136,70,10,193
L003631,1233,S008,845,186,10,280
L003632,1233,S014,944,82,0,44
L003633,1233,S007,900,238,20,540
L003634,1233,S010,825,132,10,168
L003635,1233,S002,938,60,30,68
L003636,1234,S001,5762,0,40,274
L003637,1234,S010,5605,70,10,215
L003638,1235,S001,2258,0,5,114
L003639,1235,S013,2224,69,10,80
L003640,1235,S003,2566,0,10,341
L003641,1235,S006,2547,243,10,174
L003642,1236,S008,1990,149,20,247
L003643,1236,S013,1964,203,10,51
L003644,1236,S009,2247,129,40,51
L003645,1237,S014,4365,0,25,37
L003646,1238,S002,2532,0,25,138
L003647,1238,S005,2504,137,15,210
L003648,1238,S014,2318,167,5,373
L003649,1238,S008,2179,172,10,218
L003650,1238,S007,2441,161,10,127
L003651,1239,S008,515,107,5,207
L003652,1239,S007,498,232,20,85
L003653,1240,S009,5206,116,20,99
L003654,1241,S009,777,0,30,247
L003655,1241,S006,778,62,20,222
L003656,1241,S012,783,138,0,137
L003657,1241,S004,896,210,15,219
L003658,1241,S011,770,0,20,98
L003659,1242,S013,1302,165,5,219
L003660,1242,S002,1372,147,30,102
L003661,1243,S001,5716,0,5,113
L003662,1243,S009,5818,180,5,71
L003663,1243,S007,5124,198,10,441
L003664,1243,S004,5393,0,5,356
L003665,1243,S006,4985,170,30,522
L003666,1244,S006,1836,81,15,86
L003667,1244,S008,1807,234,25,280
L003668,1244,S004,1873,0,10,255
L003669,1244,S013,1639,146,25,203
L003670,1245,S001,4608,0,20,325
L003671,1245,S014,5370,150,20,30
L003672,1245,S011,5335,100,10,70
L003673,1245,S004,5165,0,20,31
L003674,1246,S007,907,0,40,168
L003675,1246,S011,884,209,15,319
L003676,1246,S005,811,246,30,24
L003677,1246,S006,823,102,10,172
L003678,1246,S009,819,91,15,136
L003679,1247,S004,5471,108,20,14
L003680,1247,S013,5077,221,20,68
L003681,1247,S007,5518,113,30,197
L003682,1247,S005,5168,108,15,106
L003683,1248,S009,2723,154,10,375
L003684,1248,S002,2975,0,10,212
L003685,1248,S001,2754,221,15,594
L003686,1248,S006,2664,0,20,1098
L003687,1249,S010,729,176,40,118
L003688,1249,S007,723,192,50,166
L003689,1249,S012,718,65,30,451
L003690,1250,S013,2232,0,10,1261
L003691,1250,S004,2612,98,10,158
L003692,1251,S013,5436,0,25,96
L003693,1251,S005,5142,221,50,306
L003694,1251,S012,5371,0,5,65
L003695,1252,S012,6212,178,30,192
L003696,1252,S014,5624,147,15,158
L003697,1252,S006,6415,246,10,546
L003698,1253,S001,2587,59,15,63
L003699,1253,S002,2528,171,30,180
L003700,1254,S007,1622,113,5,184
L003701,1254,S003,1737,0,0,33
L003702,1255,S001,5005,61,25,157
L003703,1256,S005,5670,238,20,179
L003704,1257,S010,4072,74,30,804
L003705,1258,S011,3745,0,30,128
L003706,1258,S004,3426,183,5,493
L003707,1258,S012,3539,189,5,268
L003708,1258,S007,3670,203,25,20
L003709,1259,S014,4893,155,30,59
L003710,1259,S003,4755,52,25,238
L003711,1259,S009,4174,143,25,180
L003712,1260,S005,3979,150,0,235
L003713,1260,S009,3960,0,15,41
L003714,1260,S012,3918,73,0,169
L003715,1260,S004,3490,250,10,78
L003716,1260,S011,3788,96,10,202
L003717,1261,S001,946,147,20,70
L003718,1261,S013,1020,0,20,229
L003719,1262,S001,2893,0,40,35
L003720,1262,S003,2763,0,15,32
L003721,1262,S002,2501,184,15,67
L003722,1263,S002,3172,116,30,171
L003723,1263,S008,3545,133,5,326
L003724,1263,S005,3072,100,10,429
L003725,1264,S003,4314,218,10,130
L003726,1265,S006,4109,109,15,213
L003727,1265,S003,3805,126,20,70
L003728,1265,S004,4010,193,5,437
L003729,1265,S010,4106,195,10,444
L003730,1266,S002,1711,222,10,17
L003731,1266,S011,1827,154,20,195
L003732,1266,S003,1816,117,20,201
L003733,1266,S004,1752,247,10,213
L003734,1266,S013,1682,53,10,250
L003735,1267,S010,3527,82,15,180
L003736,1268,S005,3451,248,0,165
L003737,1268,S008,3112,234,30,137
L003738,1268,S006,3079,0,20,209
L003739,1268,S010,3329,219,40,431
L003740,1269,S002,578,199,40,39
L003741,1269,S003,521,151,10,90
L003742,1269,S004,558,224,5,127
L003743,1269,S011,595,241,10,28
L003744,1269,S014,506,0,25,794
L003745,1270,S003,2576,63,0,347
L003746,1271,S001,4273,0,20,311
L003747,1271,S002,4700,158,15,37
L003748,1271,S011,4512,68,20,173
L003749,1271,S006,4527,137,25,196
L003750,1272,S012,4605,146,0,57
L003751,1272,S003,4720,0,30,244
L003752,1272,S004,4894,104,15,609
L003753,1272,S005,4935,118,20,170
L003754,1272,S013,4443,0,10,440
L003755,1273,S006,4819,191,20,60
L003756,1273,S007,4382,168,30,263
L003757,1274,S001,4766,140,30,14
L003758,1274,S004,5626,127,15,89
L003759,1274,S011,4686,191,5,124
L003760,1274,S014,5284,81,20,549
L003761,1275,S001,1321,92,15,186
L003762,1276,S001,1939,244,20,361
L003763,1276,S004,1909,215,25,170
L003764,1276,S003,2154,71,5,153
L003765,1277,S011,4452,133,10,21
L003766,1277,S001,4355,67,15,415
L003767,1277,S004,4531,76,20,138
L003768,1277,S002,4295,187,40,149
L003769,1278,S008,4240,119,25,326
L003770,1278,S003,4713,144,20,44
L003771,1279,S011,3872,225,50,131
L003772,1279,S013,3464,172,15,242
L003773,1279,S014,3600,176,25,458
L003774,1279,S005,3723,0,25,62
L003775,1280,S014,974,75,30,302
L003776,1280,S007,979,204,5,121
L003777,1280,S005,993,124,10,92
L003778,1281,S011,6330,0,25,47
L003779,1281,S001,5667,110,10,194
L003780,1282,S010,4683,250,10,191
L003781,1282,S012,4552,89,10,302
L003782,1282,S011,4325,74,15,854
L003783,1283,S008,4284,0,5,225
L003784,1283,S013,4557,208,20,13
L003785,1283,S001,3947,0,30,637
L003786,1284,S008,3995,0,10,603
L003787,1284,S007,3859,0,15,62
L003788,1285,S013,5506,95,20,80
L003789,1285,S010,6204,0,10,79
L003790,1285,S002,6218,221,20,514
L003791,1286,S010,1878,0,0,149
L003792,1287,S007,2999,67,15,223
L003793,1288,S006,3945,200,50,108
L003794,1289,S008,1346,162,0,39
L003795,1290,S004,3139,81,10,324
L003796,1290,S011,2763,0,15,27
L003797,1290,S010,3297,0,0,165
L003798,1290,S001,2970,171,10,111
L003799,1290,S003,3356,153,20,536
L003800,1291,S014,4781,0,0,234
L003801,1291,S009,5337,114,20,209
L003802,1292,S001,5164,170,30,572
L003803,1293,S006,5406,141,10,25
L003804,1293,S009,5988,0,5,443
L003805,1293,S002,5261,121,5,57
L003806,1293,S011,5870,0,10,557
L003807,1294,S005,3139,87,10,35
L003808,1295,S005,3113,209,10,325
L003809,1295,S004,2717,0,15,949
L003810,1295,S011,2661,51,5,308
L003811,1296,S003,2955,118,5,276
L003812,1296,S012,3116,204,20,906
L003813,1296,S010,2916,0,5,117
L003814,1296,S014,3300,126,20,49
L003815,1297,S010,6284,0,10,112
L003816,1297,S004,6176,246,15,135
L003817,1298,S010,2695,227,20,124
L003818,1298,S004,2368,223,15,84
L003819,1298,S012,2613,0,15,53
L003820,1298,S003,2744,129,30,139
L003821,1298,S006,2310,0,15,74
L003822,1299,S014,5365,100,5,46
L003823,1299,S009,5006,0,25,185
L003824,1300,S006,2356,222,25,22
L003825,1301,S002,4877,217,20,38
L003826,1301,S005,4107,0,50,104
L003827,1302,S008,4009,118,0,296
L003828,1303,S005,3743,196,5,555
L003829,1303,S012,4194,200,0,168
L003830,1303,S011,3934,146,15,300
L003831,1303,S001,3641,85,40,1721
L003832,1303,S009,3671,54,30,290
L003833,1304,S008,691,120,0,28
L003834,1305,S010,3937,210,30,51
L003835,1305,S011,3860,249,15,713
L003836,1305,S003,4135,205,5,136
L003837,1305,S001,3954,238,5,33
L003838,1305,S004,3936,0,0,74
L003839,1306,S006,4255,181,0,23
L003840,1306,S002,4106,131,15,198
L003841,1306,S012,4113,158,0,282
L003842,1306,S010,4011,134,15,27
L003843,1306,S005,3650,198,40,35
L003844,1307,S004,3214,0,5,127
L003845,1307,S007,3236,106,20,86
L003846,1308,S002,5049,125,10,227
L003847,1308,S012,4659,0,20,58
L003848,1308,S014,5113,182,25,44
L003849,1308,S010,5182,165,10,154
L003850,1309,S004,1774,0,30,194
L003851,1309,S006,1987,206,20,110
L003852,1309,S008,1823,76,10,103
L003853,1309,S007,1819,204,0,412
L003854,1309,S013,1700,0,15,380
L003855,1310,S011,2777,0,10,100
L003856,1310,S006,2556,52,20,39
L003857,1310,S004,2695,250,5,270
L003858,1311,S005,4810,111,25,488
L003859,1311,S009,4534,95,25,31
L003860,1311,S013,4339,54,30,90
L003861,1311,S006,4895,126,15,465
L003862,1311,S012,4840,202,15,163
L003863,1312,S011,1962,66,25,146
L003864,1312,S013,1879,0,20,162
L003865,1313,S010,1410,118,15,78
L003866,1313,S011,1636,0,50,115
L003867,1313,S004,1639,95,10,227
L003868,1313,S001,1391,113,10,84
L003869,1313,S005,1641,122,10,103
L003870,1314,S009,4946,203,30,189
L003871,1315,S003,4077,94,0,118
L003872,1315,S010,4570,0,5,108
L003873,1315,S005,4084,166,0,349
L003874,1316,S008,899,57,50,233
L003875,1317,S002,2289,168,15,168
L003876,1318,S002,5736,160,30,149
L003877,1319,S003,3090,247,10,51
L003878,1319,S006,3324,184,30,365
L003879,1320,S014,873,0,30,58
L003880,1320,S008,878,219,10,116
L003881,1320,S013,859,134,20,445
L003882,1321,S001,2226,100,40,48
L003883,1321,S003,1962,208,5,46
L003884,1322,S001,2862,78,5,283
L003885,1322,S003,2993,0,10,44
L003886,1322,S011,3196,0,10,246
L003887,1322,S013,3315,139,15,157
L003888,1322,S002,3044,0,25,189
L003889,1323,S007,907,170,20,122
L003890,1324,S002,4497,123,0,247
L003891,1324,S012,4583,0,0,50
L003892,1324,S005,4600,80,30,377
L003893,1324,S014,4829,0,20,272
L003894,1324,S003,4393,248,30,43
L003895,1325,S001,1510,131,0,122
L003896,1325,S002,1718,245,10,162
L003897,1325,S003,1502,149,25,1887
L003898,1326,S005,2008,0,10,83
L003899,1326,S003,1965,108,10,96
L003900,1326,S006,1827,227,40,1473
L003901,1327,S001,2891,115,20,400
L003902,1327,S009,2909,55,15,159
L003903,1327,S004,3227,232,15,325
L003904,1327,S006,3032,150,15,178
L003905,1327,S011,3352,67,15,138
L003906,1328,S009,3817,110,30,717
L003907,1328,S007,3534,76,10,539
L003908,1328,S003,3706,208,15,966
L003909,1329,S008,1225,112,5,399
L003910,1329,S011,1262,139,15,104
L003911,1329,S013,1113,146,25,298
L003912,1329,S009,1290,133,20,165
L003913,1329,S006,1195,125,5,360
L003914,1330,S009,4828,176,25,63
L003915,1330,S006,4360,167,10,93
L003916,1331,S006,1977,0,15,36
L003917,1331,S013,2143,0,0,166
L003918,1332,S005,3053,204,50,286
L003919,1333,S011,5533,213,10,84
L003920,1333,S007,5525,51,5,107
L003921,1333,S013,5693,117,25,170
L003922,1333,S001,5587,81,20,94
L003923,1334,S004,608,118,25,610
L003924,1334,S008,550,61,10,109
L003925,1334,S014,519,0,5,594
L003926,1335,S007,2148,101,60,320
L003927,1335,S003,2206,0,25,127
L003928,1335,S001,2058,108,5,733
L003929,1335,S010,2090,172,40,383
L003930,1335,S004,2128,68,20,827
L003931,1336,S009,2571,217,40,98
L003932,1336,S003,2708,229,15,24
L003933,1336,S011,2459,0,0,141
L003934,1336,S005,2723,244,5,50
L003935,1336,S002,2655,0,15,286
L003936,1337,S003,3979,0,20,51
L003937,1338,S004,5773,0,0,424
L003938,1338,S002,6093,217,20,128
L003939,1338,S012,5420,0,5,168
L003940,1338,S006,5720,171,50,176
L003941,1338,S005,5801,51,10,283
L003942,1339,S012,3150,106,15,56
L003943,1339,S005,3498,162,10,350
L003944,1339,S014,3566,111,0,36
L003945,1339,S009,3708,69,15,130
L003946,1340,S003,2299,218,40,33
L003947,1340,S002,2339,125,20,132
L003948,1340,S001,2167,248,0,56
L003949,1340,S007,1999,132,15,159
L003950,1340,S012,2295,107,0,280
L003951,1341,S009,528,94,10,569
L003952,1341,S011,480,118,5,96
L003953,1341,S001,493,180,40,142
L003954,1341,S012,503,249,20,84
L003955,1341,S003,462,246,0,531
L003956,1342,S007,4336,139,10,197
L003957,1342,S004,4471,169,20,59
L003958,1342,S002,3885,188,20,274
L003959,1342,S013,4033,124,20,69
L003960,1343,S003,4929,73,40,1547
L003961,1343,S010,5425,64,5,17
L003962,1343,S008,5527,225,25,109
L003963,1343,S005,5375,0,50,157
L003964,1344,S010,5315,185,0,95
L003965,1344,S013,5408,91,10,899
L003966,1344,S005,5291,78,50,42
L003967,1344,S014,5784,245,15,253
L003968,1345,S014,5686,0,15,171
L003969,1345,S007,6117,0,15,29
L003970,1345,S012,5976,0,5,38
L003971,1345,S011,5629,147,15,73
L003972,1345,S006,5684,87,20,290
L003973,1346,S001,5161,70,30,265
L003974,1346,S014,4959,0,0,182
L003975,1347,S012,3674,0,40,750
L003976,1347,S005,3830,166,0,92
L003977,1347,S001,3432,0,25,773
L003978,1347,S009,3967,0,15,189
L003979,1348,S001,3055,238,25,16
L003980,1348,S007,2977,129,25,134
L003981,1348,S010,2946,81,5,238
L003982,1349,S002,3698,187,25,115
L003983,1350,S003,2253,234,25,165
L003984,1350,S004,2383,202,15,125
L003985,1351,S007,2682,189,15,112
L003986,1351,S004,2566,62,5,251
L003987,1351,S008,2745,181,20,27
L003988,1351,S005,2451,64,10,210
L003989,1352,S007,4237,92,20,138
L003990,1352,S014,4246,50,10,1587
L003991,1352,S008,3677,94,10,237
L003992,1353,S009,3696,84,40,90
L003993,1353,S004,3140,130,15,35
L003994,1353,S003,3508,234,25,17
L003995,1354,S014,4418,233,25,547
L003996,1355,S010,2924,165,20,61
L003997,1355,S009,2565,0,10,65
L003998,1355,S002,2987,168,5,38
L003999,1356,S002,6041,0,25,547
L004000,1357,S001,2557,122,30,44
L004001,1357,S011,2782,114,40,103
L004002,1357,S013,2754,0,15,119
L004003,1358,S012,5320,181,0,114
L004004,1358,S006,5686,131,5,434
L004005,1358,S001,4845,215,40,433
L004006,1359,S014,5289,131,10,462
L004007,1359,S007,5359,225,25,1166
L004008,1360,S001,2507,198,10,302
L004009,1360,S007,2821,0,15,118
L004010,1360,S012,2783,0,15,118
L004011,1361,S003,2908,160,0,74
L004012,1362,S004,1885,74,20,107
L004013,1362,S007,2130,194,10,473
L004014,1363,S003,4797,73,30,475
L004015,1363,S014,5133,193,15,88
L004016,1363,S013,5273,105,30,457
L004017,1363,S002,5497,198,5,74
L004018,1363,S001,4723,0,20,35
L004019,1364,S006,5012,87,5,253
L004020,1364,S008,4961,174,25,457
L004021,1364,S009,4618,245,0,206
L004022,1364,S003,4496,225,25,25
L004023,1365,S010,2558,60,15,476
L004024,1365,S009,2428,0,15,71
L004025,1366,S003,4091,69,10,62
L004026,1366,S001,3982,138,15,67
L004027,1366,S010,4310,176,20,469
L004028,1366,S004,4422,0,0,1737
L004029,1367,S013,5065,0,0,458
L004030,1367,S014,4380,185,50,440
L004031,1367,S009,4583,187,10,65
L004032,1367,S008,4378,0,50,75
L004033,1368,S013,1972,0,20,60
L004034,1368,S007,1850,173,10,167
L004035,1368,S010,1773,182,10,71
L004036,1368,S011,1761,169,5,87
L004037,1368,S003,1695,164,15,438
L004038,1369,S010,1326,223,20,750
L004039,1369,S009,1302,207,15,487
L004040,1369,S005,1487,175,25,64
L004041,1369,S001,1557,106,25,21
L004042,1369,S006,1468,139,10,166
L004043,1370,S004,4649,67,5,66
L004044,1370,S003,4864,180,10,98
L004045,1371,S006,5016,0,15,70
L004046,1372,S003,4037,180,10,788
L004047,1372,S007,3637,108,20,211
L004048,1372,S005,4221,83,30,106
L004049,1373,S013,5169,62,0,1157
L004050,1373,S014,5000,58,5,85
L004051,1373,S001,4849,144,50,188
L004052,1373,S009,4883,0,15,144
L004053,1373,S012,5384,136,20,14
L004054,1374,S001,3061,239,30,74
L004055,1374,S013,3167,68,25,118
L004056,1374,S005,3070,239,5,33
L004057,1374,S007,3489,145,20,245
L004058,1374,S011,3229,199,10,240
L004059,1375,S010,4247,102,10,1013
L004060,1375,S011,3937,88,25,1465
L004061,1376,S007,5710,0,5,243
L004062,1376,S013,5376,185,15,213
L004063,1377,S012,1408,92,15,60
L004064,1378,S003,4140,204,10,445
L004065,1378,S012,4832,145,25,24
L004066,1378,S001,4476,62,20,127
L004067,1378,S009,4340,52,20,169
L004068,1379,S004,3610,120,10,41
L004069,1380,S007,5359,239,15,172
L004070,1381,S014,5568,159,25,1004
L004071,1381,S005,5580,180,20,89
L004072,1382,S011,5152,54,20,217
L004073,1382,S009,5014,121,40,376
L004074,1383,S008,4901,211,20,296
L004075,1383,S001,5859,190,10,224
L004076,1384,S012,4818,0,10,208
L004077,1385,S001,4878,198,40,167
L004078,1385,S005,4605,87,10,447
L004079,1386,S006,4862,0,5,33
L004080,1386,S007,4382,0,5,198
L004081,1386,S008,5033,149,5,128
L004082,1386,S013,4266,0,5,54
L004083,1387,S010,4528,213,30,124
L004084,1387,S001,4959,214,40,24
L004085,1387,S003,4931,68,10,148
L004086,1387,S009,4538,0,25,107
L004087,1388,S005,1658,89,50,636
L004088,1388,S006,1767,63,60,498
L004089,1389,S008,5295,214,0,61
L004090,1389,S007,5618,166,0,225
L004091,1389,S004,6099,211,10,207
L004092,1389,S009,5437,128,15,173
L004093,1390,S005,2042,243,0,240
L004094,1391,S001,888,79,0,356
L004095,1391,S012,981,0,10,35
L004096,1392,S005,3400,153,5,533
L004097,1392,S004,3521,242,20,53
L004098,1392,S008,2954,134,50,313
L004099,1393,S003,1916,95,25,67
L004100,1393,S008,1797,0,5,762
L004101,1393,S011,1788,0,10,75
L004102,1393,S005,1886,143,20,285
L004103,1394,S009,1851,218,50,89
L004104,1394,S002,1834,59,15,67
L004105,1394,S012,1768,0,40,44
L004106,1394,S006,1562,250,60,121
L004107,1394,S013,1724,150,40,35
L004108,1395,S006,2805,231,5,61
L004109,1395,S001,3179,166,0,222
L004110,1396,S001,3347,125,0,521
L004111,1397,S004,5642,0,10,151
L004112,1397,S014,5151,198,5,110
L004113,1398,S011,1496,126,25,16
L004114,1398,S006,1586,167,10,686
L004115,1398,S007,1555,105,10,422
L004116,1399,S010,3992,112,25,100
L004117,1400,S005,5212,179,20,39
L004118,1400,S003,5869,0,15,620
L004119,1400,S010,5710,105,0,343
L004120,1400,S004,6061,0,20,264
L004121,1400,S011,5439,144,40,70
L004122,1401,S014,1793,90,15,1467
L004123,1401,S008,1987,74,5,73
L004124,1401,S001,1786,0,15,98
L004125,1401,S003,2062,156,40,18
L004126,1402,S008,1177,147,10,293
L004127,1403,S005,1580,105,10,329
L004128,1403,S002,1859,0,5,106
L004129,1403,S012,1645,228,5,348
L004130,1403,S004,1918,0,10,10
L004131,1403,S007,1583,137,15,31
L004132,1404,S007,4209,0,20,46
L004133,1404,S002,3981,167,15,19
L004134,1404,S014,4300,213,10,26
L004135,1405,S005,3311,65,10,65
L004136,1406,S006,5265,234,0,113
L004137,1406,S011,4615,248,10,76
L004138,1407,S011,2103,0,5,48
L004139,1407,S007,2124,0,5,111
L004140,1407,S001,2429,250,15,185
L004141,1407,S003,2158,134,15,331
L004142,1407,S012,2077,87,50,267
L004143,1408,S002,733,0,40,151
L004144,1408,S004,772,178,10,191
L004145,1408,S003,717,111,5,126
L004146,1409,S013,4916,0,10,724
L004147,1409,S012,5011,0,10,100
L004148,1409,S002,5450,176,15,108
L004149,1409,S011,5465,77,5,769
L004150,1409,S001,5688,100,15,67
L004151,1410,S005,3213,78,0,130
L004152,1410,S014,3147,57,5,262
L004153,1410,S011,2735,187,10,216
L004154,1410,S007,3004,0,20,564
L004155,1411,S012,4453,197,10,303
L004156,1411,S014,4561,107,10,1924
L004157,1411,S011,5063,215,40,53
L004158,1412,S006,4205,0,25,42
L004159,1412,S003,4927,62,20,155
L004160,1412,S001,4197,190,15,156
L004161,1412,S007,4294,197,10,119
L004162,1413,S004,1382,0,30,22
L004163,1413,S013,1575,58,15,417
L004164,1413,S008,1430,132,20,25
L004165,1413,S001,1364,81,10,151
L004166,1413,S006,1634,217,30,103
L004167,1414,S002,3299,128,10,68
L004168,1414,S004,3409,0,25,39
L004169,1414,S001,3548,226,15,197
L004170,1414,S010,3320,186,15,40
L004171,1415,S007,5352,77,20,74
L004172,1416,S002,2303,128,30,159
L004173,1416,S004,2316,60,10,456
L004174,1417,S012,2427,96,30,776
L004175,1417,S014,2533,94,5,69
L004176,1418,S009,3712,102,0,110
L004177,1418,S006,3525,0,10,202
L004178,1418,S004,3578,206,20,665
L004179,1418,S012,4187,212,20,172
L004180,1419,S007,2052,85,20,106
L004181,1419,S009,1987,55,15,20
L004182,1420,S008,3753,0,30,383
L004183,1420,S004,3800,240,0,126
L004184,1420,S013,4376,203,15,37
L004185,1420,S012,3650,168,20,486
L004186,1421,S012,845,0,10,97
L004187,1421,S009,820,246,5,433
L004188,1421,S008,796,0,10,40
L004189,1422,S002,3518,88,0,31
L004190,1423,S003,3884,94,15,18
L004191,1423,S009,3964,0,20,8
L004192,1423,S014,4133,249,20,1198
L004193,1423,S010,4319,200,20,125
L004194,1423,S006,4376,53,20,78
L004195,1424,S009,5570,109,5,652
L004196,1424,S013,4982,101,30,91
L004197,1424,S011,5034,134,25,139
L004198,1424,S010,5532,152,10,106
L004199,1424,S006,5262,131,30,466
L004200,1425,S002,4492,201,25,274
L004201,1426,S009,2182,0,30,171
L004202,1427,S012,4645,0,10,51
L004203,1427,S011,4895,0,30,90
L004204,1427,S010,4920,53,20,216
L004205,1427,S005,4722,138,5,173
L004206,1427,S003,4986,112,60,431
L004207,1428,S002,4725,158,25,12
L004208,1428,S010,4949,0,0,208
L004209,1428,S001,4703,172,15,69
L004210,1429,S003,2026,90,25,61
L004211,1429,S005,2388,66,10,1473
L004212,1430,S009,3305,0,20,23
L004213,1430,S014,3449,209,0,493
L004214,1430,S010,3314,95,15,171
L004215,1431,S012,872,0,20,164
L004216,1432,S013,3169,196,10,138
L004217,1432,S010,3436,58,5,159
L004218,1432,S002,3208,188,15,451
L004219,1432,S009,3415,0,10,55
L004220,1433,S004,5691,57,20,845
L004221,1433,S011,5160,184,5,69
L004222,1433,S001,5535,0,10,33
L004223,1434,S005,1882,129,5,143
L004224,1434,S002,1862,137,25,579
L004225,1434,S004,1869,0,15,61
L004226,1434,S012,2245,217,5,86
L004227,1434,S007,2114,0,0,377
L004228,1435,S005,560,168,15,86
L004229,1436,S006,5803,116,40,131
L004230,1436,S008,5755,236,20,75
L004231,1436,S002,5770,241,20,144
L004232,1437,S013,5202,147,5,125
L004233,1437,S003,5319,135,20,184
L004234,1438,S001,2562,175,15,50
L004235,1438,S005,2773,0,10,2382
L004236,1439,S005,1849,88,30,125
L004237,1439,S001,1768,53,40,61
L004238,1440,S011,4032,226,30,27
L004239,1440,S002,3680,0,20,92
L004240,1441,S013,1795,101,20,62
L004241,1441,S012,1764,67,5,205
L004242,1442,S008,2118,0,5,51
L004243,1442,S012,2145,83,25,91
L004244,1442,S006,2381,61,10,564
L004245,1442,S011,2293,61,10,24
L004246,1442,S007,2169,168,50,486
L004247,1443,S008,1577,149,5,879
L004248,1443,S003,1707,197,15,551
L004249,1444,S010,753,0,30,80
L004250,1444,S009,821,94,5,423
L004251,1444,S006,838,240,25,682
L004252,1445,S006,3307,158,25,301
L004253,1445,S012,3154,153,0,154
L004254,1445,S003,3306,131,0,568
L004255,1446,S005,609,85,40,128
L004256,1446,S004,591,0,30,231
L004257,1446,S006,571,150,30,121
L004258,1446,S013,635,208,15,36
L004259,1446,S012,664,131,50,405
L004260,1447,S002,560,125,15,472
L004261,1447,S001,518,77,10,53
L004262,1447,S003,504,97,30,520
L004263,1448,S009,1676,166,30,84
L004264,1448,S007,1632,125,30,87
L004265,1448,S002,1747,175,15,65
L004266,1449,S012,3569,65,30,100
L004267,1450,S006,4453,98,20,26
L004268,1450,S007,4189,0,15,367
L004269,1450,S004,3810,74,25,135
L004270,1450,S003,4205,149,50,111
L004271,1451,S010,5294,163,25,385
L004272,1451,S008,4515,104,25,290
L004273,1452,S007,1373,187,15,23
L004274,1452,S006,1347,250,20,94
L004275,1452,S001,1237,69,25,189
L004276,1452,S009,1240,61,5,23
L004277,1453,S004,4450,241,0,353
L004278,1454,S009,4210,131,25,489
L004279,1454,S003,3962,126,20,44
L004280,1454,S008,4055,0,15,158
L004281,1454,S014,4198,181,30,38
L004282,1455,S003,5290,248,60,78
L004283,1455,S007,5093,168,15,109
L004284,1455,S010,4754,0,25,261
L004285,1455,S005,5011,0,0,85
L004286,1455,S014,5515,64,0,70
L004287,1456,S005,1976,222,10,39
L004288,1456,S013,1699,108,10,134
L004289,1456,S001,1961,0,5,220
L004290,1457,S006,5171,84,15,261
L004291,1457,S001,4512,234,20,226
L004292,1457,S002,4823,0,40,149
L004293,1457,S009,5198,121,50,48
L004294,1458,S008,5132,67,40,157
L004295,1458,S011,5032,116,15,153
L004296,1459,S004,3764,98,25,35
L004297,1459,S006,3982,93,25,296
L004298,1459,S013,3456,198,10,258
L004299,1459,S005,4043,85,30,21
L004300,1459,S007,3561,71,15,2166
L004301,1460,S010,3559,236,25,106
L004302,1460,S001,3334,147,20,117
L004303,1460,S003,3251,54,20,104
L004304,1460,S012,3523,205,25,206
L004305,1460,S009,3765,54,5,72
L004306,1461,S011,5009,188,0,229
L004307,1462,S004,3696,150,5,14
L004308,1462,S005,3849,0,20,447
L004309,1463,S003,2911,183,10,172
L004310,1463,S012,3294,206,25,885
L004311,1463,S007,3418,221,40,194
L004312,1463,S006,3172,100,25,24
L004313,1464,S014,5935,93,15,358
L004314,1464,S002,6264,242,15,128
L004315,1464,S009,5910,219,0,195
L004316,1464,S006,5609,138,10,79
L004317,1465,S009,1605,148,10,226
L004318,1465,S014,1733,193,25,19
L004319,1465,S011,1579,136,0,55
L004320,1466,S007,3269,94,5,411
L004321,1467,S002,4165,57,0,412
L004322,1467,S007,3974,84,10,63
L004323,1467,S006,3796,51,40,455
L004324,1468,S005,3136,51,0,588
L004325,1468,S009,3030,208,10,145
L004326,1468,S013,3480,73,25,438
L004327,1468,S003,3212,0,40,116
L004328,1468,S014,3321,106,50,186
L004329,1469,S009,3510,61,25,159
L004330,1469,S011,2970,0,25,796
L004331,1469,S004,3354,0,5,188
L004332,1469,S001,3491,146,20,158
L004333,1470,S004,3874,0,5,337
L004334,1471,S003,5890,51,15,97
L004335,1471,S010,4935,76,25,155
L004336,1471,S007,5439,220,25,186
L004337,1471,S011,4911,156,0,24
L004338,1472,S004,987,120,15,997
L004339,1472,S005,937,103,20,163
L004340,1473,S013,710,137,10,77
L004341,1473,S007,690,82,30,350
L004342,1473,S001,687,186,10,86
L004343,1474,S005,1625,0,20,79
L004344,1474,S009,1875,247,15,121
L004345,1474,S003,1793,0,20,255
L004346,1475,S010,5979,186,15,347
L004347,1475,S012,5172,0,5,64
L004348,1475,S003,5160,192,5,28
L004349,1475,S005,5351,182,15,567
L004350,1475,S007,5780,188,10,461
L004351,1476,S008,628,54,15,368
L004352,1476,S002,706,207,15,42
L004353,1476,S011,675,202,15,987
L004354,1476,S012,644,129,40,248
L004355,1477,S003,3084,62,10,147
L004356,1477,S010,3385,82,25,79
L004357,1477,S002,2974,0,25,37
L004358,1477,S012,3305,0,15,602
L004359,1478,S007,3783,0,20,444
L004360,1478,S005,3769,143,0,183
L004361,1479,S005,908,0,5,6
L004362,1479,S003,932,133,15,99
L004363,1480,S002,3067,130,0,97
L004364,1480,S006,3500,0,10,574
L004365,1481,S006,1516,0,25,271
L004366,1481,S010,1570,149,0,170
L004367,1482,S001,3529,195,15,86
L004368,1482,S007,4111,229,5,99
L004369,1483,S003,1381,192,15,36
L004370,1484,S013,1058,0,15,333
L004371,1484,S002,1249,218,10,19
L004372,1485,S006,5295,179,40,103
L004373,1485,S011,4648,124,0,119
L004374,1485,S004,5109,0,0,101
L004375,1486,S002,3846,75,30,159
L004376,1486,S004,4097,0,20,141
L004377,1487,S008,1747,211,20,2
L004378,1487,S011,2001,206,10,143
L004379,1487,S005,1914,60,5,37
L004380,1487,S012,1882,227,10,126
L004381,1487,S013,1785,0,10,48
L004382,1488,S007,5384,0,10,1385
L004383,1488,S011,5575,0,25,49
L004384,1488,S014,5026,234,10,557
L004385,1488,S013,5641,197,0,167
L004386,1489,S002,1097,94,10,109
L004387,1489,S006,1206,250,5,46
L004388,1489,S011,1183,0,10,161
L004389,1489,S008,1114,223,10,388
L004390,1490,S011,1128,0,0,602
L004391,1490,S005,1345,173,25,262
L004392,1490,S003,1222,168,15,114
L004393,1491,S002,815,63,20,50
L004394,1491,S009,857,0,0,92
L004395,1492,S003,5964,246,20,100
L004396,1492,S006,5732,148,20,187
L004397,1492,S007,6387,166,15,400
L004398,1492,S013,6240,192,10,227
L004399,1493,S014,4278,223,5,187
L004400,1493,S011,4662,145,0,208
L004401,1493,S010,4991,237,25,126
L004402,1493,S003,4216,94,0,155
L004403,1493,S005,4241,192,20,268
L004404,1494,S010,5322,98,5,172
L004405,1494,S009,5310,158,20,197
L004406,1495,S012,5030,83,15,167
L004407,1495,S010,5082,143,15,60
L004408,1496,S006,2962,131,20,86
L004409,1497,S008,5166,232,60,36
L004410,1498,S007,3293,53,25,83
L004411,1498,S012,2965,158,10,226
L004412,1499,S009,4424,166,5,267
L004413,1499,S014,4153,68,20,321
L004414,1500,S010,557,134,30,128
L004415,1501,S003,1177,0,30,116
L004416,1502,S001,2353,248,0,254
L004417,1502,S011,2364,0,5,357
L004418,1502,S006,2527,54,50,42
L004419,1502,S014,2834,221,40,60
L004420,1503,S011,5553,104,25,798
L004421,1503,S001,5417,226,5,70
L004422,1503,S004,6306,128,15,144
L004423,1503,S008,5498,242,20,34
L004424,1504,S007,2555,193,20,176
L004425,1504,S013,2970,127,0,1064
L004426,1504,S002,2894,118,10,165
L004427,1504,S011,2642,84,25,843
L004428,1504,S014,2508,162,0,55
L004429,1505,S013,4719,0,5,194
L004430,1505,S007,4748,247,20,236
L004431,1505,S011,5548,54,15,35
L004432,1506,S011,611,78,10,97
L004433,1507,S010,4620,150,20,114
L004434,1507,S014,4782,235,25,242
L004435,1507,S004,5159,181,10,70
L004436,1507,S013,4915,102,10,22
L004437,1507,S012,4547,0,20,64
L004438,1508,S014,2561,231,20,30
L004439,1508,S010,2534,227,30,74
L004440,1509,S012,5359,222,10,104
L004441,1510,S001,3640,82,10,90
L004442,1510,S003,4037,129,15,156
L004443,1510,S012,4011,75,15,325
L004444,1510,S007,3466,78,25,406
L004445,1510,S013,3989,210,20,146
L004446,1511,S013,1634,231,25,71
L004447,1511,S014,1529,124,10,47
L004448,1511,S009,1665,0,25,169
L004449,1511,S006,1502,75,40,216
L004450,1512,S014,4019,135,15,153
L004451,1512,S009,4366,95,10,42
L004452,1513,S008,2148,73,5,291
L004453,1513,S005,2399,84,50,51
L004454,1514,S014,590,210,20,278
L004455,1515,S006,1580,0,40,413
L004456,1516,S005,5414,125,0,300
L004457,1516,S010,5151,58,20,150
L004458,1516,S009,5655,85,25,211
L004459,1516,S006,5855,146,15,21
L004460,1516,S011,5368,176,10,720
L004461,1517,S002,2506,223,0,205
L004462,1517,S001,2640,94,20,70
L004463,1518,S014,1138,0,25,542
L004464,1519,S006,1643,67,10,49
L004465,1519,S013,1553,0,10,383
L004466,1519,S010,1702,245,30,646
L004467,1520,S002,2138,232,10,257
L004468,1520,S012,2271,138,5,54
L004469,1520,S013,2264,66,5,104
L004470,1520,S009,2163,231,10,205
L004471,1520,S004,2269,172,5,104
L004472,1521,S008,2934,57,15,116
L004473,1521,S003,3023,161,10,138
L004474,1522,S008,2526,52,20,216
L004475,1522,S004,2742,208,25,35
L004476,1522,S003,2824,58,10,55
L004477,1522,S005,2562,188,5,105
L004478,1522,S013,2881,178,5,14
L004479,1523,S014,4668,219,30,956
L004480,1523,S008,4899,90,25,32
L004481,1523,S009,4962,147,15,485
L004482,1523,S006,4857,171,5,130
L004483,1523,S003,5096,154,0,148
L004484,1524,S008,1676,99,5,18
L004485,1524,S009,1680,142,5,343
L004486,1524,S003,1789,68,30,492
L004487,1525,S004,696,0,15,942
L004488,1525,S006,664,149,25,177
L004489,1525,S005,623,60,5,391
L004490,1526,S014,3563,148,15,236
L004491,1527,S003,1083,219,20,350
L004492,1527,S009,1024,0,0,327
L004493,1528,S013,3898,0,0,66
L004494,1528,S001,3484,82,40,36
L004495,1528,S002,3555,130,5,104
L004496,1528,S014,3729,190,25,164
L004497,1528,S007,3513,0,30,602
L004498,1529,S003,6062,247,25,251
L004499,1530,S014,2398,131,10,1470
L004500,1530,S011,2060,198,5,191
L004501,1531,S008,4218,95,50,43
L004502,1532,S014,5665,248,30,45
L004503,1532,S001,5684,120,10,206
L004504,1533,S014,4023,69,25,371
L004505,1533,S006,3825,142,5,239
L004506,1533,S007,3964,102,15,89
L004507,1533,S010,4316,75,10,203
L004508,1533,S002,4489,207,30,164
L004509,1534,S011,4381,234,0,108
L004510,1534,S005,4088,211,20,75
L004511,1535,S014,1102,153,10,106
L004512,1535,S013,1145,172,0,300
L004513,1535,S009,1197,185,15,29
L004514,1536,S009,5130,0,20,292
L004515,1536,S010,4489,246,15,68
L004516,1536,S002,5185,0,40,21
L004517,1536,S014,4811,0,20,61
L004518,1537,S001,977,221,15,774
L004519,1537,S002,941,0,30,132
L004520,1538,S014,2772,183,15,149
L004521,1539,S007,927,114,0,60
L004522,1539,S008,891,105,30,285
L004523,1540,S010,2227,170,20,122
L004524,1541,S011,5568,135,30,206
L004525,1541,S014,5171,196,0,298
L004526,1541,S003,5611,220,0,286
L004527,1541,S005,5281,189,5,345
L004528,1541,S013,5393,150,60,173
L004529,1542,S002,2179,160,15,375
L004530,1542,S011,2174,58,15,128
L004531,1542,S013,2311,54,0,233
L004532,1543,S004,5689,76,20,570
L004533,1544,S014,1741,164,25,57
L004534,1544,S009,1603,135,15,138
L004535,1545,S008,2019,156,30,157
L004536,1545,S003,2107,147,15,82
L004537,1545,S006,1800,109,20,72
L004538,1545,S013,1998,172,20,95
L004539,1546,S001,867,202,5,40
L004540,1546,S011,829,187,20,81
L004541,1547,S011,5408,82,15,274
L004542,1547,S001,5246,55,0,39
L004543,1547,S002,4927,0,20,794
L004544,1547,S012,5388,0,30,50
L004545,1548,S009,3733,137,0,109
L004546,1548,S004,3802,97,10,32
L004547,1548,S002,3552,217,5,672
L004548,1548,S001,3852,84,20,192
L004549,1549,S009,5335,85,50,144
L004550,1549,S001,6252,237,10,70
L004551,1549,S007,6108,248,30,119
L004552,1549,S013,6025,0,10,283
L004553,1550,S006,3350,63,25,26
L004554,1551,S009,4365,225,20,50
L004555,1552,S013,2319,144,10,140
L004556,1552,S002,2090,0,10,113
L004557,1552,S012,2494,166,25,99
L004558,1552,S014,2297,136,15,891
L004559,1553,S001,2093,189,10,106
L004560,1553,S010,2141,65,5,165
L004561,1553,S005,1975,0,10,26
L004562,1553,S009,1964,181,5,56
L004563,1553,S006,1946,249,50,106
L004564,1554,S005,4988,78,15,157
L004565,1554,S002,5382,154,20,279
L004566,1554,S011,5242,93,20,119
L004567,1554,S004,5044,0,5,64
L004568,1554,S013,5089,186,10,468
L004569,1555,S002,3841,75,10,1333
L004570,1556,S010,1176,66,0,36
L004571,1556,S011,1313,139,25,227
L004572,1556,S001,1361,53,15,559
L004573,1556,S009,1228,61,10,146
L004574,1557,S012,667,141,50,701
L004575,1557,S010,708,170,25,682
L004576,1557,S009,674,192,30,82
L004577,1557,S008,793,177,0,473
L004578,1557,S003,777,132,5,64
L004579,1558,S002,5047,67,15,87
L004580,1558,S006,5085,0,15,325
L004581,1558,S011,4370,209,40,1008
L004582,1559,S003,2363,169,0,81
L004583,1559,S007,2084,68,15,128
L004584,1559,S009,2182,165,0,87
L004585,1559,S011,2203,247,10,397
L004586,1560,S009,6150,0,10,452
L004587,1561,S014,611,214,20,197
L004588,1561,S006,567,52,30,105
L004589,1562,S013,2314,151,15,237
L004590,1562,S011,2478,83,30,210
L004591,1563,S007,2894,111,0,380
L004592,1563,S010,3287,95,50,23
L004593,1564,S012,5216,245,40,41
L004594,1564,S014,4814,144,0,142
L004595,1564,S004,5316,247,15,50
L004596,1565,S001,1185,0,20,425
L004597,1565,S008,1192,109,30,119
L004598,1566,S003,2987,0,40,54
L004599,1566,S001,2543,116,0,73
L004600,1566,S011,2999,72,30,128
L004601,1566,S006,2608,79,20,45
L004602,1567,S005,4881,159,30,20
L004603,1567,S014,5288,208,20,243
L004604,1567,S006,5261,124,10,189
L004605,1568,S010,3567,0,25,96
L004606,1568,S001,3794,112,40,141
L004607,1568,S006,3640,140,15,72
L004608,1569,S013,2997,216,20,370
L004609,1570,S006,5940,97,20,861
L004610,1570,S014,6035,228,5,160
L004611,1571,S007,2191,204,15,88
L004612,1571,S009,2275,123,40,352
L004613,1571,S005,2223,61,0,141
L004614,1571,S001,2292,0,5,74
L004615,1572,S005,1934,83,10,102
L004616,1572,S009,1652,103,15,168
L004617,1573,S003,1377,165,15,150
L004618,1574,S009,5081,0,0,80
L004619,1574,S006,5195,180,5,127
L004620,1574,S012,5297,0,25,30
L004621,1574,S001,5995,0,5,312
L004622,1575,S005,3973,116,10,1132
L004623,1575,S004,3451,222,5,386
L004624,1575,S008,3834,90,20,680
L004625,1575,S012,3793,239,20,235
L004626,1576,S006,2164,225,15,176
L004627,1577,S003,3739,146,30,184
L004628,1578,S010,4908,0,15,8
L004629,1578,S014,5554,0,15,76
L004630,1578,S006,5437,246,15,106
L004631,1578,S008,5672,245,10,178
L004632,1579,S011,4848,69,5,1332
L004633,1579,S012,4616,130,15,103
L004634,1579,S010,4738,181,25,164
L004635,1580,S004,4918,108,5,898
L004636,1581,S011,2221,205,15,46
L004637,1582,S014,3963,152,10,17
L004638,1582,S012,4647,0,15,190
L004639,1583,S006,2787,0,5,362
L004640,1583,S003,3070,0,25,98
L004641,1583,S012,2924,216,15,128
L004642,1584,S013,1674,55,10,109
L004643,1584,S010,1702,220,10,142
L004644,1584,S006,1622,62,10,888
L004645,1584,S012,1479,197,30,59
L004646,1585,S006,2088,56,20,667
L004647,1585,S013,2299,124,0,9
L004648,1586,S011,5425,182,30,755
L004649,1586,S003,6215,0,20,786
L004650,1586,S010,5564,0,15,271
L004651,1587,S013,472,114,30,66
L004652,1587,S011,491,209,20,309
L004653,1587,S002,544,54,5,149
L004654,1587,S012,539,197,0,1217
L004655,1588,S010,2517,0,30,3298
L004656,1588,S012,3017,250,10,579
L004657,1588,S013,2747,94,15,282
L004658,1588,S009,2732,125,50,222
L004659,1588,S011,2550,244,50,41
L004660,1589,S003,4639,120,50,54
L004661,1589,S014,4626,159,10,186
L004662,1589,S007,4569,158,25,73
L004663,1590,S012,2944,0,10,95
L004664,1590,S003,2828,202,0,137
L004665,1590,S002,3037,237,20,51
L004666,1591,S014,5123,181,0,31
L004667,1591,S009,5743,0,10,72
L004668,1591,S006,5913,0,15,170
L004669,1591,S002,5042,0,0,579
L004670,1592,S014,5842,129,20,119
L004671,1592,S012,6045,103,30,125
L004672,1592,S003,6532,108,25,53
L004673,1593,S003,1706,212,20,188
L004674,1593,S009,2024,55,20,164
L004675,1593,S010,1997,60,30,92
L004676,1593,S005,1758,246,20,49
L004677,1594,S013,3099,151,0,110
L004678,1595,S014,989,100,40,268
L004679,1595,S007,1056,150,5,872
L004680,1595,S009,945,159,40,215
L004681,1595,S002,927,230,25,13
L004682,1596,S007,6061,132,5,480
L004683,1597,S001,2641,65,25,212
L004684,1597,S007,2345,156,10,271
L004685,1598,S013,3151,240,10,328
L004686,1599,S008,1731,155,10,177
L004687,1599,S007,1429,205,20,277
L004688,1599,S004,1451,213,10,23
L004689,1599,S013,1591,250,20,133
L004690,1600,S010,1780,97,5,88
L004691,1600,S005,1819,203,10,109
L004692,1600,S001,1774,242,50,65
L004693,1600,S003,1946,0,20,65
L004694,1601,S012,3883,0,40,150
L004695,1601,S011,3601,125,25,1067
L004696,1602,S003,1885,0,50,131
L004697,1603,S008,3984,122,0,76
L004698,1603,S007,4099,192,15,571
L004699,1603,S013,3849,115,15,396
L004700,1603,S006,4272,0,50,42
L004701,1603,S002,4150,0,5,58
L004702,1604,S010,2923,0,50,156
L004703,1604,S009,3395,101,5,605
L004704,1604,S004,3189,55,15,129
L004705,1604,S001,2902,64,15,34
L004706,1604,S003,3159,0,0,425
L004707,1605,S008,707,133,30,150
L004708,1605,S007,630,134,15,492
L004709,1605,S005,687,90,10,123
L004710,1606,S002,2697,84,20,37
L004711,1606,S014,2659,174,5,99
L004712,1607,S004,1611,147,40,110
L004713,1607,S008,1629,105,25,301
L004714,1608,S014,2906,149,25,650
L004715,1608,S003,2580,175,5,12
L004716,1608,S013,2967,133,0,260
L004717,1608,S010,2985,163,5,302
L004718,1609,S013,2800,144,20,32
L004719,1609,S003,2768,0,0,67
L004720,1610,S002,6159,0,20,445
L004721,1610,S009,5228,229,15,97
L004722,1610,S011,5357,187,30,273
L004723,1611,S013,5656,218,10,29
L004724,1611,S001,5540,120,25,10
L004725,1612,S013,5292,214,0,81
L004726,1612,S010,6249,87,5,93
L004727,1612,S011,6135,159,20,33
L004728,1612,S012,6116,172,0,102
L004729,1613,S005,1754,0,25,145
L004730,1613,S001,1719,86,30,159
L004731,1614,S013,5319,114,15,94
L004732,1615,S007,3528,119,15,444
L004733,1616,S009,3245,205,20,65
L004734,1616,S012,2975,153,0,869
L004735,1616,S001,2740,216,15,18
L004736,1616,S008,2834,189,10,577
L004737,1617,S004,4272,184,10,220
L004738,1617,S009,4201,177,5,36
L004739,1617,S013,4199,0,15,106
L004740,1617,S006,3616,167,50,350
L004741,1618,S004,770,0,10,19
L004742,1619,S007,1988,189,15,56
L004743,1619,S014,2108,192,10,87
L004744,1620,S004,1055,94,25,317
L004745,1620,S002,1119,0,10,120
L004746,1620,S007,1151,113,20,111
L004747,1621,S014,3849,142,0,140
L004748,1622,S004,4462,186,0,103
L004749,1622,S010,4526,86,20,261
L004750,1622,S014,4881,118,10,207
L004751,1623,S005,2891,169,60,64
L004752,1623,S011,2827,146,15,107
L004753,1624,S009,1492,64,0,206
L004754,1624,S006,1345,122,10,898
L004755,1624,S010,1473,0,20,353
L004756,1624,S013,1376,189,15,223
L004757,1625,S005,3169,115,15,410
L004758,1625,S003,2820,247,0,590
L004759,1625,S006,2854,50,15,29
L004760,1625,S014,3218,180,5,84
L004761,1626,S008,3970,158,15,226
L004762,1626,S009,4086,170,20,272
L004763,1627,S006,3382,169,5,936
L004764,1627,S009,3264,99,0,153
L004765,1627,S001,3022,50,10,89
L004766,1627,S013,3438,116,10,232
L004767,1627,S002,3156,178,5,900
L004768,1628,S007,6244,69,0,283
L004769,1629,S004,1204,0,10,516
L004770,1629,S013,1194,0,40,253
L004771,1629,S012,1196,78,15,148
L004772,1630,S009,1209,214,20,83
L004773,1630,S011,1107,98,15,598
L004774,1630,S002,1094,53,10,127
L004775,1630,S007,1080,185,40,391
L004776,1631,S003,2245,86,5,26
L004777,1631,S007,2015,244,15,45
L004778,1631,S010,1972,127,10,139
L004779,1632,S009,5784,157,0,245
L004780,1632,S004,4995,68,0,184
L004781,1632,S005,5465,97,30,132
L004782,1632,S008,5995,238,25,147
L004783,1632,S013,5947,73,30,136
L004784,1633,S008,1673,126,30,252
L004785,1633,S014,1771,239,40,501
L004786,1634,S012,5953,239,20,326
L004787,1634,S005,5226,165,20,164
L004788,1635,S006,3473,64,10,51
L004789,1635,S012,3322,64,25,155
L004790,1635,S007,3703,131,10,191
L004791,1635,S005,3523,151,40,203
L004792,1636,S004,2203,97,15,29
L004793,1636,S011,1963,243,10,155
L004794,1636,S009,2347,214,5,57
L004795,1636,S005,2312,246,0,76
L004796,1637,S001,5697,84,25,92
L004797,1638,S006,5148,0,15,63
L004798,1638,S012,4386,117,25,163
L004799,1638,S010,4489,0,20,243
L004800,1638,S001,4343,196,10,352
L004801,1638,S013,4681,248,20,222
L004802,1639,S013,523,223,10,170
L004803,1639,S010,557,83,10,79
L004804,1639,S003,492,238,20,34
L004805,1639,S008,525,88,25,339
L004806,1639,S005,548,125,15,209
L004807,1640,S004,3780,250,20,372
L004808,1640,S008,3538,186,5,152
L004809,1640,S006,3242,80,10,52
L004810,1640,S003,3325,209,5,548
L004811,1641,S003,2067,0,5,115
L004812,1642,S011,3345,74,0,115
L004813,1643,S001,970,134,5,154
L004814,1643,S012,1090,160,15,51
L004815,1644,S001,5093,0,5,446
L004816,1644,S002,4793,248,5,136
L004817,1644,S004,5271,219,0,186
L004818,1645,S012,5664,212,15,654
L004819,1646,S005,733,104,15,111
L004820,1646,S011,815,66,15,550
L004821,1646,S009,772,84,10,131
L004822,1646,S012,864,0,30,143
L004823,1646,S001,735,92,30,60
L004824,1647,S003,1465,0,15,222
L004825,1647,S010,1333,230,5,112
L004826,1647,S005,1498,185,5,93
L004827,1648,S002,1979,247,10,88
L004828,1649,S004,3516,179,30,40
L004829,1649,S012,3449,149,10,20
L004830,1649,S010,3966,0,10,110
L004831,1650,S006,1248,97,30,62
L004832,1651,S012,6140,0,20,82
L004833,1651,S013,5726,172,15,124
L004834,1652,S001,5219,187,40,1178
L004835,1652,S003,4742,69,10,318
L004836,1653,S003,612,0,30,231
L004837,1654,S005,6356,192,0,286
L004838,1654,S009,6098,0,40,382
L004839,1655,S013,5991,190,30,57
L004840,1655,S011,6155,0,5,216
L004841,1655,S008,5725,0,15,102
L004842,1655,S005,5740,70,25,587
L004843,1655,S006,6186,196,10,306
L004844,1656,S005,1454,0,25,256
L004845,1656,S004,1684,167,40,162
L004846,1656,S013,1593,162,0,151
L004847,1656,S003,1444,88,20,305
L004848,1656,S009,1606,67,10,133
L004849,1657,S010,1425,228,25,20
L004850,1657,S011,1280,165,20,120
L004851,1657,S003,1417,80,40,352
L004852,1657,S006,1375,241,5,17
L004853,1657,S009,1474,56,20,169
L004854,1658,S004,4342,210,20,141
L004855,1658,S012,4458,221,15,24
L004856,1658,S011,4291,0,20,120
L004857,1659,S010,3833,233,15,83
L004858,1659,S001,3685,143,5,166
L004859,1659,S009,3492,0,10,38
L004860,1659,S003,4132,141,15,1220
L004861,1659,S008,3734,0,30,50
L004862,1660,S010,1716,77,0,22
L004863,1660,S009,1522,227,0,101
L004864,1661,S004,5197,217,10,215
L004865,1662,S004,5142,221,15,372
L004866,1662,S011,4571,0,10,262
L004867,1663,S013,5794,0,25,29
L004868,1663,S009,5824,145,25,237
L004869,1663,S002,6211,250,20,99
L004870,1664,S002,5635,185,60,208
L004871,1664,S014,5596,66,5,142
L004872,1664,S006,6110,244,15,133
L004873,1665,S004,5662,232,0,98
L004874,1666,S011,4398,200,10,105
L004875,1667,S010,2869,238,5,326
L004876,1667,S003,2884,156,20,123
L004877,1667,S013,3207,0,25,42
L004878,1667,S004,2892,139,15,360
L004879,1667,S014,3193,220,15,109
L004880,1668,S004,951,235,15,121
L004881,1668,S014,966,0,30,52
L004882,1669,S007,5527,156,15,99
L004883,1670,S014,938,88,5,192
L004884,1670,S012,964,0,10,413
L004885,1670,S010,995,0,0,17
L004886,1671,S005,3251,101,30,30
L004887,1671,S011,3362,0,25,256
L004888,1671,S012,3725,0,5,37
L004889,1672,S002,715,74,40,602
L004890,1673,S013,3040,221,30,97
L004891,1673,S003,2945,0,0,37
L004892,1673,S011,2783,151,20,107
L004893,1674,S008,4333,147,50,874
L004894,1674,S006,4478,109,20,81
L004895,1675,S002,2544,52,0,238
L004896,1676,S003,2192,0,15,78
L004897,1676,S010,2217,187,40,562
L004898,1676,S005,2160,177,0,94
L004899,1677,S001,4683,59,15,239
L004900,1677,S008,5308,192,25,145
L004901,1677,S013,5034,248,30,69
L004902,1677,S014,4787,242,25,231
L004903,1677,S006,5566,228,5,383
L004904,1678,S004,1235,0,15,172
L004905,1679,S002,543,124,20,97
L004906,1679,S006,552,221,5,10
L004907,1679,S008,549,160,15,100
L004908,1680,S003,870,0,0,319
L004909,1681,S009,2982,98,30,30
L004910,1682,S013,5699,227,20,68
L004911,1682,S011,5300,246,25,148
L004912,1683,S012,4804,203,20,104
L004913,1683,S004,5262,211,30,119
L004914,1683,S006,5035,116,20,87
L004915,1683,S010,4451,80,25,105
L004916,1683,S002,5349,105,25,947
L004917,1684,S012,5027,152,5,18
L004918,1684,S013,5348,0,40,250
L004919,1684,S002,5226,0,10,175
L004920,1685,S001,3759,130,30,342
L004921,1685,S006,4109,148,40,280
L004922,1686,S009,1646,247,0,30
L004923,1687,S009,3255,245,30,261
L004924,1687,S007,3297,100,20,155
L004925,1688,S011,2151,227,0,240
L004926,1688,S009,2252,149,50,45
L004927,1688,S003,2222,101,15,102
L004928,1688,S006,2075,240,0,221
L004929,1689,S005,5166,181,40,27
L004930,1689,S009,4466,171,20,248
L004931,1689,S013,4954,145,5,187
L004932,1690,S011,4405,0,10,54
L004933,1690,S008,4963,90,40,154
L004934,1690,S010,4272,92,0,86
L004935,1690,S013,4134,0,15,254
L004936,1691,S004,1596,240,20,185
L004937,1691,S010,1664,181,15,228
L004938,1691,S014,1509,71,10,45
L004939,1692,S012,4103,109,10,155
L004940,1693,S013,4721,217,20,47
L004941,1693,S003,4554,241,40,525
L004942,1694,S005,4911,100,10,30
L004943,1695,S009,1871,146,20,125
L004944,1696,S012,1934,101,20,397
L004945,1697,S001,6099,192,30,76
L004946,1698,S013,622,118,30,188
L004947,1698,S004,659,97,5,71
L004948,1698,S007,668,127,10,1614
L004949,1698,S010,669,126,20,99
L004950,1698,S005,616,142,30,51
L004951,1699,S012,1174,64,5,53
L004952,1699,S010,1324,110,30,160
L004953,1700,S005,887,106,0,559
L004954,1700,S009,836,124,0,303
L004955,1701,S007,1318,189,40,16
L004956,1701,S013,1241,114,30,311
L004957,1701,S001,1382,0,20,72
L004958,1701,S010,1351,0,25,101
L004959,1702,S007,1095,195,20,676
L004960,1702,S011,983,71,15,96
L004961,1703,S002,2782,65,15,74
L004962,1703,S008,2474,75,10,282
L004963,1703,S010,2688,0,30,57
L004964,1703,S013,2392,244,15,245
L004965,1703,S003,2581,88,5,64
L004966,1704,S004,2001,95,0,28
L004967,1704,S005,1693,50,15,207
L004968,1705,S011,3044,134,50,377
L004969,1705,S001,2839,215,10,372
L004970,1705,S007,3108,136,20,277
L004971,1706,S009,2763,217,5,92
L004972,1706,S012,2511,176,40,38
L004973,1706,S007,2756,0,15,79
L004974,1707,S008,3305,80,5,349
L004975,1707,S009,3524,95,10,134
L004976,1707,S012,3473,226,20,260
L004977,1707,S010,3303,177,5,53
L004978,1707,S005,3407,146,10,401
L004979,1708,S010,5070,91,15,51
L004980,1708,S004,5906,83,25,145
L004981,1708,S013,5578,88,10,50
L004982,1709,S007,5160,0,15,561
L004983,1709,S005,5375,126,0,56
L004984,1710,S002,1140,182,5,135
L004985,1710,S013,1142,73,25,165
L004986,1710,S010,979,58,30,381
L004987,1710,S011,956,106,5,148
L004988,1711,S011,4729,0,20,86
L004989,1712,S007,6219,193,10,235
L004990,1712,S009,5625,156,15,852
L004991,1712,S010,5676,196,15,991
L004992,1713,S014,953,128,10,239
L004993,1713,S003,926,91,5,315
L004994,1714,S005,2142,0,15,106
L004995,1714,S014,2008,172,40,23
L004996,1714,S007,2147,233,20,60
L004997,1714,S009,2142,158,60,246
L004998,1715,S014,1599,136,20,97
L004999,1715,S011,1721,99,20,399
L005000,1715,S004,1599,223,10,103
L005001,1715,S012,1716,192,5,54
L005002,1715,S002,1622,200,30,82
L005003,1716,S009,2680,178,25,102
L005004,1716,S006,2691,174,0,580
L005005,1716,S003,2590,139,10,108
L005006,1716,S005,2259,194,0,506
L005007,1716,S010,2442,0,10,255
L005008,1717,S006,602,210,10,38
L005009,1717,S004,714,207,15,140
L005010,1717,S007,647,84,15,109
L005011,1718,S012,3127,64,5,172
L005012,1718,S014,2906,237,15,183
L005013,1718,S013,2698,177,25,44
L005014,1719,S012,1697,69,5,478
L005015,1719,S014,1549,93,15,247
L005016,1719,S009,1437,100,20,2510
L005017,1720,S011,3982,55,30,3385
L005018,1720,S010,4470,235,5,114
L005019,1720,S005,4518,209,25,131
L005020,1720,S014,3937,222,5,40
L005021,1720,S009,4303,67,20,232
L005022,1721,S003,1325,160,30,415
L005023,1722,S004,891,0,15,1065
L005024,1722,S003,906,100,5,283
L005025,1723,S005,3310,0,10,456
L005026,1723,S008,3110,211,25,653
L005027,1723,S003,3608,69,15,1066
L005028,1723,S001,3595,0,15,159
L005029,1723,S007,3363,232,60,92
L005030,1724,S013,3408,73,15,34
L005031,1725,S002,1942,0,20,235
L005032,1725,S007,2026,176,20,128
L005033,1726,S013,4489,120,5,112
L005034,1726,S010,4504,229,20,61
L005035,1726,S003,4579,211,20,127
L005036,1727,S007,4650,0,10,138
L005037,1728,S001,5583,232,15,23
L005038,1728,S004,5251,148,25,71
L005039,1728,S010,5600,235,5,195
L005040,1729,S011,4843,56,0,122
L005041,1729,S004,4941,62,10,328
L005042,1730,S006,710,140,15,105
L005043,1730,S008,648,0,5,185
L005044,1730,S005,645,0,5,284
L005045,1731,S004,3774,201,20,177
L005046,1731,S014,3948,247,20,392
L005047,1731,S005,3658,0,10,83
L005048,1732,S010,1941,0,10,260
L005049,1732,S012,2071,159,25,136
L005050,1732,S001,2184,194,10,247
L005051,1732,S009,2184,123,0,95
L005052,1732,S008,2097,138,5,333
L005053,1733,S011,685,178,25,95
L005054,1734,S009,4336,169,10,189
L005055,1735,S006,783,110,20,102
L005056,1736,S007,513,0,15,247
L005057,1736,S011,491,93,5,53
L005058,1736,S008,537,134,25,64
L005059,1736,S006,467,92,10,855
L005060,1737,S012,4196,0,20,81
L005061,1737,S010,4442,0,30,399
L005062,1737,S004,4061,0,25,396
L005063,1737,S005,3740,0,40,34
L005064,1737,S006,3968,91,5,305
L005065,1738,S013,2744,151,5,87
L005066,1738,S002,2962,196,20,90
L005067,1738,S008,2825,63,40,400
L005068,1739,S008,2840,0,15,135
L005069,1739,S003,2640,0,0,40
L005070,1739,S004,2879,225,10,125
L005071,1739,S006,2621,172,10,26
L005072,1739,S011,2737,205,5,88
L005073,1740,S006,5941,172,20,66
L005074,1741,S012,6180,194,5,146
L005075,1742,S007,2765,101,5,160
L005076,1742,S013,3001,151,20,237
L005077,1742,S008,2857,229,40,129
L005078,1743,S011,4826,239,20,63
L005079,1743,S009,4905,164,5,22
L005080,1744,S012,5144,203,5,1279
L005081,1744,S005,5033,59,5,499
L005082,1744,S001,4311,91,25,53
L005083,1744,S010,4995,0,40,107
L005084,1745,S005,1992,70,5,89
L005085,1745,S010,2291,178,10,40
L005086,1745,S003,2117,93,20,442
L005087,1745,S007,2171,127,20,205
L005088,1746,S007,1635,230,10,348
L005089,1747,S013,5122,108,10,146
L005090,1747,S010,4742,128,15,349
L005091,1748,S004,4286,81,30,15
L005092,1749,S012,3238,69,30,24
L005093,1749,S004,3194,59,15,389
L005094,1750,S008,4626,229,10,1221
L005095,1750,S006,4468,0,0,84
L005096,1750,S009,4681,67,0,139
L005097,1751,S012,695,145,5,212
L005098,1751,S005,615,116,20,68
L005099,1752,S007,3968,169,15,61
L005100,1753,S012,3400,62,0,344
L005101,1753,S009,3600,68,10,151
L005102,1753,S002,3250,52,15,164
L005103,1754,S012,1571,98,5,21
L005104,1754,S003,1427,155,40,94
L005105,1754,S010,1442,151,40,31
L005106,1755,S007,5581,0,20,595
L005107,1756,S006,3080,162,20,117
L005108,1756,S004,2948,225,15,146
L005109,1757,S003,1856,204,0,1166
L005110,1757,S004,1661,141,25,281
L005111,1758,S002,5284,0,10,63
L005112,1758,S012,5203,131,0,270
L005113,1758,S011,5811,223,10,113
L005114,1758,S010,5453,0,10,105
L005115,1758,S009,4968,164,20,174
L005116,1759,S009,5410,206,20,87
L005117,1759,S001,4937,214,0,36
L005118,1760,S005,2105,143,25,107
L005119,1761,S003,2234,125,20,221
L005120,1761,S014,2330,229,15,90
L005121,1761,S010,2310,172,25,54
L005122,1761,S008,2304,176,20,57
L005123,1762,S010,4629,0,15,189
L005124,1762,S005,4307,135,5,698
L005125,1762,S004,4349,189,15,257
L005126,1762,S002,4426,0,25,184
L005127,1763,S009,5004,223,10,285
L005128,1763,S001,5349,0,25,127
L005129,1763,S005,5493,156,20,234
L005130,1763,S012,5185,183,0,328
L005131,1764,S014,2624,104,10,117
L005132,1764,S012,2672,77,15,367
L005133,1765,S011,1920,79,30,565
L005134,1765,S004,1975,204,60,43
L005135,1765,S005,1744,208,15,28
L005136,1765,S007,1860,233,10,398
L005137,1765,S012,1771,176,10,484
L005138,1766,S007,1737,71,5,79
L005139,1767,S011,4514,195,5,210
L005140,1767,S008,4288,0,10,46
L005141,1767,S003,4470,0,0,70
L005142,1767,S005,4313,107,60,453
L005143,1768,S004,2248,0,10,93
L005144,1768,S013,2515,174,5,73
L005145,1768,S014,2351,66,10,41
L005146,1768,S001,2642,188,5,166
L005147,1769,S003,1434,224,30,66
L005148,1770,S004,4410,52,10,193
L005149,1770,S003,4506,141,10,411
L005150,1770,S013,4669,137,5,204
L005151,1770,S007,3936,204,15,458
L005152,1771,S013,3086,117,10,382
L005153,1772,S002,1552,197,20,51
L005154,1772,S009,1577,0,25,277
L005155,1772,S007,1562,0,5,61
L005156,1772,S014,1432,162,10,88
L005157,1773,S014,3243,181,5,282
L005158,1773,S005,3551,198,20,381
L005159,1774,S014,2874,118,10,214
L005160,1774,S010,2839,146,15,82
L005161,1774,S011,3021,0,40,111
L005162,1775,S004,2521,0,15,45
L005163,1776,S014,4304,223,20,105
L005164,1776,S012,4545,64,5,155
L005165,1776,S004,4334,129,20,99
L005166,1777,S003,1613,0,0,130
L005167,1777,S014,1570,107,15,18
L005168,1778,S006,4022,176,0,245
L005169,1778,S013,4514,111,25,182
L005170,1779,S014,2541,0,5,46
L005171,1779,S011,2168,82,10,89
L005172,1779,S008,2547,127,20,204
L005173,1779,S010,2323,0,0,90
L005174,1779,S006,2607,231,20,43
L005175,1780,S007,5358,175,10,390
L005176,1780,S002,5916,0,15,233
L005177,1780,S006,5854,147,10,21
L005178,1780,S014,5593,199,0,21
L005179,1781,S013,2621,0,20,155
L005180,1781,S010,2289,108,25,397
L005181,1781,S007,2275,65,25,174
L005182,1781,S009,2520,108,5,463
L005183,1781,S005,2440,142,0,344
L005184,1782,S014,2905,145,30,159
L005185,1783,S003,5098,204,5,30
L005186,1783,S006,4818,0,15,684
L005187,1784,S004,3269,186,15,232
L005188,1784,S009,3356,137,20,84
L005189,1785,S008,1880,84,20,72
L005190,1785,S013,2251,216,5,67
L005191,1785,S004,1932,0,40,77
L005192,1786,S005,4821,0,25,843
L005193,1786,S012,4959,0,20,80
L005194,1786,S007,4770,226,20,102
L005195,1787,S012,4665,0,5,184
L005196,1787,S013,4972,133,5,151
L005197,1787,S007,4460,236,5,427
L005198,1788,S014,907,79,30,685
L005199,1788,S010,1011,90,10,224
L005200,1788,S005,979,155,20,300
L005201,1788,S009,931,86,5,148
L005202,1789,S001,5097,0,10,315
L005203,1789,S003,4717,0,20,258
L005204,1789,S004,4924,200,10,363
L005205,1790,S013,4267,77,10,549
L005206,1790,S001,3660,140,25,129
L005207,1791,S006,5163,0,15,1559
L005208,1791,S014,5481,92,0,124
L005209,1792,S013,929,50,15,65
L005210,1793,S009,1613,72,15,279
L005211,1793,S010,1943,178,20,158
L005212,1794,S008,6003,198,40,181
L005213,1794,S006,5218,57,25,448
L005214,1794,S013,5200,135,15,144
L005215,1794,S011,5148,76,40,292
L005216,1794,S001,6066,106,5,111
L005217,1795,S014,2656,189,20,209
L005218,1795,S008,3069,138,30,159
L005219,1795,S006,2659,110,15,98
L005220,1795,S013,2818,225,25,390
L005221,1796,S002,790,0,5,181
L005222,1796,S009,780,0,0,438
L005223,1797,S008,4055,160,25,100
L005224,1797,S006,3821,0,10,138
L005225,1797,S011,4110,156,30,411
L005226,1798,S004,3144,134,30,203
L005227,1798,S006,2826,80,5,75
L005228,1798,S007,3271,82,0,163
L005229,1799,S013,4127,82,10,350
L005230,1799,S012,4364,192,15,277
L005231,1800,S013,4878,81,25,46
L005232,1800,S005,4399,161,0,596
L005233,1800,S008,4906,0,0,314
L005234,1800,S012,4512,70,5,74
L005235,1800,S001,4809,179,25,459
L005236,1801,S010,2026,184,20,367
L005237,1801,S006,1922,181,0,104
L005238,1801,S012,2002,0,5,116
L005239,1801,S004,1971,204,20,267
L005240,1802,S013,4203,241,10,207
L005241,1802,S003,4149,132,20,330
L005242,1802,S009,3595,218,20,109
L005243,1802,S007,4365,207,10,156
L005244,1802,S008,4056,187,15,36
L005245,1803,S004,2478,0,0,612
L005246,1804,S003,1056,103,20,114
L005247,1805,S010,3373,224,20,292
L005248,1805,S013,2863,182,20,44
L005249,1806,S009,4221,0,5,101
L005250,1806,S014,4951,109,5,184
L005251,1806,S004,4617,0,5,215
L005252,1806,S011,4498,119,25,57
L005253,1807,S013,2673,0,20,99
L005254,1807,S007,2747,79,10,202
L005255,1807,S002,2534,115,25,1447
L005256,1808,S012,1690,159,0,221
L005257,1808,S005,1793,0,5,2156
L005258,1809,S006,5174,180,15,347
L005259,1809,S004,5058,50,10,40
L005260,1809,S005,5775,142,20,42
L005261,1809,S010,5378,213,20,628
L005262,1810,S013,1033,179,20,61
L005263,1810,S009,887,0,25,330
L005264,1811,S005,3055,0,60,14
L005265,1812,S006,4858,176,0,18
L005266,1812,S004,4918,62,30,58
L005267,1812,S010,5274,175,5,152
L005268,1812,S009,5007,66,10,445
L005269,1813,S014,2516,52,0,56
L005270,1813,S002,2389,110,5,35
L005271,1813,S012,2519,216,0,378
L005272,1813,S003,2421,0,0,97
L005273,1814,S014,2159,107,15,87
L005274,1814,S006,1981,187,15,225
L005275,1815,S013,1279,123,15,312
L005276,1815,S012,1464,196,20,598
L005277,1815,S003,1257,51,60,132
L005278,1816,S010,3574,163,25,13
L005279,1816,S014,3775,216,30,150
L005280,1816,S009,3840,244,25,209
L005281,1816,S013,3714,0,15,470
L005282,1816,S004,4073,185,20,238
L005283,1817,S006,4224,96,15,256
L005284,1817,S001,4644,73,15,584
L005285,1817,S011,4330,234,10,107
L005286,1817,S008,4847,53,5,36
L005287,1818,S007,2875,180,40,487
L005288,1818,S011,2749,0,50,229
L005289,1818,S014,2741,165,30,214
L005290,1818,S001,2932,0,5,479
L005291,1818,S004,3054,131,10,545
L005292,1819,S012,569,107,20,138
L005293,1819,S001,599,55,5,698
L005294,1819,S007,608,190,25,122
L005295,1819,S002,572,110,25,336
L005296,1820,S012,5315,133,5,84
L005297,1820,S004,5514,132,10,1681
L005298,1821,S005,6094,69,20,239
L005299,1821,S008,6169,227,20,274
L005300,1821,S011,6019,0,20,209
L005301,1822,S008,4672,185,20,69
L005302,1823,S009,3052,236,15,158
L005303,1823,S011,2649,146,25,148
L005304,1823,S004,3093,56,15,51
L005305,1824,S004,4378,151,5,148
L005306,1825,S007,3602,0,20,197
L005307,1826,S008,5511,212,20,189
L005308,1826,S002,5958,101,40,292
L005309,1826,S010,6473,248,30,252
L005310,1827,S014,2978,246,5,51
L005311,1827,S010,3189,160,0,105
L005312,1828,S002,3667,0,20,35
L005313,1828,S001,3537,123,25,379
L005314,1828,S004,3328,184,40,176
L005315,1828,S007,3341,229,10,1138
L005316,1828,S006,3252,54,15,71
L005317,1829,S012,2557,78,20,475
L005318,1829,S003,2418,0,25,428
L005319,1829,S008,2717,228,5,149
L005320,1829,S007,2322,0,0,271
L005321,1829,S001,2470,217,5,100
L005322,1830,S003,2155,118,15,222
L005323,1830,S004,2001,86,10,55
L005324,1830,S012,2017,0,5,115
L005325,1831,S011,1854,134,40,362
L005326,1831,S012,1752,90,25,78
L005327,1831,S006,1779,186,10,816
L005328,1831,S002,1802,152,50,78
L005329,1831,S008,1744,146,0,1094
L005330,1832,S002,5495,87,20,83
L005331,1832,S013,5661,222,20,273
L005332,1832,S011,6135,230,40,170
L005333,1832,S004,5648,54,50,71
L005334,1833,S007,1989,0,5,64
L005335,1833,S003,1871,213,0,164
L005336,1834,S014,5716,88,30,81
L005337,1834,S012,5480,180,10,233
L005338,1835,S012,2788,64,20,492
L005339,1835,S008,2716,0,20,71
L005340,1835,S013,2748,0,5,84
L005341,1836,S008,4437,116,5,136
L005342,1836,S002,4081,64,15,125
L005343,1836,S011,3865,96,0,40
L005344,1836,S010,3827,197,20,70
L005345,1836,S006,4370,57,5,254
L005346,1837,S013,4130,198,20,278
L005347,1838,S006,4367,216,25,335
L005348,1838,S013,4071,182,20,313
L005349,1838,S009,4440,98,15,1014
L005350,1838,S008,4204,67,5,270
L005351,1838,S004,4154,0,0,104
L005352,1839,S009,1316,50,25,103
L005353,1839,S005,1302,156,0,393
L005354,1839,S002,1211,0,20,2018
L005355,1839,S008,1153,180,20,211
L005356,1840,S002,800,202,50,80
L005357,1840,S010,849,192,10,35
L005358,1841,S011,1449,63,20,378
L005359,1841,S008,1414,236,20,166
L005360,1841,S006,1497,59,40,282
L005361,1841,S005,1536,247,60,457
L005362,1841,S009,1418,233,10,968
L005363,1842,S012,4729,68,20,277
L005364,1842,S003,4857,85,20,269
L005365,1842,S008,4535,0,0,81
L005366,1842,S014,4393,221,20,88
L005367,1843,S010,1927,65,5,224
L005368,1843,S012,1787,79,25,29
L005369,1843,S005,1860,206,15,197
L005370,1844,S004,2916,52,15,112
L005371,1844,S002,3291,211,40,106
L005372,1844,S009,3266,123,20,464
L005373,1844,S008,3203,114,30,16
L005374,1844,S007,2932,240,0,85
L005375,1845,S003,4235,0,20,96
L005376,1845,S009,4714,190,10,131
L005377,1846,S014,3730,106,10,194
L005378,1846,S003,3241,0,20,39
L005379,1847,S012,1126,216,20,32
L005380,1847,S002,1268,240,10,82
L005381,1847,S006,1156,63,10,80
L005382,1847,S009,1165,162,5,55
L005383,1847,S004,1354,0,25,254
L005384,1848,S004,1898,66,25,417
L005385,1848,S009,1914,0,5,915
L005386,1849,S004,1592,149,20,84
L005387,1849,S010,1638,0,10,59
L005388,1850,S010,6159,168,0,112
L005389,1850,S012,5465,81,25,103
L005390,1850,S009,5367,235,5,31
L005391,1850,S005,5504,54,25,261
L005392,1850,S008,5859,0,10,306
L005393,1851,S011,3496,184,5,286
L005394,1851,S006,3529,0,5,385
L005395,1851,S014,3417,207,10,946
L005396,1851,S012,3271,165,30,64
L005397,1852,S010,3454,0,10,501
L005398,1853,S001,2686,129,30,100
L005399,1853,S002,3017,60,40,542
L005400,1854,S002,2650,82,25,77
L005401,1854,S009,2785,162,10,101
L005402,1854,S003,2566,234,40,20
L005403,1854,S007,2733,192,15,675
L005404,1854,S014,2564,204,25,163
L005405,1855,S010,3065,249,20,129
L005406,1856,S006,2881,192,10,486
L005407,1856,S005,3069,89,40,46
L005408,1856,S008,3316,195,5,165
L005409,1857,S010,2591,214,5,104
L005410,1857,S008,3032,101,15,161
L005411,1857,S005,2819,81,10,396
L005412,1858,S013,4496,100,10,164
L005413,1859,S014,1587,216,10,27
L005414,1859,S010,1404,111,5,128
L005415,1859,S001,1381,0,5,485
L005416,1859,S006,1548,85,10,381
L005417,1860,S012,2270,150,20,214
L005418,1860,S004,2075,237,50,115
L005419,1860,S009,2476,151,20,24
L005420,1860,S014,2218,177,40,35
L005421,1860,S011,2369,106,25,59
L005422,1861,S006,1898,98,15,101
L005423,1861,S009,1745,0,15,68
L005424,1861,S002,1866,239,0,119
L005425,1861,S007,1794,155,10,152
L005426,1861,S008,1837,102,20,36
L005427,1862,S012,4771,0,30,249
L005428,1862,S002,4101,178,10,270
L005429,1862,S004,4513,95,20,66
L005430,1863,S002,682,0,40,39
L005431,1864,S014,744,234,20,196
L005432,1864,S007,744,0,20,46
L005433,1864,S004,659,100,25,21
L005434,1864,S008,692,0,0,503
L005435,1864,S011,751,60,5,236
L005436,1865,S004,2337,76,25,225
L005437,1865,S009,2203,0,10,184
L005438,1866,S010,2351,93,10,85
L005439,1866,S012,2214,175,0,111
L005440,1866,S006,2280,137,10,52
L005441,1866,S001,2296,156,20,61
L005442,1867,S004,2510,0,40,114
L005443,1867,S008,2646,0,20,99
L005444,1867,S002,2651,87,5,451
L005445,1867,S006,2829,84,40,118
L005446,1868,S005,1320,0,10,252
L005447,1869,S001,1980,219,25,197
L005448,1869,S012,1980,64,0,472
L005449,1870,S002,5163,91,40,19
L005450,1870,S009,5108,249,5,98
L005451,1870,S008,4536,243,20,156
L005452,1871,S013,2170,79,40,97
L005453,1871,S002,2360,67,25,446
L005454,1871,S010,2323,156,0,90
L005455,1872,S008,2562,93,5,124
L005456,1872,S012,2505,0,20,126
L005457,1872,S010,2673,174,10,264
L005458,1872,S002,2929,242,20,730
L005459,1872,S007,2899,62,20,109
L005460,1873,S010,936,56,20,277
L005461,1873,S008,945,0,15,921
L005462,1873,S007,1036,0,40,143
L005463,1873,S001,1033,204,10,82
L005464,1873,S002,983,244,0,94
L005465,1874,S010,2050,0,5,610
L005466,1874,S008,2160,161,20,544
L005467,1874,S013,2092,201,15,320
L005468,1875,S008,4232,227,5,44
L005469,1875,S003,4042,105,10,174
L005470,1875,S011,4386,52,15,81
L005471,1876,S003,1771,96,15,125
L005472,1876,S005,1515,133,0,341
L005473,1876,S006,1740,76,10,312
L005474,1877,S008,4519,178,5,104
L005475,1877,S009,4977,163,15,108
L005476,1878,S004,1756,65,20,136
L005477,1879,S003,1739,99,15,383
L005478,1879,S010,2035,211,20,133
L005479,1879,S004,1887,146,0,93
L005480,1879,S002,1786,69,60,139
L005481,1880,S014,3792,0,20,155
L005482,1880,S009,3875,0,5,419
L005483,1880,S006,4012,0,5,74
L005484,1880,S010,3575,250,0,719
L005485,1880,S002,3857,0,15,210
L005486,1881,S013,796,0,0,1014
L005487,1881,S003,837,170,40,109
L005488,1881,S008,836,0,5,230
L005489,1881,S014,752,94,25,70
L005490,1881,S005,795,151,5,272
L005491,1882,S007,5790,221,5,436
L005492,1882,S009,5480,72,25,47
L005493,1882,S002,5961,215,10,48
L005494,1882,S006,6055,127,20,194
L005495,1882,S013,6378,209,30,294
L005496,1883,S010,1995,55,30,123
L005497,1883,S011,1889,0,0,913
L005498,1884,S006,1590,193,5,115
L005499,1885,S006,5734,119,10,293
L005500,1886,S006,4326,0,20,927
L005501,1886,S003,4547,109,10,140
L005502,1886,S011,4549,0,40,14
L005503,1886,S012,4838,92,40,420
L005504,1887,S006,4769,0,15,630
L005505,1887,S011,4810,81,20,104
L005506,1887,S012,5343,135,15,240
L005507,1888,S014,5244,0,15,508
L005508,1888,S003,5237,203,15,55
L005509,1888,S013,4959,179,0,386
L005510,1888,S005,4483,60,15,343
L005511,1888,S008,5194,0,40,301
L005512,1889,S002,4434,61,10,32
L005513,1889,S011,4459,0,15,88
L005514,1889,S005,4688,66,15,63
L005515,1889,S004,4402,0,0,79
L005516,1890,S002,668,207,5,31
L005517,1891,S007,2040,161,20,79
L005518,1891,S014,1921,81,10,118
L005519,1891,S010,2004,200,30,254
L005520,1891,S002,2058,155,25,60
L005521,1892,S007,2469,0,25,542
L005522,1892,S011,2427,118,30,194
L005523,1893,S007,2742,243,0,386
L005524,1894,S011,2286,178,20,452
L005525,1894,S001,2082,89,10,96
L005526,1894,S002,2082,168,5,163
L005527,1895,S001,3814,86,10,44
L005528,1895,S004,3416,124,10,23
L005529,1895,S002,3808,122,20,113
L005530,1895,S003,3868,0,15,231
L005531,1896,S014,4492,58,40,181
L005532,1896,S011,4213,129,10,183
L005533,1896,S001,4461,100,5,38
L005534,1897,S014,4166,223,5,59
L005535,1897,S007,4316,82,5,119
L005536,1897,S013,4599,56,10,614
L005537,1898,S007,1139,0,5,111
L005538,1898,S006,1008,188,25,270
L005539,1898,S011,1157,130,10,399
L005540,1898,S008,1029,116,20,177
L005541,1898,S004,1174,223,25,184
L005542,1899,S001,1147,97,10,314
L005543,1899,S009,961,106,10,147
L005544,1899,S010,1085,64,20,296
L005545,1899,S012,1084,0,20,657
L005546,1900,S010,5322,190,15,89
L005547,1900,S009,5277,104,25,159
L005548,1900,S008,5839,185,10,55
L005549,1900,S002,5179,84,30,67
L005550,1900,S007,5718,84,5,46
L005551,1901,S006,2918,135,15,1515
L005552,1901,S014,2778,0,15,15
L005553,1901,S002,2756,0,20,270
L005554,1901,S011,3075,173,20,85
L005555,1902,S003,3982,0,20,79
L005556,1902,S005,4153,247,15,181
L005557,1902,S014,4517,0,30,104
L005558,1902,S002,4119,128,10,3155
L005559,1903,S003,2345,183,40,177
L005560,1903,S007,2271,143,25,61
L005561,1903,S012,2598,69,0,507
L005562,1903,S008,2542,228,10,47
L005563,1903,S010,2540,120,15,204
L005564,1904,S010,4674,103,30,65
L005565,1905,S001,1362,50,15,29
L005566,1905,S002,1344,126,5,283
L005567,1905,S003,1165,198,25,24
L005568,1906,S011,2841,58,5,1683
L005569,1906,S009,2643,150,25,646
L005570,1906,S008,2832,112,20,19
L005571,1907,S013,5900,0,0,77
L005572,1908,S003,1301,107,25,105
L005573,1909,S011,2522,0,5,452
L005574,1909,S014,2403,0,5,47
L005575,1910,S006,1435,234,40,232
L005576,1911,S014,4162,194,15,217
L005577,1911,S004,4732,138,20,547
L005578,1911,S002,4840,201,40,298
L005579,1911,S010,4541,241,5,81
L005580,1912,S010,2658,0,20,253
L005581,1912,S002,2708,0,30,42
L005582,1912,S006,2626,0,5,420
L005583,1912,S003,2278,173,30,39
L005584,1912,S008,2260,127,40,79
L005585,1913,S012,763,0,20,500
L005586,1913,S010,771,0,5,254
L005587,1913,S002,758,0,60,1347
L005588,1913,S014,798,129,30,408
L005589,1913,S003,743,79,30,850
L005590,1914,S014,1485,78,5,70
L005591,1914,S001,1704,249,10,65
L005592,1915,S009,3820,0,25,196
L005593,1916,S013,777,125,0,153
L005594,1916,S005,819,128,5,315
L005595,1916,S001,747,0,10,281
L005596,1916,S002,834,233,0,158
L005597,1917,S013,1572,141,30,87
L005598,1917,S004,1636,106,10,116
L005599,1917,S002,1701,245,40,72
L005600,1917,S014,1687,83,20,164
L005601,1918,S008,1354,86,40,102
L005602,1918,S010,1351,131,40,152
L005603,1918,S013,1501,244,25,85
L005604,1919,S006,3227,59,5,160
L005605,1919,S005,3332,237,20,75
L005606,1920,S007,3264,54,20,2191
L005607,1921,S004,1795,241,20,276
L005608,1921,S002,1765,169,50,88
L005609,1922,S005,1112,66,0,30
L005610,1922,S014,1111,127,15,113
L005611,1922,S010,1127,0,15,226
L005612,1922,S011,1117,0,50,100
L005613,1922,S004,1057,244,0,84
L005614,1923,S012,6360,104,10,126
L005615,1923,S003,5581,196,30,191
L005616,1923,S004,6331,0,15,139
L005617,1923,S009,5497,196,10,65
L005618,1923,S013,6352,169,0,148
L005619,1924,S009,5549,158,10,146
L005620,1924,S007,5493,186,30,76
L005621,1924,S001,5579,167,20,73
L005622,1924,S011,5208,197,5,250
L005623,1924,S008,5070,171,0,43
L005624,1925,S013,2789,92,10,87
L005625,1925,S002,2987,222,30,35
L005626,1925,S009,2727,154,5,168
L005627,1925,S012,2987,222,10,117
L005628,1926,S012,1992,158,5,190
L005629,1926,S013,1800,182,40,38
L005630,1927,S008,2395,0,25,91
L005631,1928,S010,3921,118,20,309
L005632,1928,S002,4113,0,20,545
L005633,1929,S002,3337,214,10,85
L005634,1929,S007,3388,245,5,841
L005635,1929,S008,3412,209,5,39
L005636,1929,S005,3373,183,60,186
L005637,1930,S003,1672,250,20,81
L005638,1930,S002,1720,117,10,188
L005639,1930,S009,1648,161,10,113
L005640,1931,S009,4129,106,10,91
L005641,1932,S010,4374,78,10,172
L005642,1932,S003,4510,0,60,791
L005643,1932,S001,4543,113,5,374
L005644,1932,S007,4072,134,20,99
L005645,1933,S010,5666,83,40,80
L005646,1933,S001,4884,249,10,113
L005647,1933,S006,5704,226,10,269
L005648,1933,S011,5822,193,0,228
L005649,1933,S012,5113,212,5,56
L005650,1934,S009,4733,0,0,633
L005651,1934,S006,4736,163,25,565
L005652,1934,S014,5130,191,25,342
L005653,1934,S004,5026,173,25,440
L005654,1934,S007,5267,207,50,130
L005655,1935,S002,2886,209,20,60
L005656,1936,S010,1815,236,5,84
L005657,1936,S005,1766,193,15,41
L005658,1936,S013,1975,0,15,164
L005659,1936,S009,1776,0,40,245
L005660,1937,S006,2701,64,10,61
L005661,1937,S008,2834,206,25,46
L005662,1938,S001,1059,127,10,64
L005663,1938,S014,1024,125,10,73
L005664,1938,S002,1057,218,30,59
L005665,1939,S001,3506,0,0,44
L005666,1939,S011,3581,227,5,157
L005667,1939,S012,3211,118,15,131
L005668,1939,S003,3690,72,20,55
L005669,1940,S010,2645,125,25,37
L005670,1940,S011,2362,150,15,101
L005671,1940,S012,2691,143,30,50
L005672,1940,S005,2606,0,10,193
L005673,1941,S010,4682,144,25,72
L005674,1941,S003,4305,154,40,475
L005675,1941,S001,4158,80,25,189
L005676,1942,S009,3727,50,10,705
L005677,1942,S014,4155,230,5,179
L005678,1943,S004,4738,115,15,68
L005679,1943,S005,4953,0,0,236
L005680,1943,S006,5300,74,0,143
L005681,1943,S002,5560,239,10,84
L005682,1944,S005,3550,109,0,555
L005683,1944,S003,3582,0,0,596
L005684,1944,S001,3402,87,15,22
L005685,1944,S013,3666,152,20,84
L005686,1944,S002,3625,51,15,59
L005687,1945,S014,5411,102,15,170
L005688,1945,S012,4920,90,15,577
L005689,1946,S007,2714,111,20,135
L005690,1946,S013,2435,233,10,200
L005691,1946,S006,2512,0,0,49
L005692,1946,S001,2619,59,5,229
L005693,1946,S011,2398,244,0,49
L005694,1947,S008,5686,0,20,54
L005695,1947,S001,5428,181,20,66
L005696,1948,S006,4345,0,0,77
L005697,1948,S003,4817,101,20,115
L005698,1949,S001,2838,61,0,86
L005699,1949,S013,2575,135,5,167
L005700,1949,S009,2704,116,5,108
L005701,1949,S007,2469,145,0,117
L005702,1950,S013,2365,178,0,360
L005703,1950,S004,2459,81,40,103
L005704,1950,S002,2695,119,20,2892
L005705,1950,S003,2462,78,5,316
L005706,1951,S013,1037,232,20,608
L005707,1952,S003,5260,136,10,36
L005708,1952,S005,5450,81,15,134
L005709,1952,S014,4936,125,25,206
L005710,1952,S013,4689,59,5,166
L005711,1953,S008,3569,0,25,255
L005712,1953,S001,3732,59,10,101
L005713,1953,S010,3559,212,40,135
L005714,1953,S002,3678,100,10,130
L005715,1953,S006,4199,71,40,384
L005716,1954,S006,4083,0,10,347
L005717,1955,S011,4944,90,5,248
L005718,1956,S012,4566,58,5,279
L005719,1956,S001,4174,227,5,264
L005720,1957,S004,1314,109,40,907
L005721,1957,S002,1560,134,20,77
L005722,1957,S006,1541,172,10,158
L005723,1957,S010,1389,0,25,287
L005724,1957,S005,1347,83,15,51
L005725,1958,S009,2891,113,20,80
L005726,1958,S006,2940,194,15,25
L005727,1958,S002,3235,85,0,240
L005728,1959,S002,4241,199,15,882
L005729,1959,S014,4682,89,25,106
L005730,1959,S010,5080,102,10,695
L005731,1959,S007,4999,123,25,174
L005732,1959,S003,4707,0,20,292
L005733,1960,S014,5420,0,5,80
L005734,1960,S006,4946,73,20,497
L005735,1960,S005,4801,220,5,490
L005736,1960,S008,5403,0,30,172
L005737,1961,S010,3125,212,5,147
L005738,1961,S006,3137,81,5,1116
L005739,1961,S005,3365,141,40,177
L005740,1961,S009,3507,0,25,336
L005741,1961,S013,3474,193,30,463
L005742,1962,S014,889,145,20,83
L005743,1962,S011,756,233,10,143
L005744,1962,S005,893,0,20,290
L005745,1962,S001,843,157,40,84
L005746,1962,S009,898,238,20,81
L005747,1963,S001,4601,111,0,212
L005748,1963,S004,4771,144,30,144
L005749,1963,S010,4606,87,20,22
L005750,1964,S009,1788,119,5,408
L005751,1965,S008,3556,216,10,287
L005752,1966,S009,5586,60,10,29
L005753,1966,S008,5516,103,20,153
L005754,1966,S013,5713,247,10,19
L005755,1966,S014,5449,133,25,86
L005756,1966,S010,5071,0,0,19
L005757,1967,S005,1115,146,10,249
L005758,1967,S010,1170,144,10,105
L005759,1967,S012,1150,157,50,11
L005760,1967,S011,977,144,25,159
L005761,1968,S008,5928,158,10,373
L005762,1968,S007,6339,147,25,407
L005763,1968,S006,5560,85,5,921
L005764,1969,S004,3695,225,10,166
L005765,1969,S011,3283,113,5,80
L005766,1970,S007,5198,188,20,220
L005767,1970,S002,5300,0,15,109
L005768,1970,S001,5493,83,10,51
L005769,1970,S004,5641,248,10,172
L005770,1970,S011,5211,150,20,59
L005771,1971,S006,5440,0,15,512
L005772,1971,S002,5217,219,0,31
L005773,1971,S001,4929,209,5,62
L005774,1971,S010,5208,79,30,908
L005775,1972,S011,637,244,10,216
L005776,1972,S004,601,0,20,131
L005777,1972,S010,542,66,50,93
L005778,1972,S002,655,208,5,223
L005779,1972,S012,558,90,25,90
L005780,1973,S014,2444,193,10,234
L005781,1974,S002,4816,115,25,135
L005782,1974,S009,5175,206,20,110
L005783,1975,S013,3921,76,15,519
L005784,1975,S011,4409,123,25,133
L005785,1975,S009,4370,126,20,31
L005786,1975,S008,4565,51,5,370
L005787,1976,S012,1748,143,25,97
L005788,1976,S001,1736,0,25,721
L005789,1976,S003,1696,217,15,113
L005790,1976,S007,1635,167,10,192
L005791,1976,S010,1771,86,10,92
L005792,1977,S002,4976,94,0,448
L005793,1977,S008,5128,0,10,37
L005794,1978,S005,925,151,20,575
L005795,1978,S009,876,64,10,35
L005796,1978,S008,1023,0,30,208
L005797,1978,S001,881,0,5,62
L005798,1979,S012,3690,189,20,51
L005799,1979,S008,3756,59,20,187
L005800,1979,S014,3571,203,20,259
L005801,1979,S005,3230,138,5,47
L005802,1980,S005,2544,0,0,429
L005803,1980,S009,2616,250,5,2693
L005804,1980,S006,2496,181,50,288
L005805,1980,S002,2758,218,0,22
L005806,1981,S010,5548,65,15,56
L005807,1981,S006,5332,215,15,618
L005808,1981,S003,5316,0,5,371
L005809,1981,S013,5350,138,50,59
L005810,1982,S012,3715,0,25,334
L005811,1982,S005,3380,205,15,878
L005812,1982,S008,3322,100,25,201
L005813,1983,S007,2308,116,10,485
L005814,1983,S002,2159,195,30,919
L005815,1983,S014,2392,0,25,278
L005816,1984,S012,4494,127,0,277
L005817,1984,S009,4379,86,5,43
L005818,1984,S003,4182,168,40,233
L005819,1985,S013,2605,167,10,748
L005820,1985,S002,2467,177,40,157
L005821,1985,S005,2612,0,25,81
L005822,1985,S009,2405,118,50,77
L005823,1986,S014,4126,63,10,74
L005824,1987,S006,785,139,0,51
L005825,1987,S010,877,87,5,289
L005826,1987,S007,897,108,0,169
L005827,1987,S011,824,212,0,132
L005828,1987,S005,836,90,5,432
L005829,1988,S003,2513,232,20,366
L005830,1988,S002,2514,61,0,23
L005831,1988,S013,2441,59,30,217
L005832,1988,S004,2555,97,5,315
L005833,1988,S009,2687,123,5,522
L005834,1989,S007,1459,62,0,140
L005835,1989,S011,1509,89,20,296
L005836,1989,S005,1524,86,25,72
L005837,1989,S012,1421,102,0,14
L005838,1990,S002,575,95,5,548
L005839,1990,S014,549,92,5,411
L005840,1990,S013,618,109,5,88
L005841,1990,S012,546,0,20,1050
L005842,1990,S009,622,138,10,194
L005843,1991,S006,1577,219,40,26
L005844,1991,S003,1373,0,15,86
L005845,1991,S014,1439,160,25,383
L005846,1992,S009,2286,0,25,33
L005847,1993,S004,5205,158,5,746
L005848,1993,S006,5239,192,15,292
L005849,1993,S002,5741,107,30,128
L005850,1993,S008,5164,0,5,997
L005851,1993,S009,5735,198,30,108
L005852,1994,S004,3146,223,20,87
L005853,1995,S008,2591,0,25,66
L005854,1995,S007,2405,153,20,341
L005855,1995,S006,2449,137,15,231
L005856,1995,S002,2565,250,25,241
L005857,1996,S007,3518,192,10,170
L005858,1996,S012,3345,206,20,42
L005859,1996,S008,3235,142,10,23
L005860,1997,S009,2503,206,5,261
L005861,1997,S011,2846,210,20,61
L005862,1997,S002,2836,135,25,265
L005863,1997,S007,2394,144,15,477
L005864,1997,S013,2459,0,20,84
L005865,1998,S008,2380,194,30,152
L005866,1998,S003,2118,228,15,49
L005867,1998,S013,2373,0,15,132
L005868,1998,S012,2042,65,40,888
L005869,1999,S005,956,0,20,60
L005870,1999,S013,1123,186,15,52
L005871,2000,S006,3528,160,5,211
L005872,2001,S007,3367,54,0,203
L005873,2001,S004,3033,85,15,304
L005874,2001,S005,3531,223,5,103
L005875,2001,S009,3411,118,0,540
L005876,2001,S006,3238,129,15,10
L005877,2002,S011,2490,0,25,99
L005878,2003,S010,1667,234,15,514
L005879,2003,S012,1413,54,25,97
L005880,2003,S014,1587,245,30,878
L005881,2003,S001,1434,167,10,167
L005882,2004,S011,2802,136,5,32
L005883,2004,S012,2670,118,20,470
L005884,2004,S003,2886,230,5,213
L005885,2004,S004,2552,182,15,195
L005886,2005,S012,584,200,10,59
L005887,2005,S007,545,176,5,219
L005888,2005,S011,531,72,25,369
L005889,2005,S010,554,147,0,34
L005890,2006,S012,4507,220,5,176
L005891,2006,S007,4752,240,20,618
L005892,2006,S002,4736,205,30,193
L005893,2006,S011,4797,187,50,107
L005894,2007,S003,3817,57,10,446
L005895,2007,S004,4096,117,0,262
L005896,2007,S007,3877,161,10,39
L005897,2008,S013,5635,226,10,141
L005898,2008,S008,6306,142,10,193
L005899,2009,S002,3017,0,15,90
L005900,2009,S008,2760,80,25,109
L005901,2009,S006,2749,181,0,313
L005902,2010,S009,576,157,5,245
L005903,2010,S005,597,206,5,45
L005904,2010,S008,540,91,20,562
L005905,2010,S011,502,176,25,247
L005906,2011,S011,2583,0,10,67
L005907,2011,S009,2664,0,15,477
L005908,2011,S010,2632,233,25,187
L005909,2012,S007,3699,145,5,109
L005910,2012,S003,4229,212,20,111
L005911,2012,S002,4035,208,10,67
L005912,2013,S002,4399,95,30,69
L005913,2013,S003,4080,106,30,764
L005914,2014,S001,4712,113,30,522
L005915,2014,S004,4480,65,25,57
L005916,2014,S009,4701,173,15,601
L005917,2014,S006,4791,143,10,36
L005918,2014,S010,4736,96,15,157
L005919,2015,S013,2104,220,5,53
L005920,2015,S012,2033,0,15,176
L005921,2015,S004,2314,157,0,30
L005922,2016,S013,893,61,40,70
L005923,2016,S002,976,170,10,274
L005924,2016,S004,967,0,10,68
L005925,2016,S011,1003,221,20,233
L005926,2017,S001,769,128,40,831
L005927,2017,S002,690,0,20,47
L005928,2018,S002,3820,0,10,200
L005929,2018,S007,3994,107,20,127
L005930,2018,S011,4067,215,15,73
L005931,2018,S003,3730,0,25,38
L005932,2019,S005,1912,106,5,16
L005933,2019,S014,1714,158,0,830
L005934,2020,S004,1340,166,15,51
L005935,2021,S012,1749,0,15,393
L005936,2021,S007,1744,0,20,82
L005937,2021,S003,1900,248,20,128
L005938,2021,S009,1830,57,20,149
L005939,2021,S013,1892,85,25,211
L005940,2022,S007,972,158,25,155
L005941,2022,S006,968,197,10,695
L005942,2023,S009,1309,0,15,22
L005943,2023,S006,1224,233,20,386
L005944,2023,S011,1273,202,0,358
L005945,2023,S003,1433,0,5,192
L005946,2023,S014,1439,242,0,80
L005947,2024,S005,1758,139,5,89
L005948,2024,S013,1625,0,40,105
L005949,2024,S002,1760,198,5,9
L005950,2024,S001,1784,212,15,239
L005951,2024,S004,1752,225,25,758
L005952,2025,S009,4539,147,15,219
L005953,2026,S009,1631,223,0,219
L005954,2026,S013,1810,86,50,88
L005955,2027,S005,3934,159,25,92
L005956,2027,S011,3989,155,25,10
L005957,2027,S008,4389,0,40,54
L005958,2027,S014,4002,0,20,927
L005959,2028,S007,4114,222,30,128
L005960,2028,S010,4233,148,40,119
L005961,2028,S012,3981,124,10,82
L005962,2029,S010,2087,180,5,262
L005963,2029,S005,1901,0,20,57
L005964,2030,S013,1301,228,15,77
L005965,2030,S009,1124,80,10,201
L005966,2030,S014,1146,130,10,137
L005967,2031,S013,5473,225,20,148
L005968,2031,S009,5335,221,10,1742
L005969,2031,S011,5450,117,50,31
L005970,2031,S005,5490,0,40,164
L005971,2031,S012,5251,72,0,274
L005972,2032,S003,1811,175,15,462
L005973,2033,S003,1480,229,0,34
L005974,2033,S012,1453,136,60,244
L005975,2033,S008,1561,249,0,19
L005976,2034,S008,5334,193,0,230
L005977,2034,S003,5160,124,25,201
L005978,2035,S012,927,158,25,109
L005979,2036,S004,2046,217,5,180
L005980,2036,S007,2470,57,5,24
L005981,2037,S011,4214,99,10,71
L005982,2037,S005,4203,141,10,1580
L005983,2038,S004,3396,0,20,128
L005984,2039,S002,4054,182,20,27
L005985,2040,S014,4544,115,25,274
L005986,2040,S007,4680,133,0,651
L005987,2041,S008,4630,123,40,178
L005988,2041,S004,5318,105,5,123
L005989,2041,S009,4646,209,0,41
L005990,2041,S007,5002,149,20,875
L005991,2041,S012,4633,249,30,35
L005992,2042,S009,4275,142,15,594
L005993,2042,S010,4666,0,10,19
L005994,2042,S012,4587,221,15,88
L005995,2042,S008,4389,193,10,193
L005996,2043,S004,5683,248,25,527
L005997,2043,S011,5672,59,10,185
L005998,2044,S003,4292,156,20,486
L005999,2044,S010,4097,101,5,92
L006000,2044,S013,4564,171,20,1349
L006001,2044,S014,4491,103,5,287
L006002,2045,S005,3565,163,15,40
L006003,2045,S012,3728,144,15,168
L006004,2045,S007,4185,137,25,77
L006005,2046,S001,2951,0,50,142
L006006,2047,S005,3755,114,5,155
L006007,2047,S007,3330,151,15,313
L006008,2048,S010,2125,0,10,106
L006009,2048,S009,2257,68,15,454
L006010,2048,S001,2015,65,10,482
L006011,2048,S013,2155,244,10,139
L006012,2049,S006,4725,241,5,425
L006013,2049,S001,4587,0,10,104
L006014,2049,S011,4303,94,50,223
L006015,2049,S014,4448,228,25,88
L006016,2049,S009,4456,0,25,52
L006017,2050,S009,4706,230,15,147
L006018,2051,S002,723,130,15,93
L006019,2051,S005,633,0,15,505
L006020,2051,S006,704,0,15,82
L006021,2052,S003,4390,108,15,130
L006022,2052,S004,4704,225,10,347
L006023,2052,S008,4317,132,20,520
L006024,2052,S011,4821,187,20,15
L006025,2053,S005,5379,0,5,68
L006026,2054,S003,1801,162,25,13
L006027,2054,S011,2027,0,20,100
L006028,2054,S004,1662,0,30,434
L006029,2054,S012,1799,193,15,27
L006030,2055,S004,2394,0,20,169
L006031,2055,S014,2474,192,60,217
L006032,2055,S012,2194,133,40,322
L006033,2056,S014,3719,123,20,95
L006034,2056,S012,3694,0,10,204
L006035,2057,S014,3860,0,10,68
L006036,2057,S011,3690,190,30,320
L006037,2057,S013,3991,111,20,59
L006038,2057,S007,3836,0,0,441
L006039,2058,S002,2077,94,5,212
L006040,2058,S011,2059,228,10,163
L006041,2058,S003,2160,202,10,112
L006042,2059,S004,4665,199,25,9
L006043,2059,S011,4456,167,25,86
L006044,2059,S010,4676,173,5,157
L006045,2060,S011,2538,168,0,22
L006046,2060,S008,2684,0,25,588
L006047,2060,S001,2527,0,20,393
L006048,2061,S002,660,69,20,134
L006049,2061,S009,745,203,10,132
L006050,2062,S003,1272,186,0,273
L006051,2062,S005,1347,125,40,183
L006052,2063,S002,2012,121,40,228
L006053,2063,S013,1827,103,10,30
L006054,2064,S008,3512,154,50,209
L006055,2064,S014,3739,100,50,113
L006056,2064,S005,3577,235,10,105
L006057,2065,S009,3930,113,15,89
L006058,2066,S006,3312,0,5,85
L006059,2066,S002,3250,223,20,172
L006060,2067,S007,3304,190,30,295
L006061,2067,S012,3709,129,5,36
L006062,2067,S013,3313,141,5,219
L006063,2067,S009,3713,141,15,23
L006064,2068,S011,5795,0,10,190
L006065,2068,S008,5957,133,20,105
L006066,2068,S004,5696,153,25,97
L006067,2069,S003,4817,215,50,20
L006068,2069,S002,4879,0,50,231
L006069,2070,S014,2281,144,50,30
L006070,2070,S003,2263,158,10,96
L006071,2070,S004,2243,244,15,90
L006072,2070,S005,2181,150,10,34
L006073,2071,S007,1323,144,10,762
L006074,2071,S002,1232,66,50,76
L006075,2071,S003,1232,155,10,274
L006076,2071,S014,1242,97,60,101
L006077,2071,S009,1372,219,10,65
L006078,2072,S002,1504,157,25,93
L006079,2072,S003,1313,62,0,154
L006080,2072,S009,1393,153,5,378
L006081,2072,S005,1486,100,30,126
L006082,2073,S011,3431,241,10,335
L006083,2074,S002,2693,90,10,68
L006084,2074,S010,2435,122,5,161
L006085,2075,S011,1992,0,20,166
L006086,2075,S014,1899,116,25,363
L006087,2075,S007,1697,248,15,17
L006088,2076,S014,1931,206,5,132
L006089,2077,S004,1588,192,10,117
L006090,2077,S001,1641,128,5,61
L006091,2078,S007,4858,0,5,23
L006092,2078,S001,4951,190,5,44
L006093,2079,S014,3620,93,30,181
L006094,2079,S012,3198,192,50,36
L006095,2079,S013,3290,79,15,135
L006096,2079,S004,3134,157,5,22
L006097,2080,S006,5797,139,20,663
L006098,2080,S008,5991,240,5,353
L006099,2080,S010,5674,82,25,1153
L006100,2080,S003,5674,159,15,86
L006101,2080,S005,5759,158,5,111
L006102,2081,S007,3233,172,15,270
L006103,2081,S006,3084,141,25,344
L006104,2081,S011,3504,195,25,33
L006105,2081,S002,3595,179,5,1234
L006106,2081,S005,3691,188,20,146
L006107,2082,S007,5287,188,10,128
L006108,2082,S003,6371,0,15,365
L006109,2083,S004,4936,164,30,99
L006110,2083,S003,5705,0,15,93
L006111,2083,S009,4967,0,10,33
L006112,2083,S006,5850,188,25,61
L006113,2084,S002,1747,0,5,487
L006114,2085,S003,4865,0,20,264
L006115,2085,S010,4348,0,5,181
L006116,2086,S004,4018,51,40,68
L006117,2086,S011,3884,91,15,172
L006118,2087,S011,2028,153,10,138
L006119,2087,S010,2148,144,25,159
L006120,2088,S009,1368,179,5,163
L006121,2088,S007,1449,104,10,66
L006122,2088,S006,1444,148,20,71
L006123,2088,S013,1410,204,5,44
L006124,2088,S014,1521,180,15,347
L006125,2089,S009,4974,0,20,99
L006126,2089,S010,5614,76,40,160
L006127,2090,S003,1289,0,20,146
L006128,2090,S013,1139,69,20,556
L006129,2090,S011,1213,0,25,132
L006130,2091,S006,3640,0,5,43
L006131,2091,S001,3826,248,20,114
L006132,2091,S002,3679,152,20,349
L006133,2091,S004,3342,120,10,47
L006134,2092,S005,2388,87,15,358
L006135,2092,S007,2215,0,5,556
L006136,2092,S002,2296,109,10,215
L006137,2092,S010,2602,53,10,294
L006138,2093,S006,5262,235,10,44
L006139,2093,S007,4899,132,5,299
L006140,2093,S009,4642,0,30,43
L006141,2093,S013,4773,0,40,20
L006142,2093,S001,4580,0,15,107
L006143,2094,S005,4811,168,10,207
L006144,2094,S011,5070,60,10,72
L006145,2094,S013,4252,0,0,695
L006146,2094,S012,4524,55,10,148
L006147,2095,S013,1481,114,30,21
L006148,2095,S008,1624,250,5,300
L006149,2095,S002,1511,245,5,159
L006150,2095,S012,1575,191,40,95
L006151,2095,S003,1537,170,20,194
L006152,2096,S007,1511,190,25,138
L006153,2096,S005,1431,104,20,119
L006154,2097,S010,487,0,10,453
L006155,2097,S014,552,73,40,74
L006156,2097,S001,529,151,50,416
L006157,2098,S003,1593,0,50,82
L006158,2098,S005,1398,198,10,403
L006159,2099,S011,710,81,5,417
L006160,2099,S002,672,221,20,80
L006161,2099,S009,727,200,5,44
L006162,2099,S003,656,136,20,625
L006163,2100,S007,4819,193,20,81
L006164,2100,S002,4562,149,15,59
L006165,2101,S013,2772,84,15,87
L006166,2101,S002,3212,0,40,282
L006167,2101,S006,3260,135,25,59
L006168,2101,S005,3247,210,25,157
L006169,2102,S014,1759,50,5,416
L006170,2103,S001,4384,0,25,266
L006171,2103,S010,4378,118,15,392
L006172,2104,S012,4809,0,50,279
L006173,2104,S011,4801,114,10,281
L006174,2104,S013,4533,214,10,210
L006175,2104,S014,4165,222,30,28
L006176,2105,S003,2454,61,5,172
L006177,2105,S014,2465,227,20,798
L006178,2105,S009,2488,118,20,2292
L006179,2106,S011,2224,0,10,198
L006180,2106,S014,2090,0,20,56
L006181,2107,S009,5165,185,40,1974
L006182,2107,S014,5687,68,5,41
L006183,2107,S001,5494,160,15,39
L006184,2107,S007,5230,0,20,480
L006185,2107,S013,6038,0,40,1382
L006186,2108,S014,885,120,30,181
L006187,2108,S005,911,92,30,31
L006188,2109,S013,3519,197,10,64
L006189,2109,S010,3780,0,25,51
L006190,2109,S004,3198,149,15,1088
L006191,2110,S007,5061,0,40,63
L006192,2110,S012,4857,0,5,92
L006193,2111,S005,3174,0,20,425
L006194,2111,S009,3274,226,20,230
L006195,2111,S013,3704,0,5,435
L006196,2112,S010,650,174,30,154
L006197,2112,S004,650,117,20,473
L006198,2112,S008,702,85,15,60
L006199,2112,S006,592,222,20,214
L006200,2113,S006,3688,0,5,145
L006201,2113,S005,3504,63,15,64
L006202,2113,S012,3862,76,5,55
L006203,2114,S004,1116,100,20,454
L006204,2114,S006,1116,0,0,33
L006205,2114,S001,1107,115,0,53
L006206,2114,S009,1107,222,0,202
L006207,2114,S011,1102,66,5,108
L006208,2115,S014,2883,190,50,774
L006209,2115,S007,3253,0,10,245
L006210,2115,S004,3218,0,20,244
L006211,2116,S003,4397,162,20,540
L006212,2117,S010,3390,80,5,66
L006213,2117,S013,3684,171,5,550
L006214,2117,S014,3607,132,40,150
L006215,2117,S001,3240,0,15,953
L006216,2118,S011,3829,0,30,128
L006217,2118,S001,3718,74,10,67
L006218,2118,S007,3522,230,15,1439
L006219,2118,S013,4136,0,15,8
L006220,2118,S002,4163,182,5,347
L006221,2119,S007,3335,0,20,121
L006222,2119,S014,3252,202,15,2614
L006223,2119,S003,3598,93,5,38
L006224,2120,S005,1353,0,15,112
L006225,2121,S008,3371,117,5,181
L006226,2121,S003,3228,199,30,309
L006227,2122,S012,3338,136,10,80
L006228,2122,S006,3502,198,20,109
L006229,2122,S009,3490,53,20,292
L006230,2122,S010,3001,0,10,318
L006231,2122,S011,3273,122,30,153
L006232,2123,S010,5383,74,15,489
L006233,2123,S013,5559,152,15,80
L006234,2123,S004,5262,136,25,33
L006235,2124,S010,4668,124,5,56
L006236,2125,S005,4053,81,5,61
L006237,2125,S007,3942,115,0,808
L006238,2125,S011,4292,183,15,125
L006239,2125,S004,4554,121,40,50
L006240,2125,S012,4043,212,20,127
L006241,2126,S008,1213,217,25,355
L006242,2126,S009,1221,121,50,65
L006243,2127,S007,2181,59,10,183
L006244,2127,S012,2494,202,0,209
L006245,2128,S008,4411,63,10,169
L006246,2129,S001,5600,120,20,491
L006247,2129,S009,5684,84,20,121
L006248,2129,S014,5746,167,15,1416
L006249,2130,S003,2714,161,15,127
L006250,2130,S008,2527,170,5,65
L006251,2130,S009,2686,50,10,123
L006252,2130,S010,2353,55,15,56
L006253,2131,S004,3454,138,20,266
L006254,2131,S010,3350,166,25,300
L006255,2132,S005,4193,0,0,17
L006256,2133,S001,2596,186,5,332
L006257,2133,S013,2925,244,25,58
L006258,2133,S008,2665,203,20,143
L006259,2133,S004,2910,231,25,105
L006260,2134,S007,4326,125,20,116
L006261,2134,S011,4548,120,30,304
L006262,2134,S003,4442,99,0,140
L006263,2134,S010,4772,240,20,48
L006264,2135,S011,3039,0,15,939
L006265,2135,S014,3063,231,15,122
L006266,2136,S010,2149,135,15,443
L006267,2137,S011,3440,205,10,176
L006268,2137,S012,3435,249,30,93
L006269,2137,S010,3696,82,20,82
L006270,2137,S002,3884,185,25,106
L006271,2138,S004,3796,77,15,80
L006272,2138,S006,3444,184,15,460
L006273,2139,S008,2758,205,10,128
L006274,2139,S014,3015,82,5,204
L006275,2139,S012,3039,198,15,82
L006276,2139,S004,2886,132,25,148
L006277,2139,S001,2565,129,60,160
L006278,2140,S006,5600,55,5,50
L006279,2141,S008,2384,0,5,397
L006280,2141,S011,2515,0,20,194
L006281,2141,S003,2443,95,25,100
L006282,2141,S012,2433,219,30,127
L006283,2141,S007,2263,242,5,161
L006284,2142,S006,2747,206,25,124
L006285,2142,S010,2917,51,30,526
L006286,2142,S013,2896,223,15,175
L006287,2143,S013,3978,243,50,27
L006288,2143,S007,3328,110,10,176
L006289,2143,S006,3453,141,10,1110
L006290,2143,S009,3482,238,10,86
L006291,2143,S010,3738,226,5,126
L006292,2144,S001,2697,59,15,145
L006293,2144,S002,2644,237,40,46
L006294,2144,S013,2912,121,10,146
L006295,2144,S010,2513,108,20,116
L006296,2144,S008,2707,0,10,41
L006297,2145,S012,6091,0,20,39
L006298,2145,S011,5307,173,20,113
L006299,2145,S003,5771,64,10,209
L006300,2146,S008,3813,145,25,142
L006301,2146,S005,4034,115,0,34
L006302,2147,S005,2589,0,25,196
L006303,2147,S012,2325,123,5,54
L006304,2147,S014,2617,0,15,148
L006305,2148,S012,5455,200,30,155
L006306,2148,S013,5599,82,30,221
L006307,2148,S002,5105,181,30,429
L006308,2149,S003,4266,189,0,431
L006309,2150,S012,1987,123,10,55
L006310,2150,S009,1975,198,10,250
L006311,2150,S011,1884,210,5,62
L006312,2151,S002,2564,161,30,222
L006313,2152,S003,2348,0,10,240
L006314,2152,S004,2262,61,25,34
L006315,2153,S007,1176,109,40,476
L006316,2154,S008,3986,0,20,213
L006317,2154,S014,3961,50,15,95
L006318,2154,S010,4028,0,15,140
L006319,2154,S013,4110,135,20,114
L006320,2154,S003,3992,152,20,136
L006321,2155,S011,2153,109,10,200
L006322,2155,S002,2232,171,5,96
L006323,2155,S003,2252,0,10,109
L006324,2155,S014,2224,148,5,118
L006325,2156,S004,2146,0,5,295
L006326,2156,S010,1939,144,10,955
L006327,2156,S006,1906,123,10,569
L006328,2156,S005,2178,0,15,118
L006329,2156,S001,2296,0,15,330
L006330,2157,S003,3037,234,5,574
L006331,2157,S012,2926,97,5,273
L006332,2157,S010,2793,121,25,41
L006333,2157,S004,3233,91,15,25
L006334,2158,S003,5247,129,10,116
L006335,2158,S008,4581,0,0,72
L006336,2159,S004,1962,104,5,425
L006337,2159,S008,1995,85,0,170
L006338,2159,S001,2160,0,40,117
L006339,2160,S003,3646,68,0,210
L006340,2160,S004,3676,147,10,124
L006341,2161,S014,5887,0,10,473
L006342,2161,S004,4921,88,30,255
L006343,2161,S005,5395,0,40,90
L006344,2161,S010,5503,0,20,909
L006345,2162,S014,1301,213,25,75
L006346,2162,S007,1375,0,15,692
L006347,2162,S001,1336,79,30,175
L006348,2163,S014,3939,200,15,40
L006349,2164,S008,1670,178,5,52
L006350,2164,S012,1709,139,10,69
L006351,2164,S014,1709,0,10,252
L006352,2164,S006,1849,186,30,132
L006353,2165,S003,3227,176,10,116
L006354,2165,S012,3653,169,5,46
L006355,2165,S006,3116,60,0,199
L006356,2165,S007,3655,181,5,382
L006357,2166,S004,1092,0,30,28
L006358,2166,S002,1196,94,10,64
L006359,2166,S001,1240,105,20,32
L006360,2166,S013,1233,144,20,74
L006361,2166,S005,1180,218,10,224
L006362,2167,S011,3479,221,0,430
L006363,2167,S009,3362,161,10,867
L006364,2167,S005,3318,100,10,365
L006365,2168,S013,2406,0,30,101
L006366,2169,S009,1354,0,0,119
L006367,2169,S005,1268,185,0,92
L006368,2169,S011,1466,86,10,62
L006369,2169,S002,1517,0,15,238
L006370,2169,S008,1386,133,40,104
L006371,2170,S009,1315,137,20,447
L006372,2170,S013,1532,0,20,201
L006373,2170,S012,1497,217,20,140
L006374,2170,S005,1275,83,10,126
L006375,2170,S006,1461,139,20,173
L006376,2171,S007,6505,179,10,273
L006377,2172,S012,3572,156,15,90
L006378,2172,S002,3984,182,20,22
L006379,2172,S006,4193,77,40,128
L006380,2172,S005,3880,0,40,198
L006381,2172,S001,4029,112,25,279
L006382,2173,S006,2102,0,20,149
L006383,2173,S013,2034,232,0,122
L006384,2173,S002,2112,239,15,92
L006385,2173,S008,2039,86,25,13
L006386,2174,S004,4869,184,10,112
L006387,2174,S003,5011,145,5,229
L006388,2174,S002,4803,130,25,67
L006389,2174,S008,5169,0,15,170
L006390,2175,S011,3337,113,15,21
L006391,2175,S005,2906,180,30,68
L006392,2175,S010,3170,142,15,49
L006393,2175,S013,2833,170,10,106
L006394,2176,S004,4042,132,15,50
L006395,2176,S010,3621,236,20,20
L006396,2176,S013,3781,97,0,193
L006397,2176,S005,4093,77,5,642
L006398,2176,S012,4074,230,20,57
L006399,2177,S014,1831,0,10,42
L006400,2177,S002,2016,167,20,1645
L006401,2177,S010,2115,61,50,75
L006402,2177,S005,1808,143,25,336
L006403,2178,S007,2534,232,25,96
L006404,2179,S003,2476,115,10,172
L006405,2179,S013,2419,110,15,313
L006406,2179,S009,2308,156,40,36
L006407,2179,S006,2149,189,20,40
L006408,2179,S002,2474,161,25,74
L006409,2180,S014,3367,249,40,92
L006410,2180,S001,3358,96,20,50
L006411,2180,S010,3110,165,30,152
L006412,2180,S003,3174,0,15,77
L006413,2180,S012,3359,56,30,127
L006414,2181,S001,558,142,10,292
L006415,2181,S006,672,0,15,277
L006416,2181,S002,576,181,0,113
L006417,2181,S009,640,124,50,133
L006418,2182,S004,4974,145,5,261
L006419,2182,S002,4240,116,50,227
L006420,2182,S005,5014,159,5,284
L006421,2182,S010,4856,77,5,115
L006422,2182,S008,4857,144,40,225
L006423,2183,S010,1957,130,25,364
L006424,2184,S003,2506,213,5,222
L006425,2185,S003,4085,101,5,151
L006426,2186,S011,3809,0,5,66
L006427,2187,S010,5446,63,10,127
L006428,2187,S014,5317,84,0,16
L006429,2187,S002,5647,0,20,39
L006430,2187,S005,5382,0,5,72
L006431,2188,S009,1480,177,20,35
L006432,2188,S002,1235,164,10,113
L006433,2189,S013,4359,93,20,132
L006434,2189,S001,4614,76,25,280
L006435,2189,S002,4502,221,25,908
L006436,2189,S011,4238,56,15,470
L006437,2190,S008,3995,150,0,190
L006438,2190,S014,3723,211,5,60
L006439,2190,S001,3852,102,15,89
L006440,2190,S010,4122,0,60,1620
L006441,2191,S005,2718,50,25,146
L006442,2192,S005,3434,174,30,925
L006443,2192,S014,3932,176,10,376
L006444,2192,S013,4014,220,20,84
L006445,2192,S011,3756,227,15,443
L006446,2192,S006,3996,127,10,47
L006447,2193,S009,5011,178,40,86
L006448,2193,S007,4751,187,40,146
L006449,2193,S003,5266,238,30,48
L006450,2194,S009,3110,237,10,50
L006451,2194,S011,3324,0,10,516
L006452,2194,S014,3480,176,0,124
L006453,2195,S007,3438,141,15,155
L006454,2195,S006,3292,139,10,886
L006455,2195,S011,3307,226,15,274
L006456,2195,S013,3790,196,30,931
L006457,2196,S002,5155,0,0,342
L006458,2196,S014,4857,72,5,212
L006459,2196,S005,4980,93,25,273
L006460,2196,S011,5179,0,20,60
L006461,2197,S008,2849,60,30,811
L006462,2197,S007,2744,101,5,453
L006463,2198,S014,5463,100,20,55
L006464,2198,S011,4591,142,5,90
L006465,2198,S008,5422,113,40,114
L006466,2198,S002,5366,250,20,607
L006467,2199,S011,1853,206,10,104
L006468,2200,S002,4904,180,15,320
L006469,2201,S005,4742,0,25,393
L006470,2202,S004,4616,61,5,218
L006471,2202,S013,4599,54,10,73
L006472,2202,S009,4760,132,30,520
L006473,2202,S007,4682,96,5,283
L006474,2202,S001,4735,158,30,509
L006475,2203,S007,4551,246,0,120
L006476,2203,S014,4465,0,5,468
L006477,2203,S009,4264,243,20,39
L006478,2203,S008,5027,216,15,95
L006479,2204,S013,3646,153,20,109
L006480,2204,S009,3630,0,50,400
L006481,2205,S007,2125,0,15,94
L006482,2205,S009,2104,73,5,805
L006483,2205,S011,2175,136,5,62
L006484,2205,S004,2055,107,10,138
L006485,2206,S009,1335,61,40,126
L006486,2206,S012,1169,125,20,295
L006487,2206,S006,1294,224,50,127
L006488,2207,S001,2260,200,15,331
L006489,2207,S010,1942,155,5,112
L006490,2208,S008,2826,193,15,118
L006491,2208,S010,3014,0,5,324
L006492,2208,S002,2730,108,15,287
L006493,2209,S012,2445,62,5,41
L006494,2209,S005,2407,207,20,55
L006495,2209,S009,2357,66,20,157
L006496,2209,S008,2638,139,50,869
L006497,2209,S006,2816,94,25,127
L006498,2210,S013,2211,58,40,1367
L006499,2210,S001,2255,192,0,85
L006500,2210,S010,2231,248,25,410
L006501,2210,S005,2167,78,15,555
L006502,2210,S003,2246,162,0,282
L006503,2211,S007,719,236,20,162
L006504,2211,S010,660,109,10,110
L006505,2211,S011,682,134,30,103
L006506,2211,S002,680,244,20,193
L006507,2212,S004,834,182,20,80
L006508,2212,S010,853,0,5,797
L006509,2213,S008,2277,72,15,659
L006510,2213,S014,2236,0,40,57
L006511,2213,S011,2340,194,50,139
L006512,2214,S011,2857,170,10,683
L006513,2214,S004,2832,64,30,374
L006514,2214,S010,2653,136,15,226
L006515,2214,S006,2664,131,10,704
L006516,2215,S003,5910,169,30,219
L006517,2215,S009,6272,138,5,226
L006518,2215,S013,5758,63,50,15
L006519,2216,S001,3428,0,10,48
L006520,2216,S010,3424,68,5,390
L006521,2216,S004,2982,63,25,360
L006522,2216,S009,3061,223,10,157
L006523,2217,S013,2044,0,25,46
L006524,2218,S013,2995,0,50,100
L006525,2218,S010,2841,69,10,68
L006526,2219,S009,4858,138,10,249
L006527,2219,S001,5191,214,10,54
L006528,2219,S011,5552,247,10,186
L006529,2220,S004,2837,118,0,92
L006530,2220,S010,2823,248,10,153
L006531,2220,S005,2631,134,10,931
L006532,2220,S012,3119,100,30,13
L006533,2220,S002,2943,86,5,872
L006534,2221,S012,1065,0,10,347
L006535,2221,S010,1044,133,20,597
L006536,2221,S002,891,212,10,52
L006537,2222,S004,5488,213,0,181
L006538,2222,S012,5969,225,5,72
L006539,2223,S010,4662,240,10,63
L006540,2223,S008,4281,0,5,258
L006541,2223,S006,4140,106,5,46
L006542,2224,S008,573,0,15,301
L006543,2224,S004,532,109,10,224
L006544,2224,S002,526,88,25,70
L006545,2224,S006,589,113,15,249
L006546,2224,S013,597,160,20,137
L006547,2225,S012,2437,0,5,119
L006548,2226,S003,1795,124,30,771
L006549,2227,S009,3876,0,10,43
L006550,2227,S006,4510,61,30,107
L006551,2227,S001,3962,224,5,190
L006552,2227,S007,4673,95,15,351
L006553,2228,S012,2586,110,25,403
L006554,2228,S002,2558,130,0,355
L006555,2228,S004,2361,0,15,610
L006556,2228,S006,2813,145,5,157
L006557,2228,S007,2399,179,5,441
L006558,2229,S007,3810,75,5,615
L006559,2229,S012,4158,238,5,36
L006560,2229,S010,4161,76,5,217
L006561,2230,S011,3995,0,10,333
L006562,2230,S006,3492,240,10,57
L006563,2230,S004,3595,218,15,100
L006564,2231,S003,2777,110,5,141
L006565,2232,S005,4125,236,0,793
L006566,2232,S013,3827,179,20,113
L006567,2233,S013,1459,157,5,71
L006568,2233,S009,1601,164,40,43
L006569,2233,S010,1666,0,10,546
L006570,2233,S014,1590,0,10,165
L006571,2234,S007,2892,167,15,540
L006572,2234,S014,2584,218,25,891
L006573,2234,S013,2897,65,30,174
L006574,2234,S008,2751,216,5,382
L006575,2235,S004,1275,246,15,19
L006576,2235,S005,1279,148,15,433
L006577,2236,S012,4512,62,30,76
L006578,2236,S013,4554,96,20,163
L006579,2237,S007,4452,110,40,144
L006580,2237,S009,4192,118,50,56
L006581,2237,S005,4309,88,40,281
L006582,2238,S007,4272,228,15,157
L006583,2238,S008,4258,100,5,158
L006584,2238,S011,4185,123,10,492
L006585,2238,S013,4662,116,20,1095
L006586,2239,S003,628,108,50,150
L006587,2239,S009,630,185,5,81
L006588,2240,S008,4266,164,25,811
L006589,2240,S009,4166,250,20,658
L006590,2240,S011,4143,192,30,115
L006591,2240,S013,4725,123,5,201
L006592,2240,S006,4534,167,15,205
L006593,2241,S002,3791,0,30,34
L006594,2241,S008,4219,77,5,147
L006595,2241,S014,4127,123,20,67
L006596,2241,S011,4404,51,25,220
L006597,2242,S014,3997,98,20,104
L006598,2242,S011,4052,233,15,177
L006599,2242,S013,4505,243,15,161
L006600,2243,S003,6066,90,40,82
L006601,2243,S002,6356,220,15,1075
L006602,2243,S010,5504,0,40,648
L006603,2244,S007,818,0,0,99
L006604,2245,S006,4137,140,5,140
L006605,2245,S014,4275,248,15,34
L006606,2246,S003,2254,233,40,23
L006607,2246,S012,2553,222,40,532
L006608,2246,S007,2375,113,25,101
L006609,2247,S006,3624,74,10,125
L006610,2248,S014,2110,80,25,371
L006611,2248,S005,1979,225,10,160
L006612,2249,S009,985,217,20,336
L006613,2249,S001,912,95,15,426
L006614,2249,S004,925,219,15,104
L006615,2249,S002,980,0,0,855
L006616,2249,S013,942,124,15,331
L006617,2250,S003,2763,0,15,902
L006618,2251,S010,3102,0,10,169
L006619,2251,S014,2917,0,0,36
L006620,2251,S003,3016,0,25,189
L006621,2252,S009,3740,80,40,256
L006622,2252,S007,3741,128,60,81
L006623,2252,S011,3934,106,30,561
L006624,2252,S003,3894,106,30,122
L006625,2252,S012,4282,145,10,195
L006626,2253,S013,3662,203,10,552
L006627,2253,S008,3693,187,10,165
L006628,2254,S009,3724,0,30,107
L006629,2254,S003,4125,152,15,54
L006630,2255,S001,4223,163,20,90
L006631,2255,S004,4051,180,15,9
L006632,2255,S010,3864,219,25,64
L006633,2256,S007,2481,250,20,172
L006634,2256,S012,2424,0,10,152
L006635,2256,S013,2389,154,15,91
L006636,2256,S014,2401,221,40,59
L006637,2256,S009,2189,117,40,431
L006638,2257,S002,462,64,50,177
L006639,2257,S004,515,0,10,576
L006640,2257,S010,460,111,25,47
L006641,2258,S008,1886,126,40,88
L006642,2259,S012,1532,70,10,66
L006643,2260,S003,4045,206,15,130
L006644,2260,S010,4329,184,15,21
L006645,2260,S012,3857,70,20,87
L006646,2260,S014,3670,0,10,1088
L006647,2260,S001,4373,62,15,32
L006648,2261,S014,1185,183,10,114
L006649,2261,S006,1108,250,20,142
L006650,2262,S010,1009,0,0,66
L006651,2262,S009,920,229,15,97
L006652,2262,S013,975,0,30,140
L006653,2263,S005,4699,66,50,259
L006654,2263,S013,5585,0,50,625
L006655,2263,S004,4694,245,10,137
L006656,2264,S002,4595,172,0,167
L006657,2265,S006,1945,98,25,569
L006658,2265,S008,1756,82,0,260
L006659,2265,S014,1901,156,15,386
L006660,2265,S003,1990,113,10,105
L006661,2266,S012,6064,0,20,400
L006662,2266,S009,6364,0,15,147
L006663,2266,S003,5970,63,40,84
L006664,2267,S013,4765,109,15,286
L006665,2267,S005,4352,50,5,101
L006666,2267,S003,4380,169,50,90
L006667,2268,S003,3456,215,30,568
L006668,2268,S011,3911,78,10,170
L006669,2268,S007,3502,61,5,118
L006670,2268,S005,4017,232,25,1003
L006671,2269,S014,2391,217,10,283
L006672,2270,S013,5609,223,15,1800
L006673,2270,S007,5429,115,25,102
L006674,2270,S010,4712,51,25,298
L006675,2270,S008,5328,139,10,243
L006676,2270,S011,5594,181,15,130
L006677,2271,S005,1220,0,25,36
L006678,2271,S010,1201,231,5,449
L006679,2271,S001,1334,195,0,161
L006680,2271,S013,1181,0,0,692
L006681,2271,S006,1176,173,5,223
L006682,2272,S008,3864,250,10,1033
L006683,2272,S001,3286,176,25,9
L006684,2272,S007,3368,176,20,89
L006685,2272,S012,3649,89,30,468
L006686,2273,S013,2349,250,10,49
L006687,2274,S003,849,218,5,332
L006688,2275,S009,3600,125,10,237
L006689,2275,S013,3459,124,0,234
L006690,2275,S003,3243,166,10,253
L006691,2275,S001,3251,138,10,128
L006692,2275,S012,3631,98,10,103
L006693,2276,S008,4634,85,15,189
L006694,2276,S012,4977,170,5,343
L006695,2276,S010,4938,241,0,147
L006696,2276,S007,4977,76,10,474
L006697,2276,S013,4939,165,15,145
L006698,2277,S003,4022,136,40,45
L006699,2277,S014,3695,208,15,203
L006700,2277,S002,4071,237,15,129
L006701,2278,S011,4135,117,20,228
L006702,2278,S004,4231,158,50,440
L006703,2278,S006,3772,75,15,196
L006704,2278,S003,4421,0,5,717
L006705,2278,S014,4375,174,10,15
L006706,2279,S012,5065,146,10,133
L006707,2279,S011,5784,0,50,43
L006708,2279,S007,4902,183,50,277
L006709,2280,S011,4774,67,25,213
L006710,2280,S002,4732,233,10,122
L006711,2281,S011,3979,190,10,240
L006712,2282,S007,4964,181,0,190
L006713,2282,S014,5443,0,40,150
L006714,2282,S012,5495,0,0,92
L006715,2283,S003,3927,195,10,76
L006716,2284,S013,2262,193,10,55
L006717,2284,S014,2452,218,0,473
L006718,2284,S004,2601,53,30,283
L006719,2285,S008,817,162,20,459
L006720,2285,S010,775,162,10,16
L006721,2286,S007,2079,84,15,158
L006722,2286,S008,2063,111,40,18
L006723,2287,S011,2678,79,15,62
L006724,2287,S007,2389,229,5,311
L006725,2287,S001,2409,112,30,33
L006726,2287,S009,2395,230,20,15
L006727,2287,S005,2856,225,60,57
L006728,2288,S002,4771,70,15,212
L006729,2288,S005,4856,227,10,84
L006730,2288,S013,5212,112,15,182
L006731,2288,S011,5017,82,25,183
L006732,2289,S003,2491,99,25,328
L006733,2289,S007,2462,215,20,145
L006734,2289,S010,2331,190,15,432
L006735,2290,S013,3212,144,25,12
L006736,2291,S010,2657,189,40,607
L006737,2291,S009,2922,161,0,60
L006738,2291,S008,2773,193,10,378
L006739,2291,S011,2782,0,30,384
L006740,2292,S007,6422,0,20,35
L006741,2292,S001,5965,211,10,575
L006742,2292,S009,6182,84,15,54
L006743,2292,S013,6136,212,25,152
L006744,2293,S009,4169,89,15,54
L006745,2293,S008,3764,173,0,40
L006746,2293,S011,4292,213,50,306
L006747,2293,S014,3713,0,60,127
L006748,2294,S003,1241,108,5,83
L006749,2294,S013,1229,0,25,277
L006750,2294,S014,1147,129,30,56
L006751,2294,S002,1162,236,15,85
L006752,2294,S012,1127,62,5,59
L006753,2295,S011,2741,0,5,32
L006754,2296,S003,4697,152,40,335
L006755,2296,S011,5256,167,0,75
L006756,2296,S001,4862,190,15,105
L006757,2296,S009,4715,243,0,142
L006758,2296,S005,4751,141,30,242
L006759,2297,S006,513,0,15,65
L006760,2298,S004,726,127,10,38
L006761,2298,S005,657,235,0,107
L006762,2298,S008,636,161,15,28
L006763,2298,S001,758,185,15,31
L006764,2298,S011,653,133,10,296
L006765,2299,S014,2619,219,60,57
L006766,2300,S006,4852,162,15,439
L006767,2300,S007,4606,239,40,155
L006768,2301,S006,517,122,15,98
L006769,2301,S004,584,0,10,132
L006770,2301,S013,547,112,10,44
L006771,2302,S010,3356,74,20,52
L006772,2303,S012,2188,202,10,83
L006773,2303,S002,2582,171,5,48
L006774,2303,S008,2201,226,40,192
L006775,2303,S013,2512,123,20,206
L006776,2304,S002,2521,237,5,154
L006777,2304,S006,2787,250,20,257
L006778,2305,S011,4914,241,5,89
L006779,2305,S012,4309,0,5,52
L006780,2305,S006,4445,0,15,148
L006781,2306,S012,2822,247,5,152
L006782,2306,S003,2467,215,20,83
L006783,2307,S003,1605,233,40,247
L006784,2307,S008,1396,164,0,355
L006785,2307,S011,1404,0,50,64
L006786,2307,S012,1587,94,20,43
L006787,2307,S014,1659,216,5,407
L006788,2308,S002,5197,74,5,176
L006789,2308,S008,5673,131,10,664
L006790,2308,S007,5593,0,20,496
L006791,2308,S004,5835,115,0,144
L006792,2309,S001,3772,248,30,51
L006793,2309,S014,3367,132,5,1073
L006794,2309,S012,3237,197,0,120
L006795,2310,S013,2628,120,20,147
L006796,2310,S002,2566,0,20,693
L006797,2310,S009,2339,0,20,291
L006798,2310,S005,2661,82,20,57
L006799,2310,S010,2553,0,15,24
L006800,2311,S008,3625,162,20,126
L006801,2311,S003,3730,112,5,66
L006802,2311,S005,3497,172,20,235
L006803,2312,S008,2226,72,20,150
L006804,2312,S013,2224,222,10,90
L006805,2312,S003,2205,0,0,113
L006806,2312,S005,2259,198,20,2068
L006807,2312,S011,2254,195,50,638
L006808,2313,S013,3265,124,10,257
L006809,2314,S002,1859,136,25,36
L006810,2314,S009,2069,215,20,93
L006811,2314,S005,1852,78,30,71
L006812,2314,S001,2101,61,10,39
L006813,2315,S012,1281,0,0,68
L006814,2315,S004,1350,127,25,317
L006815,2315,S003,1121,151,0,679
L006816,2315,S013,1296,0,25,152
L006817,2316,S002,4419,172,10,99
L006818,2316,S006,3678,50,5,206
L006819,2316,S009,4203,129,15,133
L006820,2317,S012,5472,149,10,49
L006821,2318,S011,2133,126,5,204
L006822,2319,S010,3030,182,40,209
L006823,2319,S002,2819,153,30,57
L006824,2319,S011,2994,51,25,758
L006825,2319,S008,3039,86,10,109
L006826,2320,S014,3537,62,15,363
L006827,2320,S013,3116,102,20,32
L006828,2320,S010,3260,0,15,24
L006829,2320,S001,3546,122,20,61
L006830,2320,S008,3462,182,0,834
L006831,2321,S004,2880,123,15,62
L006832,2321,S013,2683,238,5,19
L006833,2321,S008,2826,97,20,334
L006834,2321,S002,2649,88,0,307
L006835,2321,S005,2850,0,15,166
L006836,2322,S010,5252,114,30,116
L006837,2322,S014,5219,129,20,824
L006838,2322,S009,5448,154,10,142
L006839,2323,S011,1210,132,40,32
L006840,2324,S008,3582,70,30,376
L006841,2325,S003,1133,162,0,75
L006842,2325,S006,1113,191,10,149
L006843,2325,S005,1147,0,10,812
L006844,2325,S011,1005,249,25,467
L006845,2326,S007,2927,0,5,118
L006846,2326,S006,3045,0,10,263
L006847,2326,S013,3040,61,20,96
L006848,2327,S002,1994,74,0,91
L006849,2327,S009,1910,220,25,149
L006850,2327,S004,1785,226,10,733
L006851,2328,S011,4488,198,20,171
L006852,2328,S008,5414,83,20,275
L006853,2328,S014,4631,98,10,2376
L006854,2328,S002,5262,0,25,349
L006855,2328,S012,5257,226,5,25
L006856,2329,S014,3122,108,0,175
L006857,2329,S002,3374,164,20,544
L006858,2329,S001,3077,85,10,144
L006859,2329,S003,3467,0,15,77
L006860,2329,S011,3169,206,15,403
L006861,2330,S012,3950,242,20,251
L006862,2330,S001,3820,112,0,89
L006863,2330,S005,3525,102,20,292
L006864,2330,S008,3724,145,30,197
L006865,2331,S007,1557,123,20,23
L006866,2332,S004,1581,50,25,106
L006867,2333,S014,5625,0,0,333
L006868,2333,S001,5665,0,15,131
L006869,2333,S009,5684,165,25,72
L006870,2333,S004,5434,239,15,45
L006871,2333,S013,5946,173,10,124
L006872,2334,S011,5909,0,20,56
L006873,2334,S002,5466,122,25,153
L006874,2334,S004,5406,153,15,38
L006875,2334,S007,5923,0,10,270
L006876,2334,S003,5804,233,10,488
L006877,2335,S001,2655,137,0,511
L006878,2336,S003,713,150,20,181
L006879,2336,S005,656,180,5,224
L006880,2336,S007,727,108,5,145
L006881,2336,S004,733,223,40,82
L006882,2336,S014,729,70,10,184
L006883,2337,S004,4195,125,25,470
L006884,2337,S011,4191,97,5,211
L006885,2337,S005,4282,210,15,133
L006886,2337,S002,4378,95,15,595
L006887,2338,S003,1647,0,20,78
L006888,2338,S006,1527,135,20,312
L006889,2338,S005,1474,0,25,866
L006890,2338,S009,1734,72,0,120
L006891,2338,S013,1552,98,0,291
L006892,2339,S010,3397,170,30,150
L006893,2339,S004,3221,95,15,239
L006894,2339,S001,3304,87,10,35
L006895,2340,S012,3816,99,30,27
L006896,2341,S005,4958,199,10,304
L006897,2341,S007,4132,60,5,123
L006898,2341,S013,4782,178,20,164
L006899,2341,S006,4375,229,0,121
L006900,2342,S014,2797,235,20,31
L006901,2342,S009,2610,51,20,287
L006902,2342,S004,2758,69,5,149
L006903,2342,S006,2457,122,40,94
L006904,2342,S005,2769,155,30,260
L006905,2343,S009,2302,124,20,2345
L006906,2343,S002,2348,197,5,82
L006907,2343,S008,2087,127,5,710
L006908,2343,S005,2141,103,5,330
L006909,2344,S003,5579,139,10,80
L006910,2344,S009,5416,0,5,1364
L006911,2344,S006,4965,227,10,624
L006912,2345,S001,511,183,5,788
L006913,2346,S014,5178,82,5,382
L006914,2346,S006,4832,0,5,389
L006915,2346,S009,4742,141,25,28
L006916,2346,S010,4887,0,30,146
L006917,2346,S007,4400,82,0,129
L006918,2347,S001,696,210,0,61
L006919,2348,S002,5400,169,10,276
L006920,2348,S011,5920,190,10,185
L006921,2349,S011,5748,240,0,159
L006922,2349,S012,5618,152,30,91
L006923,2349,S004,5311,65,0,72
L006924,2349,S010,5634,181,5,239
L006925,2349,S001,5550,205,15,56
L006926,2350,S009,5865,83,5,66
L006927,2351,S008,6071,172,10,124
L006928,2351,S011,5381,118,40,294
L006929,2351,S013,5531,0,20,477
L006930,2351,S001,6088,102,20,86
L006931,2351,S003,6278,185,25,148
L006932,2352,S001,4262,51,15,230
L006933,2352,S006,4495,180,5,353
L006934,2352,S005,4148,0,30,1060
L006935,2352,S014,4662,0,15,172
L006936,2353,S008,5172,0,15,163
L006937,2353,S007,5613,0,0,170
L006938,2354,S013,1519,129,20,60
L006939,2354,S009,1667,135,5,195
L006940,2354,S004,1717,121,15,83
L006941,2354,S012,1666,131,20,39
L006942,2354,S001,1492,0,10,84
L006943,2355,S004,1698,0,5,38
L006944,2355,S001,1572,123,10,398
L006945,2355,S009,1798,131,5,13
L006946,2355,S011,1531,0,5,454
L006947,2356,S010,4288,128,5,13
L006948,2356,S013,4604,244,10,1345
L006949,2357,S006,1561,0,15,1384
L006950,2357,S004,1589,197,15,45
L006951,2357,S001,1621,86,20,164
L006952,2357,S011,1469,142,20,18
L006953,2358,S009,5029,190,20,45
L006954,2358,S012,4985,59,30,91
L006955,2358,S002,4849,210,10,173
L006956,2358,S004,4662,97,20,66
L006957,2358,S014,5185,53,20,1204
L006958,2359,S010,4107,197,20,102
L006959,2359,S005,3982,150,25,51
L006960,2359,S001,3986,173,25,282
L006961,2360,S002,2039,52,0,83
L006962,2361,S005,861,169,10,59
L006963,2361,S002,925,0,0,303
L006964,2361,S001,876,226,15,28
L006965,2361,S013,918,154,10,200
L006966,2362,S004,3727,0,0,166
L006967,2362,S013,3627,91,0,219
L006968,2363,S006,3559,0,20,110
L006969,2363,S014,3753,242,15,615
L006970,2363,S010,3336,94,5,1173
L006971,2363,S005,3827,239,5,268
L006972,2363,S004,3621,219,20,129
L006973,2364,S012,535,108,20,556
L006974,2364,S007,551,210,50,32
L006975,2364,S011,509,221,30,160
L006976,2364,S005,477,238,50,58
L006977,2365,S014,5277,98,15,141
L006978,2366,S005,3607,0,0,31
L006979,2366,S002,3696,92,20,18
L006980,2366,S009,4178,85,0,79
L006981,2366,S006,3853,0,15,132
L006982,2366,S014,3737,0,10,374
L006983,2367,S004,2581,219,0,225
L006984,2368,S007,1181,0,20,91
L006985,2368,S009,1344,226,5,182
L006986,2368,S011,1322,0,30,23
L006987,2368,S002,1157,92,15,32
L006988,2368,S010,1202,140,5,247
L006989,2369,S001,5385,0,20,67
L006990,2369,S006,4754,167,15,127
L006991,2369,S011,5020,97,15,24
L006992,2369,S002,5062,135,20,472
L006993,2370,S008,2721,181,20,57
L006994,2371,S001,1957,243,30,430
L006995,2371,S012,2248,0,30,147
L006996,2372,S014,4289,0,10,13
L006997,2372,S002,4586,240,15,60
L006998,2372,S012,4343,145,20,15
L006999,2372,S003,4357,230,15,585
L007000,2372,S001,4162,168,5,179
L007001,2373,S005,6047,136,40,281
L007002,2373,S006,5594,0,0,100
L007003,2373,S001,5724,105,25,78
L007004,2373,S009,5357,208,15,92
L007005,2373,S013,6164,0,5,65
L007006,2374,S007,4888,213,15,288
L007007,2375,S009,2744,217,25,40
L007008,2375,S007,2475,234,15,22
L007009,2375,S008,2771,87,15,336
L007010,2375,S002,2867,247,15,345
L007011,2375,S006,2822,77,10,83
L007012,2376,S013,628,114,15,119
L007013,2376,S012,664,56,20,33
L007014,2376,S001,635,214,50,109
L007015,2377,S005,5554,165,30,65
L007016,2378,S002,4320,150,10,154
L007017,2379,S002,2060,149,20,82
L007018,2379,S013,2061,175,20,73
L007019,2379,S003,1963,144,0,40
L007020,2379,S007,2178,141,40,395
L007021,2380,S009,4871,132,15,312
L007022,2380,S004,4347,154,40,105
L007023,2380,S008,4884,69,10,207
L007024,2380,S010,4365,101,0,122
L007025,2380,S013,4761,220,15,69
L007026,2381,S011,1176,0,20,77
L007027,2382,S006,3051,0,25,249
L007028,2382,S013,3068,0,5,235
L007029,2382,S012,3265,103,20,224
L007030,2382,S011,3345,231,20,212
L007031,2382,S002,2883,129,10,191
L007032,2383,S010,2577,0,10,347
L007033,2384,S001,1562,86,20,203
L007034,2384,S011,1413,144,20,60
L007035,2385,S013,5875,147,10,148
L007036,2385,S002,6368,225,10,81
L007037,2385,S011,6068,91,20,433
L007038,2386,S014,4391,174,20,422
L007039,2386,S004,4415,172,10,96
L007040,2386,S003,4334,217,5,136
L007041,2387,S009,1937,141,10,75
L007042,2387,S013,1952,122,0,1240
L007043,2387,S001,2180,0,50,17
L007044,2388,S011,3430,111,10,272
L007045,2388,S012,3159,87,20,331
L007046,2388,S014,3462,81,5,137
L007047,2388,S005,3395,0,15,35
L007048,2388,S002,3714,107,30,130
L007049,2389,S012,711,97,10,43
L007050,2389,S013,626,134,5,226
L007051,2389,S014,650,136,10,255
L007052,2389,S008,590,197,20,190
L007053,2389,S006,607,129,10,51
L007054,2390,S002,5952,202,0,883
L007055,2391,S010,3696,55,5,295
L007056,2391,S014,3986,103,10,178
L007057,2391,S012,4324,226,10,79
L007058,2391,S009,3924,0,30,91
L007059,2392,S009,5166,186,10,559
L007060,2393,S004,2381,99,15,44
L007061,2393,S005,2616,53,10,71
L007062,2394,S011,4460,0,50,1810
L007063,2394,S014,4626,106,0,283
L007064,2394,S009,4449,94,10,110
L007065,2394,S004,4862,78,15,64
L007066,2394,S007,4679,227,0,96
L007067,2395,S008,1795,194,15,81
L007068,2395,S004,1824,125,40,120
L007069,2395,S014,1574,187,40,60
L007070,2395,S006,1622,54,10,374
L007071,2396,S001,5892,126,5,61
L007072,2396,S004,5520,93,0,60
L007073,2396,S002,5818,0,40,253
L007074,2396,S014,5565,173,5,754
L007075,2397,S005,3202,230,25,72
L007076,2397,S012,2829,188,0,375
L007077,2397,S006,3170,111,30,423
L007078,2397,S001,2805,82,30,117
L007079,2397,S003,2895,166,10,35
L007080,2398,S005,4917,235,0,180
L007081,2399,S009,5257,214,20,106
L007082,2399,S008,4989,155,10,418
L007083,2399,S013,5495,114,20,41
L007084,2400,S005,3504,80,15,191
L007085,2400,S004,3733,207,50,32
L007086,2400,S011,3833,101,10,791
L007087,2400,S013,3522,76,5,141
L007088,2400,S010,3393,58,10,384
L007089,2401,S010,4757,88,0,816
L007090,2401,S006,4807,101,50,586
L007091,2401,S001,5347,117,5,113
L007092,2401,S009,5176,218,5,53
L007093,2402,S001,2620,73,5,427
L007094,2402,S014,2562,91,0,518
L007095,2402,S010,2512,160,30,11
L007096,2402,S006,2331,204,20,280
L007097,2402,S005,2518,213,15,337
L007098,2403,S012,5089,245,30,203
L007099,2403,S007,5982,70,30,128
L007100,2403,S014,5615,195,5,43
L007101,2404,S007,4468,156,40,119
L007102,2404,S003,4331,151,0,202
L007103,2404,S011,3860,235,10,25
L007104,2404,S009,3817,243,20,579
L007105,2404,S010,3849,78,20,52
L007106,2405,S014,1882,181,5,829
L007107,2405,S011,2087,77,15,92
L007108,2405,S008,1984,226,0,31
L007109,2406,S001,803,0,10,153
L007110,2407,S007,738,0,40,193
L007111,2407,S005,745,0,15,217
L007112,2407,S012,787,212,15,429
L007113,2407,S004,725,100,15,264
L007114,2408,S010,3084,0,30,87
L007115,2408,S012,3157,0,10,21
L007116,2408,S013,3181,219,10,66
L007117,2408,S001,3098,65,5,2471
L007118,2408,S005,3170,0,5,273
L007119,2409,S014,1715,244,20,63
L007120,2409,S007,1858,0,25,54
L007121,2409,S012,1790,0,0,304
L007122,2410,S005,5484,198,15,146
L007123,2410,S006,5879,127,15,634
L007124,2410,S001,5471,163,60,16
L007125,2410,S012,5883,195,20,166
L007126,2411,S005,5329,118,50,1080
L007127,2411,S006,5309,146,20,297
L007128,2411,S013,5388,80,60,155
L007129,2411,S009,4935,0,5,554
L007130,2411,S012,4734,55,0,399
L007131,2412,S012,4329,0,20,187
L007132,2412,S013,4522,112,10,69
L007133,2413,S009,3534,87,0,245
L007134,2413,S006,3365,0,5,141
L007135,2413,S008,4021,140,10,285
L007136,2413,S004,3985,177,30,252
L007137,2413,S007,3641,61,15,544
L007138,2414,S012,849,128,20,73
L007139,2414,S003,716,60,30,160
L007140,2414,S014,789,236,5,150
L007141,2415,S001,3029,243,5,597
L007142,2415,S008,3044,229,50,320
L007143,2415,S003,2854,218,15,104
L007144,2415,S005,3121,146,10,139
L007145,2415,S007,2817,0,0,170
L007146,2416,S012,2775,159,25,289
L007147,2417,S006,5927,244,10,115
L007148,2417,S012,6226,197,15,491
L007149,2417,S009,6154,0,15,330
L007150,2417,S001,6253,0,5,97
L007151,2418,S001,2528,186,15,148
L007152,2418,S008,2590,60,30,79
L007153,2418,S006,2678,139,10,206
L007154,2419,S008,2161,96,30,36
L007155,2419,S009,2054,141,25,393
L007156,2420,S014,802,183,20,384
L007157,2420,S003,840,131,5,231
L007158,2421,S005,2658,119,0,318
L007159,2421,S001,2521,239,10,699
L007160,2421,S003,2600,189,20,70
L007161,2422,S001,3948,63,15,192
L007162,2422,S005,4573,148,10,112
L007163,2422,S009,4580,189,0,721
L007164,2422,S007,4138,0,5,84
L007165,2422,S014,4076,241,10,124
L007166,2423,S001,5659,146,20,149
L007167,2423,S014,5654,178,5,193
L007168,2423,S008,6075,167,50,172
L007169,2423,S002,5570,208,15,85
L007170,2423,S009,6009,145,15,14
L007171,2424,S012,3658,210,10,57
L007172,2424,S005,3580,119,10,199
L007173,2424,S014,3572,101,15,342
L007174,2424,S009,3923,154,5,102
L007175,2425,S014,2185,65,10,507
L007176,2425,S009,2230,139,5,351
L007177,2425,S002,2380,144,5,298
L007178,2425,S007,2451,119,5,144
L007179,2425,S001,2476,93,20,247
L007180,2426,S008,1072,69,25,66
L007181,2426,S011,960,112,10,130
L007182,2426,S012,942,158,10,469
L007183,2426,S014,892,237,20,387
L007184,2427,S009,1456,63,5,669
L007185,2427,S007,1333,138,50,84
L007186,2427,S003,1297,216,25,425
L007187,2427,S004,1465,207,10,746
L007188,2428,S009,1421,173,20,294
L007189,2428,S004,1580,0,25,252
L007190,2428,S010,1410,0,50,48
L007191,2429,S010,2998,53,15,93
L007192,2429,S008,3228,85,60,368
L007193,2430,S014,5329,218,30,75
L007194,2430,S012,5105,162,50,172
L007195,2430,S013,4691,245,5,361
L007196,2431,S014,4455,152,25,487
L007197,2431,S007,3913,164,15,148
L007198,2431,S001,3789,85,15,676
L007199,2432,S003,5204,154,25,577
L007200,2433,S008,2093,61,10,104
L007201,2433,S011,2012,0,20,166
L007202,2434,S001,1438,184,0,447
L007203,2434,S012,1634,158,5,141
L007204,2434,S008,1526,237,5,459
L007205,2435,S013,3648,245,10,606
L007206,2435,S007,3733,99,20,184
L007207,2435,S002,3999,0,30,81
L007208,2435,S008,4168,130,0,327
L007209,2436,S001,3590,64,25,88
L007210,2436,S002,3923,186,10,137
L007211,2436,S014,3769,234,30,191
L007212,2436,S012,4059,141,5,218
L007213,2437,S013,3552,158,30,139
L007214,2437,S009,3399,113,30,499
L007215,2437,S001,3090,88,0,125
L007216,2437,S006,3543,95,40,54
L007217,2438,S002,5056,210,5,313
L007218,2438,S009,4413,0,40,212
L007219,2439,S006,4519,81,10,56
L007220,2440,S002,5031,158,0,1565
L007221,2441,S004,3651,140,25,225
L007222,2441,S013,4198,203,25,53
L007223,2442,S007,4066,227,10,84
L007224,2442,S014,4806,116,15,85
L007225,2442,S006,4107,183,0,266
L007226,2442,S005,4803,114,40,31
L007227,2442,S009,4144,0,50,112
L007228,2443,S014,4428,0,5,85
L007229,2443,S001,3984,113,10,72
L007230,2444,S014,5838,222,5,223
L007231,2444,S011,5411,164,10,57
L007232,2444,S007,5649,125,60,64
L007233,2444,S012,5541,105,30,139
L007234,2444,S008,5385,90,25,2734
L007235,2445,S009,5254,113,5,244
L007236,2445,S010,5881,0,15,105
L007237,2446,S002,1634,248,15,363
L007238,2447,S003,3610,90,10,91
L007239,2447,S013,3446,194,5,90
L007240,2447,S005,3637,164,30,53
L007241,2448,S011,4706,77,20,84
L007242,2448,S001,4675,57,50,134
L007243,2448,S004,5073,61,10,47
L007244,2448,S002,4515,230,10,555
L007245,2448,S009,5008,0,15,57
L007246,2449,S001,1180,151,20,29
L007247,2449,S014,1271,0,0,247
L007248,2449,S007,1142,195,15,670
L007249,2449,S004,1139,0,10,229
L007250,2449,S003,1335,207,10,515
L007251,2450,S008,3372,0,15,153
L007252,2451,S006,3076,159,5,90
L007253,2451,S009,3382,85,10,261
L007254,2451,S001,2970,183,40,1489
L007255,2452,S003,2031,140,10,576
L007256,2453,S014,556,0,25,106
L007257,2453,S004,575,81,0,572
L007258,2453,S008,588,177,20,195
L007259,2454,S007,6067,69,25,12
L007260,2454,S014,6120,60,5,116
L007261,2454,S002,5741,0,20,167
L007262,2454,S010,5678,211,20,121
L007263,2454,S003,6350,134,10,155
L007264,2455,S010,2033,0,10,394
L007265,2456,S004,2590,54,25,309
L007266,2457,S006,3780,172,10,73
L007267,2457,S012,3870,0,20,130
L007268,2458,S012,1729,75,20,336
L007269,2458,S011,1865,232,10,55
L007270,2459,S005,1986,129,0,22
L007271,2459,S001,2033,55,20,446
L007272,2460,S013,1315,96,20,46
L007273,2460,S001,1313,65,15,110
L007274,2460,S011,1277,190,15,206
L007275,2460,S002,1340,194,10,56
L007276,2461,S007,2332,0,5,225
L007277,2461,S009,2441,83,20,20
L007278,2462,S006,2102,228,0,57
L007279,2462,S005,1967,0,15,460
L007280,2462,S004,1992,194,5,294
L007281,2463,S006,3005,83,0,38
L007282,2463,S008,2967,97,20,219
L007283,2463,S009,2760,135,10,968
L007284,2463,S003,3081,69,5,684
L007285,2464,S008,2176,51,25,600
L007286,2464,S013,2313,246,0,65
L007287,2465,S011,4632,119,0,427
L007288,2465,S005,5006,83,15,336
L007289,2465,S001,4799,93,50,18
L007290,2466,S001,2575,0,20,52
L007291,2466,S003,2505,114,20,117
L007292,2467,S009,1583,216,5,34
L007293,2467,S001,1556,0,10,43
L007294,2468,S009,3685,81,5,29
L007295,2468,S004,4070,144,30,27
L007296,2469,S008,2810,0,5,269
L007297,2469,S012,2560,68,10,136
L007298,2469,S003,2503,108,5,346
L007299,2469,S002,2569,245,40,111
L007300,2470,S006,6317,122,10,40
L007301,2471,S011,941,182,10,622
L007302,2471,S002,924,146,20,69
L007303,2472,S011,2231,177,0,147
L007304,2473,S012,4960,240,0,26
L007305,2473,S005,4905,239,10,399
L007306,2473,S006,4957,225,30,288
L007307,2473,S003,4836,76,10,32
L007308,2473,S001,5212,200,0,20
L007309,2474,S008,1024,0,40,176
L007310,2474,S010,948,176,20,359
L007311,2474,S004,939,228,15,262
L007312,2474,S009,933,233,5,164
L007313,2474,S002,910,185,25,69
L007314,2475,S001,1942,170,5,205
L007315,2475,S010,1779,164,25,218
L007316,2475,S006,1764,178,5,156
L007317,2476,S013,3844,160,15,262
L007318,2477,S014,4269,81,30,201
L007319,2477,S013,4399,55,20,290
L007320,2478,S007,4764,157,0,188
L007321,2478,S010,5004,0,0,73
L007322,2478,S002,4324,65,15,105
L007323,2478,S012,4657,165,10,112
L007324,2478,S013,4836,209,15,115
L007325,2479,S001,630,152,5,309
L007326,2480,S003,3228,202,40,371
L007327,2480,S014,2811,215,10,739
L007328,2480,S013,3043,0,15,524
L007329,2480,S008,2992,75,5,1791
L007330,2481,S011,3187,87,0,62
L007331,2481,S005,3314,247,5,89
L007332,2481,S002,3045,0,15,217
L007333,2481,S013,3203,189,10,193
L007334,2481,S014,3418,141,10,51
L007335,2482,S003,2138,225,20,229
L007336,2483,S009,1667,0,10,194
L007337,2483,S005,1785,0,20,78
L007338,2483,S011,1652,175,0,115
L007339,2483,S003,1942,0,5,419
L007340,2484,S008,5924,186,5,609
L007341,2484,S013,5832,146,10,118
L007342,2485,S002,2493,178,10,141
L007343,2485,S008,2715,0,20,182
L007344,2485,S003,2658,166,15,472
L007345,2485,S009,2519,0,10,215
L007346,2486,S003,2993,250,20,30
L007347,2486,S014,2560,228,15,75
L007348,2487,S007,1440,0,40,174
L007349,2487,S011,1450,74,10,29
L007350,2487,S014,1370,152,15,277
L007351,2488,S014,1188,66,10,465
L007352,2488,S011,1149,0,40,324
L007353,2488,S007,1097,149,15,67
L007354,2488,S013,1211,0,10,177
L007355,2488,S002,1223,213,30,255
L007356,2489,S014,3280,219,20,83
L007357,2489,S001,3000,0,30,52
L007358,2489,S011,3083,210,15,133
L007359,2489,S010,3049,176,15,108
L007360,2489,S005,3243,87,5,179
L007361,2490,S005,927,0,15,216
L007362,2490,S014,973,243,15,159
L007363,2490,S009,993,205,5,143
L007364,2490,S002,1009,118,15,328
L007365,2491,S001,5441,177,15,104
L007366,2491,S011,5448,0,15,333
L007367,2492,S010,2477,56,25,224
L007368,2492,S004,2486,0,30,51
L007369,2493,S010,4603,93,5,147
L007370,2494,S001,1117,202,15,83
L007371,2495,S005,3967,164,5,209
L007372,2496,S012,2306,100,0,454
L007373,2496,S008,2093,53,25,100
L007374,2497,S011,5970,0,5,62
L007375,2497,S003,5982,0,30,627
L007376,2497,S005,5665,0,20,1513
L007377,2497,S008,5777,54,20,820
L007378,2498,S013,2120,235,0,326
L007379,2498,S011,2127,0,10,61
L007380,2498,S010,2446,0,25,451
L007381,2499,S014,5144,191,15,391
L007382,2500,S011,2798,185,10,875
L007383,2501,S012,1890,74,25,59
L007384,2501,S003,1972,0,20,41
L007385,2501,S014,1810,238,15,58
L007386,2502,S009,5913,233,25,98
L007387,2502,S001,5192,168,25,28
L007388,2503,S013,2230,0,20,511
L007389,2503,S004,2270,135,20,127
L007390,2503,S010,2473,221,10,164
L007391,2503,S011,2308,248,15,84
L007392,2504,S013,1698,0,20,133
L007393,2504,S005,1897,0,10,59
L007394,2504,S012,1786,249,10,205
L007395,2504,S003,1910,192,25,27
L007396,2504,S001,1884,0,20,79
L007397,2505,S006,3146,142,15,117
L007398,2506,S007,5916,74,10,425
L007399,2506,S010,5880,101,40,486
L007400,2507,S013,4752,92,20,48
L007401,2507,S004,5462,204,15,517
L007402,2507,S003,5280,0,0,289
L007403,2508,S007,5027,66,20,54
L007404,2508,S002,4446,179,20,111
L007405,2508,S008,4878,196,15,349
L007406,2508,S011,4963,0,15,59
L007407,2509,S013,5427,56,5,274
L007408,2509,S009,5171,139,0,148
L007409,2509,S014,5753,176,15,456
L007410,2510,S014,4228,243,20,2999
L007411,2511,S007,2998,102,30,69
L007412,2511,S014,3138,221,20,188
L007413,2512,S007,1661,83,10,311
L007414,2512,S006,1614,182,5,42
L007415,2513,S001,5626,173,15,350
L007416,2513,S007,6052,107,20,571
L007417,2513,S013,5997,160,5,202
L007418,2513,S009,6104,0,10,236
L007419,2514,S006,2167,0,15,52
L007420,2515,S008,1165,220,15,57
L007421,2515,S011,1216,235,5,120
L007422,2515,S006,1094,185,25,121
L007423,2516,S002,3226,53,20,21
L007424,2516,S013,3330,219,15,117
L007425,2517,S010,3329,160,20,266
L007426,2518,S014,4279,210,50,361
L007427,2518,S002,3759,107,20,80
L007428,2518,S001,4109,170,10,126
L007429,2519,S014,842,151,15,87
L007430,2519,S011,817,249,0,244
L007431,2519,S002,787,112,15,539
L007432,2519,S007,778,78,20,622
L007433,2520,S008,4807,73,15,157
L007434,2520,S003,4825,81,25,195
L007435,2520,S005,4458,0,5,56
L007436,2520,S011,4301,156,25,176
L007437,2521,S011,5723,224,20,23
L007438,2521,S007,5565,235,5,73
L007439,2521,S008,5696,208,20,105
L007440,2521,S005,5544,241,25,133
L007441,2522,S013,6219,0,20,33
L007442,2522,S009,5735,0,10,52
L007443,2522,S005,6248,180,10,236
L007444,2522,S010,6177,178,20,53
L007445,2522,S011,5830,88,15,46
L007446,2523,S003,4798,111,10,46
L007447,2524,S008,4524,75,30,1376
L007448,2524,S009,4969,161,5,183
L007449,2525,S008,4609,237,20,570
L007450,2525,S013,4768,182,30,462
L007451,2526,S012,1058,65,50,305
L007452,2526,S013,1160,0,30,101
L007453,2526,S014,1129,191,5,43
L007454,2527,S002,2320,0,10,145
L007455,2528,S002,2116,236,5,82
L007456,2528,S012,2475,167,5,57
L007457,2528,S011,2356,104,10,450
L007458,2528,S007,2313,161,40,469
L007459,2529,S004,604,0,30,64
L007460,2529,S011,593,0,40,158
L007461,2529,S013,553,55,50,96
L007462,2530,S011,4376,142,5,106
L007463,2530,S010,4543,0,25,89
L007464,2531,S006,5760,90,30,489
L007465,2532,S008,2654,211,5,65
L007466,2532,S014,2577,0,25,765
L007467,2533,S004,5707,109,15,18
L007468,2533,S010,5839,107,0,95
L007469,2533,S008,5612,123,0,772
L007470,2533,S013,5762,160,5,93
L007471,2534,S009,663,142,10,202
L007472,2534,S014,662,0,5,399
L007473,2534,S003,677,51,10,299
L007474,2534,S013,765,0,10,97
L007475,2534,S002,692,139,5,30
L007476,2535,S010,3282,156,30,61
L007477,2535,S003,3914,88,25,272
L007478,2536,S011,4896,0,20,357
L007479,2536,S004,4790,96,10,185
L007480,2536,S006,4540,128,10,81
L007481,2536,S008,4483,0,10,291
L007482,2537,S011,3576,0,10,283
L007483,2537,S005,3893,180,10,25
L007484,2537,S004,3776,56,10,97
L007485,2537,S012,3588,180,20,56
L007486,2538,S010,986,234,5,441
L007487,2538,S003,899,208,20,1020
L007488,2538,S001,1026,153,0,335
L007489,2538,S011,988,233,15,28
L007490,2538,S006,930,79,0,57
L007491,2539,S006,3042,53,10,92
L007492,2539,S011,2775,218,20,109
L007493,2539,S014,2879,141,10,49
L007494,2540,S013,5075,183,50,130
L007495,2540,S006,5309,136,40,23
L007496,2540,S009,4972,50,10,212
L007497,2540,S005,5065,59,15,154
L007498,2540,S008,4998,240,40,582
L007499,2541,S005,3043,137,15,192
L007500,2541,S006,3326,0,5,504
L007501,2542,S006,1656,0,20,209
L007502,2543,S010,5320,0,15,794
L007503,2543,S011,5017,246,15,316
L007504,2543,S007,5196,175,20,87
L007505,2543,S004,5594,107,5,117
L007506,2543,S002,5513,119,30,110
L007507,2544,S005,4860,112,20,68
L007508,2544,S002,5299,0,15,107
L007509,2544,S011,4945,82,10,123
L007510,2545,S011,963,134,40,29
L007511,2545,S007,1005,149,0,29
L007512,2545,S008,924,134,10,174
L007513,2546,S003,3797,211,60,331
L007514,2546,S004,3583,106,50,38
L007515,2547,S013,5456,92,30,39
L007516,2548,S009,6281,68,5,173
L007517,2548,S004,5414,0,10,243
L007518,2549,S008,4085,133,0,271
L007519,2550,S006,4955,0,5,251
L007520,2551,S014,1216,231,25,435
L007521,2551,S003,1181,0,0,38
L007522,2551,S004,1408,0,30,125
L007523,2551,S006,1398,79,5,936
L007524,2551,S011,1219,168,20,202
L007525,2552,S012,999,189,40,420
L007526,2552,S005,1012,0,5,133
L007527,2553,S013,2861,214,25,142
L007528,2553,S011,2802,0,5,104
L007529,2554,S003,4751,0,15,55
L007530,2554,S004,4799,171,20,144
L007531,2554,S001,4114,135,25,132
L007532,2554,S009,4699,118,0,77
L007533,2555,S009,2189,195,20,58
L007534,2555,S012,1939,0,0,66
L007535,2555,S002,1853,64,10,46
L007536,2555,S006,2047,0,25,129
L007537,2556,S014,3113,0,25,661
L007538,2557,S001,1307,249,15,289
L007539,2557,S006,1491,151,15,452
L007540,2558,S002,5421,71,0,130
L007541,2558,S003,4994,139,30,477
L007542,2558,S009,4981,207,0,231
L007543,2559,S004,2830,117,20,49
L007544,2559,S011,2588,110,15,30
L007545,2559,S013,2784,0,30,42
L007546,2559,S008,2701,76,0,409
L007547,2560,S004,2852,182,10,248
L007548,2560,S002,3164,250,25,140
L007549,2560,S003,2678,0,0,137
L007550,2560,S001,3220,154,15,110
L007551,2560,S010,3187,0,15,64
L007552,2561,S001,3274,108,40,164
L007553,2561,S014,3190,100,10,316
L007554,2561,S002,3644,176,60,785
L007555,2561,S013,3490,0,10,368
L007556,2562,S010,5332,163,10,329
L007557,2562,S004,5928,101,20,224
L007558,2562,S009,6153,0,10,371
L007559,2562,S014,5693,108,25,98
L007560,2563,S005,2027,182,5,155
L007561,2563,S004,1933,130,15,390
L007562,2563,S002,2047,79,15,66
L007563,2563,S008,1759,161,20,30
L007564,2564,S008,4191,206,30,672
L007565,2564,S006,4053,147,40,58
L007566,2564,S009,3987,78,10,151
L007567,2565,S003,5727,106,15,71
L007568,2565,S001,5285,132,15,425
L007569,2565,S004,5295,148,5,87
L007570,2565,S005,5192,0,10,299
L007571,2566,S007,4250,0,0,236
L007572,2566,S014,4895,91,5,88
L007573,2566,S012,4771,0,40,18
L007574,2566,S005,4082,232,40,75
L007575,2567,S007,4458,136,5,66
L007576,2568,S009,4811,182,10,97
L007577,2568,S014,4805,241,0,34
L007578,2568,S011,4052,157,10,64
L007579,2568,S007,4276,221,10,898
L007580,2569,S014,3364,147,20,524
L007581,2569,S012,3297,228,0,60
L007582,2569,S009,3317,0,0,91
L007583,2570,S011,1500,0,0,104
L007584,2570,S010,1459,139,30,104
L007585,2570,S003,1581,90,20,370
L007586,2571,S003,2029,0,5,143
L007587,2571,S011,2015,222,20,75
L007588,2571,S014,1810,0,5,966
L007589,2572,S011,2490,0,20,149
L007590,2572,S001,2705,180,15,1023
L007591,2572,S012,2321,125,40,317
L007592,2572,S007,2651,92,20,57
L007593,2572,S005,2365,239,30,168
L007594,2573,S009,1157,183,0,276
L007595,2574,S004,2724,209,10,67
L007596,2575,S011,943,223,20,193
L007597,2575,S001,1117,93,25,115
L007598,2575,S013,955,0,20,32
L007599,2575,S008,996,64,40,52
L007600,2576,S010,458,0,25,51
L007601,2576,S001,539,78,10,140
L007602,2577,S011,3411,0,10,58
L007603,2578,S010,1817,116,30,85
L007604,2578,S005,2075,210,20,146
L007605,2578,S001,2121,74,15,572
L007606,2578,S007,2184,0,50,118
L007607,2578,S003,2054,144,5,75
L007608,2579,S005,4090,118,15,39
L007609,2580,S002,3705,223,25,145
L007610,2580,S014,3711,134,20,92
L007611,2581,S007,1812,135,10,121
L007612,2581,S014,1935,185,5,191
L007613,2581,S010,1879,113,0,116
L007614,2581,S005,1929,57,15,31
L007615,2581,S013,1965,51,10,52
L007616,2582,S012,2722,69,15,43
L007617,2582,S010,2507,60,0,157
L007618,2582,S004,2572,223,10,499
L007619,2582,S014,2775,174,10,244
L007620,2583,S003,1161,194,10,255
L007621,2583,S009,1048,108,20,119
L007622,2584,S012,5188,110,10,187
L007623,2584,S011,5485,179,30,705
L007624,2584,S010,4966,149,15,98
L007625,2584,S001,5309,0,0,31
L007626,2585,S003,4859,162,5,474
L007627,2585,S006,5670,0,15,102
L007628,2585,S010,5621,0,10,567
L007629,2585,S012,5174,243,5,802
L007630,2585,S002,5796,94,40,47
L007631,2586,S008,3764,0,0,34
L007632,2586,S003,3402,197,40,221
L007633,2587,S013,5864,0,15,129
L007634,2587,S011,5447,0,20,127
L007635,2587,S008,6301,166,15,119
L007636,2587,S005,5851,225,20,175
L007637,2587,S002,5360,192,25,54
L007638,2588,S001,1143,51,40,202
L007639,2589,S002,605,125,25,272
L007640,2590,S006,579,248,15,38
L007641,2590,S002,537,71,10,94
L007642,2590,S004,598,111,30,365
L007643,2590,S009,630,104,5,423
L007644,2590,S003,603,245,20,184
L007645,2591,S012,4472,52,15,90
L007646,2591,S004,4997,139,30,66
L007647,2591,S003,4273,172,10,151
L007648,2592,S004,2843,206,20,102
L007649,2593,S012,2316,142,40,114
L007650,2593,S002,1978,236,0,81
L007651,2593,S001,2005,106,30,138
L007652,2594,S008,2995,67,10,103
L007653,2594,S004,3285,0,10,909
L007654,2594,S005,3536,216,20,153
L007655,2594,S001,3184,51,20,35
L007656,2594,S002,3389,131,20,137
L007657,2595,S001,4129,128,15,864
L007658,2595,S014,3936,61,15,278
L007659,2596,S002,2539,91,0,250
L007660,2596,S007,2672,207,20,171
L007661,2597,S005,2359,232,5,391
L007662,2597,S008,2105,76,30,160
L007663,2597,S006,2101,212,20,375
L007664,2597,S010,2296,0,15,192
L007665,2597,S013,2150,196,30,186
L007666,2598,S012,4551,0,20,81
L007667,2598,S002,4166,208,0,325
L007668,2598,S003,4697,0,20,469
L007669,2598,S008,4323,112,0,211
L007670,2599,S012,5035,134,25,39
L007671,2599,S003,4283,175,10,256
L007672,2599,S002,5027,0,30,137
L007673,2599,S004,4676,0,15,39
L007674,2599,S005,4831,129,10,211
L007675,2600,S012,1393,51,50,129
L007676,2600,S008,1417,159,20,664
L007677,2600,S013,1596,199,5,33
L007678,2601,S013,1816,231,25,134
L007679,2601,S001,1790,149,60,72
L007680,2601,S005,1827,158,20,94
L007681,2601,S014,1910,164,15,47
L007682,2602,S008,5626,211,0,101
L007683,2602,S009,5983,139,15,121
L007684,2603,S003,5372,130,40,162
L007685,2603,S002,6353,119,30,29
L007686,2603,S013,6053,239,10,145
L007687,2604,S013,1380,0,15,118
L007688,2605,S004,775,131,10,130
L007689,2605,S007,671,57,10,115
L007690,2606,S009,2709,0,40,67
L007691,2606,S004,2759,120,25,443
L007692,2606,S006,2812,125,25,647
L007693,2607,S013,1999,122,5,298
L007694,2607,S007,2200,0,10,256
L007695,2607,S012,2286,170,5,420
L007696,2608,S007,982,218,30,126
L007697,2609,S003,658,228,30,102
L007698,2609,S002,747,126,0,237
L007699,2610,S002,3947,91,15,42
L007700,2610,S009,3492,178,10,1906
L007701,2611,S008,5439,137,5,159
L007702,2611,S006,5531,153,10,546
L007703,2611,S005,5127,228,25,106
L007704,2611,S011,5271,159,20,603
L007705,2612,S014,578,174,10,329
L007706,2612,S003,530,116,10,119
L007707,2612,S004,512,0,25,17
L007708,2612,S013,587,0,15,168
L007709,2613,S009,4339,0,20,53
L007710,2613,S011,4644,0,0,418
L007711,2613,S004,4146,0,10,123
L007712,2613,S001,4404,154,5,948
L007713,2613,S002,3923,151,20,118
L007714,2614,S012,2723,0,10,55
L007715,2614,S005,2471,177,0,14
L007716,2614,S010,2555,224,20,34
L007717,2614,S003,2528,236,10,577
L007718,2615,S011,3376,0,10,226
L007719,2615,S008,3451,184,25,600
L007720,2615,S014,3469,180,10,27
L007721,2616,S008,3039,139,25,112
L007722,2616,S005,2956,161,5,225
L007723,2616,S014,3097,237,10,119
L007724,2616,S006,3309,157,20,217
L007725,2616,S001,3395,235,20,60
L007726,2617,S011,5223,162,0,62
L007727,2617,S012,5582,59,40,81
L007728,2617,S009,5064,120,30,446
L007729,2617,S014,5778,184,20,283
L007730,2617,S002,5528,0,15,22
L007731,2618,S008,4573,149,0,79
L007732,2618,S013,4103,172,5,543
L007733,2618,S003,4309,99,0,585
L007734,2618,S007,3954,120,20,233
L007735,2618,S010,4647,201,40,80
L007736,2619,S003,4932,131,10,221
L007737,2619,S007,5238,181,25,187
L007738,2620,S014,5223,68,30,458
L007739,2621,S010,3935,0,20,29
L007740,2621,S001,3783,187,30,215
L007741,2621,S005,3913,0,30,82
L007742,2621,S014,4143,72,30,41
L007743,2621,S002,3818,80,10,334
L007744,2622,S011,5242,104,50,79
L007745,2623,S002,5008,84,25,634
L007746,2623,S014,5725,65,10,376
L007747,2623,S003,5786,222,10,201
L007748,2624,S003,5597,225,20,3
L007749,2624,S001,5480,238,0,801
L007750,2624,S006,5212,194,30,126
L007751,2624,S009,5269,0,0,36
L007752,2624,S007,5600,0,20,394
L007753,2625,S005,5579,82,40,206
L007754,2625,S008,5402,225,10,286
L007755,2626,S009,4244,0,40,54
L007756,2627,S011,5669,0,40,201
L007757,2627,S003,5928,158,0,25
L007758,2627,S014,5417,83,25,105
L007759,2627,S007,5653,77,40,87
L007760,2628,S008,4765,100,15,25
L007761,2628,S007,5355,0,10,41
L007762,2629,S007,3170,181,20,92
L007763,2629,S010,3060,0,5,139
L007764,2629,S006,2634,145,5,202
L007765,2630,S004,4467,0,10,66
L007766,2630,S012,4726,134,10,174
L007767,2630,S001,4998,189,40,403
L007768,2631,S010,4861,228,0,76
L007769,2631,S004,5390,0,5,569
L007770,2631,S002,5269,0,40,55
L007771,2631,S007,5588,205,15,86
L007772,2632,S014,4928,62,40,199
L007773,2632,S004,5296,246,20,244
L007774,2633,S007,1509,0,5,697
L007775,2633,S011,1499,133,15,66
L007776,2633,S014,1321,189,10,57
L007777,2633,S002,1613,182,20,64
L007778,2633,S010,1528,249,10,1274
L007779,2634,S004,4254,176,30,286
L007780,2635,S010,4951,122,0,83
L007781,2635,S002,5486,0,15,439
L007782,2635,S009,5556,0,15,355
L007783,2635,S001,5002,224,5,23
L007784,2635,S012,5507,228,50,376
L007785,2636,S001,3094,248,0,32
L007786,2636,S010,2868,186,5,50
L007787,2636,S011,3052,190,10,119
L007788,2636,S014,2784,50,50,481
L007789,2637,S003,3882,174,15,117
L007790,2638,S002,2661,112,5,410
L007791,2638,S001,2535,208,0,83
L007792,2638,S005,2438,97,20,99
L007793,2638,S013,2295,184,0,31
L007794,2638,S012,2667,103,15,126
L007795,2639,S002,1794,198,0,49
L007796,2639,S001,1847,122,0,1162
L007797,2639,S007,1764,0,15,134
L007798,2640,S011,938,127,50,39
L007799,2640,S001,1031,134,15,385
L007800,2641,S010,1027,233,15,218
L007801,2641,S003,999,227,0,294
L007802,2642,S001,4714,217,50,92
L007803,2642,S012,5470,250,20,66
L007804,2643,S007,5071,89,15,192
L007805,2643,S010,5778,0,25,383
L007806,2643,S001,5372,226,20,124
L007807,2644,S009,5733,66,0,220
L007808,2645,S005,5919,0,15,26
L007809,2646,S005,1930,146,0,50
L007810,2646,S006,2068,0,5,72
L007811,2646,S007,1958,176,5,134
L007812,2647,S008,5453,225,30,97
L007813,2647,S012,5744,105,20,352
L007814,2647,S005,5663,162,20,127
L007815,2647,S009,5291,0,0,553
L007816,2647,S004,5339,0,40,52
L007817,2648,S012,2239,99,10,290
L007818,2648,S006,2299,236,10,116
L007819,2649,S007,4339,135,20,284
L007820,2649,S012,3884,196,5,239
L007821,2649,S004,3945,99,30,116
L007822,2649,S003,4418,197,20,110
L007823,2649,S002,4523,115,5,89
L007824,2650,S001,1797,0,0,572
L007825,2650,S008,1751,0,10,14
L007826,2650,S002,1688,218,5,560
L007827,2650,S007,1665,84,5,44
L007828,2651,S006,2196,0,15,161
L007829,2651,S010,2077,232,20,72
L007830,2651,S014,2182,64,20,307
L007831,2651,S003,1975,140,5,271
L007832,2652,S014,1008,225,5,26
L007833,2652,S012,898,0,15,84
L007834,2652,S010,916,166,15,317
L007835,2652,S006,1043,55,25,97
L007836,2652,S004,1056,138,5,689
L007837,2653,S010,1265,145,20,137
L007838,2653,S008,1257,156,30,15
L007839,2653,S014,1385,193,15,89
L007840,2653,S012,1444,157,20,117
L007841,2654,S003,3468,191,10,536
L007842,2654,S010,3433,216,20,357
L007843,2654,S011,3320,0,15,140
L007844,2654,S014,3245,95,10,159
L007845,2655,S006,1460,135,30,78
L007846,2655,S014,1384,0,20,124
L007847,2655,S007,1478,157,10,246
L007848,2655,S008,1518,85,5,138
L007849,2656,S002,1682,115,5,99
L007850,2656,S003,1842,63,25,407
L007851,2656,S006,1964,0,0,237
L007852,2656,S001,1900,0,20,648
L007853,2656,S004,1811,0,15,123
L007854,2657,S014,1863,119,10,61
L007855,2657,S002,2112,0,10,164
L007856,2658,S007,4927,53,15,193
L007857,2658,S009,4704,0,25,138
L007858,2658,S005,5587,98,60,155
L007859,2658,S012,5111,220,30,278
L007860,2659,S008,1163,0,5,87
L007861,2659,S002,1332,170,10,211
L007862,2659,S012,1189,118,15,162
L007863,2659,S003,1149,0,25,190
L007864,2660,S007,3913,181,30,90
L007865,2660,S001,3715,0,10,76
L007866,2661,S006,731,159,40,116
L007867,2661,S005,701,242,40,177
L007868,2661,S001,743,0,30,25
L007869,2662,S005,5405,249,15,131
L007870,2663,S009,4832,164,0,61
L007871,2663,S007,5180,0,10,393
L007872,2663,S005,4838,193,10,135
L007873,2663,S008,4848,222,40,94
L007874,2664,S005,657,184,10,153
L007875,2665,S004,3822,172,25,126
L007876,2665,S006,4246,97,10,43
L007877,2665,S003,3900,0,5,64
L007878,2665,S013,3918,240,0,139
L007879,2665,S011,4118,155,10,92
L007880,2666,S010,4638,150,10,219
L007881,2666,S002,5359,88,20,197
L007882,2666,S011,5398,225,5,245
L007883,2666,S007,5179,240,10,102
L007884,2667,S012,3447,86,10,421
L007885,2667,S011,4015,101,10,576
L007886,2667,S005,3811,69,30,53
L007887,2668,S007,791,235,30,535
L007888,2668,S005,804,206,5,127
L007889,2668,S014,800,112,10,91
L007890,2668,S002,852,70,0,233
L007891,2668,S013,838,212,20,50
L007892,2669,S002,1762,161,5,356
L007893,2670,S009,5370,80,10,146
L007894,2670,S014,4834,247,15,502
L007895,2671,S001,2261,58,5,218
L007896,2671,S004,2111,164,10,121
L007897,2671,S005,2107,0,10,103
L007898,2671,S011,2326,112,0,36
L007899,2672,S009,5598,179,15,136
L007900,2672,S001,6290,133,5,1152
L007901,2673,S001,4995,91,15,78
L007902,2673,S010,4735,56,10,122
L007903,2673,S002,5390,56,25,138
L007904,2674,S009,3711,172,25,9
L007905,2674,S010,3451,202,20,306
L007906,2674,S001,4003,207,5,635
L007907,2674,S002,4191,0,20,164
L007908,2675,S010,3077,227,10,293
L007909,2675,S002,2874,111,10,53
L007910,2675,S003,3191,0,30,182
L007911,2675,S009,3223,53,0,262
L007912,2675,S013,2957,0,15,66
L007913,2676,S011,4483,65,5,156
L007914,2676,S005,5104,60,25,11
L007915,2676,S007,4790,172,10,222
L007916,2676,S004,4879,199,30,395
L007917,2676,S014,4484,181,5,378
L007918,2677,S011,3198,0,20,239
L007919,2677,S004,3236,233,5,219
L007920,2677,S009,3332,90,10,650
L007921,2677,S002,3261,157,30,199
L007922,2677,S014,3531,0,10,230
L007923,2678,S007,5746,192,15,182
L007924,2678,S001,5281,0,40,99
L007925,2679,S007,2816,68,10,83
L007926,2679,S009,2761,104,5,333
L007927,2679,S001,2988,0,15,102
L007928,2679,S013,2860,239,15,799
L007929,2680,S007,4442,167,0,153
L007930,2681,S001,3722,0,20,493
L007931,2682,S011,5274,0,30,76
L007932,2682,S006,5257,96,0,381
L007933,2682,S013,5078,185,10,903
L007934,2682,S001,5469,168,30,103
L007935,2682,S010,5248,94,0,237
L007936,2683,S014,999,92,0,185
L007937,2684,S010,3920,223,20,20
L007938,2685,S013,1337,205,15,20
L007939,2686,S005,2784,203,5,555
L007940,2686,S009,2783,105,5,45
L007941,2687,S003,5309,0,40,246
L007942,2687,S006,5656,186,25,822
L007943,2687,S007,5298,66,20,117
L007944,2687,S010,5800,65,25,33
L007945,2688,S007,4377,193,10,191
L007946,2688,S010,4429,72,15,37
L007947,2688,S009,4586,0,20,563
L007948,2688,S008,4350,192,40,21
L007949,2688,S001,5058,199,5,169
L007950,2689,S011,2432,241,5,202
L007951,2689,S003,2698,139,15,197
L007952,2690,S002,5305,0,30,34
L007953,2690,S009,6045,159,20,62
L007954,2690,S006,5397,122,20,228
L007955,2690,S005,5937,155,5,71
L007956,2690,S010,5934,52,40,117
L007957,2691,S014,4276,0,10,201
L007958,2691,S011,4487,67,50,115
L007959,2691,S008,4760,83,15,99
L007960,2691,S005,4787,0,10,56
L007961,2691,S003,4385,148,30,105
L007962,2692,S013,3020,128,10,131
L007963,2692,S008,3210,0,20,96
L007964,2693,S011,4173,0,20,124
L007965,2693,S003,4314,127,10,139
L007966,2693,S001,4738,98,30,796
L007967,2694,S005,2159,0,5,131
L007968,2695,S009,1115,62,25,159
L007969,2695,S006,1122,81,0,97
L007970,2695,S001,1153,0,15,588
L007971,2695,S005,1219,203,10,1065
L007972,2695,S008,1028,185,0,265
L007973,2696,S011,972,83,10,118
L007974,2696,S004,932,218,15,437
L007975,2696,S012,999,116,0,299
L007976,2696,S003,990,139,20,52
L007977,2696,S014,941,191,25,118
L007978,2697,S012,4819,230,5,626
L007979,2697,S004,4298,149,5,593
L007980,2697,S003,4265,144,15,79
L007981,2697,S014,4395,51,10,79
L007982,2697,S006,4526,0,0,276
L007983,2698,S014,3450,187,40,204
L007984,2699,S010,1461,67,15,186
L007985,2699,S007,1397,97,15,68
L007986,2699,S003,1440,181,20,30
L007987,2699,S009,1463,238,20,142
L007988,2699,S011,1413,180,15,26
L007989,2700,S006,3557,230,15,308
L007990,2700,S003,3141,89,20,196
L007991,2700,S014,3529,184,30,51
L007992,2701,S006,5249,157,25,24
L007993,2701,S008,6150,144,25,259
L007994,2702,S007,878,209,40,44
L007995,2702,S010,875,167,30,73
L007996,2702,S005,993,65,15,127
L007997,2702,S006,902,203,25,33
L007998,2702,S014,1019,113,30,151
L007999,2703,S009,4195,0,25,163
L008000,2703,S010,4408,158,0,169
L008001,2703,S008,4607,111,15,761
L008002,2704,S002,996,92,5,112
L008003,2704,S004,1151,164,15,676
L008004,2704,S009,1116,0,20,81
L008005,2704,S001,1080,0,15,143
L008006,2705,S013,6164,94,0,402
L008007,2705,S004,5663,0,10,20
L008008,2705,S001,5804,0,10,109
L008009,2705,S003,5807,145,5,170
L008010,2705,S006,5407,166,5,549
L008011,2706,S002,4534,118,25,144
L008012,2706,S013,4403,0,5,239
L008013,2706,S012,4683,187,20,1446
L008014,2706,S004,4869,0,30,1201
L008015,2707,S005,4473,193,25,986
L008016,2707,S011,4342,77,40,224
L008017,2707,S004,5126,166,25,261
L008018,2707,S006,4209,0,40,907
L008019,2707,S008,4254,183,30,788
L008020,2708,S014,2128,0,10,119
L008021,2708,S008,2208,0,60,60
L008022,2708,S001,2070,220,40,272
L008023,2708,S005,2225,0,5,218
L008024,2709,S010,3438,218,10,201
L008025,2709,S002,4018,174,0,103
L008026,2709,S009,3968,0,20,181
L008027,2710,S009,3703,159,0,1007
L008028,2710,S007,3778,133,5,131
L008029,2710,S008,3812,0,25,124
L008030,2711,S014,1718,229,10,173
L008031,2711,S003,1808,154,15,26
L008032,2712,S013,5577,158,5,123
L008033,2712,S004,4891,123,25,233
L008034,2712,S002,5602,129,10,126
L008035,2713,S010,614,112,15,145
L008036,2713,S004,636,132,30,138
L008037,2714,S001,2313,83,20,408
L008038,2714,S009,2413,171,10,971
L008039,2715,S005,5013,152,10,608
L008040,2716,S005,4572,0,15,59
L008041,2716,S007,4718,74,15,241
L008042,2717,S009,1758,0,20,100
L008043,2717,S012,1726,0,10,155
L008044,2717,S010,1901,92,30,281
L008045,2718,S010,4156,231,10,332
L008046,2718,S001,4243,220,40,277
L008047,2719,S001,2126,141,0,368
L008048,2719,S006,2183,56,15,98
L008049,2720,S001,2153,97,20,72
L008050,2720,S012,2080,0,25,47
L008051,2720,S013,2133,70,10,548
L008052,2720,S009,2347,227,15,82
L008053,2721,S008,4277,123,5,135
L008054,2721,S002,4952,134,10,121
L008055,2721,S011,4828,211,10,271
L008056,2721,S004,4508,203,15,124
L008057,2721,S003,5188,250,20,401
L008058,2722,S008,5618,57,10,580
L008059,2722,S003,5356,132,5,31
L008060,2722,S013,5255,154,15,344
L008061,2722,S012,6071,69,25,253
L008062,2722,S001,5152,145,15,204
L008063,2723,S012,4724,162,40,160
L008064,2723,S005,4450,241,25,113
L008065,2723,S011,4809,207,10,120
L008066,2723,S009,4421,60,15,266
L008067,2723,S003,4355,0,20,60
L008068,2724,S007,3710,199,5,116
L008069,2724,S009,3627,128,5,80
L008070,2724,S003,3603,50,10,61
L008071,2724,S012,3713,210,15,1784
L008072,2725,S002,3564,191,5,70
L008073,2726,S012,2675,0,20,87
L008074,2726,S007,2530,123,20,1094
L008075,2726,S008,2354,116,20,56
L008076,2726,S010,2627,0,15,111
L008077,2726,S005,2577,0,0,288
L008078,2727,S011,6099,0,5,11
L008079,2727,S008,5949,232,40,138
L008080,2727,S013,5871,90,5,36
L008081,2728,S001,3822,117,10,158
L008082,2729,S011,551,198,0,102
L008083,2729,S012,492,175,15,340
L008084,2729,S009,501,208,10,130
L008085,2729,S005,574,95,20,62
L008086,2729,S002,572,239,15,153
L008087,2730,S007,5344,184,20,69
L008088,2730,S014,4799,237,15,156
L008089,2730,S005,4845,123,5,234
L008090,2730,S001,5036,243,25,71
L008091,2730,S004,5021,0,15,61
L008092,2731,S014,4694,115,20,27
L008093,2731,S006,4210,184,5,121
L008094,2731,S007,4174,219,15,255
L008095,2732,S003,3169,126,10,143
L008096,2732,S001,3121,0,30,123
L008097,2732,S009,2905,101,10,174
L008098,2732,S002,2938,91,25,25
L008099,2733,S013,2655,128,30,591
L008100,2733,S006,2900,236,20,436
L008101,2733,S001,3176,216,25,220
L008102,2734,S006,3797,154,25,108
L008103,2734,S001,3280,143,10,242
L008104,2734,S014,3249,169,20,240
L008105,2734,S011,3855,238,25,101
L008106,2735,S008,1620,209,30,23
L008107,2735,S012,1582,148,30,302
L008108,2736,S002,680,196,10,31
L008109,2737,S011,4010,247,10,78
L008110,2737,S009,4228,95,20,238
L008111,2737,S007,4263,0,5,340
L008112,2737,S012,4629,96,30,43
L008113,2738,S006,1271,0,15,37
L008114,2739,S001,6169,0,15,29
L008115,2739,S014,5707,193,5,393
L008116,2739,S004,5910,130,10,42
L008117,2739,S006,5662,201,20,177
L008118,2739,S012,6159,81,25,168
L008119,2740,S005,2192,0,10,37
L008120,2741,S002,1877,60,20,750
L008121,2741,S007,1873,180,10,660
L008122,2741,S009,2005,144,20,85
L008123,2742,S014,1784,66,50,328
L008124,2742,S008,1519,0,0,32
L008125,2742,S004,1707,0,10,62
L008126,2742,S013,1776,200,5,336
L008127,2743,S013,3065,230,25,240
L008128,2744,S003,1189,124,10,311
L008129,2744,S007,1102,207,50,110
L008130,2744,S008,1122,121,5,2768
L008131,2745,S009,4349,192,5,110
L008132,2745,S011,4556,0,5,197
L008133,2745,S013,4364,212,20,250
L008134,2745,S008,4564,0,5,53
L008135,2746,S014,805,0,15,30
L008136,2746,S012,902,71,20,133
L008137,2746,S005,898,66,5,487
L008138,2746,S002,885,186,5,667
L008139,2747,S005,987,66,15,58
L008140,2747,S010,1003,167,10,86
L008141,2747,S006,890,152,40,74
L008142,2747,S008,935,98,15,84
L008143,2748,S010,706,0,20,269
L008144,2749,S009,2515,242,25,256
L008145,2749,S008,2417,223,40,291
L008146,2749,S001,2507,109,40,564
L008147,2750,S001,1773,118,25,202
L008148,2750,S009,2096,0,30,348
L008149,2751,S003,4643,211,20,320
L008150,2751,S013,4519,103,5,241
L008151,2751,S002,4661,238,25,114
L008152,2752,S009,2171,100,15,303
L008153,2752,S008,2205,238,15,28
L008154,2752,S012,2162,247,10,83
L008155,2752,S006,2374,51,5,198
L008156,2753,S007,3771,119,10,49
L008157,2753,S001,4201,100,15,129
L008158,2753,S011,4012,103,15,81
L008159,2754,S005,3671,115,5,32
L008160,2754,S003,3698,224,40,77
L008161,2754,S009,3634,123,25,301
L008162,2755,S003,5252,175,25,54
L008163,2755,S007,4717,0,10,1688
L008164,2756,S006,912,0,25,101
L008165,2756,S014,859,221,20,304
L008166,2756,S012,830,140,15,225
L008167,2756,S008,895,191,10,294
L008168,2756,S013,926,143,0,251
L008169,2757,S013,5683,190,0,9
L008170,2757,S012,5659,208,10,227
L008171,2757,S010,5845,232,0,19
L008172,2758,S011,2072,113,20,130
L008173,2759,S003,929,52,20,121
L008174,2760,S003,3990,241,15,58
L008175,2761,S012,1726,0,10,38
L008176,2762,S002,3844,220,10,23
L008177,2763,S009,4431,235,0,33
L008178,2764,S010,3488,50,10,81
L008179,2764,S004,3242,0,10,127
L008180,2764,S002,3338,0,10,18
L008181,2764,S012,3176,172,10,1192
L008182,2764,S008,3069,0,10,160
L008183,2765,S013,2136,192,50,141
L008184,2765,S001,2190,90,15,448
L008185,2766,S011,4297,171,25,46
L008186,2766,S006,4670,0,10,61
L008187,2766,S012,4368,123,15,79
L008188,2766,S005,4752,90,15,111
L008189,2767,S007,3118,229,40,145
L008190,2767,S004,3610,0,5,1136
L008191,2768,S011,5683,212,5,369
L008192,2769,S006,3855,146,15,152
L008193,2769,S002,4588,144,25,263
L008194,2769,S004,4487,192,30,136
L008195,2769,S014,4117,0,15,468
L008196,2769,S007,4674,0,20,217
L008197,2770,S009,1131,0,5,44
L008198,2770,S003,1284,151,20,54
L008199,2771,S005,4726,204,20,608
L008200,2771,S008,4188,113,5,55
L008201,2771,S014,4704,235,10,413
L008202,2771,S004,4522,156,30,98
L008203,2772,S009,2243,93,20,38
L008204,2772,S012,2443,68,25,142
L008205,2773,S004,4637,51,25,47
L008206,2774,S014,3376,102,5,47
L008207,2774,S008,3372,207,25,89
L008208,2774,S013,3152,0,15,23
L008209,2774,S012,2819,170,10,56
L008210,2775,S002,3479,0,10,232
L008211,2776,S005,981,244,15,195
L008212,2776,S013,1020,128,20,184
L008213,2776,S010,959,206,5,275
L008214,2776,S003,1037,72,10,54
L008215,2776,S014,1063,197,10,24
L008216,2777,S006,5555,56,25,478
L008217,2777,S002,5443,0,5,45
L008218,2778,S014,529,116,15,51
L008219,2778,S005,507,145,10,265
L008220,2778,S004,490,157,20,55
L008221,2779,S004,2325,193,10,61
L008222,2780,S013,2916,0,50,220
L008223,2780,S007,3045,0,25,245
L008224,2780,S006,2894,230,15,160
L008225,2780,S008,2925,183,20,308
L008226,2781,S010,1094,245,5,903
L008227,2781,S001,1147,59,25,116
L008228,2781,S007,1218,0,20,126
L008229,2781,S008,1244,178,10,80
L008230,2782,S003,3708,0,25,524
L008231,2783,S007,4806,76,30,236
L008232,2784,S011,3480,130,20,150
L008233,2784,S007,3425,0,50,688
L008234,2785,S014,3210,0,30,71
L008235,2785,S006,3867,227,25,21
L008236,2785,S002,3880,0,25,4185
L008237,2785,S004,3696,192,5,87
L008238,2785,S005,3845,61,20,213
L008239,2786,S014,875,0,30,59
L008240,2786,S007,829,183,10,466
L008241,2786,S009,915,75,25,117
L008242,2786,S003,911,103,5,298
L008243,2787,S002,3365,0,30,511
L008244,2787,S011,3562,154,20,127
L008245,2787,S001,3064,234,0,1075
L008246,2787,S007,3240,186,40,33
L008247,2787,S005,3101,214,10,296
L008248,2788,S001,2995,127,15,435
L008249,2789,S008,1709,121,15,47
L008250,2789,S006,1589,199,15,72
L008251,2789,S012,1811,208,20,40
L008252,2790,S005,3058,173,5,29
L008253,2790,S014,2672,114,0,334
L008254,2790,S007,3046,132,0,63
L008255,2790,S001,3218,108,25,408
L008256,2790,S010,2798,0,15,17
L008257,2791,S006,797,207,25,108
L008258,2792,S011,1470,151,0,701
L008259,2792,S008,1229,0,20,56
L008260,2793,S011,1266,0,20,63
L008261,2793,S008,1452,0,5,30
L008262,2793,S003,1321,205,20,708
L008263,2793,S004,1381,119,0,1929
L008264,2793,S013,1311,103,25,97
L008265,2794,S004,1742,225,20,94
L008266,2794,S005,1756,56,10,135
L008267,2794,S006,1872,0,30,179
L008268,2795,S001,812,58,30,173
L008269,2796,S007,1648,156,5,111
L008270,2796,S013,1599,109,0,804
L008271,2797,S003,4648,51,20,224
L008272,2797,S002,5025,137,50,32
L008273,2797,S009,5317,234,25,128
L008274,2797,S004,4638,238,40,1385
L008275,2798,S011,3258,244,20,312
L008276,2798,S010,3377,63,5,330
L008277,2798,S007,3019,74,10,161
L008278,2798,S013,3128,123,5,1546
L008279,2799,S012,3762,175,5,250
L008280,2799,S008,3647,170,20,131
L008281,2800,S006,4016,218,5,648
L008282,2801,S003,717,231,25,90
L008283,2801,S009,680,0,30,796
L008284,2801,S005,807,225,25,58
L008285,2801,S012,785,0,20,184
L008286,2801,S014,739,98,15,72
L008287,2802,S004,2005,230,10,659
L008288,2802,S002,2175,191,20,36
L008289,2802,S007,2192,73,20,47
L008290,2802,S009,2152,0,0,66
L008291,2802,S013,2029,121,40,136
L008292,2803,S001,1578,236,5,656
L008293,2804,S010,1574,81,20,1366
L008294,2804,S006,1501,244,0,225
L008295,2804,S003,1465,145,10,53
L008296,2804,S011,1539,209,25,211
L008297,2805,S011,2927,220,10,24
L008298,2805,S008,3389,0,50,1242
L008299,2805,S014,3474,242,20,401
L008300,2805,S005,3478,192,30,106
L008301,2805,S004,3068,185,5,119
L008302,2806,S005,5703,237,10,41
L008303,2806,S006,6406,245,10,340
L008304,2806,S001,5305,208,5,86
L008305,2807,S004,2206,215,5,195
L008306,2807,S013,2315,215,30,679
L008307,2807,S014,2267,126,10,417
L008308,2807,S006,2573,127,10,238
L008309,2808,S013,5519,152,10,88
L008310,2808,S009,6038,194,10,602
L008311,2809,S007,5406,215,5,38
L008312,2809,S006,5620,0,15,61
L008313,2809,S014,5865,0,10,85
L008314,2809,S009,5079,136,10,61
L008315,2809,S012,5942,250,5,338
L008316,2810,S004,3217,125,10,68
L008317,2811,S014,3867,236,15,152
L008318,2811,S006,3674,68,20,238
L008319,2811,S009,3624,177,10,241
L008320,2811,S012,3448,191,15,174
L008321,2811,S003,3552,187,20,53
L008322,2812,S001,1008,74,15,82
L008323,2812,S003,1080,102,20,15
L008324,2812,S010,1110,98,20,94
L008325,2813,S003,1828,159,0,473
L008326,2813,S001,1821,67,15,372
L008327,2813,S014,2076,231,5,242
L008328,2813,S009,1924,69,50,51
L008329,2813,S005,1888,86,10,34
L008330,2814,S004,3915,103,0,160
L008331,2814,S002,3415,0,20,67
L008332,2814,S014,3932,0,50,247
L008333,2814,S003,3891,181,20,92
L008334,2815,S014,4329,86,0,44
L008335,2815,S009,3969,50,20,52
L008336,2815,S008,4649,92,20,179
L008337,2815,S001,4254,125,15,52
L008338,2816,S010,2833,0,15,149
L008339,2816,S007,2544,150,10,40
L008340,2816,S008,2572,110,10,143
L008341,2816,S003,3084,0,0,98
L008342,2816,S013,2564,80,15,130
L008343,2817,S001,3193,0,0,102
L008344,2817,S010,3096,226,20,49
L008345,2817,S009,3478,144,0,632
L008346,2817,S007,3729,57,0,132
L008347,2817,S014,3457,217,10,46
L008348,2818,S013,1146,0,15,73
L008349,2819,S013,3761,124,30,324
L008350,2820,S001,1636,100,20,145
L008351,2820,S003,1589,116,20,177
L008352,2821,S014,1757,100,5,94
L008353,2821,S007,1708,234,40,46
L008354,2821,S001,1609,0,10,67
L008355,2821,S010,1630,0,30,275
L008356,2821,S002,1746,148,15,1450
L008357,2822,S002,3616,230,10,258
L008358,2822,S008,3801,176,15,65
L008359,2823,S014,2772,65,5,183
L008360,2823,S005,3091,244,15,436
L008361,2823,S004,3128,109,40,68
L008362,2824,S006,5077,226,30,275
L008363,2824,S014,4666,0,25,429
L008364,2824,S010,4853,138,25,527
L008365,2825,S014,652,83,15,64
L008366,2825,S004,701,56,5,154
L008367,2825,S001,662,0,20,576
L008368,2825,S011,602,186,20,35
L008369,2825,S010,666,94,5,179
L008370,2826,S014,2897,168,0,1382
L008371,2826,S006,2833,0,10,29
L008372,2826,S012,3049,228,25,105
L008373,2826,S002,2985,190,0,38
L008374,2826,S001,3030,149,5,279
L008375,2827,S011,913,50,30,585
L008376,2827,S002,1010,223,0,332
L008377,2827,S007,937,159,20,62
L008378,2828,S012,3595,136,0,134
L008379,2828,S003,3765,163,10,242
L008380,2828,S013,3457,216,20,282
L008381,2828,S008,3248,54,50,66
L008382,2828,S004,3509,233,5,102
L008383,2829,S001,1907,74,20,43
L008384,2830,S008,6478,171,15,157
L008385,2830,S014,5537,183,10,41
L008386,2830,S012,5407,146,20,20
L008387,2831,S004,4695,163,5,56
L008388,2831,S011,4255,207,60,52
L008389,2831,S013,4477,120,5,281
L008390,2832,S011,5014,169,25,100
L008391,2832,S002,4174,0,15,258
L008392,2832,S005,4770,237,40,289
L008393,2833,S010,1856,0,10,127
L008394,2834,S011,684,67,30,36
L008395,2834,S009,646,97,15,85
L008396,2834,S012,617,197,30,288
L008397,2834,S013,645,215,0,103
L008398,2834,S007,670,122,25,128
L008399,2835,S014,5490,151,5,52
L008400,2835,S010,5604,208,5,193
L008401,2835,S006,5555,179,20,264
L008402,2835,S013,5381,0,10,43
L008403,2836,S013,2994,157,10,461
L008404,2836,S001,2997,224,30,59
L008405,2836,S007,2631,68,15,572
L008406,2836,S012,2906,215,0,516
L008407,2837,S013,4604,0,10,187
L008408,2838,S009,2551,92,25,78
L008409,2839,S012,1733,56,10,109
L008410,2839,S008,1942,198,10,723
L008411,2839,S007,1967,63,10,256
L008412,2839,S005,1951,135,15,80
L008413,2840,S001,1676,0,10,27
L008414,2840,S004,1789,61,10,94
L008415,2840,S003,1540,240,15,144
L008416,2840,S013,1795,222,25,195
L008417,2840,S009,1532,74,10,134
L008418,2841,S009,5406,0,15,338
L008419,2841,S002,4758,157,30,108
L008420,2841,S008,5244,66,25,482
L008421,2841,S014,4655,66,10,183
L008422,2842,S014,1343,86,20,310
L008423,2842,S009,1343,212,10,203
L008424,2843,S006,4175,228,25,26
L008425,2843,S011,4468,144,20,21
L008426,2844,S009,1269,228,15,117
L008427,2844,S013,1328,132,15,280
L008428,2844,S014,1251,239,20,518
L008429,2844,S005,1329,214,10,929
L008430,2845,S004,2944,0,10,103
L008431,2845,S010,3009,155,20,55
L008432,2845,S002,3091,72,20,285
L008433,2845,S012,3121,149,5,128
L008434,2846,S012,4419,0,25,148
L008435,2846,S007,4592,102,5,46
L008436,2846,S006,4532,221,10,21
L008437,2846,S002,4231,116,30,43
L008438,2846,S008,5126,0,20,789
L008439,2847,S002,952,186,10,134
L008440,2847,S006,972,0,0,32
L008441,2848,S003,2550,159,15,63
L008442,2848,S011,2449,0,5,178
L008443,2848,S008,2151,207,10,314
L008444,2848,S004,2585,56,20,676
L008445,2849,S008,1533,236,15,56
L008446,2849,S011,1707,188,40,111
L008447,2849,S012,1645,174,10,52
L008448,2849,S007,1520,212,25,375
L008449,2850,S008,4434,184,5,42
L008450,2850,S010,4272,147,15,328
L008451,2850,S012,4100,0,5,234
L008452,2851,S013,3756,189,15,91
L008453,2851,S011,4326,113,20,45
L008454,2851,S005,3671,212,20,340
L008455,2852,S001,3140,94,20,518
L008456,2852,S011,3420,141,0,140
L008457,2852,S002,3399,246,0,418
L008458,2852,S012,3283,83,5,559
L008459,2853,S011,5295,91,0,290
L008460,2853,S006,5349,0,25,42
L008461,2853,S012,4858,0,25,204
L008462,2853,S007,4982,0,40,170
L008463,2853,S005,4758,0,5,130
L008464,2854,S011,5244,75,15,117
L008465,2854,S006,5256,181,40,300
L008466,2855,S013,832,162,15,90
L008467,2855,S007,812,189,5,82
L008468,2855,S001,856,140,10,67
L008469,2855,S005,798,198,40,45
L008470,2855,S002,858,0,15,338
L008471,2856,S013,3858,244,0,651
L008472,2857,S013,2476,56,5,74
L008473,2858,S007,5274,134,25,308
L008474,2858,S012,4923,196,15,349
L008475,2858,S002,5099,59,40,25
L008476,2858,S011,5317,68,10,58
L008477,2859,S006,1315,0,30,47
L008478,2859,S003,1471,237,30,56
L008479,2859,S007,1464,151,10,176
L008480,2859,S004,1282,122,20,88
L008481,2859,S010,1343,56,50,303
L008482,2860,S003,3723,0,25,270
L008483,2860,S012,3907,238,30,148
L008484,2860,S009,4128,119,15,177
L008485,2861,S011,2034,126,15,40
L008486,2861,S007,2269,142,5,342
L008487,2861,S009,2122,0,20,258
L008488,2861,S001,2240,192,15,665
L008489,2862,S002,3965,144,10,75
L008490,2862,S001,3609,121,20,92
L008491,2863,S007,1340,0,25,101
L008492,2863,S002,1533,195,10,189
L008493,2864,S004,753,190,40,242
L008494,2864,S007,719,0,10,684
L008495,2864,S010,734,184,10,245
L008496,2865,S011,4653,64,50,146
L008497,2865,S003,4683,0,10,59
L008498,2865,S007,5015,233,20,30
L008499,2866,S007,6085,60,10,170
L008500,2866,S009,5684,0,20,230
L008501,2867,S007,1024,134,15,184
L008502,2867,S011,1044,76,10,11
L008503,2867,S013,928,218,5,1599
L008504,2868,S002,1834,74,0,107
L008505,2868,S014,1744,135,5,6
L008506,2868,S012,1792,0,15,271
L008507,2869,S009,1391,90,40,135
L008508,2870,S011,2867,130,15,344
L008509,2870,S014,2880,145,15,44
L008510,2870,S012,2425,87,10,87
L008511,2871,S009,1383,219,15,50
L008512,2871,S003,1539,0,10,457
L008513,2871,S001,1374,209,25,405
L008514,2872,S014,2592,62,10,161
L008515,2873,S007,2211,185,15,151
L008516,2873,S005,2277,67,10,412
L008517,2874,S006,509,111,30,431
L008518,2874,S003,487,129,0,14
L008519,2874,S008,504,101,5,58
L008520,2874,S010,587,0,20,117
L008521,2874,S004,552,95,25,165
L008522,2875,S008,4849,90,20,44
L008523,2875,S012,4395,163,25,438
L008524,2875,S002,4299,0,0,46
L008525,2875,S001,4783,51,5,17
L008526,2875,S006,5078,227,50,714
L008527,2876,S013,1601,186,25,501
L008528,2876,S012,1645,0,20,50
L008529,2877,S010,2262,90,25,726
L008530,2877,S014,2530,142,0,41
L008531,2877,S013,2360,0,10,767
L008532,2877,S012,2363,70,0,281
L008533,2877,S008,2525,105,10,355
L008534,2878,S003,5243,0,40,48
L008535,2878,S012,4936,153,15,259
L008536,2878,S008,5767,183,25,17
L008537,2879,S011,4706,212,5,265
L008538,2879,S003,5541,239,25,121
L008539,2879,S006,5245,62,40,40
L008540,2879,S009,5357,156,50,172
L008541,2880,S009,4282,215,30,16
L008542,2880,S013,4174,74,10,161
L008543,2880,S008,4236,0,0,397
L008544,2880,S002,4877,177,5,71
L008545,2881,S002,5806,161,0,95
L008546,2881,S010,5231,177,15,58
L008547,2881,S012,5905,248,20,190
L008548,2882,S002,4770,162,0,561
L008549,2882,S010,4166,0,25,79
L008550,2882,S014,4661,55,25,56
L008551,2882,S001,4543,243,10,42
L008552,2883,S004,1202,88,5,17
L008553,2883,S012,1177,119,25,39
L008554,2884,S013,4380,0,20,563
L008555,2884,S014,4395,0,5,19
L008556,2884,S009,4353,174,15,217
L008557,2885,S010,4104,82,15,164
L008558,2885,S002,4104,81,25,494
L008559,2885,S004,3859,112,5,274
L008560,2886,S005,2784,166,15,611
L008561,2887,S002,1019,168,10,74
L008562,2887,S008,1106,192,0,224
L008563,2888,S006,4404,170,40,102
L008564,2889,S001,4600,90,20,216
L008565,2889,S009,5025,0,15,141
L008566,2889,S002,4377,210,5,60
L008567,2890,S013,3934,0,30,151
L008568,2890,S006,3373,236,15,45
L008569,2890,S004,3392,0,40,245
L008570,2890,S002,3707,137,20,35
L008571,2890,S003,3654,97,0,66
L008572,2891,S008,2795,220,10,322
L008573,2891,S006,2515,67,25,198
L008574,2892,S012,3279,94,25,22
L008575,2892,S009,3064,235,10,95
L008576,2892,S008,3025,171,15,46
L008577,2892,S006,3206,0,15,138
L008578,2893,S010,3576,211,40,256
L008579,2893,S001,4196,239,10,172
L008580,2893,S008,4080,52,30,223
L008581,2893,S013,3943,219,25,109
L008582,2894,S007,4363,163,15,638
L008583,2894,S009,4412,159,5,262
L008584,2894,S012,4550,222,5,102
L008585,2894,S014,4313,158,40,270
L008586,2895,S006,1305,87,5,93
L008587,2895,S004,1270,143,25,191
L008588,2896,S009,6048,80,0,175
L008589,2896,S014,5753,53,50,831
L008590,2897,S004,5276,0,30,151
L008591,2897,S003,5281,140,20,87
L008592,2897,S014,6051,165,25,32
L008593,2897,S009,6228,103,0,1329
L008594,2897,S001,5965,0,50,207
L008595,2898,S006,5270,137,0,158
L008596,2898,S004,5179,0,30,170
L008597,2898,S010,4876,0,10,47
L008598,2898,S011,5253,109,30,50
L008599,2899,S004,4998,112,5,142
L008600,2900,S012,3439,167,5,55
L008601,2900,S014,3106,184,15,15
L008602,2900,S005,3221,0,0,1998
L008603,2900,S003,3299,159,25,56
L008604,2901,S007,3873,167,5,180
L008605,2902,S003,2834,0,5,174
L008606,2903,S002,935,0,15,501
L008607,2903,S011,964,160,10,194
L008608,2903,S004,950,110,15,230
L008609,2904,S009,4796,201,40,865
L008610,2904,S008,4946,102,20,238
L008611,2905,S005,1880,214,10,94
L008612,2905,S011,2029,152,40,50
L008613,2905,S009,2119,116,25,153
L008614,2905,S014,2106,219,15,95
L008615,2906,S014,3957,202,10,99
L008616,2906,S009,3514,103,15,66
L008617,2906,S010,3447,233,40,269
L008618,2906,S001,3958,0,20,43
L008619,2907,S011,4498,208,50,50
L008620,2907,S006,4665,106,20,545
L008621,2908,S012,1265,117,5,192
L008622,2908,S013,1226,0,40,134
L008623,2908,S008,1413,201,5,89
L008624,2909,S013,2989,0,25,233
L008625,2909,S011,3154,0,0,165
L008626,2909,S003,3055,209,10,99
L008627,2909,S014,2806,138,5,611
L008628,2910,S005,5346,169,40,64
L008629,2911,S008,4348,83,5,294
L008630,2911,S005,4804,83,20,46
L008631,2911,S003,5140,209,0,193
L008632,2912,S009,1045,0,0,81
L008633,2912,S007,1156,0,20,128
L008634,2912,S005,1001,142,5,25
L008635,2912,S006,950,201,30,82
L008636,2912,S012,1097,146,15,103
L008637,2913,S007,3964,0,15,133
L008638,2913,S004,3793,67,5,190
L008639,2914,S007,2211,200,10,50
L008640,2914,S003,1993,95,25,145
L008641,2914,S005,2148,230,20,1025
L008642,2914,S008,2325,98,25,361
L008643,2915,S014,3559,55,15,130
L008644,2916,S008,1848,160,15,189
L008645,2916,S009,1748,87,5,60
L008646,2916,S003,1766,211,30,49
L008647,2917,S012,4952,159,10,46
L008648,2917,S002,5250,0,50,39
L008649,2918,S014,2927,75,30,47
L008650,2918,S012,2859,182,15,61
L008651,2918,S007,3016,71,30,219
L008652,2919,S006,745,0,10,182
L008653,2919,S002,718,70,0,480
L008654,2919,S001,747,245,15,47
L008655,2920,S005,3009,101,30,48
L008656,2920,S010,2901,0,10,195
L008657,2920,S006,3152,246,0,857
L008658,2921,S004,4287,172,5,201
L008659,2921,S013,4487,121,25,41
L008660,2921,S003,4813,88,5,160
L008661,2921,S010,4260,103,25,322
L008662,2922,S002,3227,161,10,68
L008663,2922,S007,3361,224,60,89
L008664,2923,S014,872,0,10,116
L008665,2924,S003,3463,58,10,412
L008666,2924,S002,3805,0,30,119
L008667,2925,S014,642,0,5,98
L008668,2926,S002,2533,222,30,217
L008669,2926,S006,2744,144,20,164
L008670,2926,S009,2593,111,10,155
L008671,2927,S002,5490,0,25,104
L008672,2927,S014,4882,154,10,180
L008673,2928,S004,1562,119,20,411
L008674,2928,S001,1467,154,15,35
L008675,2928,S006,1584,0,5,37
L008676,2928,S008,1614,205,10,377
L008677,2928,S013,1583,0,5,102
L008678,2929,S013,3044,101,10,51
L008679,2930,S011,5846,0,10,220
L008680,2930,S005,5555,0,10,68
L008681,2931,S003,778,202,5,81
L008682,2932,S012,823,204,15,145
L008683,2933,S008,1561,62,30,189
L008684,2934,S004,2037,152,0,145
L008685,2935,S012,4216,234,25,1385
L008686,2935,S008,4709,86,20,183
L008687,2935,S006,4275,163,10,85
L008688,2936,S011,1940,0,10,149
L008689,2937,S013,2047,225,20,264
L008690,2937,S001,2210,174,10,279
L008691,2937,S012,2453,0,10,46
L008692,2938,S011,4032,72,25,244
L008693,2939,S010,1060,175,15,154
L008694,2940,S008,5101,88,30,191
L008695,2940,S003,4526,0,15,99
L008696,2940,S009,4606,120,10,38
L008697,2941,S011,5036,0,15,396
L008698,2941,S013,4627,89,10,1610
L008699,2942,S012,3958,170,15,990
L008700,2942,S008,3749,51,0,66
L008701,2942,S003,3941,166,0,863
L008702,2942,S014,3443,237,10,150
L008703,2942,S005,3789,0,5,11
L008704,2943,S014,2799,85,5,170
L008705,2943,S001,2433,207,25,95
L008706,2943,S012,2390,65,10,496
L008707,2944,S013,922,196,15,420
L008708,2944,S014,1087,121,20,131
L008709,2944,S008,1095,80,15,42
L008710,2944,S007,1044,81,15,29
L008711,2945,S007,758,239,20,122
L008712,2945,S012,729,170,25,241
L008713,2945,S013,765,192,15,185
L008714,2945,S001,805,83,10,67
L008715,2945,S004,802,169,5,32
L008716,2946,S010,3428,0,0,159
L008717,2946,S005,3409,233,40,326
L008718,2946,S004,3526,215,15,375
L008719,2946,S001,3684,53,20,175
L008720,2947,S009,4433,97,25,98
L008721,2948,S008,5147,81,5,227
L008722,2949,S010,1560,0,30,210
L008723,2949,S007,1420,80,15,443
L008724,2949,S002,1455,0,0,196
L008725,2949,S005,1317,150,15,329
L008726,2950,S009,1706,0,25,46
L008727,2950,S003,1778,0,5,599
L008728,2950,S011,1671,172,0,124
L008729,2951,S002,5294,98,50,227
L008730,2951,S003,5942,95,0,525
L008731,2951,S004,5077,0,5,121
L008732,2951,S013,5886,0,10,131
L008733,2952,S009,2026,131,25,52
L008734,2952,S002,1825,0,0,191
L008735,2952,S008,1889,0,15,353
L008736,2953,S009,3351,232,60,71
L008737,2953,S012,3380,0,25,127
L008738,2954,S006,2234,85,20,47
L008739,2955,S001,5248,102,0,42
L008740,2956,S010,5323,89,5,228
L008741,2956,S001,5471,0,0,46
L008742,2956,S005,6084,239,25,91
L008743,2957,S006,4091,0,50,201
L008744,2957,S007,3739,121,15,46
L008745,2957,S008,4245,0,10,305
L008746,2958,S005,2463,118,20,44
L008747,2958,S012,2393,55,5,107
L008748,2958,S006,2159,220,25,75
L008749,2958,S007,2413,145,10,49
L008750,2958,S004,2390,240,10,114
L008751,2959,S010,3830,177,10,232
L008752,2960,S008,5538,194,10,252
L008753,2961,S006,812,219,10,848
L008754,2961,S009,906,202,20,86
L008755,2961,S014,924,236,10,71
L008756,2961,S012,885,221,10,73
L008757,2961,S003,822,0,15,492
L008758,2962,S009,3106,0,10,348
L008759,2963,S011,3028,234,0,36
L008760,2963,S010,2949,216,50,20
L008761,2963,S003,3108,242,10,47
L008762,2964,S007,587,135,15,59
L008763,2964,S002,608,165,20,434
L008764,2965,S002,3867,97,15,53
L008765,2965,S012,3540,78,15,612
L008766,2965,S004,3368,55,20,21
L008767,2966,S001,1739,101,20,610
L008768,2967,S008,1350,63,0,122
L008769,2968,S007,2955,192,15,143
L008770,2969,S002,1288,124,15,69
L008771,2969,S009,1300,245,50,18
L008772,2969,S005,1369,123,15,80
L008773,2969,S010,1353,239,5,393
L008774,2970,S002,760,76,10,532
L008775,2970,S008,765,129,0,165
L008776,2970,S009,709,93,50,133
L008777,2971,S004,6026,93,5,23
L008778,2972,S010,4254,229,20,154
L008779,2972,S004,4289,129,5,4267
L008780,2972,S002,3739,140,50,70
L008781,2972,S014,3650,198,50,539
L008782,2972,S009,3555,0,60,58
L008783,2973,S013,4619,158,30,372
L008784,2974,S007,636,205,5,644
L008785,2974,S009,658,82,20,414
L008786,2974,S014,590,0,15,124
L008787,2975,S014,2239,196,40,446
L008788,2975,S002,2398,88,25,57
L008789,2975,S004,2522,0,5,120
L008790,2976,S008,5242,0,15,75
L008791,2976,S014,5863,246,20,198
L008792,2976,S013,5369,0,15,149
L008793,2976,S007,5011,146,15,152
L008794,2976,S001,4886,197,30,306
L008795,2977,S003,1419,102,25,717
L008796,2978,S005,5999,0,5,276
L008797,2978,S013,5932,241,10,407
L008798,2978,S007,5782,220,20,371
L008799,2979,S010,5636,229,30,238
L008800,2979,S003,5468,61,10,561
L008801,2979,S002,6363,0,20,170
L008802,2980,S013,2010,0,5,81
L008803,2980,S006,2092,216,40,327
L008804,2981,S006,3347,239,25,137
L008805,2982,S004,3345,173,50,293
L008806,2982,S012,3271,150,25,918
L008807,2982,S013,3265,139,15,211
L008808,2982,S009,3539,0,40,72
L008809,2983,S006,4117,52,10,12
L008810,2983,S003,4254,240,20,70
L008811,2983,S009,4070,155,15,199
L008812,2983,S010,3963,219,20,103
L008813,2984,S002,1558,82,0,493
L008814,2984,S014,1527,0,10,121
L008815,2984,S001,1717,61,5,776
L008816,2984,S010,1672,197,25,574
L008817,2984,S012,1649,170,25,103
L008818,2985,S012,5469,86,30,355
L008819,2985,S014,5656,143,5,340
L008820,2985,S003,5625,179,0,155
L008821,2985,S013,5719,67,5,54
L008822,2985,S010,5519,176,10,436
L008823,2986,S005,5230,215,10,346
L008824,2986,S007,5326,0,20,118
L008825,2986,S008,5415,112,15,121
L008826,2986,S004,5994,166,5,84
L008827,2986,S003,5512,185,40,24
L008828,2987,S009,1429,98,5,51
L008829,2987,S012,1549,0,50,19
L008830,2988,S013,5823,222,10,406
L008831,2988,S004,5447,193,20,55
L008832,2988,S006,5845,121,5,43
L008833,2988,S007,5733,116,20,816
L008834,2988,S008,6093,61,25,384
L008835,2989,S002,2462,230,20,58
L008836,2989,S007,2206,216,30,925
L008837,2989,S012,2561,150,0,787
L008838,2989,S009,2471,198,20,53
L008839,2990,S001,4260,0,15,82
L008840,2990,S010,4150,0,15,749
L008841,2991,S012,4982,166,20,87
L008842,2991,S001,5435,89,40,115
L008843,2992,S002,2144,214,15,220
L008844,2992,S005,2551,75,10,309
L008845,2993,S011,5838,0,5,67
L008846,2993,S009,6115,52,20,138
L008847,2994,S008,5977,0,50,24
L008848,2995,S007,4630,50,0,47
L008849,2995,S012,4639,214,10,605
L008850,2995,S003,4943,213,15,330
L008851,2995,S009,5245,129,5,56
L008852,2996,S009,929,175,10,410
L008853,2996,S007,984,204,15,151
L008854,2996,S002,980,174,5,453
L008855,2996,S010,909,0,25,300
L008856,2996,S011,999,0,30,90
L008857,2997,S010,818,155,10,421
L008858,2997,S011,701,170,20,401
L008859,2998,S003,4640,129,0,201
L008860,2998,S002,4692,60,25,137
L008861,2998,S010,4145,184,0,53
L008862,2998,S014,4260,226,20,460
L008863,2999,S006,5059,84,10,209
L008864,2999,S013,4998,127,25,475
L008865,3000,S006,666,190,0,129
L008866,3000,S003,742,66,20,135
L008867,3000,S012,744,231,25,227
L008868,3001,S003,6320,0,20,644
L008869,3001,S001,5798,99,20,127
L008870,3002,S010,991,238,30,481
L008871,3002,S001,1076,0,15,184
L008872,3003,S003,1839,176,10,92
L008873,3003,S008,1821,134,0,608
L008874,3003,S006,1953,134,30,117
L008875,3003,S013,1964,89,10,419
L008876,3003,S005,1764,118,0,184
L008877,3004,S002,3717,182,30,50
L008878,3005,S014,554,148,15,149
L008879,3005,S007,619,175,20,371
L008880,3006,S005,5292,0,20,122
L008881,3006,S010,5883,243,10,325
L008882,3006,S002,6072,216,30,107
L008883,3007,S002,4082,199,15,25
L008884,3007,S013,3701,0,30,234
L008885,3007,S003,3879,0,10,101
L008886,3007,S008,3700,139,40,105
L008887,3008,S010,1043,179,0,142
L008888,3008,S012,1062,93,5,37
L008889,3009,S013,719,245,25,81
L008890,3009,S007,699,0,15,22
L008891,3009,S008,730,0,15,68
L008892,3010,S014,6037,137,25,280
L008893,3011,S013,1156,104,20,48
L008894,3011,S012,1195,239,10,284
L008895,3012,S002,3438,0,5,39
L008896,3013,S012,4352,176,15,109
L008897,3014,S009,5947,96,30,535
L008898,3015,S008,2667,198,15,53
L008899,3015,S010,2381,245,25,15
L008900,3016,S010,5178,66,10,238
L008901,3016,S004,4578,131,5,433
L008902,3017,S010,2871,139,15,1844
L008903,3018,S004,2772,0,40,289
L008904,3018,S007,2702,52,15,70
L008905,3018,S009,2822,0,10,99
L008906,3019,S008,484,0,10,339
L008907,3019,S005,475,55,20,171
L008908,3019,S009,529,240,5,79
L008909,3019,S001,543,209,5,30
L008910,3020,S003,3878,82,10,58
L008911,3020,S004,3857,237,15,157
L008912,3020,S005,3422,76,10,99
L008913,3021,S014,4886,239,30,144
L008914,3021,S004,5064,0,0,109
L008915,3021,S007,4328,177,30,118
L008916,3021,S009,4583,50,0,437
L008917,3021,S011,4578,0,30,2001
L008918,3022,S012,864,231,20,152
L008919,3022,S009,922,77,15,286
L008920,3023,S007,1558,155,10,134
L008921,3023,S008,1394,161,0,120
L008922,3023,S004,1387,79,30,34
L008923,3023,S003,1574,155,30,139
L008924,3024,S004,2602,0,25,27
L008925,3024,S005,2264,175,5,65
L008926,3025,S002,4025,243,10,290
L008927,3026,S003,5613,156,30,152
L008928,3026,S005,5523,0,20,163
L008929,3026,S014,5886,0,60,242
L008930,3026,S004,5239,0,10,78
L008931,3026,S002,5635,79,10,133
L008932,3027,S005,1075,196,0,448
L008933,3027,S001,1145,147,20,73
L008934,3027,S014,1031,113,10,74
L008935,3027,S013,1134,91,50,627
L008936,3027,S010,1055,171,10,18
L008937,3028,S010,4687,111,10,67
L008938,3028,S001,4236,78,5,145
L008939,3029,S012,5542,0,30,39
L008940,3029,S013,5685,139,0,156
L008941,3029,S001,6021,0,5,259
L008942,3029,S009,6139,243,5,247
L008943,3030,S013,5564,113,15,1232
L008944,3030,S014,5606,146,10,66
L008945,3030,S004,5514,227,25,97
L008946,3030,S008,5030,235,25,281
L008947,3031,S004,5439,236,20,39
L008948,3031,S013,5239,110,30,143
L008949,3031,S006,4790,70,15,218
L008950,3031,S005,4506,137,20,56
L008951,3031,S007,4480,169,15,265
L008952,3032,S009,3427,145,10,199
L008953,3032,S011,3321,145,30,18
L008954,3032,S001,3815,176,20,101
L008955,3032,S006,3310,152,15,102
L008956,3032,S012,3413,230,10,260
L008957,3033,S002,4458,93,0,205
L008958,3033,S009,4537,153,15,117
L008959,3033,S011,5030,61,10,380
L008960,3033,S014,4930,126,25,402
L008961,3033,S005,4696,201,30,177
L008962,3034,S003,735,228,50,71
L008963,3035,S009,3982,75,10,16
L008964,3035,S002,3852,67,15,110
L008965,3035,S012,3887,131,0,38
L008966,3035,S001,3678,248,50,64
L008967,3035,S010,4063,0,30,412
L008968,3036,S008,1323,227,20,107
L008969,3036,S001,1309,216,30,70
L008970,3036,S003,1222,63,0,186
L008971,3037,S011,2272,114,0,148
L008972,3037,S002,2286,95,20,80
L008973,3037,S006,2531,0,20,266
L008974,3037,S003,2223,94,10,92
L008975,3038,S009,2862,203,30,129
L008976,3038,S010,3029,225,20,128
L008977,3039,S012,796,0,30,151
L008978,3039,S007,847,217,25,51
L008979,3039,S009,838,148,5,28
L008980,3039,S011,866,61,10,22
L008981,3039,S013,895,123,10,149
L008982,3040,S006,2653,114,20,455
L008983,3041,S003,5574,248,40,309
L008984,3041,S013,5236,167,10,678
L008985,3041,S008,5485,87,25,578
L008986,3041,S006,5178,57,5,151
L008987,3042,S010,6101,164,15,843
L008988,3042,S011,5807,101,10,112
L008989,3042,S006,5867,90,0,904
L008990,3042,S002,5779,88,25,35
L008991,3043,S008,5872,172,15,153
L008992,3043,S006,5000,0,15,67
L008993,3044,S005,5323,219,15,562
L008994,3044,S009,5823,182,20,588
L008995,3045,S014,4256,69,25,285
L008996,3045,S005,4600,78,15,15
L008997,3045,S013,4375,80,15,128
L008998,3046,S005,4060,247,15,598
L008999,3046,S012,4298,0,10,484
L009000,3046,S001,4015,190,30,98
L009001,3047,S012,3111,66,25,137
L009002,3047,S014,2753,182,20,54
L009003,3048,S008,5361,233,0,135
L009004,3048,S006,5704,0,20,2254
L009005,3048,S013,5640,202,5,34
L009006,3049,S012,3466,229,10,201
L009007,3049,S002,3889,244,10,62
L009008,3049,S005,3679,211,15,294
L009009,3049,S009,3396,241,25,37
L009010,3049,S001,3593,88,10,438
L009011,3050,S002,1007,99,20,76
L009012,3051,S012,3481,207,0,87
L009013,3051,S002,3272,187,15,129
L009014,3051,S003,3526,215,5,89
L009015,3051,S004,3522,177,20,126
L009016,3051,S006,3758,223,5,360
L009017,3052,S007,3252,147,40,214
L009018,3052,S012,2937,92,10,86
L009019,3052,S006,3113,141,10,156
L009020,3052,S005,2988,137,10,393
L009021,3052,S001,3000,0,10,59
L009022,3053,S014,1304,101,20,198
L009023,3053,S012,1119,144,5,514
L009024,3053,S008,1314,0,25,349
L009025,3053,S013,1209,138,0,198
L009026,3054,S004,4484,0,20,103
L009027,3054,S006,4312,165,15,483
L009028,3055,S008,836,0,40,203
L009029,3055,S013,851,74,10,146
L009030,3055,S009,785,144,10,160
L009031,3056,S010,2079,143,20,776
L009032,3056,S012,1993,0,5,22
L009033,3057,S009,927,190,30,64
L009034,3057,S010,887,59,20,171
L009035,3057,S004,1001,231,15,835
L009036,3057,S003,1029,99,20,231
L009037,3057,S011,986,220,0,66
L009038,3058,S007,4166,91,5,104
L009039,3059,S007,918,101,5,95
L009040,3059,S002,938,103,40,326
L009041,3059,S013,972,80,40,122
L009042,3059,S009,824,168,0,126
L009043,3059,S001,895,0,20,150
L009044,3060,S014,4758,90,15,268
L009045,3060,S010,4611,181,0,24
L009046,3060,S011,4204,96,10,45
L009047,3060,S007,4173,157,15,182
L009048,3061,S011,2067,222,20,24
L009049,3062,S006,2744,140,0,87
L009050,3062,S001,2694,52,10,91
L009051,3062,S014,2551,191,50,35
L009052,3062,S010,2481,58,0,124
L009053,3062,S011,2703,229,15,119
L009054,3063,S003,934,224,30,1151
L009055,3063,S001,863,114,10,279
L009056,3063,S010,789,0,20,73
L009057,3064,S010,2481,52,5,85
L009058,3065,S004,815,185,15,126
L009059,3065,S009,970,192,10,317
L009060,3066,S007,545,0,20,49
L009061,3066,S011,630,140,10,31
L009062,3066,S014,575,167,15,29
L009063,3066,S012,549,0,10,137
L009064,3066,S004,589,67,5,32
L009065,3067,S014,2743,213,30,42
L009066,3067,S002,2598,208,30,13
L009067,3067,S012,2631,73,10,143
L009068,3067,S009,2625,0,20,522
L009069,3067,S008,2438,0,5,233
L009070,3068,S003,4386,0,10,325
L009071,3068,S008,4848,117,20,147
L009072,3068,S014,4808,239,0,28
L009073,3068,S002,4455,0,0,33
L009074,3069,S004,5261,246,20,61
L009075,3069,S008,5709,215,30,97
L009076,3069,S001,5727,219,25,206
L009077,3069,S013,5057,190,15,71
L009078,3070,S012,808,107,20,274
L009079,3070,S009,811,245,10,139
L009080,3070,S005,760,143,15,140
L009081,3071,S007,3698,240,10,199
L009082,3072,S006,1827,72,60,158
L009083,3073,S002,5310,191,15,99
L009084,3073,S009,5173,141,25,72
L009085,3073,S008,5400,197,10,106
L009086,3073,S005,4685,221,10,92
L009087,3074,S005,1112,125,40,108
L009088,3075,S008,3624,186,0,117
L009089,3075,S001,3326,245,10,70
L009090,3075,S005,3539,237,5,59
L009091,3075,S011,3398,86,20,234
L009092,3076,S006,2410,239,10,289
L009093,3076,S002,2362,53,15,209
L009094,3076,S013,2592,107,0,558
L009095,3077,S005,4843,222,20,23
L009096,3077,S008,5366,108,5,38
L009097,3078,S002,2398,211,5,68
L009098,3079,S001,5391,91,10,95
L009099,3079,S005,5038,0,40,242
L009100,3079,S009,5799,182,30,42
L009101,3080,S003,986,207,20,438
L009102,3080,S014,882,194,20,118
L009103,3080,S010,914,248,40,55
L009104,3081,S012,1456,64,20,274
L009105,3081,S001,1397,217,20,84
L009106,3081,S006,1340,161,10,233
L009107,3082,S013,1853,205,50,34
L009108,3082,S008,1867,110,5,379
L009109,3082,S005,1866,0,0,128
L009110,3082,S010,1854,139,10,26
L009111,3083,S005,5289,110,40,21
L009112,3083,S001,5442,223,20,17
L009113,3083,S008,5141,219,20,114
L009114,3083,S011,5303,132,0,455
L009115,3084,S008,6323,236,25,632
L009116,3084,S002,5705,121,0,31
L009117,3084,S014,6395,235,10,55
L009118,3084,S009,6476,140,20,384
L009119,3084,S010,6021,0,10,71
L009120,3085,S003,3878,0,50,252
L009121,3085,S013,3838,113,15,263
L009122,3085,S007,3437,0,10,47
L009123,3085,S002,3732,122,30,235
L009124,3086,S012,4327,119,20,210
L009125,3086,S013,3989,227,10,83
L009126,3086,S014,3841,59,10,34
L009127,3086,S004,4163,209,15,459
L009128,3087,S004,1100,105,60,84
L009129,3087,S006,1016,230,5,139
L009130,3087,S009,1087,151,20,97
L009131,3087,S014,1100,101,5,121
L009132,3087,S003,1043,160,30,25
L009133,3088,S002,4402,219,25,176
L009134,3088,S007,4162,73,30,279
L009135,3088,S004,4641,246,30,88
L009136,3088,S005,4207,0,5,46
L009137,3089,S003,2802,0,10,72
L009138,3089,S005,2747,0,20,269
L009139,3089,S010,3299,123,30,63
L009140,3090,S001,932,184,20,239
L009141,3090,S005,810,94,0,10
L009142,3090,S011,910,195,25,101
L009143,3091,S008,4145,0,10,349
L009144,3091,S005,4291,243,25,275
L009145,3091,S009,4604,225,10,123
L009146,3091,S012,4539,63,30,498
L009147,3092,S012,3760,106,0,40
L009148,3093,S007,5009,72,20,131
L009149,3093,S013,4737,191,20,63
L009150,3093,S003,4334,187,0,94
L009151,3094,S006,4892,0,15,54
L009152,3094,S002,5696,71,20,29
L009153,3095,S012,4768,144,5,386
L009154,3095,S008,4400,0,10,610
L009155,3095,S011,4838,250,25,85
L009156,3095,S013,4169,0,25,71
L009157,3096,S012,1373,54,10,329
L009158,3096,S005,1304,73,10,123
L009159,3096,S001,1562,174,0,33
L009160,3097,S003,5205,211,30,15
L009161,3097,S005,5208,0,15,279
L009162,3098,S002,2894,187,5,49
L009163,3098,S001,2607,54,10,167
L009164,3098,S011,2827,0,20,550
L009165,3098,S009,2883,197,5,938
L009166,3098,S013,3025,0,10,247
L009167,3099,S003,1192,187,5,208
L009168,3099,S009,1315,0,5,317
L009169,3099,S007,1284,113,5,46
L009170,3100,S006,3593,80,0,50
L009171,3100,S013,2992,0,20,62
L009172,3100,S009,3354,221,40,338
L009173,3101,S011,3791,171,20,100
L009174,3101,S004,3658,70,5,65
L009175,3101,S002,3673,69,5,286
L009176,3102,S001,5194,0,30,159
L009177,3102,S011,5852,170,15,230
L009178,3102,S004,5199,209,10,116
L009179,3102,S006,6060,60,50,43
L009180,3102,S005,5972,76,40,319
L009181,3103,S014,6089,199,5,71
L009182,3103,S009,6065,226,10,72
L009183,3103,S001,5178,183,20,403
L009184,3104,S009,598,223,10,455
L009185,3104,S006,537,248,20,101
L009186,3104,S004,518,166,25,20
L009187,3104,S012,530,114,40,463
L009188,3104,S014,560,161,25,591
L009189,3105,S012,1269,218,0,1072
L009190,3105,S010,1193,152,20,185
L009191,3105,S003,1261,114,40,636
L009192,3105,S013,1239,229,30,29
L009193,3106,S005,4006,144,0,549
L009194,3106,S006,4065,193,50,800
L009195,3106,S007,4016,242,20,109
L009196,3106,S014,4573,84,10,755
L009197,3107,S001,2464,220,10,141
L009198,3108,S006,2818,131,0,314
L009199,3108,S014,2831,177,5,150
L009200,3108,S011,2646,179,10,73
L009201,3109,S010,3492,0,15,550
L009202,3109,S002,3348,0,50,637
L009203,3110,S007,5745,155,5,1053
L009204,3110,S013,5057,91,15,114
L009205,3110,S006,4855,148,25,120
L009206,3110,S001,4957,102,20,58
L009207,3110,S004,5116,240,10,21
L009208,3111,S002,3990,225,0,259
L009209,3111,S005,3582,160,20,128
L009210,3111,S008,3333,86,10,33
L009211,3112,S004,3082,216,15,65
L009212,3113,S010,1804,245,10,82
L009213,3113,S006,1844,237,30,109
L009214,3113,S004,1767,168,0,1003
L009215,3113,S001,1667,0,20,116
L009216,3113,S012,1834,95,10,29
L009217,3114,S003,4423,0,20,746
L009218,3115,S007,2491,224,10,58
L009219,3115,S002,2856,84,10,190
L009220,3115,S009,2882,171,20,36
L009221,3116,S008,4865,146,25,583
L009222,3116,S014,4085,110,5,47
L009223,3117,S005,1857,139,20,512
L009224,3117,S002,1726,140,20,279
L009225,3117,S001,1799,0,25,185
L009226,3118,S002,3060,191,15,19
L009227,3119,S004,4870,248,5,482
L009228,3119,S005,5211,101,50,73
L009229,3119,S014,4956,201,20,266
L009230,3119,S007,4569,0,30,168
L009231,3119,S012,5396,222,20,127
L009232,3120,S008,3116,54,20,94
L009233,3121,S012,3345,213,20,19
L009234,3121,S005,3176,102,0,58
L009235,3121,S009,3651,115,20,237
L009236,3121,S010,3096,71,20,350
L009237,3121,S014,3186,0,25,83
L009238,3122,S003,4814,0,20,224
L009239,3122,S005,5378,199,30,27
L009240,3123,S012,5315,166,20,115
L009241,3123,S001,4575,114,20,53
L009242,3123,S008,5137,177,25,83
L009243,3124,S014,2124,180,10,486
L009244,3125,S010,5304,195,50,279
L009245,3125,S001,4845,0,10,385
L009246,3125,S011,5153,0,5,347
L009247,3125,S014,4616,84,0,129
L009248,3126,S012,3693,187,25,248
L009249,3126,S014,3771,170,5,106
L009250,3126,S009,3983,188,5,77
L009251,3126,S005,3896,0,0,277
L009252,3126,S010,3644,91,5,209
L009253,3127,S009,5035,199,0,112
L009254,3127,S002,5596,182,0,56
L009255,3127,S008,5236,168,15,51
L009256,3127,S006,5722,103,0,97
L009257,3127,S003,5059,0,5,59
L009258,3128,S005,5581,186,10,392
L009259,3129,S005,3865,92,0,146
L009260,3129,S013,4197,138,5,338
L009261,3129,S010,4405,120,15,165
L009262,3129,S012,3909,71,5,393
L009263,3129,S014,4134,136,20,197
L009264,3130,S002,4506,69,0,173
L009265,3130,S013,5331,0,0,364
L009266,3131,S001,534,152,15,38
L009267,3131,S003,511,184,0,84
L009268,3132,S002,518,194,0,946
L009269,3132,S004,541,203,10,392
L009270,3132,S010,539,103,30,79
L009271,3132,S008,526,241,10,70
L009272,3133,S006,632,107,10,246
L009273,3133,S008,702,226,10,52
L009274,3133,S014,664,227,20,150
L009275,3134,S001,1660,0,5,51
L009276,3135,S011,2803,178,5,229
L009277,3136,S011,3549,0,20,24
L009278,3137,S012,4854,115,5,183
L009279,3137,S001,5450,81,5,38
L009280,3137,S002,5749,147,25,32
L009281,3137,S009,5523,106,10,934
L009282,3137,S011,5581,212,15,693
L009283,3138,S011,3593,161,5,38
L009284,3138,S005,3075,160,20,28
L009285,3138,S001,3017,58,0,46
L009286,3138,S009,3614,235,15,670
L009287,3139,S008,1350,0,20,142
L009288,3139,S007,1418,171,5,227
L009289,3139,S014,1501,88,5,300
L009290,3139,S009,1525,189,25,44
L009291,3139,S010,1614,84,20,38
L009292,3140,S004,907,197,15,156
L009293,3140,S012,871,244,15,93
L009294,3140,S003,819,129,15,103
L009295,3141,S001,5521,87,20,85
L009296,3141,S008,5484,209,40,55
L009297,3142,S003,1478,145,20,226
L009298,3142,S002,1577,65,20,66
L009299,3143,S007,3744,158,20,131
L009300,3144,S014,4351,212,20,1237
L009301,3145,S012,1226,121,25,43
L009302,3146,S011,878,0,5,337
L009303,3146,S004,928,0,0,439
L009304,3147,S002,5023,171,5,157
L009305,3147,S004,4380,65,0,70
L009306,3147,S010,4383,250,5,383
L009307,3148,S011,4415,62,5,1500
L009308,3148,S008,4164,192,0,322
L009309,3148,S001,4006,58,0,128
L009310,3148,S004,3715,0,40,193
L009311,3148,S012,4022,140,15,130
L009312,3149,S010,2888,55,15,20
L009313,3149,S009,3061,0,0,52
L009314,3149,S001,2969,57,0,90
L009315,3150,S004,595,150,10,93
L009316,3150,S013,614,87,25,67
L009317,3150,S006,611,121,25,73
L009318,3150,S003,643,64,10,95
L009319,3151,S004,1991,156,0,154
L009320,3152,S011,881,244,0,72
L009321,3152,S006,835,0,15,282
L009322,3153,S001,2593,232,5,92
L009323,3153,S009,2871,88,25,236
L009324,3153,S006,2571,123,50,105
L009325,3154,S009,5521,238,0,44
L009326,3154,S005,5228,209,5,127
L009327,3154,S007,5320,0,30,660
L009328,3154,S004,5232,129,5,1963
L009329,3155,S002,5641,55,10,311
L009330,3155,S006,6086,117,25,537
L009331,3155,S008,5375,189,0,137
L009332,3155,S003,5489,192,25,82
L009333,3155,S001,6118,161,0,188
L009334,3156,S010,2665,0,5,321
L009335,3157,S011,4937,167,10,12
L009336,3158,S003,5302,127,40,98
L009337,3158,S006,5094,131,10,147
L009338,3158,S010,5535,70,20,79
L009339,3158,S011,5017,0,30,30
L009340,3158,S004,5973,226,10,135
L009341,3159,S003,3564,219,20,35
L009342,3159,S005,3408,203,20,104
L009343,3159,S007,3257,56,5,61
L009344,3160,S006,4098,130,20,606
L009345,3160,S009,3744,114,20,148
L009346,3160,S012,3514,0,20,873
L009347,3160,S007,4012,0,30,250
L009348,3161,S001,971,150,0,23
L009349,3161,S004,1058,55,25,115
L009350,3161,S009,984,106,25,137
L009351,3161,S002,1088,213,5,126
L009352,3161,S011,1030,68,25,259
L009353,3162,S005,930,97,15,203
L009354,3163,S002,2944,85,5,186
L009355,3164,S014,4464,232,25,585
L009356,3164,S010,4800,0,20,37
L009357,3164,S012,4770,78,15,106
L009358,3164,S007,4659,0,20,1717
L009359,3165,S011,4247,108,20,382
L009360,3166,S012,2565,53,15,27
L009361,3166,S001,2305,143,20,167
L009362,3166,S004,2516,226,20,153
L009363,3166,S008,2240,165,20,66
L009364,3166,S006,2576,227,20,115
L009365,3167,S008,5044,55,5,282
L009366,3168,S009,4218,0,25,157
L009367,3168,S004,3978,56,10,81
L009368,3169,S002,935,207,5,605
L009369,3169,S006,923,0,10,152
L009370,3170,S002,3157,80,10,63
L009371,3171,S005,660,178,0,260
L009372,3171,S007,553,0,5,50
L009373,3171,S009,547,166,5,54
L009374,3171,S008,594,209,40,93
L009375,3172,S012,2913,76,60,229
L009376,3173,S011,3782,0,5,1525
L009377,3173,S009,3384,124,30,160
L009378,3174,S009,795,0,30,293
L009379,3174,S007,687,0,15,224
L009380,3174,S003,750,171,10,136
L009381,3175,S003,4677,51,15,145
L009382,3176,S012,4556,0,15,346
L009383,3176,S014,4262,196,20,140
L009384,3176,S001,4127,250,10,49
L009385,3177,S011,1415,60,20,379
L009386,3178,S004,1522,56,15,17
L009387,3178,S005,1356,124,10,413
L009388,3178,S002,1490,89,10,227
L009389,3179,S004,1426,121,10,65
L009390,3179,S013,1411,82,25,28
L009391,3180,S014,4116,147,20,64
L009392,3180,S011,4031,238,5,1196
L009393,3180,S007,3970,195,5,257
L009394,3180,S013,3540,134,25,60
L009395,3181,S003,1526,0,25,22
L009396,3181,S013,1582,110,15,1260
L009397,3181,S004,1599,51,5,489
L009398,3181,S014,1509,192,15,99
L009399,3182,S005,4553,0,40,204
L009400,3182,S001,4508,221,15,147
L009401,3182,S012,4667,161,30,55
L009402,3183,S010,1227,80,25,544
L009403,3183,S013,1278,63,15,63
L009404,3183,S005,1433,109,5,91
L009405,3184,S010,857,119,10,648
L009406,3184,S004,826,149,0,189
L009407,3185,S006,2592,84,15,321
L009408,3185,S012,2695,0,40,2436
L009409,3185,S007,2608,51,10,268
L009410,3186,S009,545,178,0,832
L009411,3186,S014,551,75,25,75
L009412,3186,S011,494,54,20,35
L009413,3186,S013,477,235,50,62
L009414,3186,S010,476,128,15,29
L009415,3187,S014,5460,183,25,215
L009416,3188,S011,4031,53,50,36
L009417,3189,S009,3924,191,10,122
L009418,3189,S014,4048,171,25,121
L009419,3189,S003,4436,100,20,213
L009420,3189,S005,4160,221,10,805
L009421,3189,S010,4542,81,10,78
L009422,3190,S013,1673,157,10,16
L009423,3190,S002,1653,0,25,127
L009424,3190,S005,1504,166,20,69
L009425,3190,S011,1475,242,5,310
L009426,3191,S011,4510,0,10,25
L009427,3191,S001,5214,189,20,114
L009428,3191,S003,4940,192,5,110
L009429,3192,S003,2017,0,20,98
L009430,3193,S009,5804,176,15,74
L009431,3193,S005,6357,148,5,173
L009432,3193,S008,5457,0,15,216
L009433,3193,S002,6367,223,15,344
L009434,3193,S007,5419,0,15,580
L009435,3194,S009,2866,60,20,195
L009436,3194,S006,2738,0,40,430
L009437,3195,S004,3028,178,15,306
L009438,3195,S001,3134,102,50,219
L009439,3196,S005,3407,245,0,362
L009440,3196,S006,3809,180,20,518
L009441,3196,S004,3544,223,5,32
L009442,3196,S012,3427,168,10,57
L009443,3196,S013,3820,66,20,35
L009444,3197,S003,3255,250,15,81
L009445,3198,S014,4728,146,25,39
L009446,3198,S006,5061,193,5,68
L009447,3198,S004,4848,235,5,197
L009448,3198,S011,5221,147,15,107
L009449,3199,S009,3824,149,30,474
L009450,3199,S004,3744,228,10,107
L009451,3200,S010,2988,110,0,40
L009452,3200,S012,3096,95,5,51
L009453,3200,S011,2838,160,20,162
L009454,3200,S006,3221,226,15,329
L009455,3201,S002,3789,201,10,291
L009456,3201,S004,3372,88,15,249
L009457,3202,S013,4682,60,25,664
L009458,3202,S007,4991,52,15,138
L009459,3203,S013,3320,203,15,186
L009460,3203,S008,3026,172,25,648
L009461,3203,S003,3183,0,5,15
L009462,3204,S003,5769,175,30,331
L009463,3204,S010,5159,133,20,25
L009464,3204,S011,5884,98,10,152
L009465,3204,S002,5232,167,0,126
L009466,3205,S001,3434,67,25,455
L009467,3205,S004,3466,0,20,179
L009468,3205,S011,3729,214,20,260
L009469,3205,S008,3711,0,5,533
L009470,3205,S003,3721,207,20,139
L009471,3206,S009,2243,0,10,770
L009472,3206,S007,1901,108,40,44
L009473,3206,S004,2037,0,30,165
L009474,3206,S011,2255,244,20,462
L009475,3207,S005,2605,101,15,219
L009476,3207,S012,3014,117,15,96
L009477,3207,S014,2515,207,20,721
L009478,3208,S007,3070,155,5,255
L009479,3208,S014,3346,118,15,244
L009480,3208,S005,3352,106,20,44
L009481,3208,S006,3680,181,10,202
L009482,3208,S008,3194,64,20,279
L009483,3209,S014,4434,0,5,68
L009484,3210,S004,3375,153,0,487
L009485,3210,S010,3667,189,25,104
L009486,3210,S013,3340,0,50,61
L009487,3210,S006,3419,0,10,1391
L009488,3211,S004,1256,216,5,214
L009489,3211,S014,1225,150,50,122
L009490,3211,S003,1198,145,10,182
L009491,3212,S008,2736,127,30,803
L009492,3212,S012,2857,243,20,159
L009493,3212,S014,2853,203,5,70
L009494,3212,S007,3129,0,25,5
L009495,3212,S011,2835,164,5,136
L009496,3213,S008,5779,66,40,262
L009497,3213,S013,5810,207,25,198
L009498,3214,S001,1566,83,5,276
L009499,3214,S004,1444,167,10,135
L009500,3214,S007,1512,77,5,476
L009501,3214,S012,1516,115,5,225
L009502,3215,S007,4300,161,50,51
L009503,3215,S010,3764,102,5,235
L009504,3215,S013,3861,218,10,25
L009505,3215,S004,4494,203,5,185
L009506,3216,S009,1825,250,5,67
L009507,3217,S003,5714,0,10,1044
L009508,3217,S005,6045,77,25,149
L009509,3217,S009,6211,195,20,112
L009510,3217,S004,5513,94,0,167
L009511,3218,S003,6457,123,5,121
L009512,3218,S012,6131,198,10,636
L009513,3218,S005,6174,63,30,113
L009514,3218,S011,5800,160,20,483
L009515,3219,S011,4473,210,10,188
L009516,3219,S003,4934,81,10,136
L009517,3219,S009,4264,94,0,544
L009518,3219,S005,4559,127,25,79
L009519,3219,S006,4247,250,20,37
L009520,3220,S005,3025,139,5,95
L009521,3221,S002,2586,0,15,81
L009522,3221,S008,2578,225,20,144
L009523,3222,S012,4649,172,10,92
L009524,3222,S011,5561,114,25,83
L009525,3222,S010,5195,198,25,160
L009526,3222,S005,5142,213,25,38
L009527,3223,S009,2762,236,25,211
L009528,3223,S003,2930,185,10,46
L009529,3224,S011,2501,91,20,36
L009530,3224,S009,2817,143,40,22
L009531,3224,S003,2640,176,0,38
L009532,3224,S005,2745,116,50,259
L009533,3225,S011,3664,72,20,561
L009534,3225,S010,3551,124,40,129
L009535,3225,S005,4264,0,15,109
L009536,3225,S007,3958,61,20,213
L009537,3225,S004,3906,100,0,105
L009538,3226,S001,3860,93,10,224
L009539,3226,S014,4297,67,5,42
L009540,3226,S012,4306,204,10,436
L009541,3226,S009,4161,74,15,359
L009542,3226,S011,4177,62,5,244
L009543,3227,S010,549,0,10,138
L009544,3227,S002,580,139,20,80
L009545,3228,S010,997,0,20,812
L009546,3228,S012,985,137,10,2784
L009547,3228,S008,940,208,0,421
L009548,3229,S011,4503,182,50,143
L009549,3229,S002,4311,173,5,177
L009550,3229,S007,4620,108,0,341
L009551,3229,S008,4260,211,0,135
L009552,3229,S013,4635,113,5,345
L009553,3230,S005,3469,215,10,120
L009554,3230,S001,3994,110,15,234
L009555,3230,S011,3607,155,15,103
L009556,3230,S003,3657,154,20,18
L009557,3230,S004,3407,199,25,74
L009558,3231,S007,3470,249,5,442
L009559,3231,S008,3621,233,0,365
L009560,3231,S003,3074,208,10,329
L009561,3231,S004,3212,168,30,83
L009562,3231,S009,3670,242,40,395
L009563,3232,S006,2150,70,20,316
L009564,3232,S008,2161,205,15,111
L009565,3232,S012,2043,242,10,24
L009566,3232,S003,2164,164,25,262
L009567,3233,S010,3233,0,15,30
L009568,3233,S004,3101,0,20,221
L009569,3233,S007,2799,114,15,283
L009570,3233,S002,2762,220,20,51
L009571,3234,S013,2721,122,20,180
L009572,3234,S003,2796,0,15,125
L009573,3235,S011,5146,134,25,133
L009574,3235,S010,4934,0,10,126
L009575,3235,S009,4340,106,10,286
L009576,3236,S003,4757,189,0,675
L009577,3236,S014,5068,171,30,833
L009578,3237,S010,5686,104,20,42
L009579,3237,S002,5740,212,30,146
L009580,3237,S001,5646,0,25,247
L009581,3238,S004,2337,173,20,109
L009582,3238,S012,2138,52,30,55
L009583,3239,S001,925,175,25,144
L009584,3239,S004,1112,171,25,302
L009585,3239,S013,1075,110,20,48
L009586,3239,S006,950,124,20,16
L009587,3240,S010,5315,0,15,93
L009588,3240,S004,5140,222,0,118
L009589,3240,S002,5595,109,5,31
L009590,3240,S001,5338,0,20,84
L009591,3241,S005,2664,218,20,319
L009592,3241,S002,3020,121,40,214
L009593,3242,S003,4169,205,10,92
L009594,3242,S013,4330,0,5,42
L009595,3242,S004,4355,147,0,229
L009596,3242,S009,4921,139,30,493
L009597,3242,S005,4581,244,20,57
L009598,3243,S013,2227,94,5,127
L009599,3244,S007,619,128,15,1541
L009600,3244,S008,617,246,10,47
L009601,3244,S011,600,184,5,130
L009602,3245,S010,2025,62,30,22
L009603,3245,S004,2234,163,30,155
L009604,3246,S001,4175,0,25,392
L009605,3246,S008,4577,237,20,162
L009606,3246,S005,4000,0,0,32
L009607,3246,S012,4177,156,15,109
L009608,3247,S006,4991,122,15,798
L009609,3247,S009,4855,113,10,39
L009610,3248,S002,1496,0,20,141
L009611,3248,S004,1629,125,40,140
L009612,3248,S001,1350,0,25,143
L009613,3248,S012,1506,195,10,224
L009614,3248,S009,1620,178,30,242
L009615,3249,S009,5684,125,10,223
L009616,3249,S003,5940,187,20,56
L009617,3249,S011,5842,250,30,184
L009618,3250,S005,3947,0,20,193
L009619,3250,S014,4114,59,40,194
L009620,3250,S007,4499,241,15,296
L009621,3250,S001,4122,151,30,535
L009622,3251,S005,4535,218,20,111
L009623,3251,S008,4887,68,10,732
L009624,3251,S014,4245,75,40,113
L009625,3252,S009,4991,0,10,177
L009626,3252,S012,5020,55,60,237
L009627,3252,S002,5831,164,30,125
L009628,3253,S002,1026,109,15,654
L009629,3254,S007,3131,0,10,225
L009630,3254,S008,3360,213,20,40
L009631,3255,S003,1542,79,10,121
L009632,3255,S008,1433,119,15,357
L009633,3255,S010,1524,142,15,115
L009634,3256,S014,3469,210,25,40
L009635,3256,S003,3408,148,10,131
L009636,3256,S010,3683,201,30,48
L009637,3256,S012,3451,213,10,156
L009638,3257,S004,1672,149,15,191
L009639,3258,S003,1332,58,25,114
L009640,3258,S013,1242,0,30,150
L009641,3258,S006,1414,156,5,153
L009642,3258,S005,1254,50,15,68
L009643,3258,S008,1374,124,50,68
L009644,3259,S012,2097,74,5,153
L009645,3259,S005,2021,0,20,217
L009646,3260,S001,721,192,10,15
L009647,3260,S007,658,168,0,600
L009648,3260,S005,667,95,0,186
L009649,3261,S002,4987,77,5,71
L009650,3262,S001,1792,81,15,243
L009651,3263,S013,1255,80,20,213
L009652,3263,S009,1369,240,10,85
L009653,3263,S006,1194,80,0,98
L009654,3264,S011,3018,0,5,493
L009655,3264,S012,3586,85,5,287
L009656,3264,S009,3261,96,5,42
L009657,3264,S005,3289,0,5,28
L009658,3264,S008,3390,165,10,509
L009659,3265,S003,2439,228,10,65
L009660,3265,S001,2638,241,25,71
L009661,3266,S013,699,154,10,63
L009662,3266,S004,734,141,50,403
L009663,3266,S012,781,147,20,286
L009664,3266,S001,744,0,10,106
L009665,3267,S009,5242,0,15,174
L009666,3267,S012,6209,132,20,734
L009667,3267,S002,5521,242,15,217
L009668,3267,S001,5120,78,20,133
L009669,3267,S007,5833,187,10,129
L009670,3268,S010,2123,214,5,66
L009671,3268,S007,2028,240,20,73
L009672,3268,S004,2124,200,15,154
L009673,3269,S002,4870,149,40,71
L009674,3269,S004,4466,50,5,196
L009675,3270,S014,1893,137,50,111
L009676,3270,S010,2007,202,15,223
L009677,3271,S010,5169,128,30,29
L009678,3271,S007,5386,76,15,102
L009679,3271,S009,5031,247,15,245
L009680,3271,S004,4566,0,20,379
L009681,3272,S012,4083,121,10,23
L009682,3272,S005,4627,71,20,265
L009683,3272,S010,4694,87,15,428
L009684,3273,S011,3558,166,20,72
L009685,3273,S004,3168,0,15,72
L009686,3273,S005,3162,105,10,232
L009687,3274,S011,1146,238,25,51
L009688,3274,S002,1076,230,10,55
L009689,3274,S008,990,0,20,90
L009690,3274,S006,1039,0,5,23
L009691,3275,S014,3484,0,15,150
L009692,3275,S003,3258,241,5,92
L009693,3275,S010,3595,182,20,118
L009694,3275,S008,3544,181,20,34
L009695,3276,S009,2001,135,10,148
L009696,3276,S012,2170,246,10,138
L009697,3276,S005,2185,62,15,137
L009698,3277,S007,1095,160,15,44
L009699,3277,S004,956,116,10,62
L009700,3277,S003,900,154,15,156
L009701,3278,S011,846,161,0,43
L009702,3278,S005,765,191,25,65
L009703,3279,S003,5304,0,0,113
L009704,3279,S007,5266,158,15,175
L009705,3279,S013,5090,119,5,95
L009706,3280,S010,4910,52,10,61
L009707,3281,S003,3503,199,25,119
L009708,3281,S014,3430,160,15,78
L009709,3282,S010,6194,160,5,470
L009710,3283,S012,2622,0,20,267
L009711,3283,S007,2557,78,30,101
L009712,3283,S004,2582,131,40,142
L009713,3284,S006,2958,0,10,584
L009714,3284,S004,2706,122,10,62
L009715,3284,S001,2801,0,15,95
L009716,3284,S008,3073,0,40,640
L009717,3284,S002,3213,0,0,338
L009718,3285,S011,5057,176,5,401
L009719,3285,S002,5006,234,0,169
L009720,3285,S007,5479,80,15,39
L009721,3285,S004,4814,0,10,53
L009722,3286,S011,5161,120,5,47
L009723,3287,S010,1991,155,15,117
L009724,3287,S002,1889,0,25,26
L009725,3287,S009,2129,116,10,578
L009726,3287,S007,1801,206,30,207
L009727,3287,S004,1809,113,20,253
L009728,3288,S009,5186,147,20,162
L009729,3288,S008,5031,141,40,55
L009730,3288,S014,4825,0,0,318
L009731,3288,S003,5039,117,15,136
L009732,3288,S006,4403,222,50,63
L009733,3289,S004,2174,179,10,266
L009734,3289,S011,2310,87,10,1551
L009735,3289,S002,2242,196,15,1588
L009736,3289,S012,2327,170,0,36
L009737,3289,S009,2398,116,10,250
L009738,3290,S006,4097,144,5,323
L009739,3290,S011,3781,79,10,266
L009740,3290,S004,3682,50,15,253
L009741,3290,S013,3843,243,0,394
L009742,3291,S013,1105,186,20,183
L009743,3291,S008,1204,0,25,69
L009744,3292,S011,5030,55,0,740
L009745,3292,S010,5568,108,15,196
L009746,3292,S003,5453,204,10,68
L009747,3292,S012,5837,205,0,38
L009748,3293,S013,2711,243,10,111
L009749,3294,S014,4074,0,40,140
L009750,3294,S008,4266,97,50,153
L009751,3294,S009,3954,131,5,92
L009752,3295,S008,5797,95,20,158
L009753,3296,S009,2303,229,40,124
L009754,3297,S013,5097,217,15,708
L009755,3297,S005,5401,176,20,92
L009756,3298,S011,2200,125,5,267
L009757,3298,S001,2450,165,30,164
L009758,3298,S006,2172,241,15,108
L009759,3298,S008,2305,176,5,11
L009760,3298,S005,2556,124,15,102
L009761,3299,S003,3555,182,10,434
L009762,3299,S005,3750,159,10,1171
L009763,3299,S006,3385,93,50,116
L009764,3299,S009,3259,200,25,1087
L009765,3300,S008,4963,245,0,148
L009766,3300,S012,4656,232,40,262
L009767,3300,S009,4555,244,25,215
L009768,3300,S004,5255,204,10,93
L009769,3300,S001,4902,99,5,131
L009770,3301,S011,3357,113,30,449
L009771,3302,S013,2657,213,0,471
L009772,3302,S006,3057,189,15,175
L009773,3302,S010,2586,246,0,213
L009774,3303,S001,1635,102,20,62
L009775,3303,S013,1631,149,20,242
L009776,3303,S012,1757,114,5,4080
L009777,3303,S010,1730,197,30,150
L009778,3303,S007,1622,0,20,352
L009779,3304,S009,901,229,5,249
L009780,3304,S010,937,181,5,14
L009781,3305,S013,4731,171,5,100
L009782,3305,S011,4146,215,5,624
L009783,3305,S007,4409,0,30,198
L009784,3305,S003,4222,55,15,107
L009785,3306,S002,2596,59,25,342
L009786,3306,S010,2778,210,10,457
L009787,3306,S009,3035,0,20,591
L009788,3306,S011,2846,139,10,37
L009789,3307,S006,4488,212,10,46
L009790,3307,S004,4582,247,0,354
L009791,3308,S012,3111,93,15,520
L009792,3308,S005,3315,202,15,32
L009793,3308,S013,2890,223,0,60
L009794,3308,S004,2925,146,15,93
L009795,3308,S008,3323,0,20,58
L009796,3309,S002,600,73,25,70
L009797,3309,S001,524,235,30,219
L009798,3309,S008,503,0,0,98
L009799,3310,S006,4025,59,40,553
L009800,3310,S007,3728,163,10,47
L009801,3311,S006,3894,0,5,48
L009802,3311,S012,4465,114,5,55
L009803,3311,S001,3961,0,10,153
L009804,3312,S004,6340,0,20,31
L009805,3312,S003,6500,0,25,1390
L009806,3313,S013,2783,218,10,563
L009807,3313,S014,3277,235,10,152
L009808,3313,S011,2761,201,15,1211
L009809,3313,S001,2739,165,10,69
L009810,3313,S003,3087,126,15,32
L009811,3314,S007,634,0,30,61
L009812,3314,S014,675,0,5,68
L009813,3314,S012,664,108,20,88
L009814,3314,S009,588,104,25,86
L009815,3315,S011,2907,201,15,173
L009816,3315,S014,2711,0,40,136
L009817,3315,S006,2717,59,15,151
L009818,3315,S003,2722,208,20,44
L009819,3315,S001,2952,0,20,354
L009820,3316,S012,1984,141,40,326
L009821,3316,S008,1856,137,30,233
L009822,3316,S004,2048,0,5,200
L009823,3316,S006,1825,195,50,705
L009824,3317,S010,5436,220,30,41
L009825,3317,S005,5515,166,5,76
L009826,3317,S003,5105,209,20,71
L009827,3318,S004,2968,0,30,382
L009828,3318,S007,3143,0,5,350
L009829,3318,S010,2796,164,15,296
L009830,3318,S008,3140,0,5,19
L009831,3319,S013,752,202,15,72
L009832,3320,S001,1017,0,10,227
L009833,3320,S012,1106,0,0,137
L009834,3321,S010,5148,113,10,164
L009835,3322,S014,6043,171,20,269
L009836,3323,S006,3339,67,25,137
L009837,3323,S008,3173,79,40,76
L009838,3323,S002,3079,0,20,32
L009839,3324,S007,4468,0,50,46
L009840,3324,S013,4068,156,5,76
L009841,3324,S005,4036,149,40,145
L009842,3324,S010,3987,0,0,101
L009843,3325,S007,1406,118,5,186
L009844,3325,S012,1497,111,40,627
L009845,3326,S005,987,221,15,455
L009846,3326,S002,1038,72,15,1355
L009847,3326,S012,997,146,0,193
L009848,3327,S007,1699,225,5,57
L009849,3327,S011,1568,0,15,155
L009850,3327,S006,1495,182,15,52
L009851,3327,S010,1680,0,20,1033
L009852,3327,S013,1705,223,10,262
L009853,3328,S006,2482,122,0,623
L009854,3328,S011,2724,50,30,518
L009855,3328,S004,2613,123,15,246
L009856,3328,S003,2513,0,60,105
L009857,3328,S013,2688,234,0,75
L009858,3329,S002,1761,0,20,55
L009859,3330,S009,5965,0,50,779
L009860,3330,S006,5860,199,20,93
L009861,3330,S013,5341,89,20,150
L009862,3330,S012,5313,118,15,97
L009863,3330,S005,5981,93,40,708
L009864,3331,S014,4867,96,20,171
L009865,3331,S010,4693,93,25,185
L009866,3331,S008,4819,239,40,132
L009867,3331,S009,5196,0,25,155
L009868,3331,S005,4926,227,10,266
L009869,3332,S008,3392,227,30,263
L009870,3332,S004,3498,171,5,42
L009871,3332,S002,3790,150,20,85
L009872,3332,S007,3662,245,40,164
L009873,3333,S011,1567,0,10,387
L009874,3334,S004,1691,74,50,79
L009875,3334,S005,1810,0,30,70
L009876,3334,S010,1856,102,30,198
L009877,3334,S011,1729,90,20,167
L009878,3335,S005,3679,0,10,361
L009879,3335,S008,3631,235,30,53
L009880,3335,S013,3294,226,5,61
L009881,3335,S003,3398,162,10,73
L009882,3336,S005,4201,190,5,215
L009883,3336,S002,4025,81,15,106
L009884,3336,S012,3650,189,10,247
L009885,3337,S011,2029,71,15,74
L009886,3337,S012,1710,0,30,55
L009887,3337,S006,1714,69,10,51
L009888,3337,S010,1720,57,50,21
L009889,3338,S013,4976,177,15,31
L009890,3338,S003,5281,247,15,103
L009891,3338,S014,5078,109,20,38
L009892,3338,S010,5042,75,20,78
L009893,3339,S002,3102,0,20,119
L009894,3340,S005,2650,114,25,129
L009895,3340,S012,2752,177,30,279
L009896,3340,S003,2924,188,15,204
L009897,3341,S009,5932,52,25,299
L009898,3341,S001,5888,228,25,1316
L009899,3341,S012,5725,64,40,413
L009900,3341,S003,6090,152,20,23
L009901,3341,S014,6112,81,20,152
L009902,3342,S006,4779,97,15,60
L009903,3343,S004,1585,0,15,466
L009904,3343,S013,1787,215,25,106
L009905,3343,S014,1526,0,40,202
L009906,3344,S007,1464,218,20,498
L009907,3345,S002,2358,0,0,178
L009908,3345,S012,2305,0,10,144
L009909,3345,S014,2455,90,10,121
L009910,3345,S004,2352,125,20,36
L009911,3346,S005,2497,0,0,236
L009912,3347,S006,968,232,10,32
L009913,3347,S011,939,111,0,187
L009914,3347,S013,995,203,30,60
L009915,3348,S001,5533,236,15,17
L009916,3348,S009,5799,138,5,143
L009917,3348,S010,6353,230,5,105
L009918,3349,S012,4852,206,25,41
L009919,3350,S009,3443,174,15,142
L009920,3351,S004,5855,70,40,74
L009921,3351,S008,6069,69,5,73
L009922,3351,S010,6324,142,15,156
L009923,3352,S003,1741,0,40,707
L009924,3352,S008,1580,82,40,232
L009925,3352,S009,1547,74,20,1333
L009926,3352,S005,1761,101,15,354
L009927,3352,S006,1675,0,5,92
L009928,3353,S014,1726,240,15,33
L009929,3353,S006,1782,220,15,66
L009930,3353,S012,2037,203,40,380
L009931,3354,S002,4081,238,15,29
L009932,3354,S006,3572,56,25,149
L009933,3354,S004,4088,245,0,43
L009934,3355,S012,486,116,60,275
L009935,3356,S013,3617,131,10,38
L009936,3356,S011,3786,0,5,95
L009937,3357,S003,2590,0,5,180
L009938,3357,S004,2780,126,20,291
L009939,3357,S012,2787,140,20,502
L009940,3357,S001,2926,195,25,438
L009941,3358,S004,5528,82,15,67
L009942,3359,S005,4074,98,20,395
L009943,3360,S011,776,246,20,62
L009944,3360,S003,893,0,5,340
L009945,3360,S005,831,0,25,44
L009946,3360,S009,835,97,15,291
L009947,3361,S012,1120,109,25,1015
L009948,3361,S006,1163,0,5,314
L009949,3361,S002,1027,0,25,106
L009950,3362,S013,3173,126,5,213
L009951,3363,S009,1261,181,15,321
L009952,3363,S011,1283,231,25,833
L009953,3363,S013,1452,72,30,31
L009954,3363,S012,1232,105,10,407
L009955,3364,S004,6220,129,30,377
L009956,3365,S010,3820,194,20,99
L009957,3365,S002,3858,0,5,75
L009958,3365,S013,4363,68,20,833
L009959,3365,S007,3713,96,5,24
L009960,3366,S002,516,87,10,608
L009961,3367,S011,2305,216,30,131
L009962,3367,S014,2279,82,15,745
L009963,3367,S001,2657,155,25,52
L009964,3367,S005,2563,57,10,1022
L009965,3368,S004,5444,224,15,75
L009966,3368,S006,4877,166,20,446
L009967,3368,S013,4539,75,30,86
L009968,3369,S005,4943,97,15,329
L009969,3369,S009,5161,130,20,532
L009970,3370,S005,652,206,0,452
L009971,3370,S009,692,250,20,86
L009972,3370,S014,642,0,5,81
L009973,3371,S012,4227,53,0,124
L009974,3372,S002,2110,79,15,289
L009975,3373,S002,4005,0,20,223
L009976,3373,S012,4120,154,5,107
L009977,3374,S012,2410,207,15,62
L009978,3374,S008,2513,235,10,879
L009979,3375,S008,6274,103,40,16
L009980,3376,S003,3958,84,30,314
L009981,3376,S012,3663,185,25,329
L009982,3377,S010,705,176,30,113
L009983,3377,S002,804,246,20,72
L009984,3377,S001,747,166,0,346
L009985,3377,S009,743,187,25,45
L009986,3377,S013,729,0,10,367
L009987,3378,S009,2011,0,20,130
L009988,3378,S004,1925,187,40,172
L009989,3378,S003,1726,82,0,62
L009990,3378,S013,2038,0,10,305
L009991,3378,S001,1818,0,30,445
L009992,3379,S013,4815,180,5,38
L009993,3380,S013,942,69,50,501
L009994,3380,S008,949,133,10,234
L009995,3380,S006,846,94,5,191
L009996,3380,S001,937,211,20,176
L009997,3381,S011,5141,0,10,38
L009998,3381,S002,4851,95,25,351
L009999,3381,S007,5386,69,5,244
L010000,3381,S012,4905,93,5,97
L010001,3381,S003,5180,216,25,84
L010002,3382,S002,3641,0,10,19
L010003,3382,S009,3404,105,20,109
L010004,3382,S003,3557,0,10,133
L010005,3382,S004,3296,152,15,289
L010006,3382,S006,3609,156,10,44
L010007,3383,S005,4924,94,10,62
L010008,3384,S006,2664,79,0,71
L010009,3385,S010,1096,133,40,373
L010010,3385,S009,1251,170,0,205
L010011,3385,S014,1265,183,30,36
L010012,3386,S002,2784,249,0,93
L010013,3386,S013,2897,208,25,14
L010014,3386,S010,2953,115,25,215
L010015,3386,S008,2704,199,15,567
L010016,3387,S002,2374,150,10,529
L010017,3387,S008,2860,80,50,25
L010018,3387,S007,2623,107,25,235
L010019,3388,S004,1970,60,25,40
L010020,3388,S010,1849,0,20,21
L010021,3388,S001,1940,210,25,196
L010022,3388,S009,1774,87,20,92
L010023,3389,S011,2857,70,10,345
L010024,3390,S014,4361,161,40,260
L010025,3391,S008,3149,59,10,1317
L010026,3391,S004,3297,124,20,55
L010027,3391,S001,3254,223,20,394
L010028,3391,S012,3485,0,10,123
L010029,3392,S010,779,116,20,17
L010030,3392,S001,710,0,20,266
L010031,3392,S005,731,0,0,202
L010032,3392,S006,770,233,40,151
L010033,3393,S012,5785,51,50,669
L010034,3393,S003,5429,92,5,152
L010035,3393,S005,5225,187,30,194
L010036,3394,S012,2448,165,10,420
L010037,3394,S002,2544,0,25,448
L010038,3395,S011,1287,134,15,223
L010039,3395,S009,1110,0,20,543
L010040,3396,S006,4570,174,30,44
L010041,3397,S014,1151,233,20,505
L010042,3397,S008,1280,92,10,122
L010043,3397,S012,1110,223,25,127
L010044,3397,S004,1253,81,15,84
L010045,3398,S010,5274,143,5,463
L010046,3398,S004,4725,249,10,119
L010047,3398,S012,5266,0,15,61
L010048,3399,S001,1919,0,15,224
L010049,3399,S007,1992,0,30,108
L010050,3399,S012,1917,52,50,42
L010051,3400,S013,4352,0,40,209
L010052,3400,S006,3887,0,15,60
L010053,3400,S008,4593,66,0,157
L010054,3400,S010,4056,0,15,84
L010055,3401,S003,2051,0,15,28
L010056,3401,S002,2392,138,0,152
L010057,3402,S005,1203,218,10,191
L010058,3402,S001,1156,144,40,32
L010059,3402,S010,1209,243,10,742
L010060,3403,S001,3349,126,20,95
L010061,3403,S009,3170,165,20,174
L010062,3403,S007,3665,78,20,79
L010063,3403,S003,3276,149,0,528
L010064,3403,S005,3608,57,5,61
L010065,3404,S008,5458,207,20,231
L010066,3404,S006,5513,102,20,302
L010067,3405,S013,1151,236,20,295
L010068,3405,S006,1157,158,0,206
L010069,3405,S009,1142,0,5,239
L010070,3406,S002,4920,192,5,371
L010071,3406,S009,4515,153,30,38
L010072,3406,S008,4666,0,20,292
L010073,3407,S002,5635,98,60,27
L010074,3408,S009,4337,50,20,885
L010075,3408,S012,4426,109,25,124
L010076,3408,S010,4480,116,20,33
L010077,3408,S004,4640,0,0,450
L010078,3409,S005,3372,186,15,346
L010079,3409,S014,3529,146,5,159
L010080,3409,S007,3627,80,25,83
L010081,3410,S007,3000,0,5,28
L010082,3410,S006,3062,169,5,20
L010083,3411,S003,1114,0,5,41
L010084,3411,S011,1066,211,15,204
L010085,3411,S010,1109,199,5,462
L010086,3412,S011,2082,216,0,314
L010087,3412,S001,2373,121,15,135
L010088,3412,S003,2100,174,30,94
L010089,3412,S010,2281,199,25,13
L010090,3413,S002,1003,106,5,70
L010091,3413,S008,930,113,60,62
L010092,3413,S012,919,157,5,128
L010093,3413,S014,854,0,5,88
L010094,3414,S009,1854,87,15,245
L010095,3414,S003,1914,84,30,182
L010096,3415,S013,3104,100,10,40
L010097,3415,S009,3148,0,40,374
L010098,3415,S014,3028,132,5,59
L010099,3415,S004,2844,0,25,274
L010100,3416,S004,5977,183,0,18
L010101,3417,S005,1107,90,10,253
L010102,3418,S013,3381,118,10,320
L010103,3419,S010,2164,156,20,33
L010104,3419,S009,2000,70,5,128
L010105,3419,S004,2304,155,5,58
L010106,3419,S001,2355,110,10,44
L010107,3420,S002,6492,53,20,632
L010108,3420,S009,6308,161,10,67
L010109,3420,S006,5394,207,5,702
L010110,3420,S005,5891,159,20,64
L010111,3420,S003,6200,0,10,104
L010112,3421,S008,4769,129,5,525
L010113,3422,S001,3035,0,15,431
L010114,3422,S009,3308,147,40,789
L010115,3422,S013,2995,0,50,290
L010116,3423,S003,5924,0,20,100
L010117,3423,S002,5202,243,25,1303
L010118,3423,S013,5418,203,10,256
L010119,3424,S007,5100,215,0,28
L010120,3424,S008,5535,187,15,217
L010121,3424,S002,5364,170,30,581
L010122,3425,S013,3645,231,25,291
L010123,3425,S010,3758,133,5,129
L010124,3426,S003,3887,161,5,95
L010125,3426,S007,4312,50,20,338
L010126,3426,S014,4496,214,0,550
L010127,3427,S013,1160,211,20,160
L010128,3427,S003,1020,158,5,71
L010129,3428,S006,2967,62,0,47
L010130,3429,S005,757,168,15,46
L010131,3429,S001,743,197,0,180
L010132,3429,S003,676,0,15,117
L010133,3430,S006,3712,78,25,133
L010134,3430,S007,3114,160,20,138
L010135,3430,S013,3570,196,10,16
L010136,3431,S010,3677,169,20,217
L010137,3431,S002,3628,0,40,78
L010138,3431,S001,4011,80,20,92
L010139,3431,S004,3481,157,15,35
L010140,3432,S001,4150,0,50,180
L010141,3432,S009,4713,121,10,212
L010142,3432,S006,4606,146,15,37
L010143,3433,S011,2947,0,20,32
L010144,3433,S009,3177,184,0,52
L010145,3434,S010,4989,72,10,54
L010146,3434,S011,4527,217,15,217
L010147,3434,S006,4744,68,5,12
L010148,3435,S002,4338,142,5,831
L010149,3435,S008,5104,0,30,238
L010150,3435,S012,5038,0,50,177
L010151,3435,S007,4534,78,25,369
L010152,3435,S001,4503,0,5,37
L010153,3436,S006,4362,102,0,108
L010154,3436,S009,4410,0,10,225
L010155,3436,S008,4165,58,20,339
L010156,3436,S003,4529,0,0,124
L010157,3437,S006,3472,147,0,371
L010158,3437,S012,3281,91,15,134
L010159,3437,S005,3146,172,5,510
L010160,3437,S008,3049,77,25,21
L010161,3437,S007,3345,171,15,70
L010162,3438,S009,4193,0,40,150
L010163,3438,S014,4165,153,60,159
L010164,3438,S007,4231,173,10,110
L010165,3438,S010,4705,112,15,464
L010166,3439,S011,1703,241,0,32
L010167,3440,S014,1180,59,15,706
L010168,3440,S008,1249,112,0,398
L010169,3440,S011,1108,76,50,47
L010170,3440,S012,1307,100,30,106
L010171,3441,S001,4932,245,10,208
L010172,3441,S004,4866,74,10,181
L010173,3441,S003,5278,88,20,89
L010174,3442,S011,2045,187,40,429
L010175,3442,S014,1944,0,30,100
L010176,3442,S005,1878,222,15,577
L010177,3443,S005,1837,0,10,137
L010178,3444,S012,2198,0,25,79
L010179,3444,S011,2325,75,15,146
L010180,3444,S009,2013,0,10,149
L010181,3444,S006,2110,228,15,390
L010182,3444,S005,2123,241,50,73
L010183,3445,S004,4589,88,10,143
L010184,3445,S001,5052,152,0,237
L010185,3445,S005,4735,0,30,154
L010186,3446,S001,2920,175,30,45
L010187,3446,S012,3094,215,20,138
L010188,3447,S003,5434,173,10,45
L010189,3447,S008,5434,63,20,275
L010190,3448,S001,768,172,15,249
L010191,3448,S008,784,204,10,269
L010192,3449,S012,2857,0,10,2169
L010193,3449,S005,3020,95,15,59
L010194,3449,S011,2648,0,40,227
L010195,3450,S004,4929,131,10,58
L010196,3450,S007,4558,0,20,135
L010197,3450,S010,4764,112,0,170
L010198,3450,S008,5168,86,60,151
L010199,3450,S009,5122,217,0,644
L010200,3451,S002,6146,249,0,133
L010201,3451,S005,5256,140,25,38
L010202,3451,S001,5429,80,30,181
L010203,3452,S008,3541,220,10,121
L010204,3452,S011,3652,172,5,214
L010205,3452,S003,4075,183,30,27
L010206,3453,S007,3116,243,10,210
L010207,3453,S014,2900,0,50,221
L010208,3453,S008,2965,0,0,63
L010209,3453,S006,3041,219,10,596
L010210,3453,S012,2925,206,10,183
L010211,3454,S002,579,0,10,114
L010212,3454,S005,606,205,10,51
L010213,3454,S006,548,0,25,191
L010214,3455,S013,5355,208,10,45
L010215,3455,S008,4756,162,10,100
L010216,3456,S003,5849,158,15,129
L010217,3456,S010,5544,0,15,98
L010218,3457,S008,3846,82,15,68
L010219,3457,S001,4069,63,10,544
L010220,3457,S011,4281,89,20,67
L010221,3457,S012,4461,247,20,552
L010222,3458,S013,1339,79,10,417
L010223,3459,S004,633,72,10,24
L010224,3459,S008,709,59,0,225
L010225,3459,S001,687,141,30,44
L010226,3459,S007,744,125,0,72
L010227,3459,S014,753,201,0,88
L010228,3460,S002,2970,218,20,282
L010229,3460,S003,2805,155,10,109
L010230,3461,S009,3832,226,0,80
L010231,3461,S007,3752,107,20,231
L010232,3462,S002,725,141,50,283
L010233,3462,S003,796,0,0,113
L010234,3462,S004,829,228,30,67
L010235,3462,S006,755,113,20,247
L010236,3463,S011,2387,65,25,358
L010237,3463,S009,2525,205,10,126
L010238,3464,S003,1908,182,20,163
L010239,3464,S008,1830,208,20,265
L010240,3465,S002,1223,113,0,133
L010241,3465,S003,1234,62,25,1958
L010242,3465,S008,1320,184,0,25
L010243,3465,S006,1243,229,20,255
L010244,3466,S006,4129,110,25,144
L010245,3466,S004,4370,237,15,228
L010246,3466,S009,4080,205,10,455
L010247,3467,S004,3255,0,10,80
L010248,3468,S013,3753,241,10,59
L010249,3468,S007,4043,51,25,136
L010250,3468,S010,3434,0,25,199
L010251,3468,S006,3522,224,5,160
L010252,3469,S007,3405,96,20,190
L010253,3469,S012,3267,120,5,324
L010254,3469,S011,3495,0,10,383
L010255,3470,S014,2295,159,15,124
L010256,3470,S013,2330,0,20,96
L010257,3470,S008,2495,156,10,380
L010258,3471,S011,752,162,10,317
L010259,3471,S014,837,236,15,181
L010260,3472,S001,4612,204,10,75
L010261,3473,S006,5891,69,50,79
L010262,3473,S004,5051,51,25,267
L010263,3473,S014,5743,0,20,2453
L010264,3473,S011,5507,152,0,202
L010265,3474,S010,4618,151,10,158
L010266,3474,S001,4794,57,20,108
L010267,3474,S013,5253,61,15,188
L010268,3474,S003,5332,0,15,87
L010269,3474,S006,5274,193,15,209
L010270,3475,S008,1504,108,5,46
L010271,3475,S012,1664,207,20,142
L010272,3475,S006,1799,128,5,39
L010273,3475,S014,1654,204,5,172
L010274,3476,S007,1069,246,10,24
L010275,3476,S012,1207,230,5,118
L010276,3476,S002,1011,0,25,342
L010277,3477,S002,1220,245,20,357
L010278,3477,S006,1283,241,50,90
L010279,3477,S004,1080,235,25,67
L010280,3477,S010,1147,0,10,189
L010281,3478,S011,3525,137,20,91
L010282,3478,S003,3501,97,15,124
L010283,3478,S004,4062,92,25,27
L010284,3479,S005,1114,211,15,137
L010285,3479,S009,925,191,10,356
L010286,3479,S013,1101,59,30,354
L010287,3479,S004,924,171,0,446
L010288,3479,S003,1018,126,25,61
L010289,3480,S001,1889,112,20,131
L010290,3480,S008,1965,248,5,515
L010291,3480,S003,2038,105,10,244
L010292,3481,S012,4794,203,50,258
L010293,3481,S006,4797,216,15,97
L010294,3481,S008,4793,139,10,91
L010295,3482,S011,4962,231,20,80
L010296,3482,S008,5116,0,25,155
L010297,3482,S002,5219,232,10,46
L010298,3482,S001,4870,198,20,772
L010299,3482,S010,5354,0,30,69
L010300,3483,S014,737,0,0,269
L010301,3483,S007,668,132,20,542
L010302,3483,S012,727,91,20,245
L010303,3484,S004,5629,208,25,122
L010304,3484,S006,4995,87,10,87
L010305,3485,S007,2604,87,5,145
L010306,3485,S011,2701,0,5,299
L010307,3485,S013,2755,130,0,36
L010308,3485,S006,2702,217,20,223
L010309,3486,S003,6238,231,5,39
L010310,3486,S010,5750,0,15,39
L010311,3486,S013,5309,87,25,139
L010312,3486,S014,5739,76,10,258
L010313,3487,S009,2898,99,20,85
L010314,3487,S004,3262,102,30,38
L010315,3487,S014,2993,184,5,100
L010316,3488,S011,4699,0,10,66
L010317,3488,S014,5441,123,5,93
L010318,3488,S002,4995,155,40,121
L010319,3489,S002,3200,162,20,664
L010320,3490,S014,4023,65,15,750
L010321,3490,S005,4753,113,40,271
L010322,3491,S012,5362,224,15,573
L010323,3491,S010,4743,120,10,385
L010324,3492,S011,3185,83,10,104
L010325,3492,S012,3423,167,20,107
L010326,3493,S013,4587,118,10,113
L010327,3493,S007,5207,101,20,41
L010328,3493,S004,4374,200,15,337
L010329,3493,S012,4860,0,5,93
L010330,3493,S001,4660,221,0,251
L010331,3494,S010,509,171,20,1072
L010332,3494,S013,488,63,20,77
L010333,3495,S002,3292,232,20,228
L010334,3495,S010,3744,152,5,284
L010335,3495,S003,3701,128,10,130
L010336,3495,S013,3241,173,30,356
L010337,3496,S005,3673,191,10,204
L010338,3496,S006,4249,145,20,115
L010339,3496,S001,3738,0,5,85
L010340,3496,S002,3607,181,0,80
L010341,3497,S012,3233,0,15,73
L010342,3497,S007,3040,215,20,64
L010343,3497,S013,3163,95,10,110
L010344,3498,S012,3603,242,5,249
L010345,3498,S004,3676,142,20,445
L010346,3498,S006,3794,201,10,54
L010347,3499,S011,4115,164,40,372
L010348,3499,S003,4269,163,15,360
L010349,3500,S011,4340,116,15,39
L010350,3500,S007,4870,143,0,226
L010351,3500,S001,4948,197,10,306
L010352,3501,S010,2614,239,5,1843
L010353,3502,S004,2159,102,5,2157
L010354,3502,S014,2113,74,15,81
L010355,3503,S006,4252,53,5,42
L010356,3503,S002,4765,0,10,197
L010357,3504,S011,3706,142,20,59
L010358,3504,S008,4136,122,5,81
L010359,3504,S013,4010,230,20,230
L010360,3504,S014,3998,81,15,75
L010361,3504,S004,3865,0,15,344
L010362,3505,S006,3430,0,15,101
L010363,3505,S005,3189,97,40,130
L010364,3506,S002,4475,102,0,486
L010365,3506,S008,4418,214,0,172
L010366,3507,S014,2425,191,50,475
L010367,3507,S001,2392,242,25,436
L010368,3507,S008,2480,224,25,40
L010369,3508,S014,3066,249,0,446
L010370,3508,S002,3330,246,10,57
L010371,3508,S007,3134,144,10,291
L010372,3508,S012,3537,115,15,69
L010373,3509,S013,2934,104,5,70
L010374,3509,S006,3173,208,15,297
L010375,3509,S002,2842,56,10,111
L010376,3509,S014,2930,123,40,167
L010377,3510,S012,2509,174,25,142
L010378,3510,S001,2272,171,60,402
L010379,3511,S011,3637,146,10,188
L010380,3511,S009,3494,222,25,66
L010381,3511,S004,3095,111,25,56
L010382,3511,S010,3316,75,20,213
L010383,3511,S014,3319,167,30,684
L010384,3512,S013,4663,124,30,249
L010385,3513,S007,4615,59,10,18
L010386,3513,S011,4447,126,60,908
L010387,3513,S001,3979,110,25,49
L010388,3513,S009,4356,132,5,14
L010389,3514,S013,3886,167,15,544
L010390,3515,S006,4226,86,20,394
L010391,3515,S004,3968,112,10,687
L010392,3515,S011,4029,209,20,319
L010393,3515,S003,3889,112,10,180
L010394,3515,S009,3647,0,5,599
L010395,3516,S005,5102,207,25,195
L010396,3516,S007,5232,186,10,91
L010397,3517,S014,1625,219,10,109
L010398,3517,S006,1499,193,25,436
L010399,3518,S004,3031,216,25,40
L010400,3519,S003,2426,0,5,218
L010401,3519,S006,2494,155,5,113
L010402,3519,S014,2213,0,25,123
L010403,3519,S012,2217,185,10,1738
L010404,3520,S010,3922,0,50,314
L010405,3520,S004,4127,242,15,392
L010406,3520,S006,4170,0,5,105
L010407,3520,S011,3820,158,5,421
L010408,3520,S001,4163,228,10,90
L010409,3521,S002,2726,50,10,62
L010410,3521,S008,2767,133,10,11
L010411,3522,S013,3426,77,30,97
L010412,3522,S006,3564,230,5,83
L010413,3522,S004,3410,210,20,166
L010414,3522,S011,3417,53,10,5
L010415,3522,S001,3265,81,50,51
L010416,3523,S011,5463,229,5,72
L010417,3523,S006,5252,139,10,713
L010418,3523,S003,5016,194,0,55
L010419,3523,S010,5021,0,25,143
L010420,3524,S003,2366,220,25,168
L010421,3524,S014,2715,151,40,58
L010422,3524,S011,2295,111,50,50
L010423,3524,S012,2624,195,10,334
L010424,3524,S007,2421,241,0,213
L010425,3525,S003,3561,153,15,184
L010426,3526,S010,5493,0,5,126
L010427,3526,S011,5650,214,25,499
L010428,3526,S007,5397,178,30,298
L010429,3527,S011,5188,171,10,145
L010430,3528,S013,2026,240,15,508
L010431,3528,S008,2024,0,15,358
L010432,3528,S009,2087,229,15,129
L010433,3529,S005,6408,160,5,70
L010434,3529,S004,6273,90,20,403
L010435,3530,S014,5690,233,10,256
L010436,3531,S014,2639,212,5,22
L010437,3531,S013,2564,122,20,56
L010438,3531,S007,2509,123,20,701
L010439,3531,S012,2667,96,15,35
L010440,3531,S003,2664,183,10,99
L010441,3532,S011,685,199,15,254
L010442,3532,S012,764,0,30,411
L010443,3533,S011,1402,0,50,172
L010444,3534,S003,1203,205,10,82
L010445,3534,S009,1172,73,15,118
L010446,3534,S001,1188,233,5,449
L010447,3534,S008,1185,87,10,130
L010448,3535,S014,2624,61,10,33
L010449,3535,S007,2534,201,5,224
L010450,3536,S007,1195,77,20,293
L010451,3536,S010,1299,60,15,191
L010452,3536,S004,1380,116,30,158
L010453,3536,S003,1442,165,5,151
L010454,3537,S001,2881,0,5,160
L010455,3537,S012,2800,59,40,24
L010456,3537,S011,2826,143,10,64
L010457,3538,S012,3941,179,30,193
L010458,3538,S008,4455,213,20,187
L010459,3538,S004,3961,165,10,109
L010460,3538,S010,4485,230,40,72
L010461,3538,S014,3755,187,20,32
L010462,3539,S004,3323,0,5,759
L010463,3540,S004,1466,0,10,53
L010464,3540,S007,1505,194,30,50
L010465,3540,S009,1354,89,20,56
L010466,3540,S010,1292,172,30,46
L010467,3541,S004,4778,246,15,165
L010468,3541,S005,5008,231,15,234
L010469,3542,S005,4596,248,15,307
L010470,3542,S012,4538,148,10,117
L010471,3542,S002,4717,102,30,210
L010472,3542,S006,4547,91,15,40
L010473,3543,S012,2328,97,10,217
L010474,3543,S002,2302,140,15,219
L010475,3544,S007,2486,199,20,162
L010476,3544,S003,2325,105,10,58
L010477,3544,S012,2675,0,0,614
L010478,3545,S005,1370,0,25,124
L010479,3545,S010,1416,0,15,356
L010480,3545,S012,1261,89,15,294
L010481,3545,S008,1457,172,25,44
L010482,3545,S003,1422,173,30,403
L010483,3546,S001,6122,0,5,136
L010484,3546,S005,5573,185,0,39
L010485,3546,S010,5291,0,20,111
L010486,3546,S012,5711,78,10,1494
L010487,3547,S004,3314,131,10,219
L010488,3548,S010,5172,148,20,65
L010489,3548,S014,4923,0,20,463
L010490,3548,S005,4696,0,10,416
L010491,3548,S013,4567,161,25,51
L010492,3549,S003,2232,89,15,258
L010493,3549,S004,2278,236,5,240
L010494,3549,S006,2006,162,40,48
L010495,3549,S005,2049,141,5,359
L010496,3549,S008,2091,132,5,286
L010497,3550,S011,3833,0,10,131
L010498,3550,S003,4416,0,0,8
L010499,3551,S001,5037,132,15,70
L010500,3551,S004,4473,78,40,318
L010501,3551,S003,4483,185,10,77
L010502,3551,S008,4877,0,0,126
L010503,3551,S013,5342,178,50,126
L010504,3552,S001,3192,86,50,66
L010505,3553,S003,1433,0,25,69
L010506,3554,S011,1182,115,20,24
L010507,3554,S003,1058,168,10,88
L010508,3555,S003,531,0,10,91
L010509,3555,S006,550,166,10,76
L010510,3555,S005,533,0,40,148
L010511,3555,S011,500,52,15,194
L010512,3556,S006,2040,51,10,180
L010513,3556,S014,1991,77,25,12
L010514,3556,S009,1720,244,20,138
L010515,3556,S013,2053,0,15,789
L010516,3557,S008,3201,115,20,523
L010517,3557,S014,2722,0,30,85
L010518,3558,S004,4876,120,40,50
L010519,3559,S008,4638,140,15,12
L010520,3559,S003,4970,136,25,161
L010521,3559,S004,5341,154,20,42
L010522,3559,S009,4791,224,10,253
L010523,3560,S002,1259,134,0,173
L010524,3561,S007,1678,0,15,20
L010525,3562,S002,6242,223,15,29
L010526,3562,S004,5382,130,5,113
L010527,3562,S008,5617,133,5,107
L010528,3562,S003,6137,68,50,330
L010529,3563,S007,3533,213,10,282
L010530,3563,S004,3740,60,5,692
L010531,3563,S008,3673,148,20,76
L010532,3563,S009,3398,216,50,21
L010533,3563,S014,3717,95,60,157
L010534,3564,S005,1760,0,40,105
L010535,3564,S001,1870,157,10,194
L010536,3564,S011,1835,154,5,322
L010537,3564,S014,1615,0,30,177
L010538,3565,S002,2161,172,10,138
L010539,3566,S006,4625,140,5,142
L010540,3566,S003,4774,240,10,822
L010541,3566,S008,5050,51,10,276
L010542,3566,S010,4532,110,25,33
L010543,3567,S002,2635,168,15,245
L010544,3567,S004,2627,113,20,126
L010545,3567,S008,2662,61,20,221
L010546,3567,S006,2826,236,0,115
L010547,3567,S010,2569,74,30,9
L010548,3568,S004,793,217,10,1865
L010549,3568,S002,798,67,5,65
L010550,3569,S005,4007,114,10,75
L010551,3569,S003,3860,53,25,54
L010552,3569,S010,3572,154,15,78
L010553,3569,S014,3638,0,50,126
L010554,3570,S005,929,216,15,245
L010555,3570,S009,946,72,25,52
L010556,3570,S007,834,97,20,248
L010557,3570,S010,923,54,30,128
L010558,3570,S012,848,73,0,144
L010559,3571,S002,1688,0,5,67
L010560,3571,S006,1820,242,20,226
L010561,3571,S012,1867,203,25,86
L010562,3572,S007,3908,59,10,428
L010563,3573,S010,1493,0,25,18
L010564,3573,S002,1426,245,15,90
L010565,3573,S011,1567,197,15,65
L010566,3573,S005,1636,53,0,290
L010567,3573,S009,1479,169,15,785
L010568,3574,S011,1809,120,10,100
L010569,3574,S006,1842,87,5,679
L010570,3574,S012,1859,0,5,780
L010571,3574,S005,1929,153,10,57
L010572,3574,S003,1780,52,25,395
L010573,3575,S010,4541,0,30,704
L010574,3575,S002,4049,247,40,702
L010575,3575,S014,4503,182,15,27
L010576,3575,S012,3874,232,10,195
L010577,3575,S005,4380,243,25,135
L010578,3576,S010,2764,231,10,114
L010579,3576,S011,2864,244,0,132
L010580,3576,S003,2488,0,10,95
L010581,3577,S004,3331,231,15,26
L010582,3577,S005,2975,0,5,73
L010583,3577,S011,3285,90,0,60
L010584,3578,S009,2419,162,5,23
L010585,3578,S014,2565,129,50,352
L010586,3578,S010,2829,108,20,423
L010587,3579,S007,4169,108,30,201
L010588,3579,S003,4100,192,40,115
L010589,3579,S002,3606,99,10,1043
L010590,3579,S012,4172,0,5,65
L010591,3579,S011,3692,121,30,83
L010592,3580,S003,2227,232,60,179
L010593,3580,S005,2040,85,10,44
L010594,3581,S006,5457,102,40,246
L010595,3581,S003,6050,126,0,68
L010596,3581,S013,5834,223,10,13
L010597,3582,S013,5729,211,40,369
L010598,3582,S001,5145,146,5,120
L010599,3583,S001,1539,236,10,158
L010600,3583,S012,1523,0,20,513
L010601,3584,S011,5282,87,5,295
L010602,3584,S002,5593,91,15,360
L010603,3584,S005,5757,142,20,131
L010604,3584,S006,5435,138,30,26
L010605,3584,S013,5048,201,40,306
L010606,3585,S002,867,0,0,1199
L010607,3585,S007,827,74,5,144
L010608,3586,S013,2602,104,0,51
L010609,3586,S003,2799,53,10,266
L010610,3586,S011,2825,0,15,38
L010611,3586,S004,2677,214,10,81
L010612,3587,S009,4020,0,0,45
L010613,3587,S010,4523,220,20,62
L010614,3587,S014,3909,92,20,50
L010615,3588,S006,2424,92,20,398
L010616,3588,S002,2398,61,30,242
L010617,3588,S013,2755,0,40,190
L010618,3588,S005,2488,78,10,61
L010619,3589,S002,5772,154,20,276
L010620,3590,S009,2440,147,40,23
L010621,3590,S013,2762,216,5,175
L010622,3590,S001,2510,126,20,134
L010623,3590,S011,2359,144,10,58
L010624,3590,S008,2558,208,25,85
L010625,3591,S010,4981,0,20,443
L010626,3591,S002,5898,100,10,128
L010627,3592,S005,4285,0,10,197
L010628,3593,S001,5158,182,15,55
L010629,3593,S012,5600,117,20,190
L010630,3593,S008,4668,239,20,116
L010631,3593,S014,4825,151,10,78
L010632,3594,S014,674,174,30,841
L010633,3595,S002,4661,124,30,26
L010634,3595,S010,4934,0,20,374
L010635,3595,S009,4941,125,5,68
L010636,3595,S012,4491,205,10,205
L010637,3595,S013,4991,226,15,38
L010638,3596,S011,4270,125,10,95
L010639,3596,S006,4484,56,15,83
L010640,3596,S009,4593,206,10,59
L010641,3596,S014,4916,195,10,400
L010642,3596,S001,5014,223,60,91
L010643,3597,S012,6152,109,15,71
L010644,3597,S013,5587,115,20,223
L010645,3597,S006,6302,90,10,214
L010646,3597,S009,5709,101,5,51
L010647,3598,S003,4919,0,5,32
L010648,3598,S006,4732,74,15,368
L010649,3598,S011,5151,151,10,100
L010650,3598,S005,4458,69,30,98
L010651,3599,S007,3626,244,25,106
L010652,3599,S001,4072,79,15,127
L010653,3599,S003,3834,221,20,38
L010654,3599,S012,3643,66,25,368
L010655,3599,S009,3855,109,10,271
L010656,3600,S004,6067,141,0,163
L010657,3600,S014,6276,77,15,513
L010658,3600,S003,5839,118,15,140
L010659,3600,S013,6221,78,20,248
L010660,3600,S012,5628,0,30,20
L010661,3601,S014,2687,135,10,1067
L010662,3602,S002,1579,227,40,409
L010663,3603,S006,5475,89,5,73
L010664,3603,S007,5374,187,20,354
L010665,3603,S010,4696,207,20,33
L010666,3603,S012,5455,222,15,339
L010667,3604,S005,1883,245,0,66
L010668,3604,S006,2218,204,20,268
L010669,3604,S002,1915,91,20,129
L010670,3605,S013,3378,161,0,36
L010671,3605,S008,3352,0,20,164
L010672,3606,S006,2274,72,20,60
L010673,3607,S001,3545,0,5,71
L010674,3607,S014,3491,0,5,183
L010675,3607,S007,3770,234,15,628
L010676,3607,S012,3220,205,25,34
L010677,3608,S003,915,0,15,909
L010678,3609,S011,4229,55,15,83
L010679,3609,S014,3692,110,30,171
L010680,3610,S003,3124,200,15,148
L010681,3611,S002,5067,202,40,232
L010682,3611,S013,4664,99,15,547
L010683,3612,S004,1884,225,5,385
L010684,3613,S007,2373,90,15,40
L010685,3613,S012,2318,135,20,29
L010686,3613,S001,2347,92,0,99
L010687,3614,S001,5311,233,30,56
L010688,3614,S014,5849,126,10,356
L010689,3614,S008,5422,136,10,34
L010690,3614,S009,5801,130,25,211
L010691,3614,S005,5198,0,25,467
L010692,3615,S003,1182,0,15,18
L010693,3615,S005,1156,97,20,100
L010694,3616,S003,5402,213,25,169
L010695,3616,S007,6167,54,5,62
L010696,3616,S013,5474,131,15,132
L010697,3616,S002,5912,82,0,146
L010698,3616,S014,5809,0,5,64
L010699,3617,S001,5656,226,0,93
L010700,3617,S011,4788,0,20,231
L010701,3617,S006,4754,73,30,236
L010702,3617,S008,5171,118,10,177
L010703,3618,S011,2654,132,15,166
L010704,3618,S009,2422,0,10,91
L010705,3619,S006,5122,0,25,39
L010706,3620,S001,1482,184,5,24
L010707,3621,S014,2455,206,20,58
L010708,3621,S006,2520,211,15,137
L010709,3621,S001,2090,186,0,584
L010710,3621,S012,2101,74,15,144
L010711,3622,S004,3034,197,30,158
L010712,3622,S006,3064,0,15,138
L010713,3622,S005,2897,222,20,92
L010714,3623,S007,2730,71,0,163
L010715,3624,S012,2926,172,20,17
L010716,3624,S006,3045,235,25,215
L010717,3624,S003,3537,134,20,94
L010718,3625,S006,5683,120,15,16
L010719,3625,S001,5922,0,25,396
L010720,3626,S013,5037,207,25,217
L010721,3626,S009,4965,120,30,126
L010722,3627,S004,3581,238,10,429
L010723,3627,S012,3852,89,10,393
L010724,3628,S011,2440,0,30,64
L010725,3628,S007,2173,157,15,571
L010726,3628,S012,2459,116,20,81
L010727,3628,S005,2519,197,0,114
L010728,3629,S014,789,104,40,378
L010729,3629,S012,864,223,25,71
L010730,3630,S014,3115,73,20,94
L010731,3630,S013,3213,128,10,15
L010732,3631,S007,1892,206,25,251
L010733,3632,S009,4724,248,20,15
L010734,3632,S001,5134,118,15,77
L010735,3633,S012,1405,113,15,61
L010736,3633,S004,1348,159,25,23
L010737,3633,S007,1232,216,25,176
L010738,3633,S011,1289,194,10,84
L010739,3633,S006,1445,149,20,30
L010740,3634,S003,4746,165,15,450
L010741,3634,S006,4363,210,25,588
L010742,3634,S005,4455,146,20,110
L010743,3635,S010,5279,96,15,80
L010744,3636,S004,2446,108,25,259
L010745,3636,S003,2139,96,10,68
L010746,3637,S011,839,0,5,44
L010747,3637,S012,717,161,5,100
L010748,3637,S010,806,108,40,137
L010749,3637,S014,698,69,5,373
L010750,3637,S006,743,175,0,220
L010751,3638,S013,2179,190,10,53
L010752,3638,S002,2368,127,20,702
L010753,3638,S004,2456,213,30,140
L010754,3639,S013,2518,0,0,92
L010755,3639,S011,2383,181,20,79
L010756,3640,S004,943,57,15,78
L010757,3640,S008,863,247,50,885
L010758,3641,S006,4425,133,15,254
L010759,3641,S009,4552,0,10,139
L010760,3641,S011,4135,109,40,347
L010761,3641,S004,4717,55,10,185
L010762,3642,S009,681,0,0,128
L010763,3642,S007,726,98,40,77
L010764,3643,S004,4049,78,10,204
L010765,3644,S001,4871,97,15,64
L010766,3644,S006,5046,204,60,51
L010767,3644,S007,4674,0,25,150
L010768,3645,S006,1143,126,5,179
L010769,3645,S005,1208,201,10,261
L010770,3645,S009,1148,90,25,139
L010771,3645,S010,1210,239,0,198
L010772,3646,S010,2291,0,10,155
L010773,3647,S012,4084,126,30,242
L010774,3647,S001,4034,95,0,211
L010775,3648,S008,1228,0,25,51
L010776,3648,S002,1367,242,10,87
L010777,3648,S009,1379,0,5,299
L010778,3648,S007,1233,83,25,24
L010779,3648,S013,1307,85,0,92
L010780,3649,S007,1782,0,10,397
L010781,3649,S009,1851,93,20,921
L010782,3649,S014,1818,117,50,190
L010783,3650,S012,2891,57,40,529
L010784,3650,S006,2908,163,0,661
L010785,3651,S006,908,191,0,230
L010786,3652,S003,3185,136,15,39
L010787,3652,S008,3585,143,40,222
L010788,3652,S011,3433,221,20,39
L010789,3653,S009,976,156,20,371
L010790,3653,S008,981,0,10,103
L010791,3653,S014,1155,241,0,270
L010792,3653,S010,1027,192,0,90
L010793,3654,S013,5850,168,0,34
L010794,3654,S008,5788,182,5,214
L010795,3654,S001,5871,119,5,228
L010796,3654,S010,5421,179,10,126
L010797,3654,S003,5955,58,30,174
L010798,3655,S006,2774,0,0,132
L010799,3655,S009,2737,66,5,161
L010800,3655,S011,2944,160,0,607
L010801,3655,S013,2788,0,10,522
L010802,3656,S013,4464,0,15,722
L010803,3657,S010,2606,0,5,114
L010804,3658,S006,4888,208,25,137
L010805,3658,S004,5155,238,5,226
L010806,3658,S012,5249,148,25,81
L010807,3658,S013,4736,160,25,89
L010808,3658,S001,4990,178,5,55
L010809,3659,S001,4887,88,20,439
L010810,3659,S012,4140,73,5,191
L010811,3659,S006,4643,204,25,429
L010812,3659,S003,4266,0,15,646
L010813,3660,S010,1659,0,20,336
L010814,3661,S011,585,76,40,173
L010815,3661,S003,660,122,0,323
L010816,3661,S001,577,155,20,19
L010817,3662,S004,504,228,10,165
L010818,3662,S014,582,162,30,861
L010819,3662,S002,501,218,0,164
L010820,3663,S012,2684,51,10,161
L010821,3664,S005,4936,88,10,131
L010822,3665,S006,2581,0,15,123
L010823,3665,S008,2801,123,5,125
L010824,3665,S014,2526,121,20,100
L010825,3665,S004,2703,0,10,288
L010826,3666,S010,1878,181,5,157
L010827,3666,S013,1953,0,10,124
L010828,3666,S007,1971,200,5,441
L010829,3666,S002,1931,72,5,84
L010830,3666,S001,2103,0,30,79
L010831,3667,S002,3801,73,15,552
L010832,3667,S003,3818,141,20,49
L010833,3667,S008,3912,170,50,53
L010834,3667,S009,4358,0,50,44
L010835,3668,S005,2501,196,30,199
L010836,3668,S002,2584,214,25,36
L010837,3668,S010,2608,166,25,62
L010838,3668,S012,2261,75,5,91
L010839,3668,S014,2237,0,25,390
L010840,3669,S013,4739,221,50,132
L010841,3669,S005,4697,227,5,362
L010842,3669,S001,4680,245,30,55
L010843,3669,S009,4973,123,40,88
L010844,3669,S012,4901,56,20,207
L010845,3670,S013,5813,160,20,242
L010846,3670,S001,5846,158,15,168
L010847,3670,S010,5522,159,60,185
L010848,3670,S002,5145,126,10,444
L010849,3670,S007,5432,0,25,70
L010850,3671,S002,1425,91,10,64
L010851,3671,S003,1432,110,20,363
L010852,3671,S013,1363,0,10,262
L010853,3671,S004,1468,225,5,200
L010854,3672,S011,5265,110,10,130
L010855,3672,S014,5036,106,50,173
L010856,3672,S002,5077,220,15,117
L010857,3672,S005,5889,96,20,142
L010858,3673,S001,5407,113,10,389
L010859,3673,S011,4655,87,25,120
L010860,3673,S009,4786,107,25,375
L010861,3673,S007,5441,127,30,214
L010862,3673,S005,5077,178,5,1519
L010863,3674,S001,2240,0,20,55
L010864,3675,S014,5971,0,30,330
L010865,3675,S010,5623,61,60,91
L010866,3675,S006,5476,62,25,44
L010867,3675,S002,5462,177,40,23
L010868,3676,S003,1960,130,10,146
L010869,3676,S002,2041,0,5,76
L010870,3677,S012,5778,78,15,427
L010871,3678,S005,1376,118,15,46
L010872,3678,S006,1311,70,20,333
L010873,3678,S012,1247,192,15,266
L010874,3678,S009,1363,206,15,196
L010875,3678,S007,1290,187,5,171
L010876,3679,S005,3056,208,10,97
L010877,3680,S003,997,201,15,182
L010878,3680,S008,993,134,30,482
L010879,3680,S007,1100,111,50,373
L010880,3681,S001,896,0,5,65
L010881,3681,S013,925,150,50,262
L010882,3681,S014,944,142,10,587
L010883,3681,S006,841,0,30,44
L010884,3681,S003,980,0,25,864
L010885,3682,S003,3604,107,30,104
L010886,3682,S007,3467,143,5,116
L010887,3682,S012,3302,0,30,297
L010888,3683,S004,2956,150,40,437
L010889,3683,S013,3362,179,10,190
L010890,3683,S005,2926,118,20,52
L010891,3684,S008,2223,233,30,93
L010892,3684,S004,2168,145,10,29
L010893,3684,S012,2098,243,25,988
L010894,3684,S001,2427,0,5,62
L010895,3684,S005,2163,87,10,46
L010896,3685,S014,3477,220,15,317
L010897,3685,S004,3488,124,20,82
L010898,3685,S009,3579,0,0,73
L010899,3685,S006,3866,212,5,258
L010900,3686,S007,5022,214,15,125
L010901,3686,S011,5030,57,0,102
L010902,3686,S008,4963,56,0,62
L010903,3686,S002,4956,0,0,1240
L010904,3687,S007,5723,142,15,60
L010905,3687,S009,6006,152,25,99
L010906,3687,S005,5250,166,5,629
L010907,3687,S011,5054,168,15,230
L010908,3688,S008,5395,171,0,62
L010909,3688,S009,4561,127,0,594
L010910,3688,S012,5204,242,0,199
L010911,3688,S003,4951,51,20,146
L010912,3689,S006,1599,122,20,215
L010913,3689,S012,1682,63,20,33
L010914,3689,S004,1706,153,15,471
L010915,3689,S010,1709,97,30,99
L010916,3690,S001,5043,157,10,23
L010917,3690,S009,5393,243,20,30
L010918,3690,S005,5622,121,10,49
L010919,3690,S012,5131,223,5,237
L010920,3690,S002,4931,165,10,249
L010921,3691,S007,5132,199,10,29
L010922,3692,S001,3709,101,25,293
L010923,3692,S006,3572,176,10,94
L010924,3692,S011,4090,77,10,74
L010925,3692,S014,3763,0,5,203
L010926,3692,S007,4251,51,15,53
L010927,3693,S006,4109,180,0,179
L010928,3694,S007,4632,165,5,154
L010929,3695,S011,1082,0,5,435
L010930,3696,S003,5855,151,50,907
L010931,3696,S010,5026,131,10,189
L010932,3697,S006,5258,0,15,139
L010933,3698,S009,3889,0,5,21
L010934,3698,S008,3708,112,30,194
L010935,3698,S014,4023,70,5,82
L010936,3698,S005,3644,183,10,56
L010937,3699,S001,1794,191,5,345
L010938,3699,S010,1796,202,20,38
L010939,3699,S002,1870,137,15,66
L010940,3699,S014,1875,161,10,158
L010941,3699,S005,1937,160,5,84
L010942,3700,S013,4993,86,20,245
L010943,3700,S010,4997,236,10,1625
L010944,3700,S014,4478,105,15,112
L010945,3700,S011,4682,137,15,578
L010946,3700,S001,4288,168,20,188
L010947,3701,S009,1935,196,15,78
L010948,3701,S012,1775,85,5,208
L010949,3701,S014,1785,63,0,1360
L010950,3702,S011,5571,0,20,160
L010951,3703,S004,673,212,10,78
L010952,3703,S011,685,230,15,48
L010953,3703,S014,762,238,20,109
L010954,3703,S008,660,245,15,1154
L010955,3703,S001,736,183,25,163
L010956,3704,S003,4063,181,25,650
L010957,3705,S004,3003,0,5,47
L010958,3705,S009,3044,0,10,32
L010959,3706,S010,2289,72,30,34
L010960,3707,S011,1993,118,30,34
L010961,3707,S006,1854,78,0,280
L010962,3707,S004,1839,0,30,622
L010963,3707,S013,1729,169,15,149
L010964,3707,S009,1804,77,10,239
L010965,3708,S007,1173,224,10,139
L010966,3708,S003,1054,136,10,218
L010967,3708,S005,1032,0,5,97
L010968,3708,S006,1099,81,5,365
L010969,3708,S014,1115,229,25,618
L010970,3709,S007,4789,0,5,209
L010971,3709,S009,5390,0,5,405
L010972,3710,S006,1329,135,10,822
L010973,3711,S006,2069,140,20,353
L010974,3711,S005,2055,156,20,111
L010975,3711,S014,1959,206,15,487
L010976,3711,S001,1933,243,20,144
L010977,3712,S010,5757,208,0,199
L010978,3712,S005,6159,100,25,118
L010979,3712,S008,5168,163,25,164
L010980,3712,S006,5469,88,20,461
L010981,3713,S006,4198,140,15,478
L010982,3713,S008,4354,92,15,78
L010983,3713,S001,4198,155,20,55
L010984,3713,S012,3747,52,15,1050
L010985,3714,S012,1638,230,40,919
L010986,3714,S003,1692,220,50,84
L010987,3715,S004,5300,73,20,359
L010988,3715,S013,6205,182,10,124
L010989,3715,S001,5410,90,15,41
L010990,3715,S014,5984,157,20,92
L010991,3716,S010,2868,152,10,122
L010992,3717,S007,603,247,30,450
L010993,3717,S010,550,70,20,565
L010994,3717,S009,620,210,20,153
L010995,3717,S014,580,0,20,112
L010996,3718,S011,1714,0,15,50
L010997,3718,S013,1875,0,50,109
L010998,3719,S009,2252,86,20,382
L010999,3720,S009,1744,126,15,129
L011000,3720,S010,1853,139,0,208
L011001,3721,S005,2677,160,10,41
L011002,3721,S008,2526,88,5,152
L011003,3721,S010,2638,206,20,288
L011004,3721,S006,2399,127,5,1580
L011005,3722,S004,740,0,10,106
L011006,3722,S002,762,181,30,111
L011007,3722,S003,732,128,25,467
L011008,3722,S010,822,104,40,585
L011009,3722,S011,774,148,10,1381
L011010,3723,S009,3690,0,5,338
L011011,3723,S013,3715,101,5,273
L011012,3723,S001,3546,196,10,145
L011013,3723,S002,3354,0,20,361
L011014,3724,S010,5430,231,30,176
L011015,3724,S007,5266,151,20,186
L011016,3724,S005,5406,0,10,17
L011017,3724,S002,5533,89,5,25
L011018,3725,S004,2594,171,20,1320
L011019,3725,S003,2582,0,20,219
L011020,3725,S008,2400,195,10,283
L011021,3725,S010,2363,132,50,262
L011022,3725,S014,2569,100,15,323
L011023,3726,S003,6089,168,10,58
L011024,3726,S012,5516,140,10,111
L011025,3727,S014,4536,232,10,181
L011026,3727,S008,4377,117,20,716
L011027,3727,S002,4396,0,20,319
L011028,3727,S010,4314,94,0,256
L011029,3727,S003,4360,171,20,166
L011030,3728,S002,4437,76,5,51
L011031,3728,S001,3927,107,15,360
L011032,3728,S014,4143,128,20,138
L011033,3728,S011,4091,0,20,144
L011034,3729,S010,995,149,10,865
L011035,3729,S011,881,236,10,257
L011036,3730,S003,1125,216,15,390
L011037,3730,S012,1287,0,0,95
L011038,3730,S005,1238,189,30,172
L011039,3730,S002,1276,156,0,2888
L011040,3731,S013,1549,196,5,341
L011041,3732,S007,2088,0,30,192
L011042,3732,S009,1971,183,0,218
L011043,3732,S001,2200,97,25,132
L011044,3732,S010,1974,192,40,243
L011045,3733,S010,5491,147,5,161
L011046,3734,S007,2115,75,50,37
L011047,3735,S003,3964,119,20,380
L011048,3735,S001,3680,0,20,116
L011049,3735,S005,3949,242,20,41
L011050,3735,S012,3777,175,20,56
L011051,3736,S012,1664,227,50,68
L011052,3736,S004,1709,75,10,47
L011053,3737,S004,749,87,15,319
L011054,3737,S014,675,127,5,71
L011055,3737,S003,658,245,30,134
L011056,3738,S010,4372,162,0,45
L011057,3738,S006,4316,241,40,58
L011058,3739,S009,2770,0,5,783
L011059,3739,S007,2399,86,5,78
L011060,3739,S012,2622,97,20,197
L011061,3739,S014,2697,154,5,72
L011062,3739,S010,2480,102,30,43
L011063,3740,S011,6098,234,10,208
L011064,3740,S001,5065,127,5,1447
L011065,3740,S013,5786,151,20,45
L011066,3740,S005,5143,135,30,96
L011067,3741,S006,4792,141,30,109
L011068,3742,S005,3640,69,10,19
L011069,3742,S009,3615,243,5,874
L011070,3742,S014,3869,243,25,607
L011071,3742,S011,4071,201,30,62
L011072,3742,S001,3905,212,20,196
L011073,3743,S012,3295,128,15,141
L011074,3743,S004,3678,159,15,167
L011075,3744,S012,1870,71,20,152
L011076,3745,S014,5136,246,0,36
L011077,3745,S009,5785,220,15,407
L011078,3745,S010,5865,153,15,1136
L011079,3746,S001,685,106,30,84
L011080,3746,S004,641,210,0,153
L011081,3746,S009,648,200,40,60
L011082,3747,S008,1114,0,5,80
L011083,3747,S004,1242,204,0,77
L011084,3748,S012,3502,147,15,70
L011085,3749,S003,2848,239,10,71
L011086,3749,S014,2497,0,30,506
L011087,3750,S005,4696,235,10,123
L011088,3750,S001,4949,223,5,809
L011089,3750,S002,4192,212,5,42
L011090,3751,S013,6232,136,10,1101
L011091,3751,S007,5244,238,0,1391
L011092,3751,S009,5592,168,10,127
L011093,3751,S014,5946,103,15,11
L011094,3752,S013,4939,142,5,65
L011095,3752,S011,4979,106,20,21
L011096,3752,S001,5022,166,0,85
L011097,3752,S009,4647,0,40,136
L011098,3753,S008,1092,205,10,199
L011099,3753,S010,979,180,5,656
L011100,3753,S009,1101,231,25,253
L011101,3753,S013,937,82,15,111
L011102,3754,S003,5948,169,20,640
L011103,3754,S010,5860,195,5,25
L011104,3754,S009,5421,151,0,53
L011105,3754,S001,5927,0,0,50
L011106,3755,S001,940,108,15,75
L011107,3755,S014,983,127,15,28
L011108,3755,S002,936,0,5,12
L011109,3756,S004,2829,235,5,61
L011110,3756,S005,2836,70,20,189
L011111,3756,S008,2838,250,15,27
L011112,3757,S004,3907,71,5,51
L011113,3757,S008,3507,211,5,137
L011114,3757,S013,3512,0,20,206
L011115,3758,S009,5057,207,5,62
L011116,3758,S008,5056,0,10,124
L011117,3758,S013,4566,76,0,130
L011118,3758,S002,4833,220,25,128
L011119,3759,S007,1683,188,5,2833
L011120,3759,S003,1789,190,25,394
L011121,3759,S004,1766,0,10,87
L011122,3760,S001,4649,133,10,169
L011123,3760,S012,4503,0,20,59
L011124,3761,S001,3240,131,10,98
L011125,3761,S007,2973,176,25,231
L011126,3761,S012,3398,182,5,207
L011127,3761,S008,3227,202,25,65
L011128,3762,S013,662,75,10,29
L011129,3762,S006,634,173,60,790
L011130,3762,S005,672,177,20,333
L011131,3763,S002,5522,0,15,268
L011132,3764,S007,4729,90,10,407
L011133,3764,S005,4548,159,10,31
L011134,3765,S002,3385,125,0,21
L011135,3766,S009,2670,50,0,26
L011136,3767,S011,2522,130,10,93
L011137,3767,S012,2425,0,40,89
L011138,3767,S010,2753,161,40,946
L011139,3767,S006,2881,95,25,37
L011140,3768,S010,5334,131,0,188
L011141,3768,S003,4484,185,30,173
L011142,3768,S009,4501,147,15,232
L011143,3769,S001,1922,0,30,53
L011144,3770,S006,4457,130,20,165
L011145,3771,S009,4813,218,10,96
L011146,3771,S008,4733,109,10,259
L011147,3771,S014,4971,247,40,240
L011148,3771,S003,4744,150,50,58
L011149,3772,S007,4290,108,0,54
L011150,3772,S006,4401,101,5,83
L011151,3772,S012,5168,0,15,41
L011152,3773,S008,1496,0,10,119
L011153,3773,S007,1515,0,20,145
L011154,3773,S010,1358,90,10,132
L011155,3773,S004,1351,70,10,201
L011156,3773,S005,1449,218,25,74
L011157,3774,S011,1447,61,15,24
L011158,3774,S003,1460,0,0,231
L011159,3775,S009,1994,0,25,1019
L011160,3775,S010,2082,0,25,218
L011161,3776,S004,4340,236,20,148
L011162,3776,S001,4528,110,5,1147
L011163,3776,S009,4149,0,25,208
L011164,3777,S005,1759,0,30,33
L011165,3777,S007,1886,80,50,556
L011166,3777,S002,1989,136,10,54
L011167,3778,S013,5811,195,10,227
L011168,3779,S001,4534,250,10,52
L011169,3780,S011,2597,165,40,186
L011170,3780,S012,2894,162,5,188
L011171,3780,S002,2718,235,30,142
L011172,3780,S013,3028,0,40,40
L011173,3780,S007,2711,194,20,184
L011174,3781,S005,2843,145,20,83
L011175,3781,S001,2762,55,5,254
L011176,3781,S009,3030,0,20,78
L011177,3782,S007,1464,0,0,84
L011178,3782,S002,1453,163,10,65
L011179,3782,S011,1552,105,15,158
L011180,3782,S005,1308,217,40,88
L011181,3783,S001,5419,148,15,75
L011182,3783,S008,5156,140,15,589
L011183,3783,S009,4588,148,0,54
L011184,3783,S007,5171,95,25,916
L011185,3783,S005,4781,204,40,65
L011186,3784,S005,799,210,20,299
L011187,3784,S003,829,150,5,374
L011188,3785,S011,2866,146,20,93
L011189,3786,S003,2142,234,25,125
L011190,3786,S008,2249,0,30,157
L011191,3787,S004,3091,239,10,179
L011192,3787,S006,3566,95,25,330
L011193,3788,S009,3390,0,5,133
L011194,3788,S014,3452,108,25,241
L011195,3788,S007,3035,200,20,381
L011196,3788,S004,3034,96,60,173
L011197,3789,S014,5011,173,60,96
L011198,3790,S001,1717,61,10,51
L011199,3790,S009,1921,77,5,281
L011200,3790,S013,1842,90,0,241
L011201,3790,S012,1814,0,5,49
L011202,3790,S014,1804,182,20,140
L011203,3791,S013,1294,202,10,101
L011204,3792,S010,3593,171,10,39
L011205,3792,S003,4337,0,10,751
L011206,3792,S006,3600,145,15,31
L011207,3792,S008,3923,183,20,141
L011208,3793,S001,2827,0,0,512
L011209,3793,S009,2580,0,40,67
L011210,3794,S013,662,0,5,80
L011211,3795,S013,5389,0,15,283
L011212,3795,S001,4836,200,20,318
L011213,3796,S001,1005,0,20,175
L011214,3796,S006,852,82,50,113
L011215,3796,S013,967,73,25,173
L011216,3797,S003,5269,151,10,24
L011217,3797,S014,5389,233,10,436
L011218,3798,S003,5535,226,30,108
L011219,3799,S011,3107,138,15,16
L011220,3799,S012,3185,196,30,248
L011221,3800,S006,1585,126,20,103
L011222,3800,S013,1709,54,5,617
L011223,3800,S008,1775,168,15,81
L011224,3800,S009,1713,219,20,197
L011225,3800,S005,1707,139,5,172
L011226,3801,S002,3532,152,20,52
L011227,3801,S006,3281,0,25,323
L011228,3802,S010,5360,183,5,233
L011229,3802,S007,5134,144,5,103
L011230,3802,S004,4609,175,50,381
L011231,3802,S006,5015,151,0,179
L011232,3802,S005,5463,243,20,110
L011233,3803,S001,3120,133,15,71
L011234,3804,S006,1116,100,0,139
L011235,3804,S014,1080,148,5,87
L011236,3804,S009,1174,167,5,226
L011237,3804,S008,1015,115,40,105
L011238,3804,S011,1215,142,10,585
L011239,3805,S008,5130,219,5,72
L011240,3805,S007,5347,100,0,332
L011241,3805,S013,5335,86,25,74
L011242,3806,S009,5381,72,15,347
L011243,3806,S007,5009,88,15,315
L011244,3806,S010,5712,127,5,80
L011245,3807,S004,3675,109,30,565
L011246,3807,S006,4227,161,5,75
L011247,3807,S014,4258,199,15,61
L011248,3807,S003,3649,82,30,58
L011249,3807,S012,3721,71,5,78
L011250,3808,S014,1317,238,10,116
L011251,3808,S012,1536,0,25,143
L011252,3808,S003,1546,52,0,815
L011253,3809,S005,3660,0,15,161
L011254,3809,S001,3784,0,15,407
L011255,3809,S010,3684,200,20,263
L011256,3810,S014,5146,0,20,210
L011257,3810,S003,6007,124,10,1230
L011258,3810,S007,5948,219,10,911
L011259,3810,S012,6090,190,20,33
L011260,3810,S008,6241,142,10,413
L011261,3811,S006,1072,0,10,72
L011262,3811,S008,1100,99,25,413
L011263,3811,S010,958,0,10,37
L011264,3812,S012,813,247,15,15
L011265,3812,S011,815,114,30,131
L011266,3812,S001,703,0,25,80
L011267,3812,S010,772,130,15,64
L011268,3812,S005,739,247,5,762
L011269,3813,S009,5735,134,5,115
L011270,3813,S012,6507,105,25,129
L011271,3813,S004,5833,206,15,67
L011272,3813,S014,6042,131,40,935
L011273,3814,S004,2238,192,0,65
L011274,3814,S009,2066,81,20,204
L011275,3814,S005,2049,245,25,62
L011276,3815,S011,5868,207,15,250
L011277,3815,S013,5240,109,15,38
L011278,3815,S008,5232,162,10,19
L011279,3815,S005,5589,193,0,77
L011280,3816,S009,2404,236,10,282
L011281,3816,S011,2534,149,30,280
L011282,3817,S004,1119,247,20,98
L011283,3817,S001,1156,90,50,219
L011284,3817,S002,1042,215,15,92
L011285,3818,S001,2611,0,50,522
L011286,3818,S004,2418,0,25,686
L011287,3818,S010,2468,112,20,66
L011288,3819,S002,4392,133,15,248
L011289,3819,S014,4713,0,50,174
L011290,3819,S009,4685,169,20,105
L011291,3819,S006,4938,189,20,287
L011292,3819,S010,4626,149,50,175
L011293,3820,S003,2391,71,20,248
L011294,3820,S014,2359,226,15,296
L011295,3820,S007,2287,188,30,25
L011296,3821,S003,4029,213,20,197
L011297,3821,S011,4299,183,15,115
L011298,3822,S004,3375,103,5,143
L011299,3822,S005,3552,0,5,393
L011300,3822,S002,3416,103,15,75
L011301,3822,S009,3226,225,20,288
L011302,3822,S003,3554,209,5,16
L011303,3823,S012,4351,226,5,117
L011304,3824,S008,2324,156,25,76
L011305,3824,S004,2122,206,30,1618
L011306,3824,S012,2161,244,25,57
L011307,3824,S010,2135,106,15,114
L011308,3825,S005,3916,0,20,393
L011309,3825,S004,3873,0,20,40
L011310,3825,S003,3540,62,5,123
L011311,3826,S003,3060,242,30,70
L011312,3826,S004,2789,0,30,213
L011313,3826,S014,2785,135,10,257
L011314,3826,S005,2771,94,40,58
L011315,3826,S011,2989,99,25,284
L011316,3827,S002,3063,146,20,367
L011317,3827,S011,3440,181,60,30
L011318,3827,S010,3092,230,25,154
L011319,3828,S002,5875,160,20,55
L011320,3828,S004,6336,100,10,101
L011321,3829,S014,2737,209,15,536
L011322,3829,S013,3022,0,30,295
L011323,3829,S001,2886,59,5,67
L011324,3830,S006,3984,172,0,523
L011325,3830,S008,3873,0,40,274
L011326,3830,S012,3949,70,0,190
L011327,3831,S014,4772,158,0,366
L011328,3832,S001,1481,198,0,476
L011329,3832,S012,1462,85,10,102
L011330,3832,S006,1377,60,15,31
L011331,3833,S001,3476,172,15,163
L011332,3833,S010,3459,52,5,67
L011333,3833,S012,3801,66,5,89
L011334,3833,S006,3934,93,5,40
L011335,3833,S003,3778,200,30,161
L011336,3834,S003,3138,198,25,95
L011337,3834,S008,3252,186,15,4661
L011338,3834,S012,2909,140,30,94
L011339,3834,S013,2821,171,0,45
L011340,3834,S009,2914,55,0,96
L011341,3835,S010,4829,0,25,101
L011342,3835,S014,4486,182,10,396
L011343,3835,S012,4901,73,25,271
L011344,3835,S006,4529,0,30,168
L011345,3835,S003,4395,0,5,298
L011346,3836,S001,2776,206,5,194
L011347,3836,S003,2935,0,10,274
L011348,3836,S007,2940,124,20,68
L011349,3837,S002,2993,123,30,215
L011350,3837,S014,3010,125,30,266
L011351,3837,S011,3032,73,15,1117
L011352,3837,S007,3290,0,20,117
L011353,3838,S011,5845,228,25,436
L011354,3838,S007,5384,237,40,750
L011355,3838,S009,5590,128,0,305
L011356,3839,S011,1124,170,10,90
L011357,3840,S003,3867,159,25,260
L011358,3840,S004,3686,67,10,518
L011359,3841,S008,782,64,10,103
L011360,3842,S005,4509,0,20,56
L011361,3842,S006,4540,140,20,76
L011362,3842,S002,4551,0,0,326
L011363,3843,S014,808,0,25,148
L011364,3844,S011,5489,79,20,202
L011365,3844,S004,4594,223,25,497
L011366,3845,S010,853,221,10,160
L011367,3845,S002,898,233,10,163
L011368,3845,S009,812,122,5,404
L011369,3845,S001,887,0,25,37
L011370,3845,S007,962,58,50,265
L011371,3846,S004,2597,213,5,290
L011372,3846,S011,2460,149,5,94
L011373,3846,S003,2459,0,10,359
L011374,3846,S008,2509,152,15,126
L011375,3847,S006,1674,160,25,96
L011376,3848,S009,558,143,10,96
L011377,3848,S002,564,94,5,208
L011378,3849,S001,3470,106,10,367
L011379,3849,S014,3104,57,5,182
L011380,3849,S009,3560,182,15,191
L011381,3849,S010,3474,64,30,926
L011382,3849,S006,3286,191,0,255
L011383,3850,S010,4269,210,10,83
L011384,3850,S002,4443,231,5,65
L011385,3850,S008,4068,99,15,331
L011386,3851,S005,1605,88,15,75
L011387,3851,S009,1679,126,10,257
L011388,3851,S006,1448,179,25,124
L011389,3851,S007,1578,0,0,284
L011390,3851,S014,1461,226,5,40
L011391,3852,S005,5306,107,15,208
L011392,3853,S002,2630,119,25,29
L011393,3854,S001,1508,77,10,223
L011394,3855,S006,4144,64,40,105
L011395,3855,S001,4010,235,20,158
L011396,3856,S012,596,217,10,135
L011397,3857,S007,536,168,20,243
L011398,3857,S009,562,0,50,183
L011399,3858,S001,2219,112,0,33
L011400,3858,S013,2131,0,20,144
L011401,3858,S007,2398,178,20,158
L011402,3858,S008,2428,65,10,417
L011403,3859,S008,3311,176,30,943
L011404,3859,S007,3107,138,20,95
L011405,3859,S010,3013,204,10,49
L011406,3859,S002,3290,0,5,154
L011407,3860,S005,4671,125,25,77
L011408,3860,S003,4529,189,25,199
L011409,3861,S005,6120,64,5,68
L011410,3862,S002,1239,0,20,137
L011411,3862,S013,1208,64,0,106
L011412,3862,S009,1149,193,30,176
L011413,3862,S007,1189,0,10,141
L011414,3863,S006,4908,182,0,59
L011415,3863,S003,5456,107,15,471
L011416,3863,S010,5526,248,25,145
L011417,3864,S011,4939,168,0,197
L011418,3864,S001,4899,179,10,399
L011419,3865,S012,2168,0,20,257
L011420,3865,S003,2008,128,10,64
L011421,3865,S010,2354,0,5,280
L011422,3865,S005,2003,169,20,10
L011423,3865,S002,2417,95,20,48
L011424,3866,S001,5909,0,5,338
L011425,3867,S001,4432,232,0,583
L011426,3867,S011,4406,245,10,107
L011427,3867,S012,4225,231,5,1639
L011428,3868,S014,1469,88,5,320
L011429,3868,S006,1423,201,20,334
L011430,3868,S010,1586,222,25,95
L011431,3869,S004,3636,220,20,280
L011432,3870,S006,2584,101,30,429
L011433,3870,S004,3012,250,10,110
L011434,3870,S005,2997,244,25,87
L011435,3870,S007,2892,98,20,722
L011436,3870,S009,2640,230,15,228
L011437,3871,S009,638,70,10,15
L011438,3871,S001,654,223,0,336
L011439,3871,S007,727,0,15,136
L011440,3872,S012,3906,101,20,22
L011441,3872,S011,4287,83,20,13
L011442,3872,S013,3896,92,5,33
L011443,3872,S014,3693,127,5,499
L011444,3873,S011,610,103,10,45
L011445,3873,S002,604,66,20,262
L011446,3873,S010,650,172,10,112
L011447,3873,S014,628,0,10,94
L011448,3874,S014,2827,228,40,158
L011449,3874,S012,2875,231,20,191
L011450,3874,S005,2972,187,5,83
L011451,3875,S009,4278,0,10,134
L011452,3875,S006,3951,152,25,77
L011453,3876,S004,3974,246,10,136
L011454,3876,S013,4071,236,25,106
L011455,3876,S002,3987,209,20,594
L011456,3876,S001,4532,192,0,235
L011457,3877,S004,812,132,10,98
L011458,3877,S007,870,96,25,116
L011459,3877,S012,773,115,0,67
L011460,3878,S006,2482,60,40,36
L011461,3878,S008,2810,177,15,164
L011462,3879,S003,589,175,10,752
L011463,3880,S014,5687,246,5,87
L011464,3880,S006,5738,239,15,812
L011465,3880,S005,5333,130,15,737
L011466,3880,S007,5453,236,20,86
L011467,3880,S004,5710,0,15,314
L011468,3881,S011,1403,198,5,74
L011469,3881,S001,1417,86,0,29
L011470,3881,S002,1269,128,25,466
L011471,3881,S009,1364,148,0,128
L011472,3882,S014,4985,187,5,116
L011473,3882,S010,5098,177,10,142
L011474,3882,S012,4491,150,0,380
L011475,3883,S005,2020,0,15,6
L011476,3884,S006,3590,205,15,244
L011477,3884,S012,4104,186,5,51
L011478,3884,S002,4052,0,5,311
L011479,3884,S009,3584,243,10,165
L011480,3884,S004,3414,0,20,423
L011481,3885,S004,1364,139,20,242
L011482,3886,S001,3686,183,20,235
L011483,3887,S014,4992,185,10,28
L011484,3887,S011,5213,66,20,88
L011485,3887,S006,5718,198,5,330
L011486,3888,S004,4063,66,10,31
L011487,3888,S011,4153,64,0,122
L011488,3888,S006,4294,0,5,172
L011489,3888,S001,3869,102,30,314
L011490,3888,S009,4021,210,15,262
L011491,3889,S003,1305,217,10,29
L011492,3889,S013,1297,176,5,146
L011493,3889,S004,1449,214,5,139
L011494,3890,S006,3351,0,50,135
L011495,3890,S013,3314,70,0,115
L011496,3891,S010,1555,180,20,280
L011497,3891,S004,1377,76,5,12
L011498,3892,S009,5257,126,10,78
L011499,3892,S005,5333,182,15,250
L011500,3892,S007,5645,100,20,849
L011501,3892,S002,5059,161,10,882
L011502,3892,S012,5770,104,20,77
L011503,3893,S006,5093,0,20,81
L011504,3893,S014,5248,116,0,83
L011505,3894,S007,5723,184,25,81
L011506,3894,S012,4975,166,0,254
L011507,3895,S001,2021,0,10,78
L011508,3895,S009,2299,59,10,167
L011509,3895,S014,2007,88,0,85
L011510,3895,S003,2031,203,20,406
L011511,3896,S012,1958,102,30,563
L011512,3896,S013,1955,130,25,169
L011513,3897,S013,1963,70,0,162
L011514,3897,S011,1781,152,20,201
L011515,3897,S002,1893,113,5,141
L011516,3897,S004,2013,113,15,427
L011517,3897,S005,1931,76,10,322
L011518,3898,S013,5600,217,15,118
L011519,3898,S010,6086,0,25,302
L011520,3899,S006,5287,131,5,70
L011521,3899,S003,6014,168,25,2291
L011522,3900,S001,3807,140,0,51
L011523,3901,S011,1607,116,25,179
L011524,3901,S010,1744,0,20,97
L011525,3901,S009,1744,195,5,1400
L011526,3902,S009,2648,227,20,140
L011527,3902,S004,3171,205,30,98
L011528,3903,S014,2871,198,0,67
L011529,3903,S006,2809,102,20,108
L011530,3903,S010,2545,70,15,46
L011531,3903,S005,2752,0,10,182
L011532,3903,S007,2545,226,0,35
L011533,3904,S008,3521,176,10,79
L011534,3904,S002,3157,0,0,102
L011535,3905,S005,4207,183,15,283
L011536,3905,S002,3713,61,0,101
L011537,3905,S004,3536,195,0,275
L011538,3905,S003,4044,238,0,70
L011539,3906,S008,3982,0,10,1291
L011540,3906,S013,3944,97,10,90
L011541,3907,S003,1986,204,5,106
L011542,3908,S002,3513,82,5,95
L011543,3908,S006,3433,246,30,31
L011544,3909,S007,5259,67,0,279
L011545,3909,S002,5037,197,20,124
L011546,3909,S006,5876,110,20,124
L011547,3909,S012,5359,0,15,176
L011548,3909,S014,5468,112,20,120
L011549,3910,S007,3218,0,40,92
L011550,3910,S011,3427,141,20,168
L011551,3911,S010,3288,189,30,365
L011552,3911,S013,3237,116,5,115
L011553,3911,S014,3374,0,40,2508
L011554,3912,S005,3144,134,0,34
L011555,3913,S012,4522,100,30,76
L011556,3914,S012,1139,95,5,40
L011557,3914,S002,1168,0,50,31
L011558,3914,S006,1083,247,20,210
L011559,3914,S014,1089,0,0,427
L011560,3914,S010,1086,0,10,199
L011561,3915,S014,1954,0,10,132
L011562,3915,S005,1688,187,10,115
L011563,3915,S001,1803,0,20,344
L011564,3915,S007,1737,224,50,75
L011565,3916,S004,1874,0,5,94
L011566,3916,S003,1825,147,25,81
L011567,3916,S006,1830,132,20,189
L011568,3917,S007,2270,162,15,161
L011569,3917,S010,2230,171,15,61
L011570,3917,S009,2524,169,10,468
L011571,3917,S006,2165,217,15,909
L011572,3918,S012,3326,163,20,163
L011573,3918,S002,3803,213,15,80
L011574,3918,S007,3791,244,20,118
L011575,3919,S003,4352,191,5,111
L011576,3920,S011,5817,139,0,1314
L011577,3921,S008,3507,243,20,12
L011578,3921,S001,3430,90,30,166
L011579,3921,S010,3598,102,10,219
L011580,3921,S014,3447,148,15,37
L011581,3922,S012,5340,141,0,227
L011582,3922,S002,4898,0,15,128
L011583,3922,S010,5085,75,0,223
L011584,3922,S011,5488,91,25,176
L011585,3922,S003,5315,0,40,73
L011586,3923,S007,3137,198,10,53
L011587,3923,S005,3123,179,0,711
L011588,3923,S003,2642,101,5,157
L011589,3924,S001,1178,116,15,182
L011590,3924,S013,1114,0,10,101
L011591,3924,S003,1127,226,30,138
L011592,3924,S010,1169,112,10,82
L011593,3924,S008,1204,69,0,424
L011594,3925,S009,1064,66,30,107
L011595,3925,S010,896,84,20,126
L011596,3925,S008,1003,149,10,74
L011597,3925,S001,1070,0,0,148
L011598,3925,S003,1051,109,15,424
L011599,3926,S004,3390,62,50,235
L011600,3926,S002,2937,135,20,62
L011601,3926,S008,3228,92,20,96
L011602,3926,S007,2990,95,30,146
L011603,3926,S010,3439,59,10,1010
L011604,3927,S007,4336,219,25,314
L011605,3927,S014,4020,240,15,122
L011606,3927,S012,4363,53,5,365
L011607,3927,S013,4405,0,15,177
L011608,3928,S009,4238,243,20,341
L011609,3928,S012,4373,100,20,693
L011610,3928,S011,3655,57,30,62
L011611,3928,S001,3630,188,25,40
L011612,3928,S010,3752,162,5,18
L011613,3929,S004,3205,176,20,205
L011614,3930,S012,6031,141,0,78
L011615,3930,S003,5469,170,20,469
L011616,3930,S002,5763,241,30,709
L011617,3930,S013,4975,225,40,110
L011618,3930,S004,6057,50,15,130
L011619,3931,S002,4556,171,5,132
L011620,3931,S006,4464,77,0,272
L011621,3932,S008,4352,97,25,127
L011622,3932,S013,4402,77,20,113
L011623,3932,S006,4388,60,10,221
L011624,3933,S010,2555,231,0,72
L011625,3933,S005,2515,0,5,157
L011626,3933,S009,2376,220,25,487
L011627,3934,S005,3494,131,0,59
L011628,3934,S001,3863,162,15,40
L011629,3934,S008,3375,0,25,26
L011630,3934,S004,3621,139,20,425
L011631,3935,S009,2048,132,20,338
L011632,3935,S002,2191,103,5,327
L011633,3935,S007,2138,166,10,182
L011634,3935,S008,1940,148,50,138
L011635,3935,S006,1910,96,0,208
L011636,3936,S009,2700,164,10,163
L011637,3937,S006,4059,204,20,201
L011638,3938,S005,1029,0,0,332
L011639,3938,S008,1048,109,25,98
L011640,3938,S004,955,227,5,108
L011641,3938,S007,1017,211,20,257
L011642,3938,S011,917,165,30,123
L011643,3939,S003,4862,0,10,86
L011644,3939,S008,4636,82,30,133
L011645,3939,S005,5124,0,0,236
L011646,3940,S001,1198,59,10,154
L011647,3941,S006,3347,167,10,287
L011648,3941,S003,3767,175,30,599
L011649,3941,S009,3590,104,25,47
L011650,3941,S010,3364,112,10,203
L011651,3942,S002,544,177,5,320
L011652,3943,S013,3911,0,0,147
L011653,3943,S005,4064,242,15,323
L011654,3943,S010,3956,174,10,657
L011655,3943,S004,4143,158,10,44
L011656,3944,S001,5855,150,10,102
L011657,3944,S004,5769,194,25,122
L011658,3944,S012,6042,82,15,172
L011659,3944,S006,5545,163,40,456
L011660,3945,S001,3459,95,0,31
L011661,3945,S011,3570,234,40,55
L011662,3945,S005,3407,88,15,41
L011663,3945,S013,3490,219,10,802
L011664,3946,S002,1718,155,5,57
L011665,3946,S006,1730,114,10,130
L011666,3946,S005,1717,247,15,38
L011667,3947,S008,4790,196,30,1167
L011668,3947,S010,5070,98,25,366
L011669,3948,S001,5774,77,40,146
L011670,3948,S005,4938,239,0,109
L011671,3948,S013,5046,50,50,442
L011672,3948,S010,5573,175,25,261
L011673,3949,S006,2070,123,5,22
L011674,3949,S014,2284,50,25,508
L011675,3950,S012,4028,0,10,200
L011676,3950,S013,4153,101,40,109
L011677,3951,S009,3321,111,0,44
L011678,3952,S003,4047,214,25,86
L011679,3953,S013,4865,75,10,224
L011680,3953,S012,5321,69,5,114
L011681,3954,S006,4795,0,10,108
L011682,3954,S011,4671,125,15,575
L011683,3955,S014,4937,172,0,73
L011684,3955,S007,5235,100,15,935
L011685,3955,S013,5282,138,15,125
L011686,3955,S003,4823,0,25,197
L011687,3956,S007,3453,58,25,193
L011688,3956,S009,3267,202,20,101
L011689,3956,S001,3743,226,50,75
L011690,3956,S014,3639,0,5,204
L011691,3956,S002,3744,118,30,52
L011692,3957,S013,480,200,5,160
L011693,3957,S003,556,120,5,33
L011694,3958,S011,616,109,5,300
L011695,3959,S013,4326,223,10,850
L011696,3959,S008,4833,167,10,65
L011697,3959,S011,4466,0,5,131
L011698,3960,S009,556,54,60,655
L011699,3960,S013,546,169,5,133
L011700,3960,S008,580,103,50,120
L011701,3960,S007,572,59,60,568
L011702,3961,S001,942,142,10,182
L011703,3961,S006,920,237,5,278
L011704,3961,S009,996,169,5,252
L011705,3961,S013,994,0,15,262
L011706,3962,S001,2713,216,15,36
L011707,3962,S010,3085,180,5,33
L011708,3962,S011,3085,209,50,34
L011709,3963,S009,4404,0,20,78
L011710,3963,S010,4397,93,10,67
L011711,3963,S004,3706,143,20,180
L011712,3963,S014,3816,81,30,112
L011713,3964,S010,5550,153,5,995
L011714,3964,S009,5788,136,15,230
L011715,3964,S014,5373,194,30,2056
L011716,3965,S003,5692,224,25,35
L011717,3965,S007,5445,92,15,58
L011718,3965,S005,5716,93,50,270
L011719,3965,S014,5395,0,0,216
L011720,3965,S010,6109,157,20,152
L011721,3966,S007,1444,89,15,441
L011722,3966,S006,1568,177,10,74
L011723,3966,S004,1513,150,5,47
L011724,3966,S010,1345,201,0,204
L011725,3967,S012,659,92,25,485
L011726,3968,S013,5483,250,25,282
L011727,3968,S012,5435,0,20,178
L011728,3969,S007,2673,0,15,202
L011729,3969,S004,2767,184,25,210
L011730,3970,S011,2128,0,10,291
L011731,3970,S009,2181,124,0,39
L011732,3971,S002,3166,188,40,188
L011733,3971,S012,2794,208,5,569
L011734,3971,S003,3155,140,10,390
L011735,3971,S014,3342,186,5,62
L011736,3972,S005,3846,162,0,27
L011737,3972,S012,4131,0,15,214
L011738,3972,S004,4212,0,15,181
L011739,3972,S007,4340,134,40,504
L011740,3972,S010,3658,230,5,232
L011741,3973,S005,2722,234,15,32
L011742,3973,S003,2764,215,0,290
L011743,3973,S008,2347,79,10,27
L011744,3973,S011,2681,218,20,369
L011745,3973,S004,2352,0,25,161
L011746,3974,S002,2499,148,10,198
L011747,3974,S011,3032,81,5,214
L011748,3974,S009,2665,250,5,698
L011749,3974,S010,2759,166,25,152
L011750,3974,S014,2551,168,25,133
L011751,3975,S007,4486,0,5,470
L011752,3975,S013,4271,68,0,289
L011753,3975,S012,4392,110,30,165
L011754,3976,S005,2589,155,20,69
L011755,3976,S009,2532,205,25,184
L011756,3976,S014,2871,65,25,88
L011757,3976,S013,2647,86,40,41
L011758,3977,S004,5258,104,20,43
L011759,3977,S005,5167,171,5,85
L011760,3977,S010,4842,164,5,70
L011761,3977,S002,5077,104,5,156
L011762,3978,S010,1491,0,15,110
L011763,3978,S009,1475,241,5,550
L011764,3978,S001,1479,84,0,284
L011765,3978,S005,1702,88,20,150
L011766,3979,S005,2066,243,15,103
L011767,3979,S002,1853,83,40,342
L011768,3980,S009,3200,108,10,174
L011769,3980,S014,3226,239,15,287
L011770,3980,S008,3276,219,5,80
L011771,3980,S002,2824,104,30,115
L011772,3980,S007,3011,135,5,13
L011773,3981,S003,5866,132,10,309
L011774,3982,S009,3724,77,20,24
L011775,3982,S002,3387,140,20,62
L011776,3982,S007,3394,92,5,91
L011777,3982,S012,3470,0,15,257
L011778,3983,S014,5507,0,25,1483
L011779,3983,S006,5680,124,20,260
L011780,3983,S009,5649,108,10,89
L011781,3983,S013,5180,206,10,515
L011782,3984,S009,3779,164,25,133
L011783,3985,S010,1593,140,60,215
L011784,3986,S010,4683,185,20,40
L011785,3986,S001,4750,213,15,64
L011786,3986,S007,4504,0,30,220
L011787,3986,S014,3976,86,15,147
L011788,3986,S008,4002,224,30,459
L011789,3987,S002,537,0,0,52
L011790,3987,S007,536,191,25,151
L011791,3988,S010,5935,194,0,190
L011792,3988,S014,6188,0,20,135
L011793,3988,S006,5549,173,10,282
L011794,3988,S005,5625,138,5,315
L011795,3989,S012,6027,137,15,110
L011796,3989,S006,5816,64,0,96
L011797,3989,S001,5788,177,20,15
L011798,3990,S014,1047,0,15,209
L011799,3991,S008,1784,183,10,406
L011800,3991,S003,1787,223,10,25
L011801,3992,S012,2709,221,30,220
L011802,3992,S002,2574,84,5,398
L011803,3993,S005,2268,158,15,175
L011804,3993,S014,2608,0,10,152
L011805,3994,S002,4855,76,20,142
L011806,3994,S013,4631,0,10,66
L011807,3995,S002,5559,201,15,58
L011808,3995,S010,5559,193,0,355
L011809,3995,S005,5317,121,10,255
L011810,3995,S013,4863,0,0,332
L011811,3996,S013,591,203,25,28
L011812,3997,S006,3910,110,20,259
L011813,3997,S005,3827,0,10,97
L011814,3997,S013,4224,138,15,77
L011815,3997,S008,3929,58,10,290
L011816,3997,S003,3532,112,20,92
L011817,3998,S006,1204,185,40,391
L011818,3998,S008,1174,98,15,15
L011819,3998,S014,1056,160,5,213
L011820,3999,S002,1090,0,5,272
L011821,3999,S003,911,64,15,128
L011822,3999,S005,927,220,30,208
L011823,3999,S007,1029,125,20,328
L011824,4000,S004,2337,66,5,258
L011825,4000,S009,2630,146,15,199
L011826,4000,S005,2198,239,10,66
L011827,4001,S002,880,241,5,70
L011828,4001,S010,838,197,30,1515
L011829,4001,S001,834,238,30,157
L011830,4001,S005,988,124,10,603
L011831,4001,S013,968,172,25,1947
L011832,4002,S002,2941,194,5,47
L011833,4002,S009,2759,0,10,243
L011834,4002,S013,2838,125,10,181
L011835,4002,S012,3232,97,15,38
L011836,4002,S008,3017,232,0,13
L011837,4003,S004,2193,143,20,186
L011838,4003,S013,2366,55,10,109
L011839,4003,S009,2395,129,10,130
L011840,4003,S014,2018,141,25,352
L011841,4003,S007,2335,172,5,136
L011842,4004,S005,4595,59,25,78
L011843,4004,S013,4595,64,10,83
L011844,4004,S011,4284,178,0,57
L011845,4005,S011,5919,108,40,215
L011846,4005,S007,6314,127,10,284
L011847,4005,S009,5796,0,20,42
L011848,4005,S001,5234,226,40,372
L011849,4005,S003,5777,209,10,295
L011850,4006,S013,751,232,0,404
L011851,4006,S010,856,171,20,120
L011852,4006,S009,763,204,40,155
L011853,4006,S001,756,161,15,213
L011854,4006,S002,845,0,50,60
L011855,4007,S006,1492,187,25,192
L011856,4008,S008,1075,114,5,163
L011857,4008,S003,1004,0,25,93
L011858,4008,S004,1115,235,10,825
L011859,4009,S013,1348,163,15,578
L011860,4009,S007,1255,0,20,242
L011861,4009,S005,1363,94,0,87
L011862,4010,S002,1471,180,0,162
L011863,4010,S013,1457,0,10,377
L011864,4010,S009,1463,222,10,245
L011865,4010,S014,1716,156,0,75
L011866,4011,S011,1909,208,15,694
L011867,4011,S009,2085,50,25,124
L011868,4011,S008,2230,153,10,712
L011869,4011,S014,2189,79,50,34
L011870,4011,S002,1931,231,20,108
L011871,4012,S002,4387,108,5,64
L011872,4012,S004,4232,77,20,211
L011873,4012,S012,4304,114,25,254
L011874,4012,S007,4015,69,25,124
L011875,4012,S005,4628,62,40,160
L011876,4013,S010,4345,81,30,78
L011877,4013,S002,3788,243,20,296
L011878,4013,S005,3811,73,0,263
L011879,4014,S001,2155,52,5,166
L011880,4014,S008,2278,233,10,75
L011881,4014,S003,2145,0,25,525
L011882,4015,S002,3623,123,15,541
L011883,4015,S009,3713,60,10,167
L011884,4016,S014,6223,0,25,52
L011885,4016,S008,5455,0,10,104
L011886,4017,S008,5486,65,20,815
L011887,4017,S010,5292,203,25,283
L011888,4017,S007,4729,107,15,193
L011889,4017,S005,5381,206,10,473
L011890,4018,S004,5009,68,5,128
L011891,4018,S006,4652,0,5,496
L011892,4019,S004,3483,0,40,112
L011893,4019,S012,3625,197,30,307
L011894,4019,S009,3610,111,15,1282
L011895,4019,S010,3636,87,30,474
L011896,4019,S001,3696,185,25,115
L011897,4020,S013,1234,167,20,90
L011898,4020,S009,1176,0,30,192
L011899,4020,S006,1167,102,15,161
L011900,4021,S003,3997,234,0,63
L011901,4021,S005,4034,67,15,18
L011902,4021,S013,3972,180,15,464
L011903,4022,S003,5121,0,15,80
L011904,4022,S010,4791,108,50,96
L011905,4022,S014,4818,0,20,79
L011906,4022,S001,5479,69,50,321
L011907,4023,S002,1527,76,0,52
L011908,4023,S010,1645,91,30,155
L011909,4023,S008,1662,51,25,77
L011910,4023,S009,1478,201,5,87
L011911,4024,S013,4720,225,0,176
L011912,4025,S006,594,87,20,63
L011913,4026,S011,5778,0,5,40
L011914,4027,S001,1350,240,10,168
L011915,4028,S003,3982,0,10,101
L011916,4028,S004,3651,91,30,150
L011917,4028,S014,3483,153,0,115
L011918,4029,S008,1069,195,25,1060
L011919,4029,S014,1081,51,0,762
L011920,4029,S003,1079,74,15,113
L011921,4029,S010,1157,106,25,49
L011922,4029,S009,1078,145,40,258
L011923,4030,S001,3611,221,30,202
L011924,4030,S014,3194,0,0,35
L011925,4030,S011,3467,236,20,341
L011926,4030,S009,3263,237,25,103
L011927,4031,S006,1510,73,30,170
L011928,4031,S008,1469,155,5,67
L011929,4031,S007,1538,191,5,113
L011930,4031,S013,1505,79,20,132
L011931,4032,S009,5473,121,20,91
L011932,4032,S004,5470,215,5,141
L011933,4032,S014,5014,214,15,154
L011934,4032,S003,5464,203,10,341
L011935,4032,S001,5498,202,15,123
L011936,4033,S014,2420,176,10,160
L011937,4033,S007,2317,122,30,166
L011938,4033,S006,2425,130,30,220
L011939,4034,S001,3142,0,20,346
L011940,4034,S002,3198,177,5,280
L011941,4034,S010,3341,250,0,172
L011942,4035,S003,4793,211,10,21
L011943,4035,S002,4545,0,15,122
L011944,4036,S013,2285,138,0,101
L011945,4036,S006,2217,105,10,98
L011946,4036,S005,2300,245,5,109
L011947,4036,S011,2143,65,20,109
L011948,4037,S003,1129,157,15,43
L011949,4038,S004,6051,172,40,30
L011950,4038,S014,5568,0,25,394
L011951,4038,S006,5462,124,10,162
L011952,4038,S011,5804,155,0,119
L011953,4039,S006,1670,87,20,108
L011954,4039,S010,1832,0,10,213
L011955,4039,S005,1898,88,5,32
L011956,4039,S013,1695,97,20,198
L011957,4039,S004,1779,170,15,1293
L011958,4040,S012,3690,244,30,82
L011959,4041,S006,6164,249,10,87
L011960,4041,S013,6317,71,5,451
L011961,4041,S005,6038,131,15,1010
L011962,4042,S007,3723,199,20,100
L011963,4042,S014,3480,59,30,195
L011964,4042,S003,4086,64,15,35
L011965,4042,S004,3767,0,20,127
L011966,4043,S001,1203,0,20,350
L011967,4043,S009,1215,185,40,131
L011968,4043,S005,1104,159,5,486
L011969,4043,S007,1240,102,20,110
L011970,4044,S006,5383,146,10,159
L011971,4044,S014,5838,139,10,109
L011972,4044,S009,5271,76,10,110
L011973,4044,S011,5648,62,40,302
L011974,4044,S001,5071,96,20,298
L011975,4045,S011,4195,156,0,165
L011976,4045,S008,4382,139,50,200
L011977,4045,S002,4531,139,10,67
L011978,4045,S014,4483,54,30,65
L011979,4045,S010,4648,0,15,113
L011980,4046,S002,3000,95,0,126
L011981,4046,S014,3192,180,20,105
L011982,4047,S001,1915,0,15,238
L011983,4047,S006,1904,124,5,455
L011984,4047,S014,1700,199,10,1435
L011985,4047,S008,1736,125,20,344
L011986,4048,S009,2612,216,20,244
L011987,4048,S001,2499,109,10,158
L011988,4049,S011,4232,52,20,146
L011989,4049,S006,3804,77,5,54
L011990,4049,S012,4386,91,20,225
L011991,4049,S010,3710,0,10,149
L011992,4050,S010,2084,118,10,49
L011993,4050,S006,2148,0,10,54
L011994,4050,S002,1885,143,5,430
L011995,4051,S010,3740,152,25,86
L011996,4051,S002,3578,124,10,256
L011997,4051,S012,4015,77,40,124
L011998,4051,S007,3631,57,10,19
L011999,4051,S004,3741,109,10,597
L012000,4052,S014,4783,0,30,493
L012001,4052,S010,5716,171,5,218
L012002,4052,S009,4931,0,0,231
L012003,4053,S008,2847,123,30,62
L012004,4053,S006,3139,83,10,1065
L012005,4053,S010,2878,126,30,283
L012006,4053,S005,2983,158,20,174
L012007,4054,S007,3196,0,5,157
L012008,4054,S006,3096,136,5,650
L012009,4054,S011,2984,222,5,44
L012010,4054,S003,2884,216,25,40
L012011,4054,S009,2921,91,0,625
L012012,4055,S008,1605,188,30,178
L012013,4055,S010,1604,88,20,42
L012014,4055,S013,1613,148,5,44
L012015,4055,S003,1722,236,15,707
L012016,4055,S007,1820,141,10,240
L012017,4056,S001,3748,218,15,196
L012018,4056,S009,4189,0,10,327
L012019,4056,S007,3790,0,20,118
L012020,4057,S014,5711,0,5,213
L012021,4058,S006,631,0,15,209
L012022,4058,S008,601,210,25,762
L012023,4058,S011,656,146,10,360
L012024,4058,S005,651,0,30,400
L012025,4058,S013,715,126,10,147
L012026,4059,S012,1444,82,15,574
L012027,4059,S001,1396,54,25,895
L012028,4059,S005,1478,190,25,69
L012029,4059,S002,1316,172,25,33
L012030,4059,S008,1438,73,20,178
L012031,4060,S001,4199,225,10,122
L012032,4061,S004,1602,173,10,303
L012033,4061,S010,1680,153,15,310
L012034,4061,S007,1811,174,40,340
L012035,4061,S012,1691,149,50,267
L012036,4061,S005,1722,55,0,86
L012037,4062,S012,5747,76,15,21
L012038,4062,S009,5247,191,5,174
L012039,4063,S009,1175,147,0,40
L012040,4063,S010,1195,246,15,98
L012041,4063,S007,1324,0,10,106
L012042,4064,S004,4366,196,10,54
L012043,4064,S003,4048,0,5,86
L012044,4065,S007,5203,172,5,292
L012045,4065,S002,5375,237,10,99
L012046,4065,S005,4645,101,15,211
L012047,4065,S001,5264,184,10,155
L012048,4065,S010,4600,54,5,490
L012049,4066,S008,2693,0,25,34
L012050,4066,S006,2817,176,40,34
L012051,4066,S001,2662,110,5,34
L012052,4067,S002,2825,156,30,587
L012053,4067,S007,2556,139,20,756
L012054,4067,S009,2874,187,30,488
L012055,4068,S004,3783,71,40,222
L012056,4068,S005,3745,209,15,750
L012057,4069,S014,4142,105,40,80
L012058,4069,S008,4287,66,15,44
L012059,4069,S002,4345,0,10,703
L012060,4070,S001,3551,0,20,203
L012061,4070,S009,3535,115,10,124
L012062,4070,S005,3255,167,10,399
L012063,4070,S008,3631,0,10,339
L012064,4070,S003,3470,0,15,281
L012065,4071,S008,3126,229,0,179
L012066,4071,S001,3131,53,40,302
L012067,4071,S007,3687,113,15,50
L012068,4071,S005,3312,228,5,57
L012069,4071,S014,3306,60,20,570
L012070,4072,S004,4772,0,0,27
L012071,4073,S012,2800,243,10,122
L012072,4074,S001,3213,63,20,208
L012073,4074,S014,3416,220,10,551
L012074,4074,S003,3310,0,0,208
L012075,4075,S014,5073,201,10,123
L012076,4075,S005,5047,0,5,122
L012077,4075,S001,4413,170,15,804
L012078,4075,S002,4951,130,15,175
L012079,4075,S013,5042,73,5,44
L012080,4076,S007,540,186,20,305
L012081,4077,S009,5391,214,30,222
L012082,4077,S002,5391,187,15,81
L012083,4077,S005,5519,55,0,461
L012084,4077,S003,5174,94,5,290
L012085,4077,S010,4742,121,20,9
L012086,4078,S002,5617,195,25,462
L012087,4079,S005,888,221,25,28
L012088,4079,S013,987,56,50,69
L012089,4079,S014,1001,201,10,31
L012090,4079,S012,936,172,50,266
L012091,4080,S003,4657,175,10,1299
L012092,4080,S009,4311,194,15,686
L012093,4081,S003,4669,147,5,22
L012094,4081,S011,4200,247,30,146
L012095,4081,S006,4097,82,10,31
L012096,4081,S007,4694,50,10,16
L012097,4082,S003,3669,154,50,230
L012098,4082,S012,4245,221,0,341
L012099,4083,S010,1394,0,10,110
L012100,4083,S005,1490,228,25,63
L012101,4083,S003,1493,74,20,235
L012102,4083,S008,1417,204,10,403
L012103,4084,S009,4678,0,40,16
L012104,4084,S010,4714,166,15,29
L012105,4084,S003,4306,187,10,71
L012106,4084,S011,4513,204,0,90
L012107,4084,S001,4581,245,60,958
L012108,4085,S011,4132,0,30,297
L012109,4086,S011,3773,68,15,174
L012110,4087,S005,4045,72,15,142
L012111,4088,S009,2214,142,50,45
L012112,4088,S003,2039,156,15,65
L012113,4088,S011,2241,99,25,108
L012114,4088,S005,2263,0,30,315
L012115,4089,S006,894,67,25,1054
L012116,4090,S010,2780,220,10,42
L012117,4090,S001,2629,187,10,112
L012118,4091,S009,1897,178,25,172
L012119,4091,S011,1793,0,20,108
L012120,4091,S008,1923,84,0,488
L012121,4091,S004,1816,74,20,83
L012122,4091,S002,1754,0,20,300
L012123,4092,S005,3722,197,5,239
L012124,4092,S004,4033,0,25,137
L012125,4092,S009,3800,117,5,486
L012126,4092,S006,3392,165,25,46
L012127,4092,S001,3634,151,25,95
L012128,4093,S005,2889,96,10,329
L012129,4093,S012,2770,0,0,458
L012130,4093,S008,3154,231,20,78
L012131,4093,S001,2968,202,15,571
L012132,4094,S003,4972,205,15,246
L012133,4094,S007,4882,0,25,316
L012134,4094,S010,4392,149,5,96
L012135,4095,S012,3897,174,0,326
L012136,4095,S004,3758,109,15,233
L012137,4095,S002,4270,87,10,47
L012138,4095,S005,4473,0,15,246
L012139,4096,S012,5525,93,5,81
L012140,4096,S001,4952,80,50,374
L012141,4096,S011,5325,165,15,634
L012142,4096,S003,5200,186,15,64
L012143,4096,S004,5183,175,15,15
L012144,4097,S013,2076,70,20,113
L012145,4097,S005,2171,171,20,122
L012146,4098,S010,4170,188,20,43
L012147,4098,S003,4265,0,30,87
L012148,4098,S004,4586,57,5,644
L012149,4098,S002,4212,102,30,84
L012150,4098,S006,4586,114,0,145
L012151,4099,S014,2114,111,50,28
L012152,4099,S009,2447,0,5,375
L012153,4099,S008,2360,68,5,34
L012154,4099,S012,2481,51,10,483
L012155,4100,S002,5188,193,0,123
L012156,4100,S004,5257,0,40,245
L012157,4101,S001,2650,0,10,171
L012158,4101,S008,2501,242,25,91
L012159,4101,S005,2417,170,5,264
L012160,4102,S006,2821,0,10,101
L012161,4102,S011,2742,238,5,91
L012162,4103,S013,4055,116,30,124
L012163,4103,S003,3994,0,0,107
L012164,4103,S006,4447,0,15,311
L012165,4103,S002,4025,65,0,113
L012166,4103,S011,4422,73,25,507
L012167,4104,S002,4294,0,10,81
L012168,4104,S013,4733,0,20,20
L012169,4104,S004,4181,0,15,28
L012170,4104,S007,4856,50,15,110
L012171,4105,S010,3070,62,15,50
L012172,4105,S014,3452,0,50,82
L012173,4105,S001,3497,185,40,366
L012174,4105,S003,3245,182,30,559
L012175,4106,S003,4073,139,50,95
L012176,4106,S010,4262,235,40,681
L012177,4106,S012,4648,194,30,157
L012178,4106,S002,4480,0,5,449
L012179,4107,S009,4616,66,15,126
L012180,4107,S004,4433,108,30,53
L012181,4107,S003,3909,185,5,494
L012182,4107,S007,4265,67,10,165
L012183,4107,S010,4012,237,25,971
L012184,4108,S011,3973,214,30,79
L012185,4109,S005,4887,229,40,107
L012186,4110,S013,1784,82,5,78
L012187,4110,S006,1669,116,5,81
L012188,4110,S001,1741,157,5,73
L012189,4111,S005,4513,240,30,218
L012190,4111,S013,3822,239,20,46
L012191,4112,S012,2591,0,20,148
L012192,4112,S008,2792,207,25,57
L012193,4113,S009,1744,0,0,234
L012194,4113,S006,1857,119,5,98
L012195,4113,S003,1693,0,10,253
L012196,4113,S014,1715,68,20,123
L012197,4114,S003,4531,240,10,34
L012198,4114,S008,3909,0,25,333
L012199,4115,S006,1830,129,0,62
L012200,4115,S003,1863,68,40,332
L012201,4115,S014,1988,0,20,148
L012202,4116,S011,4500,170,10,389
L012203,4116,S001,4636,99,25,140
L012204,4117,S009,2270,97,25,21
L012205,4117,S007,2257,80,50,94
L012206,4118,S005,1060,157,25,194
L012207,4119,S003,3796,0,20,448
L012208,4120,S005,6238,123,25,883
L012209,4121,S013,3620,0,15,602
L012210,4121,S004,3643,0,10,115
L012211,4122,S011,3989,63,20,169
L012212,4123,S006,5610,129,15,106
L012213,4123,S013,5864,113,5,74
L012214,4123,S004,5732,0,25,92
L012215,4124,S012,741,0,15,130
L012216,4124,S014,794,89,10,428
L012217,4124,S006,680,206,40,17
L012218,4124,S001,705,210,10,73
L012219,4125,S003,5056,173,15,984
L012220,4126,S013,4741,111,25,23
L012221,4127,S003,968,208,30,730
L012222,4127,S002,1066,236,20,152
L012223,4127,S010,1024,67,15,63
L012224,4127,S004,941,131,25,197
L012225,4127,S011,980,178,5,74
L012226,4128,S006,3422,50,25,32
L012227,4128,S003,3639,0,15,373
L012228,4129,S009,877,204,15,202
L012229,4129,S005,922,86,20,232
L012230,4129,S013,911,146,0,217
L012231,4129,S006,886,220,40,245
L012232,4130,S002,4147,93,50,742
L012233,4130,S005,4138,237,25,293
L012234,4131,S014,4253,241,25,81
L012235,4132,S002,592,55,10,283
L012236,4132,S007,599,195,25,190
L012237,4133,S008,4739,229,25,79
L012238,4133,S013,4958,112,30,387
L012239,4134,S009,5961,94,50,129
L012240,4134,S007,5370,90,15,190
L012241,4134,S002,5155,0,10,103
L012242,4135,S004,4444,73,0,484
L012243,4135,S001,4046,197,5,207
L012244,4136,S012,3559,227,5,862
L012245,4136,S008,3839,0,25,198
L012246,4136,S014,3436,58,10,1511
L012247,4137,S006,3601,171,20,333
L012248,4138,S008,4140,137,0,85
L012249,4139,S009,2693,0,15,656
L012250,4139,S003,2678,166,15,121
L012251,4139,S012,2561,182,5,120
L012252,4139,S001,2630,0,10,157
L012253,4140,S002,4046,0,0,103
L012254,4140,S001,3949,127,15,83
L012255,4140,S012,3717,200,10,33
L012256,4141,S002,3665,134,0,128
L012257,4142,S008,2742,66,0,135
L012258,4142,S009,3037,93,30,83
L012259,4142,S007,3234,0,30,516
L012260,4142,S012,3049,50,40,437
L012261,4142,S004,3253,202,5,11
L012262,4143,S013,3202,0,60,288
L012263,4143,S011,3254,68,25,118
L012264,4143,S012,3624,216,10,289
L012265,4144,S005,2196,100,50,137
L012266,4144,S007,2104,214,20,135
L012267,4144,S003,2115,80,5,54
L012268,4145,S012,3654,74,5,133
L012269,4145,S011,3522,105,0,496
L012270,4145,S014,4011,127,25,108
L012271,4145,S006,3418,92,15,35
L012272,4145,S001,3873,221,5,146
L012273,4146,S006,1802,173,0,171
L012274,4146,S003,1741,237,25,46
L012275,4147,S011,2360,188,40,134
L012276,4148,S001,2464,77,20,115
L012277,4149,S001,4451,0,0,1616
L012278,4150,S011,2043,171,20,9
L012279,4150,S014,2190,135,5,719
L012280,4150,S012,2047,163,10,204
L012281,4150,S008,2164,0,50,94
L012282,4151,S002,2945,140,25,145
L012283,4152,S008,2608,108,10,53
L012284,4152,S003,2831,90,25,656
L012285,4152,S011,2715,55,15,118
L012286,4153,S007,2589,115,20,612
L012287,4153,S011,2137,0,10,37
L012288,4153,S003,2334,179,15,188
L012289,4153,S005,2484,0,30,254
L012290,4154,S010,1149,129,50,46
L012291,4154,S008,1124,221,25,104
L012292,4154,S012,1129,183,0,174
L012293,4154,S009,1110,208,20,66
L012294,4155,S011,3826,224,0,405
L012295,4155,S014,3629,139,20,189
L012296,4155,S003,3932,195,25,497
L012297,4155,S008,3507,0,5,134
L012298,4155,S007,3358,160,30,14
L012299,4156,S008,5121,242,10,85
L012300,4156,S014,5449,233,50,123
L012301,4157,S001,3251,198,10,154
L012302,4157,S004,3619,122,10,171
L012303,4157,S006,3127,0,10,39
L012304,4157,S008,3292,121,20,206
L012305,4157,S009,3666,174,10,57
L012306,4158,S014,1307,96,10,487
L012307,4158,S001,1312,82,30,109
L012308,4158,S002,1490,0,0,674
L012309,4158,S010,1440,199,0,128
L012310,4158,S011,1387,83,5,439
L012311,4159,S009,2050,0,10,77
L012312,4159,S005,1948,245,15,291
L012313,4159,S008,1884,50,0,21
L012314,4159,S004,1819,140,15,278
L012315,4159,S003,2039,177,5,243
L012316,4160,S006,4836,0,20,261
L012317,4160,S007,5334,72,40,294
L012318,4161,S002,3565,72,10,174
L012319,4161,S009,3670,188,0,651
L012320,4161,S004,3460,108,5,135
L012321,4162,S001,640,188,5,69
L012322,4162,S007,587,0,30,14
L012323,4162,S006,597,62,15,77
L012324,4162,S008,632,94,25,347
L012325,4163,S014,3388,136,0,463
L012326,4163,S001,3210,196,0,223
L012327,4163,S004,3124,159,5,319
L012328,4164,S001,5495,71,10,187
L012329,4164,S009,4780,228,20,194
L012330,4164,S008,4744,89,25,200
L012331,4164,S003,5489,67,5,127
L012332,4164,S010,4641,233,0,184
L012333,4165,S007,2983,232,20,13
L012334,4165,S010,3255,76,0,82
L012335,4165,S004,3434,176,30,118
L012336,4165,S014,2937,139,50,200
L012337,4166,S014,5179,197,15,513
L012338,4167,S008,2952,165,5,39
L012339,4167,S013,3475,138,40,1174
L012340,4167,S009,2976,228,10,973
L012341,4168,S010,2019,183,25,123
L012342,4168,S001,1995,101,20,1202
L012343,4168,S002,2052,78,15,22
L012344,4169,S008,3042,85,0,482
L012345,4169,S005,3189,99,25,51
L012346,4169,S006,3322,0,0,28
L012347,4170,S003,3731,141,60,41
L012348,4171,S006,5036,0,20,97
L012349,4171,S013,4837,191,5,645
L012350,4171,S004,5155,53,10,23
L012351,4171,S002,4976,227,10,149
L012352,4172,S013,1175,118,30,353
L012353,4172,S006,1066,0,15,84
L012354,4172,S007,1114,0,5,184
L012355,4172,S014,1235,249,15,196
L012356,4172,S012,1273,0,15,46
L012357,4173,S001,2955,178,0,224
L012358,4173,S011,2468,170,15,30
L012359,4173,S009,2925,0,20,359
L012360,4173,S008,2967,0,5,75
L012361,4173,S012,2805,103,0,141
L012362,4174,S007,5920,96,20,64
L012363,4174,S005,5458,110,15,141
L012364,4174,S008,5418,223,25,86
L012365,4175,S008,1827,0,15,705
L012366,4175,S014,1947,105,25,47
L012367,4175,S005,1911,129,10,8
L012368,4175,S002,1804,188,20,57
L012369,4175,S012,1635,210,10,37
L012370,4176,S004,3473,183,5,378
L012371,4177,S010,3491,221,20,375
L012372,4177,S009,3788,207,5,98
L012373,4177,S007,3368,0,25,264
L012374,4177,S004,3598,50,0,62
L012375,4178,S002,3636,65,10,52
L012376,4178,S007,3390,154,0,107
L012377,4179,S004,3132,51,5,51
L012378,4179,S012,3043,0,30,61
L012379,4179,S008,3032,106,20,76
L012380,4179,S002,2629,52,5,148
L012381,4180,S013,5026,239,10,255
L012382,4180,S012,5110,179,20,77
L012383,4181,S001,2431,113,5,757
L012384,4182,S004,3360,137,15,153
L012385,4182,S003,3186,118,15,52
L012386,4182,S001,3464,212,10,72
L012387,4182,S013,3003,213,0,174
L012388,4183,S007,2359,103,5,391
L012389,4183,S013,2289,106,40,120
L012390,4183,S005,2253,178,25,441
L012391,4184,S004,682,103,0,282
L012392,4185,S011,3480,128,20,30
L012393,4185,S007,3362,145,20,60
L012394,4185,S006,2866,57,10,439
L012395,4186,S007,5407,243,5,49
L012396,4186,S002,5582,55,10,147
L012397,4186,S004,5606,213,20,39
L012398,4186,S006,5601,72,20,189
L012399,4187,S013,5616,0,15,137
L012400,4187,S005,5668,88,0,148
L012401,4187,S002,5801,199,15,1850
L012402,4188,S010,3497,158,30,30
L012403,4188,S014,3359,238,15,353
L012404,4189,S002,2962,248,0,63
L012405,4189,S009,3310,129,10,73
L012406,4189,S007,2954,210,5,82
L012407,4189,S012,3224,129,10,15
L012408,4189,S008,2979,141,20,50
L012409,4190,S013,2445,169,20,139
L012410,4191,S011,5947,198,5,265
L012411,4191,S004,5641,233,5,109
L012412,4191,S010,5183,0,25,45
L012413,4191,S014,5475,250,20,122
L012414,4192,S008,4455,95,50,407
L012415,4192,S012,4084,94,20,46
L012416,4193,S009,1262,0,0,144
L012417,4193,S008,1164,61,20,3460
L012418,4193,S002,1137,75,15,143
L012419,4194,S006,4238,204,25,99
L012420,4194,S004,4012,66,0,216
L012421,4194,S010,3953,175,0,77
L012422,4195,S013,1349,55,15,289
L012423,4195,S011,1360,105,5,98
L012424,4196,S012,5034,0,15,65
L012425,4197,S008,3675,222,0,85
L012426,4197,S012,4074,0,25,636
L012427,4197,S007,4145,70,30,222
L012428,4197,S010,3812,0,20,400
L012429,4197,S011,3627,0,50,44
L012430,4198,S008,951,71,30,117
L012431,4199,S002,4917,125,5,251
L012432,4199,S014,4974,140,10,851
L012433,4199,S006,5084,80,15,86
L012434,4200,S003,5403,249,5,267
L012435,4200,S007,5269,0,0,161
L012436,4200,S008,5420,189,20,318
L012437,4200,S010,4777,0,50,488
L012438,4201,S014,4558,149,5,71
L012439,4201,S011,4540,0,10,131
L012440,4202,S006,5606,102,10,65
L012441,4202,S004,5730,146,5,205
L012442,4202,S014,5454,0,10,102
L012443,4203,S005,3729,192,30,201
L012444,4203,S011,3188,140,25,126
L012445,4203,S008,3496,239,10,121
L012446,4203,S009,3453,58,20,324
L012447,4204,S013,1291,241,40,488
L012448,4204,S008,1210,248,30,123
L012449,4204,S004,1120,203,30,57
L012450,4204,S012,1202,219,10,346
L012451,4204,S005,1218,159,50,222
L012452,4205,S004,2843,53,40,33
L012453,4205,S008,3214,108,20,58
L012454,4206,S007,1991,0,15,1000
L012455,4206,S011,1929,158,0,210
L012456,4207,S005,4725,186,25,56
L012457,4207,S003,4461,209,5,62
L012458,4207,S010,4282,88,30,94
L012459,4207,S014,4486,173,30,82
L012460,4207,S001,4673,164,10,133
L012461,4208,S012,5072,245,5,168
L012462,4208,S011,4787,206,25,56
L012463,4208,S014,4836,238,10,601
L012464,4209,S013,3004,175,10,111
L012465,4209,S007,2570,109,25,131
L012466,4209,S010,2815,159,10,158
L012467,4209,S003,2758,131,10,459
L012468,4210,S007,1105,84,20,30
L012469,4210,S009,1163,94,15,146
L012470,4211,S008,5330,195,30,48
L012471,4211,S004,4780,0,50,178
L012472,4211,S007,4662,95,0,106
L012473,4211,S014,4887,198,40,267
L012474,4211,S006,4641,220,20,47
L012475,4212,S013,903,213,10,205
L012476,4212,S014,819,56,25,79
L012477,4212,S007,855,153,5,234
L012478,4212,S009,908,238,20,207
L012479,4212,S004,862,132,15,46
L012480,4213,S005,3553,0,15,235
L012481,4214,S006,5050,77,15,620
L012482,4214,S012,4877,0,25,114
L012483,4215,S014,5345,179,15,141
L012484,4215,S007,5472,98,20,40
L012485,4216,S012,2263,176,10,801
L012486,4216,S010,2228,245,10,662
L012487,4216,S008,2538,210,40,548
L012488,4216,S002,2464,54,15,103
L012489,4216,S007,2449,117,50,233
L012490,4217,S011,5457,150,5,42
L012491,4217,S003,5225,0,25,81
L012492,4218,S001,4642,151,50,111
L012493,4218,S010,5404,183,5,35
L012494,4219,S003,1491,166,5,32
L012495,4219,S011,1308,191,5,71
L012496,4219,S007,1465,92,15,600
L012497,4219,S006,1292,209,15,200
L012498,4220,S004,1318,225,10,145
L012499,4220,S009,1219,243,15,200
L012500,4220,S002,1347,0,20,1182
L012501,4221,S004,5678,188,0,27
L012502,4222,S014,2117,158,15,53
L012503,4222,S004,2309,236,30,41
L012504,4222,S013,2307,239,0,268
L012505,4222,S002,2316,118,0,46
L012506,4222,S005,2315,67,10,222
L012507,4223,S003,5298,101,15,311
L012508,4223,S011,5279,123,30,159
L012509,4223,S010,5678,248,0,101
L012510,4223,S002,5825,98,25,220
L012511,4224,S014,1105,154,20,58
L012512,4224,S003,1082,56,50,403
L012513,4224,S006,1048,0,15,112
L012514,4225,S012,2267,0,20,78
L012515,4225,S003,1928,147,0,54
L012516,4225,S005,2184,211,20,21
L012517,4225,S007,1977,141,30,887
L012518,4226,S001,2516,187,10,99
L012519,4226,S011,2666,102,30,217
L012520,4226,S014,2676,77,15,53
L012521,4227,S012,4158,104,40,225
L012522,4228,S012,5016,123,0,318
L012523,4228,S013,4985,161,5,114
L012524,4228,S003,5290,119,25,156
L012525,4228,S011,5069,0,5,89
L012526,4229,S012,1179,0,50,48
L012527,4230,S001,6287,155,20,281
L012528,4230,S008,5655,51,10,141
L012529,4230,S007,5381,233,15,115
L012530,4230,S013,5429,171,30,51
L012531,4230,S009,5239,0,30,296
L012532,4231,S014,3376,62,20,141
L012533,4231,S003,3290,51,30,591
L012534,4231,S001,3559,194,15,305
L012535,4232,S013,1780,135,30,91
L012536,4232,S004,1720,158,5,225
L012537,4232,S003,1574,134,5,209
L012538,4232,S014,1718,69,40,871
L012539,4233,S014,1856,218,30,214
L012540,4233,S012,2098,248,0,27
L012541,4233,S004,2121,89,25,13
L012542,4234,S001,4812,172,10,46
L012543,4235,S014,2764,105,10,561
L012544,4235,S008,2843,130,20,44
L012545,4235,S006,3019,95,60,23
L012546,4235,S003,2796,200,0,774
L012547,4235,S009,3044,94,15,193
L012548,4236,S009,4792,125,5,392
L012549,4236,S007,3984,148,5,246
L012550,4236,S005,4641,91,40,101
L012551,4236,S002,4790,114,30,96
L012552,4236,S011,4618,223,5,142
L012553,4237,S010,1212,173,15,301
L012554,4238,S004,5713,177,0,1717
L012555,4238,S005,5664,0,15,865
L012556,4238,S014,5627,231,25,252
L012557,4239,S008,1709,126,15,328
L012558,4239,S007,1731,69,15,73
L012559,4239,S002,1627,202,30,215
L012560,4239,S004,1762,0,10,172
L012561,4240,S001,3836,0,15,157
L012562,4240,S003,4524,74,10,492
L012563,4241,S002,1534,81,30,109
L012564,4242,S005,5067,186,5,1296
L012565,4243,S005,5412,145,10,84
L012566,4243,S012,6039,0,10,22
L012567,4243,S010,5760,0,20,83
L012568,4243,S007,6002,144,5,302
L012569,4244,S009,3026,0,15,150
L012570,4244,S008,3457,131,5,158
L012571,4244,S005,3400,194,25,1506
L012572,4244,S011,3056,185,10,34
L012573,4244,S014,3129,110,15,55
L012574,4245,S011,5521,0,25,423
L012575,4245,S007,5506,0,10,112
L012576,4246,S010,2399,219,0,765
L012577,4247,S004,4909,187,0,181
L012578,4247,S003,5408,93,25,84
L012579,4247,S009,5058,239,20,128
L012580,4248,S014,5497,0,20,126
L012581,4248,S008,5396,171,10,14
L012582,4248,S001,5474,189,50,232
L012583,4249,S005,4531,0,0,160
L012584,4249,S010,4274,206,50,150
L012585,4250,S013,2162,0,10,198
L012586,4251,S011,2348,166,0,50
L012587,4251,S014,2559,97,50,14
L012588,4251,S001,2371,137,20,109
L012589,4252,S012,2700,136,15,98
L012590,4252,S005,2707,213,15,228
L012591,4253,S008,2957,69,15,37
L012592,4254,S008,4352,228,0,177
L012593,4254,S002,4605,209,30,264
L012594,4254,S014,4423,0,30,376
L012595,4254,S010,4314,0,15,141
L012596,4254,S007,4112,177,15,56
L012597,4255,S009,2999,235,50,58
L012598,4255,S013,2797,80,15,1814
L012599,4255,S012,2550,160,20,1104
L012600,4255,S014,2649,182,5,50
L012601,4255,S007,2876,177,25,518
L012602,4256,S007,5185,186,20,87
L012603,4256,S006,5216,0,0,57
L012604,4256,S011,4742,50,15,109
L012605,4256,S004,5118,0,20,887
L012606,4256,S008,5393,0,0,59
L012607,4257,S007,983,248,10,280
L012608,4257,S005,1024,198,5,133
L012609,4257,S010,1047,202,10,292
L012610,4257,S012,1076,216,5,56
L012611,4257,S011,1118,231,25,533
L012612,4258,S004,5821,0,5,145
L012613,4258,S005,5167,197,25,221
L012614,4258,S013,5430,0,0,208
L012615,4258,S009,5764,159,5,156
L012616,4259,S010,892,126,15,50
L012617,4260,S001,4043,93,30,199
L012618,4260,S005,3626,170,10,76
L012619,4260,S010,3505,86,0,88
L012620,4261,S012,5047,0,40,13
L012621,4261,S010,4639,139,15,383
L012622,4262,S006,5850,84,5,94
L012623,4263,S011,4417,174,15,85
L012624,4263,S006,5100,205,5,186
L012625,4263,S014,5331,203,5,1150
L012626,4263,S010,4786,0,0,263
L012627,4264,S005,1349,118,5,1555
L012628,4264,S009,1514,0,5,65
L012629,4264,S008,1477,0,0,157
L012630,4264,S004,1493,56,20,34
L012631,4264,S011,1299,97,20,174
L012632,4265,S008,652,230,20,295
L012633,4265,S003,751,197,5,59
L012634,4265,S006,760,0,5,179
L012635,4265,S009,732,118,25,597
L012636,4266,S004,5395,136,15,519
L012637,4266,S014,5796,245,30,167
L012638,4266,S007,5131,0,15,47
L012639,4266,S012,5694,169,40,88
L012640,4266,S003,5383,237,10,132
L012641,4267,S007,2026,225,10,123
L012642,4267,S012,2101,0,5,458
L012643,4267,S005,2244,0,10,311
L012644,4268,S012,4004,142,50,224
L012645,4269,S012,1593,105,5,148
L012646,4269,S010,1466,0,20,62
L012647,4269,S004,1629,63,5,91
L012648,4269,S008,1419,62,5,1233
L012649,4269,S011,1697,241,50,2120
L012650,4270,S001,3299,222,0,38
L012651,4270,S012,3035,0,10,269
L012652,4271,S003,2305,55,50,153
L012653,4271,S001,2238,141,20,127
L012654,4271,S009,2183,219,40,103
L012655,4271,S013,2071,221,30,247
L012656,4272,S013,3445,189,25,311
L012657,4272,S002,3717,249,20,337
L012658,4272,S006,3507,246,25,84
L012659,4272,S001,3370,57,5,50
L012660,4273,S010,4039,84,20,42
L012661,4273,S013,4178,211,30,40
L012662,4274,S010,6219,124,10,30
L012663,4274,S002,6294,102,40,137
L012664,4275,S001,6347,180,0,47
L012665,4276,S009,1935,214,20,26
L012666,4277,S010,4323,225,30,268
L012667,4277,S013,4364,0,5,307
L012668,4277,S011,4253,121,10,54
L012669,4278,S001,3883,0,5,260
L012670,4278,S009,3937,241,50,155
L012671,4278,S010,3989,0,40,103
L012672,4279,S008,2336,247,30,99
L012673,4279,S001,2171,53,5,565
L012674,4279,S006,2310,167,20,199
L012675,4280,S003,1526,0,15,349
L012676,4280,S001,1649,91,40,119
L012677,4280,S006,1565,0,40,189
L012678,4280,S004,1531,0,20,135
L012679,4281,S003,4843,64,20,69
L012680,4282,S009,4666,0,40,101
L012681,4282,S010,5344,231,30,226
L012682,4282,S001,5470,134,15,130
L012683,4283,S014,5603,0,50,77
L012684,4283,S002,5087,0,20,60
L012685,4284,S005,1213,0,15,86
L012686,4285,S011,2093,103,20,172
L012687,4285,S002,2022,205,20,82
L012688,4285,S013,1957,57,5,66
L012689,4285,S008,1900,217,25,147
L012690,4285,S004,2105,110,30,69
L012691,4286,S012,4069,103,25,96
L012692,4286,S009,4009,0,15,805
L012693,4286,S010,4118,0,10,252
L012694,4286,S001,4369,129,20,114
L012695,4287,S007,1091,165,5,77
L012696,4287,S006,1045,69,50,255
L012697,4287,S002,1149,189,30,44
L012698,4288,S007,1929,127,10,103
L012699,4288,S006,2083,161,15,127
L012700,4288,S004,1792,142,30,33
L012701,4289,S007,5178,0,0,985
L012702,4289,S002,5993,158,15,105
L012703,4289,S012,5485,183,15,572
L012704,4289,S008,5778,132,0,36
L012705,4289,S005,5986,0,0,91
L012706,4290,S012,6179,80,15,481
L012707,4290,S013,5664,235,15,353
L012708,4290,S005,5689,133,5,267
L012709,4291,S005,5477,210,10,86
L012710,4291,S010,6120,122,50,10
L012711,4291,S012,5691,74,15,100
L012712,4291,S003,5876,166,5,245
L012713,4291,S009,6140,182,15,404
L012714,4292,S007,2811,220,25,33
L012715,4292,S008,2840,169,60,148
L012716,4293,S014,3107,197,15,93
L012717,4293,S011,3511,172,30,358
L012718,4293,S013,3616,112,60,100
L012719,4293,S010,3423,125,20,32
L012720,4294,S010,2322,245,10,315
L012721,4295,S002,6185,88,20,627
L012722,4295,S004,5448,221,15,707
L012723,4295,S006,5523,200,15,236
L012724,4295,S001,6173,250,0,26
L012725,4295,S013,5891,134,5,162
L012726,4296,S009,4470,90,25,180
L012727,4296,S013,4531,140,20,95
L012728,4297,S006,5857,0,10,322
L012729,4298,S002,2742,108,5,2116
L012730,4298,S009,2843,206,20,58
L012731,4299,S001,1628,185,20,522
L012732,4300,S011,4178,169,5,409
L012733,4300,S007,4320,215,25,985
L012734,4300,S010,4654,162,15,176
L012735,4300,S001,4617,60,15,334
L012736,4301,S007,2790,248,50,43
L012737,4301,S006,3252,239,30,109
L012738,4301,S004,2843,133,40,56
L012739,4302,S009,5075,70,10,101
L012740,4302,S003,4655,172,10,77
L012741,4303,S004,5467,203,10,328
L012742,4303,S010,4930,134,5,115
L012743,4303,S008,4899,136,50,723
L012744,4303,S013,4778,0,15,139
L012745,4304,S003,3869,103,10,60
L012746,4304,S013,3649,76,30,180
L012747,4304,S007,3648,65,50,46
L012748,4304,S011,3534,0,20,118
L012749,4304,S009,3684,136,20,115
L012750,4305,S001,1018,50,25,402
L012751,4305,S008,1113,201,15,49
L012752,4306,S009,2605,0,5,46
L012753,4307,S012,1531,78,25,134
L012754,4307,S013,1671,68,10,254
L012755,4307,S002,1772,88,25,32
L012756,4307,S009,1735,53,10,962
L012757,4308,S007,5142,183,50,105
L012758,4308,S011,4739,0,10,153
L012759,4308,S002,5451,0,25,1222
L012760,4309,S009,1366,197,10,23
L012761,4309,S013,1361,244,5,587
L012762,4310,S002,1474,58,5,252
L012763,4311,S009,4746,0,25,143
L012764,4311,S011,4869,226,20,50
L012765,4311,S012,4808,0,20,136
L012766,4311,S014,4708,0,15,153
L012767,4311,S004,5575,237,5,58
L012768,4312,S005,3539,169,20,154
L012769,4312,S003,3802,153,0,804
L012770,4312,S011,3692,191,15,541
L012771,4312,S013,3539,78,10,205
L012772,4312,S014,3639,207,10,277
L012773,4313,S009,1031,55,0,116
L012774,4313,S012,986,109,15,37
L012775,4313,S014,1036,0,10,456
L012776,4313,S007,1122,230,15,177
L012777,4314,S007,4429,73,20,132
L012778,4315,S010,1255,0,10,422
L012779,4315,S013,1284,69,15,573
L012780,4315,S011,1360,105,20,168
L012781,4315,S012,1374,0,20,118
L012782,4315,S008,1415,165,40,192
L012783,4316,S010,3406,228,10,190
L012784,4317,S007,4387,237,0,112
L012785,4317,S013,4294,0,5,138
L012786,4317,S008,4368,101,15,216
L012787,4318,S001,3559,0,5,41
L012788,4318,S012,3752,208,5,456
L012789,4318,S005,3972,0,0,273
L012790,4318,S010,3387,0,25,460
L012791,4319,S014,1108,156,15,57
L012792,4319,S002,1062,160,5,60
L012793,4319,S007,1038,203,30,52
L012794,4319,S008,1239,123,15,186
L012795,4320,S003,5204,93,10,88
L012796,4320,S007,5125,0,5,172
L012797,4321,S011,5401,208,20,343
L012798,4321,S003,5500,229,0,195
L012799,4321,S008,5603,87,10,39
L012800,4322,S003,4074,0,15,440
L012801,4323,S011,2438,0,10,123
L012802,4323,S005,2541,182,10,102
L012803,4323,S004,2786,159,0,477
L012804,4323,S009,2402,170,30,391
L012805,4323,S013,2619,172,20,150
L012806,4324,S006,1523,72,10,598
L012807,4324,S005,1310,0,30,25
L012808,4324,S004,1295,202,0,113
L012809,4324,S009,1402,172,20,337
L012810,4325,S009,3198,183,15,45
L012811,4326,S006,4245,0,30,592
L012812,4326,S011,4064,141,5,244
L012813,4327,S008,3709,192,15,121
L012814,4328,S007,3074,172,15,247
L012815,4328,S013,3053,0,10,74
L012816,4329,S008,6051,187,15,128
L012817,4329,S014,5562,117,50,95
L012818,4329,S006,6301,230,25,383
L012819,4329,S010,6209,126,10,183
L012820,4329,S009,6377,181,5,103
L012821,4330,S008,4750,0,25,497
L012822,4330,S010,4993,199,5,130
L012823,4331,S008,4049,144,5,31
L012824,4331,S002,4105,0,10,257
L012825,4331,S001,3940,124,40,46
L012826,4331,S011,3790,135,0,189
L012827,4332,S011,1708,158,15,65
L012828,4332,S003,1977,127,5,104
L012829,4332,S013,1745,0,20,203
L012830,4332,S004,1761,121,15,131
L012831,4333,S006,2669,240,5,146
L012832,4333,S009,2696,238,20,550
L012833,4333,S014,2835,111,15,43
L012834,4333,S001,2689,86,10,199
L012835,4334,S014,3819,58,25,146
L012836,4334,S011,3373,190,15,264
L012837,4334,S012,3377,172,20,540
L012838,4334,S005,3547,184,5,76
L012839,4335,S001,1261,249,30,30
L012840,4335,S013,1331,169,10,183
L012841,4336,S007,4994,0,50,155
L012842,4336,S006,5053,107,15,66
L012843,4336,S005,4792,64,0,193
L012844,4337,S010,3915,132,0,59
L012845,4337,S014,3612,74,30,346
L012846,4337,S005,3514,76,0,206
L012847,4337,S008,3937,213,15,160
L012848,4338,S011,5033,0,25,83
L012849,4339,S013,837,231,30,612
L012850,4339,S003,810,0,20,349
L012851,4339,S011,790,248,5,274
L012852,4340,S008,1812,69,5,67
L012853,4340,S004,2100,157,0,465
L012854,4340,S001,1992,229,40,71
L012855,4340,S006,2011,235,40,221
L012856,4340,S009,2120,51,30,64
L012857,4341,S009,1382,166,20,235
L012858,4341,S012,1353,60,20,184
L012859,4341,S008,1348,154,10,220
L012860,4341,S007,1392,0,15,112
L012861,4341,S013,1227,0,5,68
L012862,4342,S013,4145,74,50,150
L012863,4342,S011,3725,100,0,19
L012864,4342,S008,3873,0,30,90
L012865,4342,S014,3551,0,5,351
L012866,4343,S002,2886,159,20,526
L012867,4343,S013,2644,175,50,138
L012868,4343,S001,2526,0,0,57
L012869,4343,S006,2575,87,30,149
L012870,4343,S011,2786,136,30,31
L012871,4344,S011,621,181,15,39
L012872,4345,S006,3463,82,20,75
L012873,4345,S009,3651,0,5,189
L012874,4346,S011,4577,189,20,987
L012875,4346,S007,4635,232,25,138
L012876,4347,S002,1172,160,40,343
L012877,4348,S013,1422,0,30,197
L012878,4349,S009,4370,229,50,147
L012879,4349,S010,4137,0,0,186
L012880,4349,S011,4129,0,5,302
L012881,4349,S003,4509,230,20,63
L012882,4350,S004,3077,212,10,280
L012883,4350,S005,2852,99,0,39
L012884,4351,S012,1287,0,10,576
L012885,4351,S011,1511,171,25,99
L012886,4351,S013,1374,0,10,58
L012887,4352,S004,4051,240,10,505
L012888,4352,S001,4308,172,5,271
L012889,4352,S008,3848,172,10,358
L012890,4352,S014,4116,0,0,76
L012891,4353,S006,1280,215,40,45
L012892,4353,S014,1146,60,20,253
L012893,4354,S007,5286,103,40,11
L012894,4354,S010,5466,81,5,62
L012895,4354,S001,5747,201,20,354
L012896,4354,S008,5370,78,10,237
L012897,4354,S005,5657,157,20,357
L012898,4355,S005,3917,198,25,223
L012899,4355,S010,3782,67,10,131
L012900,4356,S006,1699,119,20,138
L012901,4356,S008,1616,65,20,78
L012902,4356,S013,1660,0,15,328
L012903,4356,S005,1732,178,20,320
L012904,4356,S001,1724,0,0,837
L012905,4357,S004,2522,114,10,38
L012906,4357,S006,2732,237,10,1286
L012907,4357,S002,2876,226,10,98
L012908,4358,S008,4979,156,5,68
L012909,4358,S013,5006,201,20,179
L012910,4358,S007,4980,108,15,180
L012911,4358,S001,5829,109,10,65
L012912,4359,S005,1716,155,5,119
L012913,4359,S012,1639,0,20,1445
L012914,4360,S008,4486,0,5,393
L012915,4360,S001,4864,220,0,246
L012916,4360,S014,4568,0,5,1508
L012917,4360,S004,4931,137,0,452
L012918,4360,S011,4846,126,10,126
L012919,4361,S010,4035,117,30,643
L012920,4362,S004,4004,209,10,25
L012921,4362,S014,3998,227,25,238
L012922,4362,S008,3330,0,5,214
L012923,4363,S004,696,69,20,216
L012924,4364,S011,5978,73,40,128
L012925,4364,S001,5153,66,40,259
L012926,4365,S013,657,122,50,236
L012927,4365,S005,653,109,25,200
L012928,4365,S007,662,0,30,128
L012929,4365,S003,666,129,15,502
L012930,4365,S006,704,0,10,76
L012931,4366,S009,3463,0,20,169
L012932,4366,S007,4099,157,20,98
L012933,4367,S001,2861,156,60,24
L012934,4368,S003,2922,106,5,634
L012935,4369,S002,3978,129,20,42
L012936,4369,S009,4529,158,30,275
L012937,4370,S002,5338,110,10,211
L012938,4370,S004,4963,0,0,65
L012939,4370,S013,5388,103,25,354
L012940,4370,S010,5157,0,25,136
L012941,4370,S001,5119,122,20,139
L012942,4371,S008,4078,185,5,19
L012943,4371,S002,4073,68,60,111
L012944,4372,S003,2410,0,15,3155
L012945,4372,S006,2467,56,15,324
L012946,4372,S005,2408,182,25,72
L012947,4373,S014,2676,80,5,2939
L012948,4374,S007,4578,239,0,412
L012949,4374,S008,4620,178,20,30
L012950,4374,S006,4548,69,0,202
L012951,4374,S009,3971,149,20,168
L012952,4375,S001,1780,140,20,291
L012953,4375,S005,1842,201,0,183
L012954,4375,S003,1930,225,20,342
L012955,4375,S010,1785,85,25,47
L012956,4375,S004,2053,145,0,39
L012957,4376,S006,5430,181,5,252
L012958,4376,S008,4920,123,30,36
L012959,4377,S001,1288,120,10,34
L012960,4378,S007,1882,0,25,23
L012961,4378,S005,2164,190,5,756
L012962,4378,S009,2096,62,25,18
L012963,4378,S013,2070,60,15,98
L012964,4379,S014,3630,0,60,33
L012965,4379,S012,3193,0,25,55
L012966,4379,S003,3834,173,10,369
L012967,4379,S013,3298,215,15,233
L012968,4379,S005,3661,237,40,175
L012969,4380,S001,5855,0,20,42
L012970,4380,S010,5662,232,20,788
L012971,4381,S012,2845,233,25,109
L012972,4381,S001,3201,231,20,449
L012973,4381,S013,2938,0,20,136
L012974,4381,S005,3264,155,30,230
L012975,4382,S003,1977,190,10,69
L012976,4382,S007,1797,168,0,103
L012977,4382,S005,1858,89,15,446
L012978,4383,S012,2824,0,30,150
L012979,4383,S007,3036,163,5,307
L012980,4383,S008,2780,0,0,125
L012981,4383,S010,2885,0,15,139
L012982,4384,S010,2369,74,25,62
L012983,4384,S002,2748,0,15,276
L012984,4384,S012,2462,115,20,309
L012985,4384,S014,2313,85,50,643
L012986,4384,S005,2720,184,20,105
L012987,4385,S004,4606,67,0,1002
L012988,4386,S001,3159,0,15,167
L012989,4386,S012,3376,0,5,913
L012990,4386,S011,3384,250,10,541
L012991,4386,S004,2948,81,40,109
L012992,4386,S006,3126,194,10,64
L012993,4387,S012,5462,97,40,52
L012994,4387,S001,5253,99,20,159
L012995,4387,S004,6319,174,20,57
L012996,4387,S014,6211,0,40,899
L012997,4387,S006,6294,235,40,40
L012998,4388,S002,1847,223,5,450
L012999,4389,S004,4957,0,30,696
L013000,4389,S013,4879,62,20,1330
L013001,4389,S001,5258,113,0,483
L013002,4389,S010,5091,125,5,921
L013003,4390,S011,2393,106,20,345
L013004,4390,S004,2655,160,15,162
L013005,4391,S011,5396,0,5,66
L013006,4391,S003,5759,173,5,152
L013007,4391,S006,5855,110,25,423
L013008,4391,S013,5894,0,5,361
L013009,4392,S003,2932,63,15,32
L013010,4392,S013,3355,66,20,189
L013011,4392,S012,3015,219,10,75
L013012,4393,S011,3936,196,10,108
L013013,4394,S010,2855,159,10,110
L013014,4395,S005,5134,147,15,110
L013015,4395,S007,5027,227,10,717
L013016,4396,S011,1637,124,10,105
L013017,4396,S006,1690,237,30,456
L013018,4396,S010,1713,218,15,187
L013019,4397,S004,1058,0,20,274
L013020,4397,S014,943,245,10,291
L013021,4397,S007,990,187,20,114
L013022,4397,S005,931,88,20,396
L013023,4397,S011,998,75,15,92
L013024,4398,S009,3900,90,15,1160
L013025,4399,S009,2439,126,10,1521
L013026,4399,S010,2173,0,15,258
L013027,4399,S001,2524,210,10,115
L013028,4400,S003,3496,156,5,326
L013029,4400,S005,3470,94,10,55
L013030,4400,S011,3511,113,25,223
L013031,4400,S006,3674,59,10,146
L013032,4400,S008,3752,117,10,265
L013033,4401,S002,4821,94,25,301
L013034,4401,S012,4483,236,10,92
L013035,4401,S001,4942,245,30,61
L013036,4401,S014,4901,244,5,87
L013037,4402,S005,4350,195,25,53
L013038,4403,S009,611,112,10,153
L013039,4404,S011,3811,124,50,69
L013040,4404,S004,3614,54,5,216
L013041,4404,S009,3669,175,50,194
L013042,4405,S014,6284,195,15,146
L013043,4406,S006,3231,136,15,284
L013044,4406,S002,3252,199,0,296
L013045,4406,S013,3458,214,25,458
L013046,4406,S001,3596,78,5,159
L013047,4406,S014,3680,95,10,106
L013048,4407,S003,1042,121,0,191
L013049,4408,S005,3027,101,10,576
L013050,4408,S004,3008,116,30,432
L013051,4408,S002,3370,112,15,355
L013052,4408,S008,3230,121,60,280
L013053,4408,S014,3202,107,15,408
L013054,4409,S008,2700,111,15,93
L013055,4410,S006,1446,86,25,102
L013056,4411,S013,3839,138,5,282
L013057,4411,S004,4041,0,30,348
L013058,4411,S012,3410,0,5,210
L013059,4412,S011,1031,98,10,134
L013060,4412,S009,1047,204,15,1399
L013061,4412,S001,1070,105,40,70
L013062,4413,S001,4552,195,0,148
L013063,4413,S009,4556,198,5,90
L013064,4413,S012,4554,0,15,68
L013065,4414,S008,3273,134,20,932
L013066,4414,S001,3463,77,30,115
L013067,4414,S014,3408,0,30,201
L013068,4415,S006,4587,0,5,10
L013069,4415,S009,4760,0,0,62
L013070,4415,S007,4928,200,10,54
L013071,4415,S012,4697,151,40,325
L013072,4415,S010,4458,248,15,40
L013073,4416,S013,2574,0,10,123
L013074,4416,S005,2272,250,0,520
L013075,4416,S007,2635,87,5,71
L013076,4417,S001,2596,0,20,259
L013077,4418,S002,1764,71,5,107
L013078,4418,S005,1782,130,15,148
L013079,4418,S008,1846,67,10,249
L013080,4418,S010,1750,232,20,405
L013081,4419,S008,5953,55,20,105
L013082,4419,S014,5526,250,20,216
L013083,4419,S003,6418,209,30,137
L013084,4419,S012,6148,0,15,45
L013085,4420,S003,2031,246,10,613
L013086,4421,S010,889,0,50,127
L013087,4421,S012,832,0,0,112
L013088,4421,S005,895,138,10,456
L013089,4421,S006,824,167,0,92
L013090,4421,S014,917,160,10,11
L013091,4422,S013,664,191,10,72
L013092,4423,S008,904,58,5,104
L013093,4423,S004,907,0,10,244
L013094,4423,S014,998,172,20,140
L013095,4423,S009,946,167,0,949
L013096,4423,S002,933,132,25,267
L013097,4424,S002,3816,89,5,28
L013098,4424,S001,3655,171,5,130
L013099,4424,S004,3577,86,30,63
L013100,4425,S014,4056,164,20,268
L013101,4425,S013,4826,150,10,698
L013102,4426,S003,1504,110,10,21
L013103,4426,S002,1637,58,30,141
L013104,4426,S011,1611,140,25,322
L013105,4426,S014,1674,186,15,68
L013106,4426,S004,1698,0,25,116
L013107,4427,S007,1316,178,50,32
L013108,4427,S012,1493,241,5,128
L013109,4427,S006,1339,228,30,124
L013110,4427,S005,1392,229,10,647
L013111,4428,S014,4407,108,20,277
L013112,4428,S002,4342,207,10,20
L013113,4428,S003,4529,133,25,183
L013114,4429,S014,3215,89,20,79
L013115,4429,S009,3302,0,25,1253
L013116,4429,S004,3863,223,10,74
L013117,4429,S001,3513,75,30,25
L013118,4429,S003,3260,0,30,216
L013119,4430,S012,3254,166,40,81
L013120,4430,S003,3373,197,15,126
L013121,4430,S013,2841,127,40,79
L013122,4430,S004,2904,0,30,100
L013123,4431,S002,5520,160,5,530
L013124,4431,S013,5916,59,5,209
L013125,4431,S005,6090,0,60,1337
L013126,4432,S003,5743,154,5,217
L013127,4432,S013,5494,243,5,279
L013128,4432,S009,6436,50,5,184
L013129,4432,S005,6569,121,20,54
L013130,4432,S007,6550,100,5,64
L013131,4433,S005,5080,195,20,33
L013132,4433,S009,5146,192,10,60
L013133,4434,S008,6259,115,30,46
L013134,4434,S005,5322,245,20,728
L013135,4434,S006,6288,0,15,47
L013136,4434,S004,5633,0,10,68
L013137,4434,S001,5267,114,25,99
L013138,4435,S010,3190,138,10,363
L013139,4436,S011,1431,159,5,28
L013140,4436,S007,1403,236,5,43
L013141,4436,S010,1408,150,5,24
L013142,4436,S014,1553,142,50,402
L013143,4436,S002,1438,0,0,72
L013144,4437,S006,764,0,50,553
L013145,4437,S003,697,76,10,460
L013146,4437,S011,667,0,30,293
L013147,4438,S001,1209,0,20,539
L013148,4438,S014,1180,162,20,213
L013149,4438,S008,1223,246,5,70
L013150,4439,S005,4925,229,0,76
L013151,4439,S004,5090,116,25,18
L013152,4440,S003,5178,182,5,120
L013153,4441,S004,4444,94,15,475
L013154,4442,S001,1856,152,20,69
L013155,4442,S008,1672,73,40,67
L013156,4442,S010,1698,139,25,319
L013157,4442,S003,1826,197,20,63
L013158,4442,S006,1807,174,10,17
L013159,4443,S010,2117,0,15,92
L013160,4444,S007,523,83,40,603
L013161,4445,S010,5734,128,10,187
L013162,4445,S008,6080,189,25,66
L013163,4446,S009,2193,160,0,222
L013164,4446,S011,2524,138,0,72
L013165,4446,S004,2471,0,5,162
L013166,4446,S014,2494,0,10,31
L013167,4447,S009,1332,197,50,35
L013168,4447,S011,1114,55,10,75
L013169,4447,S005,1101,153,0,19
L013170,4447,S001,1227,245,10,41
L013171,4448,S006,3787,230,10,125
L013172,4448,S003,3635,0,15,308
L013173,4449,S004,5099,89,20,339
L013174,4450,S009,3652,204,15,473
L013175,4450,S008,3936,127,20,760
L013176,4450,S010,4151,240,10,5
L013177,4451,S008,6294,0,5,276
L013178,4451,S001,5710,237,25,369
L013179,4451,S007,6116,58,20,37
L013180,4452,S012,5721,0,15,236
L013181,4452,S013,5698,0,30,75
L013182,4452,S006,5639,135,25,66
L013183,4452,S001,5444,103,10,138
L013184,4453,S005,5165,57,15,954
L013185,4453,S013,5194,51,10,43
L013186,4453,S012,4781,159,50,486
L013187,4453,S011,5717,0,15,173
L013188,4453,S001,5041,125,15,21
L013189,4454,S009,5317,222,15,139
L013190,4454,S010,6040,0,25,196
L013191,4454,S005,6001,224,15,143
L013192,4455,S001,2268,160,5,35
L013193,4455,S014,2334,106,20,71
L013194,4455,S011,2318,238,5,54
L013195,4456,S006,717,92,15,231
L013196,4456,S007,710,241,15,263
L013197,4456,S002,736,89,25,316
L013198,4456,S008,733,72,10,93
L013199,4457,S012,2373,0,0,298
L013200,4457,S004,2226,81,15,44
L013201,4458,S003,3327,153,50,44
L013202,4459,S002,1076,0,20,44
L013203,4459,S010,1059,184,20,139
L013204,4459,S006,1079,0,20,306
L013205,4459,S004,1029,0,40,275
L013206,4460,S005,894,0,10,526
L013207,4461,S012,2215,0,20,254
L013208,4461,S003,2603,81,30,65
L013209,4462,S003,4413,139,30,17
L013210,4462,S004,4765,0,30,207
L013211,4462,S008,4668,79,15,267
L013212,4463,S004,5449,61,10,230
L013213,4463,S008,5603,154,30,155
L013214,4463,S006,5073,204,15,171
L013215,4463,S013,4747,163,0,180
L013216,4464,S014,4369,94,0,175
L013217,4464,S011,4995,150,15,122
L013218,4465,S010,1204,119,20,299
L013219,4465,S003,1446,114,10,72
L013220,4465,S013,1412,86,10,73
L013221,4465,S001,1226,242,40,141
L013222,4465,S004,1434,0,30,99
L013223,4466,S004,4208,58,5,147
L013224,4466,S014,4650,81,20,316
L013225,4466,S013,3894,114,40,316
L013226,4467,S003,2615,150,5,310
L013227,4468,S009,4939,175,20,474
L013228,4468,S010,4750,210,25,27
L013229,4468,S006,5057,244,15,209
L013230,4468,S002,5140,84,0,83
L013231,4469,S004,2740,64,15,69
L013232,4469,S007,2869,226,0,187
L013233,4469,S001,3168,211,20,129
L013234,4470,S008,6205,158,30,122
L013235,4470,S003,6139,0,5,69
L013236,4470,S009,5352,126,15,52
L013237,4470,S005,5945,133,5,448
L013238,4470,S002,5431,194,0,92
L013239,4471,S003,6036,210,0,264
L013240,4472,S009,3661,0,30,627
L013241,4472,S012,3695,234,40,73
L013242,4472,S004,4006,0,30,129
L013243,4473,S002,1672,92,20,101
L013244,4473,S009,1595,226,15,20
L013245,4474,S014,5608,185,10,488
L013246,4475,S012,893,144,25,174
L013247,4475,S006,867,0,10,31
L013248,4475,S005,755,78,20,190
L013249,4475,S008,759,177,50,142
L013250,4476,S012,1290,194,5,457
L013251,4477,S005,2113,134,0,37
L013252,4477,S014,2089,205,25,91
L013253,4477,S002,2207,141,0,205
L013254,4478,S010,4499,72,10,317
L013255,4478,S013,4418,128,20,23
L013256,4478,S008,4368,0,20,40
L013257,4478,S011,4633,156,10,138
L013258,4478,S007,4275,148,20,546
L013259,4479,S008,6124,0,25,219
L013260,4479,S002,5558,239,20,43
L013261,4480,S010,2803,237,5,108
L013262,4480,S002,2809,0,40,688
L013263,4480,S013,2989,80,0,952
L013264,4480,S011,2974,0,5,32
L013265,4481,S005,3149,0,40,158
L013266,4482,S010,2444,140,30,437
L013267,4482,S003,2331,180,30,194
L013268,4482,S007,2343,183,0,234
L013269,4482,S001,2410,160,0,87
L013270,4483,S014,889,0,0,184
L013271,4483,S006,801,174,5,376
L013272,4484,S012,5473,100,0,131
L013273,4484,S009,4983,57,5,224
L013274,4485,S006,3105,0,10,50
L013275,4486,S013,527,0,20,17
L013276,4486,S006,528,0,15,328
L013277,4486,S002,537,79,15,134
L013278,4487,S009,3058,124,0,493
L013279,4487,S012,2777,61,25,339
L013280,4487,S001,2960,135,15,120
L013281,4488,S005,6120,201,0,403
L013282,4488,S002,5139,0,10,96
L013283,4488,S011,5625,190,15,265
L013284,4489,S008,2922,134,15,27
L013285,4489,S013,2659,99,0,200
L013286,4490,S007,6065,204,25,651
L013287,4491,S010,5188,200,5,102
L013288,4492,S003,3891,249,15,157
L013289,4492,S006,4063,220,20,54
L013290,4492,S010,3737,147,40,230
L013291,4493,S012,1426,104,5,263
L013292,4493,S001,1350,70,10,81
L013293,4493,S006,1168,211,25,118
L013294,4493,S013,1421,134,10,154
L013295,4494,S007,800,0,40,371
L013296,4495,S007,861,132,15,58
L013297,4496,S013,5304,0,0,199
L013298,4497,S013,1524,211,10,178
L013299,4497,S010,1601,225,15,165
L013300,4497,S003,1385,224,5,43
L013301,4497,S007,1423,78,15,22
L013302,4498,S011,710,0,20,350
L013303,4498,S001,673,0,15,57
L013304,4498,S007,687,165,0,174
L013305,4498,S006,671,129,20,38
L013306,4498,S005,661,85,10,172
L013307,4499,S003,2312,217,50,79
L013308,4499,S006,2454,66,20,120
L013309,4500,S003,680,0,20,221
L013310,4500,S012,725,108,30,86
L013311,4501,S006,2649,78,20,221
L013312,4501,S007,2279,0,10,84
L013313,4501,S008,2427,244,25,190
L013314,4501,S014,2529,125,25,368
L013315,4501,S002,2361,60,25,310
L013316,4502,S013,1073,174,10,208
L013317,4502,S006,997,129,10,164
L013318,4503,S008,2155,194,5,123
L013319,4503,S003,1968,192,5,80
L013320,4503,S004,1866,148,15,212
L013321,4503,S009,2080,131,30,655
L013322,4504,S008,4408,235,5,94
L013323,4504,S001,3739,101,0,43
L013324,4504,S006,3664,212,20,229
L013325,4505,S004,2211,238,25,134
L013326,4505,S005,2589,153,10,554
L013327,4505,S003,2264,122,0,152
L013328,4506,S014,4539,0,10,616
L013329,4506,S011,5067,174,15,270
L013330,4507,S005,3956,0,25,20
L013331,4507,S013,3779,208,15,130
L013332,4507,S008,3763,0,10,27
L013333,4508,S011,3868,89,10,115
L013334,4509,S014,4087,63,10,14
L013335,4509,S011,3848,218,0,167
L013336,4509,S003,3474,215,40,466
L013337,4510,S014,5709,0,15,61
L013338,4510,S001,5139,105,30,288
L013339,4510,S006,5138,232,15,131
L013340,4510,S003,5538,142,5,597
L013341,4511,S001,3510,154,15,115
L013342,4512,S012,2123,244,5,201
L013343,4513,S012,5074,0,20,84
L013344,4513,S006,5413,115,5,112
L013345,4513,S007,5041,128,50,376
L013346,4513,S011,4840,53,5,364
L013347,4513,S014,4949,56,30,272
L013348,4514,S008,3258,230,40,16
L013349,4514,S014,3104,229,15,56
L013350,4514,S003,3395,190,30,783
L013351,4515,S008,2727,61,5,1164
L013352,4515,S011,3025,101,5,69
L013353,4515,S009,2773,0,30,445
L013354,4515,S006,2747,62,15,137
L013355,4516,S001,3885,83,30,153
L013356,4516,S004,3955,64,15,115
L013357,4517,S012,4367,0,5,218
L013358,4517,S005,4460,0,30,96
L013359,4517,S011,4432,110,40,97
L013360,4517,S008,4085,71,20,43
L013361,4517,S002,4151,196,0,55
L013362,4518,S013,2707,0,20,284
L013363,4518,S008,2557,220,25,85
L013364,4519,S003,1389,0,10,185
L013365,4519,S009,1498,187,5,367
L013366,4519,S013,1385,197,5,224
L013367,4520,S005,5832,118,20,35
L013368,4521,S003,1633,61,30,44
L013369,4521,S005,1438,0,10,92
L013370,4521,S007,1631,172,0,210
L013371,4521,S011,1396,68,20,110
L013372,4521,S010,1505,165,30,186
L013373,4522,S003,825,0,0,564
L013374,4522,S006,933,82,30,177
L013375,4523,S009,4880,84,25,311
L013376,4523,S001,4582,143,20,261
L013377,4523,S010,4416,156,10,45
L013378,4524,S007,1222,159,10,213
L013379,4524,S002,1227,114,40,50
L013380,4524,S008,1321,69,5,257
L013381,4524,S014,1452,0,0,75
L013382,4525,S013,5750,191,0,177
L013383,4525,S010,5529,109,25,265
L013384,4525,S007,5152,0,0,142
L013385,4525,S012,5299,149,5,251
L013386,4526,S007,3250,86,10,68
L013387,4526,S014,3016,91,0,23
L013388,4526,S013,3109,101,5,305
L013389,4526,S011,2987,249,10,122
L013390,4527,S011,2600,56,20,132
L013391,4527,S002,2695,0,20,182
L013392,4527,S009,2655,169,20,75
L013393,4528,S008,3541,142,25,335
L013394,4528,S001,3864,217,10,259
L013395,4528,S010,3549,136,5,148
L013396,4528,S007,3828,139,25,12
L013397,4528,S013,3583,0,40,237
L013398,4529,S004,3492,0,10,458
L013399,4530,S014,1319,89,20,108
L013400,4530,S002,1326,171,15,16
L013401,4530,S013,1402,214,15,757
L013402,4530,S010,1334,0,5,149
L013403,4531,S001,5391,61,15,204
L013404,4531,S006,5781,175,5,126
L013405,4531,S014,5318,103,15,195
L013406,4531,S005,5625,0,0,94
L013407,4532,S011,4115,145,5,380
L013408,4533,S011,1877,0,15,386
L013409,4533,S003,1943,117,15,107
L013410,4533,S013,1721,184,5,65
L013411,4533,S006,1972,0,20,211
L013412,4533,S012,1853,132,10,43
L013413,4534,S006,3053,92,0,82
L013414,4534,S004,3461,0,30,212
L013415,4534,S010,3442,0,25,60
L013416,4535,S014,5360,66,15,105
L013417,4535,S004,5266,68,15,282
L013418,4535,S006,5347,92,15,125
L013419,4535,S005,5218,0,15,105
L013420,4535,S012,5201,209,15,304
L013421,4536,S011,1812,168,30,86
L013422,4536,S002,1722,169,10,96
L013423,4536,S001,1947,155,15,195
L013424,4536,S009,1696,53,20,223
L013425,4537,S006,2754,57,25,20
L013426,4537,S005,2744,123,10,43
L013427,4538,S002,5229,93,20,238
L013428,4539,S011,1890,0,10,77
L013429,4539,S002,1796,140,15,57
L013430,4539,S007,1641,60,15,39
L013431,4540,S007,1111,87,0,184
L013432,4541,S013,2196,0,15,299
L013433,4541,S014,2078,150,15,485
L013434,4542,S008,3391,61,5,140
L013435,4542,S013,3114,173,30,152
L013436,4542,S012,3180,90,10,69
L013437,4542,S002,3271,156,10,229
L013438,4543,S003,793,76,30,70
L013439,4544,S008,5022,60,25,919
L013440,4544,S001,5868,103,15,424
L013441,4544,S009,5391,194,20,104
L013442,4545,S003,1321,0,10,143
L013443,4545,S006,1143,193,5,154
L013444,4545,S014,1305,227,15,24
L013445,4546,S006,2658,0,40,57
L013446,4547,S011,6269,0,50,103
L013447,4547,S001,6253,113,0,128
L013448,4547,S003,6321,206,5,345
L013449,4547,S006,6470,77,0,109
L013450,4547,S012,5322,190,25,686
L013451,4548,S012,4898,104,10,162
L013452,4548,S009,5127,96,10,121
L013453,4548,S007,4694,0,30,272
L013454,4549,S011,2641,0,25,188
L013455,4550,S001,4205,245,40,156
L013456,4550,S008,4512,120,40,22
L013457,4550,S002,4386,225,10,608
L013458,4551,S011,1412,196,10,441
L013459,4551,S010,1225,222,15,82
L013460,4551,S012,1217,0,5,134
L013461,4551,S005,1287,51,15,36
L013462,4551,S008,1254,0,10,270
L013463,4552,S011,3990,0,20,58
L013464,4553,S006,4902,0,15,256
L013465,4553,S008,4919,170,10,21
L013466,4553,S003,4798,103,20,474
L013467,4553,S007,5436,0,25,158
L013468,4553,S012,4677,185,20,53
L013469,4554,S011,3250,0,25,115
L013470,4554,S006,3351,147,10,47
L013471,4554,S001,3386,223,10,114
L013472,4555,S014,4148,0,50,61
L013473,4555,S004,4233,217,25,174
L013474,4555,S011,4668,0,25,143
L013475,4555,S013,4349,211,5,199
L013476,4555,S005,4135,196,10,131
L013477,4556,S011,5935,82,10,49
L013478,4556,S010,5491,133,0,131
L013479,4557,S007,3188,0,5,98
L013480,4557,S002,3334,52,10,310
L013481,4557,S008,3209,128,40,77
L013482,4558,S004,2105,0,10,88
L013483,4558,S006,2290,0,5,170
L013484,4558,S002,2163,165,30,13
L013485,4559,S001,4543,58,5,255
L013486,4559,S013,4078,0,40,700
L013487,4559,S002,4111,146,25,447
L013488,4559,S003,4565,201,10,162
L013489,4559,S009,4565,170,5,133
L013490,4560,S006,2120,0,5,577
L013491,4560,S001,2494,157,5,123
L013492,4560,S003,2196,113,0,17
L013493,4560,S004,2240,238,10,228
L013494,4561,S005,506,214,10,305
L013495,4561,S001,474,145,10,22
L013496,4562,S002,4360,0,20,108
L013497,4563,S003,5393,198,10,313
L013498,4564,S003,3974,132,30,151
L013499,4564,S007,4226,0,50,537
L013500,4565,S012,5674,0,30,44
L013501,4565,S004,6359,0,20,209
L013502,4565,S001,5541,0,10,910
L013503,4565,S010,5590,0,15,70
L013504,4565,S002,5488,225,25,112
L013505,4566,S008,1583,0,15,21
L013506,4567,S012,5001,208,20,151
L013507,4567,S007,5270,155,30,212
L013508,4567,S008,4796,102,10,71
L013509,4568,S013,2685,179,10,115
L013510,4568,S001,3022,90,5,65
L013511,4568,S007,2492,138,5,454
L013512,4568,S005,2643,68,20,44
L013513,4568,S010,2929,158,10,28
L013514,4569,S007,4649,242,25,84
L013515,4569,S004,4678,66,15,337
L013516,4569,S002,5270,179,10,679
L013517,4570,S013,2662,157,15,82
L013518,4570,S002,2895,96,30,60
L013519,4570,S001,3175,55,10,940
L013520,4570,S014,2966,214,5,31
L013521,4571,S004,3338,159,20,116
L013522,4571,S008,3648,0,20,86
L013523,4571,S007,3526,215,20,367
L013524,4571,S010,3479,250,5,254
L013525,4572,S006,1924,124,10,95
L013526,4572,S012,1865,216,10,1780
L013527,4572,S005,1612,145,10,862
L013528,4572,S013,1801,70,0,115
L013529,4572,S007,1944,0,30,63
L013530,4573,S004,2772,99,50,51
L013531,4573,S012,2769,193,0,115
L013532,4573,S009,3020,184,20,175
L013533,4573,S001,3100,198,20,83
L013534,4573,S007,3325,187,15,237
L013535,4574,S013,1404,88,0,73
L013536,4575,S014,4709,128,15,110
L013537,4575,S013,5032,0,20,842
L013538,4576,S010,3752,225,5,67
L013539,4577,S005,2011,89,30,27
L013540,4577,S011,1810,126,30,75
L013541,4577,S010,1882,131,25,577
L013542,4577,S007,2055,152,25,277
L013543,4577,S008,1895,227,5,871
L013544,4578,S014,2015,0,10,354
L013545,4578,S001,2381,82,30,35
L013546,4578,S013,2355,0,5,328
L013547,4578,S005,2346,0,5,72
L013548,4578,S011,2273,0,10,123
L013549,4579,S009,4410,189,15,458
L013550,4579,S001,4206,0,5,374
L013551,4579,S002,4243,143,10,176
L013552,4579,S005,4358,100,20,567
L013553,4580,S007,4260,195,20,615
L013554,4580,S003,4587,0,0,644
L013555,4581,S003,4093,0,0,39
L013556,4581,S006,4061,74,50,128
L013557,4582,S011,4765,216,15,55
L013558,4582,S003,4963,169,0,12
L013559,4582,S009,4511,78,20,69
L013560,4583,S003,5410,0,25,46
L013561,4584,S012,3885,65,5,371
L013562,4584,S001,4266,0,15,171
L013563,4584,S005,4284,113,5,29
L013564,4585,S014,5615,0,10,141
L013565,4585,S007,5820,156,40,188
L013566,4585,S010,5580,219,15,2293
L013567,4585,S001,5902,69,25,199
L013568,4586,S001,3991,126,5,260
L013569,4586,S013,4109,101,50,35
L013570,4587,S002,3947,0,40,85
L013571,4587,S009,4357,0,40,147
L013572,4587,S008,3982,122,25,24
L013573,4588,S010,2203,231,15,387
L013574,4588,S003,2386,226,10,467
L013575,4588,S009,2287,111,20,41
L013576,4588,S011,2084,221,50,124
L013577,4589,S004,556,191,20,75
L013578,4590,S003,2248,0,10,163
L013579,4590,S008,2351,0,25,39
L013580,4590,S009,2192,94,15,181
L013581,4590,S004,2368,240,15,508
L013582,4591,S002,4253,110,20,103
L013583,4592,S013,885,139,0,201
L013584,4593,S002,5766,237,20,264
L013585,4593,S006,5393,92,5,1564
L013586,4593,S010,5585,106,30,21
L013587,4593,S013,6216,104,0,44
L013588,4594,S014,4760,201,15,516
L013589,4595,S011,2069,0,40,41
L013590,4595,S006,1843,50,5,104
L013591,4595,S009,2051,249,10,3
L013592,4596,S014,2043,232,5,404
L013593,4596,S013,2063,56,30,676
L013594,4596,S011,2137,0,10,39
L013595,4596,S003,2180,220,10,1446
L013596,4596,S005,2122,0,30,137
L013597,4597,S007,4225,213,5,576
L013598,4597,S001,4404,73,20,201
L013599,4597,S014,4657,179,10,72
L013600,4597,S013,4143,87,15,38
L013601,4597,S012,4249,119,10,894
L013602,4598,S005,1946,131,20,694
L013603,4598,S012,2100,94,30,50
L013604,4598,S014,2085,211,0,220
L013605,4598,S004,2140,132,15,195
L013606,4599,S001,2064,81,25,23
L013607,4599,S011,1956,89,10,259
L013608,4600,S002,1152,0,10,302
L013609,4600,S004,1314,0,20,195
L013610,4600,S007,1321,116,5,639
L013611,4601,S013,3144,117,20,468
L013612,4601,S008,3530,104,5,118
L013613,4601,S011,3015,195,10,49
L013614,4601,S004,3435,116,5,13
L013615,4601,S005,3381,241,30,323
L013616,4602,S001,3303,145,5,151
L013617,4602,S012,2890,92,20,124
L013618,4603,S006,1627,173,25,82
L013619,4603,S010,1565,160,25,209
L013620,4603,S003,1522,163,25,22
L013621,4603,S011,1512,176,10,450
L013622,4603,S014,1707,60,0,301
L013623,4604,S002,1910,213,30,303
L013624,4604,S007,1722,241,50,141
L013625,4604,S001,1862,181,0,37
L013626,4605,S009,1001,216,25,156
L013627,4605,S006,860,0,15,453
L013628,4605,S013,962,74,5,79
L013629,4606,S004,4897,85,25,289
L013630,4606,S012,4503,68,25,110
L013631,4606,S005,4364,137,30,490
L013632,4607,S011,5202,53,0,283
L013633,4607,S001,5394,0,10,134
L013634,4607,S004,5227,67,25,267
L013635,4607,S013,4483,53,15,37
L013636,4608,S013,667,244,5,586
L013637,4609,S004,2485,98,25,261
L013638,4609,S013,2422,0,0,209
L013639,4609,S003,2266,184,15,118
L013640,4609,S009,2643,186,25,67
L013641,4610,S010,5336,74,15,78
L013642,4610,S006,4899,136,10,347
L013643,4611,S013,1350,125,30,546
L013644,4611,S003,1295,134,0,56
L013645,4611,S005,1430,0,30,468
L013646,4612,S005,2795,134,5,514
L013647,4613,S001,3858,221,0,398
L013648,4613,S008,3983,219,10,270
L013649,4613,S006,4158,168,15,304
L013650,4613,S012,3876,232,5,37
L013651,4613,S005,4055,95,15,125
L013652,4614,S013,3355,51,10,86
L013653,4614,S010,2890,56,15,431
L013654,4614,S011,2960,115,15,72
L013655,4614,S003,2967,181,20,88
L013656,4615,S006,2241,0,5,209
L013657,4615,S010,2043,85,30,421
L013658,4616,S008,2780,234,20,63
L013659,4616,S011,2776,169,10,236
L013660,4616,S003,2918,163,25,104
L013661,4616,S004,3033,59,25,308
L013662,4617,S014,3133,202,20,198
L013663,4617,S006,3385,121,0,144
L013664,4617,S010,3318,249,0,148
L013665,4617,S002,3318,237,50,187
L013666,4617,S008,3318,241,20,270
L013667,4618,S005,2845,191,0,113
L013668,4618,S002,2802,123,5,59
L013669,4619,S005,6107,97,5,55
L013670,4619,S012,5858,180,15,246
L013671,4620,S005,2452,88,5,16
L013672,4621,S009,4726,169,10,213
L013673,4621,S008,5272,223,5,172
L013674,4621,S002,5375,204,5,537
L013675,4621,S006,5070,154,10,105
L013676,4622,S010,5661,135,15,42
L013677,4622,S009,5492,200,30,474
L013678,4622,S001,5719,194,15,87
L013679,4623,S012,2120,208,5,71
L013680,4623,S003,1811,0,15,349
L013681,4624,S005,4123,120,30,27
L013682,4625,S010,2894,227,15,38
L013683,4625,S004,3146,65,0,351
L013684,4625,S001,3058,229,10,1181
L013685,4626,S008,4635,0,0,87
L013686,4626,S012,4618,191,5,257
L013687,4627,S002,2499,76,5,107
L013688,4627,S012,2396,181,20,60
L013689,4627,S004,2552,83,10,51
L013690,4627,S011,2525,192,5,651
L013691,4627,S001,2688,144,20,129
L013692,4628,S012,2800,0,0,53
L013693,4629,S010,817,0,10,72
L013694,4629,S014,779,199,25,54
L013695,4629,S006,749,60,50,238
L013696,4629,S003,851,189,20,198
L013697,4630,S001,2722,223,25,335
L013698,4630,S009,2743,0,10,185
L013699,4630,S008,2660,237,15,507
L013700,4630,S010,2936,96,5,89
L013701,4631,S012,3280,0,10,309
L013702,4631,S010,3051,180,30,474
L013703,4631,S009,2771,0,10,303
L013704,4632,S006,4080,0,25,123
L013705,4632,S009,3755,243,0,102
L013706,4632,S010,3604,0,5,88
L013707,4633,S008,4626,176,5,240
L013708,4633,S006,4247,184,15,120
L013709,4633,S003,4277,246,15,763
L013710,4633,S009,4773,151,15,54
L013711,4634,S008,4392,213,10,301
L013712,4634,S001,4610,51,30,48
L013713,4634,S009,4476,0,30,357
L013714,4635,S004,4476,202,10,453
L013715,4635,S012,4105,175,30,241
L013716,4635,S009,4062,60,15,163
L013717,4635,S013,4345,236,25,210
L013718,4635,S003,4213,182,0,82
L013719,4636,S003,5635,109,30,74
L013720,4636,S010,5831,171,20,153
L013721,4636,S005,5334,135,15,343
L013722,4637,S010,3273,0,15,178
L013723,4637,S004,3678,71,15,284
L013724,4637,S003,3123,174,20,75
L013725,4637,S014,3670,197,0,351
L013726,4638,S007,2941,185,10,87
L013727,4638,S002,2925,57,10,898
L013728,4638,S003,3007,224,15,187
L013729,4639,S001,1872,214,15,141
L013730,4640,S005,4221,146,40,148
L013731,4641,S005,2521,111,15,112
L013732,4641,S002,2670,79,20,884
L013733,4641,S008,2872,0,10,73
L013734,4641,S004,2873,170,25,130
L013735,4641,S012,2924,192,40,151
L013736,4642,S012,1532,61,5,246
L013737,4643,S006,3680,156,15,683
L013738,4644,S010,961,211,0,63
L013739,4645,S008,2386,99,30,311
L013740,4645,S003,2423,244,20,139
L013741,4645,S005,2183,0,5,168
L013742,4645,S002,2446,143,60,74
L013743,4645,S004,2223,0,0,127
L013744,4646,S010,4095,125,20,111
L013745,4646,S012,3896,230,15,201
L013746,4646,S003,3569,0,20,90
L013747,4647,S005,676,200,0,42
L013748,4647,S004,626,157,40,43
L013749,4648,S001,3202,0,30,232
L013750,4649,S013,4601,0,20,85
L013751,4649,S003,5177,201,5,345
L013752,4649,S004,5254,85,0,28
L013753,4649,S002,4692,180,15,279
L013754,4649,S001,4861,186,25,135
L013755,4650,S011,4554,60,25,71
L013756,4651,S008,4684,0,10,186
L013757,4651,S007,4623,232,15,418
L013758,4652,S002,3005,243,10,194
L013759,4652,S005,3310,87,15,452
L013760,4652,S007,2908,0,5,185
L013761,4652,S013,2957,63,25,140
L013762,4653,S004,2791,245,30,89
L013763,4653,S009,2810,67,40,112
L013764,4654,S003,5613,224,0,329
L013765,4654,S013,5763,170,25,64
L013766,4654,S011,5005,109,0,657
L013767,4654,S008,5402,205,0,479
L013768,4654,S014,4978,140,10,258
L013769,4655,S013,2262,226,25,232
L013770,4655,S007,2195,74,5,275
L013771,4655,S002,2256,0,20,355
L013772,4655,S012,2391,169,0,197
L013773,4656,S007,2495,189,50,47
L013774,4657,S013,2044,199,5,33
L013775,4657,S011,2186,0,15,760
L013776,4657,S002,2268,70,10,235
L013777,4658,S009,4283,0,30,49
L013778,4658,S002,5014,246,0,119
L013779,4658,S007,4345,0,25,164
L013780,4659,S002,3488,152,10,200
L013781,4659,S006,3283,115,0,119
L013782,4659,S014,3530,246,20,555
L013783,4659,S001,3896,96,50,50
L013784,4660,S005,1679,0,0,82
L013785,4660,S002,1682,0,30,273
L013786,4660,S011,1632,69,10,259
L013787,4660,S006,1669,160,10,159
L013788,4661,S002,2492,161,40,233
L013789,4662,S003,1665,144,10,588
L013790,4662,S004,1691,213,40,1656
L013791,4662,S009,1615,149,25,245
L013792,4662,S002,1763,119,25,48
L013793,4662,S010,1800,0,50,160
L013794,4663,S010,4486,156,30,311
L013795,4663,S009,4889,0,30,121
L013796,4663,S001,5360,166,10,130
L013797,4664,S009,6034,114,30,466
L013798,4664,S008,5659,0,40,225
L013799,4664,S012,6250,0,0,1449
L013800,4664,S014,5332,51,10,250
L013801,4664,S001,5328,238,0,67
L013802,4665,S010,3708,183,15,72
L013803,4665,S003,3170,141,20,166
L013804,4665,S012,3754,212,30,358
L013805,4665,S011,3411,233,15,142
L013806,4666,S003,3193,0,25,96
L013807,4667,S005,4823,194,30,4318
L013808,4667,S004,5398,52,30,78
L013809,4668,S006,2089,99,5,132
L013810,4668,S010,2246,84,50,141
L013811,4668,S001,2338,244,25,82
L013812,4668,S009,2305,202,15,57
L013813,4668,S004,2283,0,5,209
L013814,4669,S004,4233,92,20,95
L013815,4670,S001,1113,121,50,167
L013816,4670,S005,1178,85,40,93
L013817,4670,S006,1100,231,25,242
L013818,4670,S008,1108,150,15,148
L013819,4671,S012,4962,67,5,300
L013820,4671,S013,5233,0,15,112
L013821,4672,S001,4212,96,20,293
L013822,4673,S003,5049,0,5,23
L013823,4673,S010,5211,225,10,222
L013824,4674,S004,2622,191,0,305
L013825,4674,S011,2551,138,25,94
L013826,4674,S010,2389,164,20,194
L013827,4674,S009,2728,233,15,54
L013828,4674,S003,2746,192,25,385
L013829,4675,S009,945,187,5,77
L013830,4675,S007,923,0,10,38
L013831,4675,S013,955,180,25,1553
L013832,4675,S004,994,58,15,91
L013833,4675,S001,949,177,10,225
L013834,4676,S010,1149,109,20,60
L013835,4677,S006,3459,183,5,108
L013836,4677,S001,3428,73,15,491
L013837,4677,S008,3998,120,25,85
L013838,4677,S012,3466,118,5,30
L013839,4678,S004,2479,0,25,64
L013840,4678,S002,2472,247,0,736
L013841,4678,S005,2753,71,10,302
L013842,4678,S012,2618,0,60,63
L013843,4678,S011,2412,0,15,89
L013844,4679,S002,4951,125,30,457
L013845,4679,S007,5162,62,15,70
L013846,4679,S009,4768,111,10,64
L013847,4680,S001,5185,166,5,94
L013848,4681,S009,4115,237,5,64
L013849,4681,S001,4184,0,5,369
L013850,4681,S002,4059,147,0,184
L013851,4682,S012,5509,50,40,77
L013852,4683,S014,1311,186,0,2645
L013853,4683,S007,1168,109,0,500
L013854,4683,S008,1177,0,10,121
L013855,4683,S003,1346,0,15,163
L013856,4683,S005,1253,225,10,52
L013857,4684,S012,4680,173,25,241
L013858,4684,S007,5289,250,5,341
L013859,4684,S009,4553,0,5,89
L013860,4684,S008,4512,131,40,128
L013861,4684,S004,5226,0,5,68
L013862,4685,S004,1677,0,20,140
L013863,4685,S013,1600,84,10,99
L013864,4686,S005,1017,0,15,215
L013865,4687,S002,2641,57,0,450
L013866,4687,S006,2574,224,30,79
L013867,4687,S014,2856,0,10,48
L013868,4688,S003,4384,0,30,173
L013869,4688,S011,4854,91,10,185
L013870,4688,S014,4991,122,10,98
L013871,4689,S007,3184,167,15,53
L013872,4689,S011,2949,136,20,182
L013873,4689,S010,2861,127,15,223
L013874,4689,S008,3329,232,5,288
L013875,4689,S004,3369,0,30,290
L013876,4690,S007,3870,0,0,253
L013877,4690,S005,3562,100,20,191
L013878,4691,S012,1473,0,15,111
L013879,4691,S002,1418,0,5,14
L013880,4691,S006,1210,227,10,89
L013881,4691,S014,1229,0,5,1649
L013882,4692,S008,2477,185,30,93
L013883,4692,S007,2295,71,15,371
L013884,4692,S006,2428,187,0,383
L013885,4692,S002,2258,0,10,145
L013886,4693,S009,4958,94,15,157
L013887,4694,S004,2263,77,20,76
L013888,4694,S013,2479,96,10,801
L013889,4694,S009,2176,149,0,127
L013890,4694,S007,2187,108,10,67
L013891,4694,S011,2280,100,0,140
L013892,4695,S013,1720,95,20,96
L013893,4695,S007,1698,0,10,738
L013894,4695,S003,1835,110,10,6
L013895,4695,S012,1909,0,25,33
L013896,4696,S011,915,210,15,158
L013897,4696,S005,873,0,15,327
L013898,4696,S001,812,56,5,1432
L013899,4696,S010,841,119,15,88
L013900,4696,S008,905,0,20,367
L013901,4697,S014,1013,188,10,852
L013902,4697,S007,970,246,5,502
L013903,4698,S013,808,0,20,216
L013904,4698,S004,803,214,0,14
L013905,4698,S001,742,94,20,496
L013906,4698,S003,759,0,10,197
L013907,4698,S005,730,0,20,314
L013908,4699,S011,1695,184,0,144
L013909,4699,S008,1521,180,30,194
L013910,4699,S010,1562,53,20,101
L013911,4699,S001,1833,50,5,49
L013912,4700,S002,1024,237,15,48
L013913,4700,S012,1006,199,15,776
L013914,4701,S007,3474,0,20,29
L013915,4702,S002,2603,0,10,398
L013916,4702,S008,2451,228,30,355
L013917,4702,S003,2602,0,10,107
L013918,4703,S005,2345,199,5,326
L013919,4703,S010,2524,126,15,1587
L013920,4703,S003,2428,154,20,442
L013921,4704,S005,6496,0,20,1019
L013922,4705,S003,2612,57,15,288
L013923,4705,S012,2939,245,20,148
L013924,4705,S002,2867,237,10,700
L013925,4705,S005,2480,143,15,61
L013926,4706,S004,1719,0,25,68
L013927,4706,S005,1499,174,5,39
L013928,4706,S013,1713,247,40,205
L013929,4706,S008,1600,210,25,178
L013930,4706,S003,1654,159,15,185
L013931,4707,S008,3450,201,10,361
L013932,4707,S006,3999,146,20,37
L013933,4708,S012,757,220,40,220
L013934,4708,S014,834,139,40,30
L013935,4708,S013,831,0,10,159
L013936,4709,S012,1549,113,10,177
L013937,4709,S004,1509,249,10,115
L013938,4709,S008,1649,0,40,62
L013939,4710,S004,3451,0,25,175
L013940,4710,S014,3153,66,40,261
L013941,4711,S003,2281,200,0,447
L013942,4711,S005,2403,74,30,249
L013943,4711,S010,2249,238,0,71
L013944,4711,S014,2430,84,15,317
L013945,4711,S007,2539,74,30,169
L013946,4712,S008,4545,134,0,79
L013947,4712,S014,5171,212,5,132
L013948,4712,S009,5019,0,10,203
L013949,4713,S001,1415,244,5,127
L013950,4713,S003,1505,248,15,474
L013951,4713,S013,1386,0,15,427
L013952,4713,S012,1457,231,20,538
L013953,4714,S001,4486,142,20,210
L013954,4714,S002,3994,144,20,54
L013955,4714,S007,4419,0,10,39
L013956,4714,S005,4274,151,30,377
L013957,4715,S007,1702,235,10,28
L013958,4715,S005,1674,113,15,73
L013959,4716,S012,943,140,0,129
L013960,4716,S009,943,0,25,120
L013961,4716,S005,943,121,20,285
L013962,4717,S001,2807,120,0,350
L013963,4717,S009,2813,238,20,629
L013964,4717,S013,2991,95,25,212
L013965,4717,S002,3026,220,0,59
L013966,4717,S007,2558,159,30,113
L013967,4718,S003,2094,0,50,99
L013968,4718,S009,2251,197,20,148
L013969,4719,S002,6264,138,15,201
L013970,4719,S012,5464,0,20,237
L013971,4719,S011,5291,172,5,350
L013972,4720,S014,1827,117,50,177
L013973,4720,S011,1544,215,25,115
L013974,4721,S008,3252,88,15,242
L013975,4721,S001,3420,79,25,148
L013976,4722,S012,4377,236,20,63
L013977,4722,S006,4406,240,25,48
L013978,4722,S010,4359,0,10,743
L013979,4723,S011,4240,156,5,55
L013980,4723,S008,3959,117,30,138
L013981,4723,S007,4288,0,15,106
L013982,4723,S013,4484,107,20,858
L013983,4724,S002,3230,0,25,99
L013984,4724,S011,3691,227,25,36
L013985,4724,S012,3315,189,20,260
L013986,4724,S005,3208,123,20,1411
L013987,4725,S005,933,69,20,170
L013988,4725,S010,837,152,20,103
L013989,4726,S001,5730,0,10,107
L013990,4726,S013,5780,106,10,37
L013991,4726,S002,5142,71,10,38
L013992,4726,S012,4932,0,10,5
L013993,4727,S006,1214,0,20,97
L013994,4727,S014,1190,121,5,120
L013995,4728,S007,2170,65,0,101
L013996,4728,S001,2163,125,10,658
L013997,4729,S002,3872,0,20,572
L013998,4729,S014,3249,170,15,45
L013999,4729,S010,3865,126,15,76
L014000,4730,S014,3353,196,10,157
L014001,4730,S006,3519,80,5,96
L014002,4730,S002,3454,192,25,90
L014003,4730,S012,3940,130,20,299
L014004,4731,S008,2310,110,20,131
L014005,4731,S009,2298,0,15,276
L014006,4731,S011,2495,0,5,175
L014007,4731,S004,2276,242,60,526
L014008,4732,S013,3933,80,25,22
L014009,4732,S004,3832,237,50,142
L014010,4733,S005,1020,125,10,1683
L014011,4733,S010,1181,196,20,201
L014012,4733,S003,986,219,10,180
L014013,4734,S011,811,101,30,162
L014014,4734,S004,913,134,10,250
L014015,4734,S005,787,63,25,444
L014016,4734,S014,829,200,40,83
L014017,4734,S010,868,147,10,1340
L014018,4735,S003,666,94,5,394
L014019,4735,S011,649,0,0,627
L014020,4736,S011,1308,0,40,93
L014021,4736,S002,1139,243,20,220
L014022,4736,S013,1192,158,15,424
L014023,4737,S005,5367,244,20,36
L014024,4737,S006,5598,133,40,140
L014025,4737,S011,6069,159,25,93
L014026,4738,S003,6319,165,25,75
L014027,4738,S004,5964,0,5,131
L014028,4739,S004,5944,146,5,58
L014029,4739,S010,5639,0,15,343
L014030,4739,S012,5161,236,10,230
L014031,4740,S003,2713,181,10,200
L014032,4740,S007,2586,155,15,289
L014033,4740,S010,2657,64,20,273
L014034,4740,S012,2503,124,10,130
L014035,4741,S010,5491,62,15,20
L014036,4742,S010,4727,187,10,12
L014037,4742,S003,5155,220,0,151
L014038,4742,S011,4692,146,25,156
L014039,4742,S006,4752,178,25,439
L014040,4743,S002,2779,93,20,1001
L014041,4744,S014,2133,207,25,286
L014042,4744,S004,2016,83,40,315
L014043,4744,S006,1939,150,40,173
L014044,4745,S009,3504,0,10,117
L014045,4746,S011,3183,165,0,82
L014046,4746,S014,2977,205,15,139
L014047,4747,S009,5418,112,15,151
L014048,4747,S004,6149,90,30,164
L014049,4748,S008,3302,159,5,347
L014050,4749,S010,5504,108,30,15
L014051,4749,S006,5419,0,40,562
L014052,4749,S014,4785,74,40,164
L014053,4750,S013,1781,0,30,38
L014054,4751,S005,1701,71,20,11
L014055,4752,S011,6457,233,25,596
L014056,4752,S005,5455,184,50,110
L014057,4752,S013,5401,154,10,711
L014058,4752,S002,5364,86,10,29
L014059,4753,S010,2177,149,0,138
L014060,4753,S007,2355,0,15,100
L014061,4754,S012,6140,144,30,63
L014062,4754,S006,6261,0,15,83
L014063,4754,S003,5376,184,40,188
L014064,4754,S014,5695,139,30,153
L014065,4754,S009,5401,86,10,46
L014066,4755,S006,4824,0,0,422
L014067,4755,S009,4409,217,25,32
L014068,4755,S014,4125,186,5,144
L014069,4755,S012,4146,59,5,154
L014070,4756,S005,913,128,15,447
L014071,4757,S011,3152,141,20,1444
L014072,4757,S003,3474,106,15,190
L014073,4757,S002,3039,244,30,59
L014074,4758,S011,1937,174,30,87
L014075,4758,S001,1960,58,10,143
L014076,4758,S003,1895,102,10,573
L014077,4758,S013,1802,90,5,244
L014078,4758,S010,2034,0,25,522
L014079,4759,S004,2323,69,20,150
L014080,4760,S002,3284,130,5,591
L014081,4760,S006,3706,0,15,87
L014082,4760,S010,3198,113,10,601
L014083,4761,S002,5041,147,0,373
L014084,4761,S014,4919,0,10,89
L014085,4761,S011,4365,0,0,199
L014086,4762,S001,6202,221,15,28
L014087,4763,S005,660,209,20,246
L014088,4763,S002,564,0,25,48
L014089,4763,S014,580,215,15,271
L014090,4763,S009,644,196,25,199
L014091,4764,S002,4863,0,30,202
L014092,4764,S010,5646,113,25,128
L014093,4764,S004,5431,140,5,153
L014094,4764,S012,5152,220,50,345
L014095,4765,S005,822,106,15,42
L014096,4765,S009,747,135,40,69
L014097,4766,S005,4596,129,20,191
L014098,4767,S005,944,74,5,146
L014099,4767,S013,930,173,50,254
L014100,4767,S006,958,0,10,181
L014101,4768,S014,3164,134,10,85
L014102,4768,S012,3289,158,10,418
L014103,4768,S004,3256,190,5,55
L014104,4768,S005,3595,85,15,106
L014105,4768,S013,3580,0,10,153
L014106,4769,S007,1456,184,10,267
L014107,4769,S010,1558,81,15,289
L014108,4769,S003,1327,77,25,611
L014109,4770,S007,4383,218,5,468
L014110,4770,S012,4048,103,5,196
L014111,4770,S014,4185,104,5,89
L014112,4771,S002,1839,160,20,72
L014113,4771,S014,2060,233,25,256
L014114,4771,S005,1897,184,40,25
L014115,4771,S013,2037,71,25,160
L014116,4772,S004,1608,82,25,221
L014117,4772,S006,1604,228,60,227
L014118,4772,S013,1431,0,5,140
L014119,4772,S012,1540,189,0,114
L014120,4772,S001,1436,0,15,359
L014121,4773,S007,979,143,25,241
L014122,4773,S003,1080,168,5,624
L014123,4774,S006,2932,0,25,94
L014124,4774,S003,3063,78,30,146
L014125,4774,S002,3181,232,20,26
L014126,4774,S011,2837,212,20,45
L014127,4775,S007,5664,0,25,165
L014128,4775,S009,5388,0,5,706
L014129,4775,S002,5462,0,10,111
L014130,4775,S012,4855,139,10,115
L014131,4775,S006,5529,214,15,133
L014132,4776,S001,1688,215,40,96
L014133,4776,S011,1917,0,50,354
L014134,4777,S009,1768,184,20,114
L014135,4777,S010,1529,0,20,64
L014136,4777,S003,1661,171,5,596
L014137,4777,S008,1625,186,15,95
L014138,4777,S014,1560,155,15,535
L014139,4778,S008,1275,91,30,201
L014140,4778,S010,1324,166,25,300
L014141,4779,S010,1881,0,5,146
L014142,4779,S009,1955,185,10,96
L014143,4779,S007,1822,187,10,388
L014144,4779,S006,2133,0,50,148
L014145,4780,S001,3570,111,0,112
L014146,4780,S002,3221,118,5,476
L014147,4780,S008,3069,91,60,141
L014148,4781,S013,5084,185,20,126
L014149,4781,S012,5380,213,5,18
L014150,4781,S005,5507,227,40,706
L014151,4781,S007,5355,245,30,128
L014152,4782,S002,4144,178,20,472
L014153,4782,S011,4354,223,5,47
L014154,4782,S008,4046,61,50,217
L014155,4782,S009,4403,197,25,244
L014156,4782,S006,3789,140,20,254
L014157,4783,S005,3079,83,0,129
L014158,4783,S012,2854,147,5,19
L014159,4783,S013,2951,82,15,33
L014160,4784,S014,4378,193,25,1016
L014161,4784,S012,4776,89,15,24
L014162,4784,S008,4679,0,25,570
L014163,4784,S006,4237,196,0,298
L014164,4785,S001,1051,68,10,411
L014165,4785,S012,1208,51,40,2227
L014166,4785,S005,989,189,10,87
L014167,4786,S014,2641,145,10,112
L014168,4787,S003,2004,103,5,377
L014169,4787,S007,1989,66,10,44
L014170,4787,S005,2077,236,15,119
L014171,4788,S008,1662,0,5,408
L014172,4788,S014,1522,89,30,223
L014173,4788,S010,1569,171,5,1073
L014174,4789,S014,2851,0,5,166
L014175,4789,S010,2472,0,5,193
L014176,4789,S004,2516,160,25,122
L014177,4789,S013,2644,0,10,539
L014178,4790,S009,3084,68,5,31
L014179,4790,S006,3015,184,50,313
L014180,4790,S012,3231,89,10,212
L014181,4790,S004,2905,180,10,204
L014182,4791,S010,2786,61,20,409
L014183,4792,S014,1090,240,40,91
L014184,4792,S008,1080,0,5,20
L014185,4793,S002,3576,0,40,65
L014186,4793,S008,3491,140,15,124
L014187,4794,S011,3116,59,60,27
L014188,4794,S012,3130,0,5,280
L014189,4794,S001,3184,80,5,147
L014190,4795,S001,3656,247,20,209
L014191,4796,S008,5990,76,5,66
L014192,4796,S014,5732,120,5,417
L014193,4796,S005,5760,0,5,95
L014194,4796,S002,5433,139,15,43
L014195,4797,S007,5263,67,10,274
L014196,4797,S012,5557,0,5,327
L014197,4797,S009,5388,179,5,176
L014198,4797,S014,5085,0,15,488
L014199,4798,S012,2803,226,25,550
L014200,4798,S008,3013,98,10,1047
L014201,4798,S014,2691,0,10,152
L014202,4799,S006,5854,101,50,163
L014203,4799,S009,5026,110,25,316
L014204,4800,S013,3371,93,30,85
L014205,4800,S001,3159,135,20,121
L014206,4800,S012,2876,205,20,369
L014207,4800,S009,3186,77,5,445
L014208,4801,S005,5117,169,10,143
L014209,4801,S003,4678,164,5,58
L014210,4802,S001,4011,0,10,217
L014211,4802,S007,3838,0,25,61
L014212,4803,S003,1235,196,5,113
L014213,4803,S014,1048,73,10,264
L014214,4804,S001,6134,130,30,19
L014215,4804,S012,5887,213,30,50
L014216,4805,S003,5283,180,10,197
L014217,4805,S009,5173,145,5,452
L014218,4805,S007,4850,79,5,18
L014219,4805,S011,4673,0,10,196
L014220,4806,S013,2918,160,15,64
L014221,4806,S010,2777,86,15,37
L014222,4806,S011,2824,94,15,387
L014223,4806,S003,2991,212,20,399
L014224,4806,S009,2682,0,15,674
L014225,4807,S008,1220,0,0,599
L014226,4807,S004,1235,134,15,104
L014227,4807,S002,1275,136,20,136
L014228,4807,S003,1239,101,15,325
L014229,4807,S010,1245,144,40,20
L014230,4808,S005,2851,242,25,1065
L014231,4808,S002,2885,144,5,157
L014232,4808,S011,2653,0,25,277
L014233,4808,S004,2812,175,10,44
L014234,4808,S003,2666,150,20,181
L014235,4809,S013,4005,0,15,226
L014236,4809,S007,3796,92,15,113
L014237,4809,S008,3511,0,20,7283
L014238,4810,S012,1771,141,10,238
L014239,4810,S009,1911,149,20,353
L014240,4810,S002,1778,0,15,14
L014241,4810,S005,1951,96,10,171
L014242,4811,S005,3718,0,15,178
L014243,4811,S014,3992,231,25,163
L014244,4811,S006,4086,187,0,60
L014245,4811,S011,3682,68,15,264
L014246,4812,S005,6221,170,25,189
L014247,4812,S011,5595,91,10,167
L014248,4813,S009,1580,203,5,115
L014249,4813,S011,1598,176,25,76
L014250,4813,S002,1825,123,30,39
L014251,4814,S009,5938,133,5,103
L014252,4814,S002,5896,122,30,45
L014253,4814,S001,5789,80,10,138
L014254,4815,S007,2146,94,50,222
L014255,4815,S012,2044,214,5,93
L014256,4815,S010,2157,202,15,207
L014257,4815,S001,2145,0,10,53
L014258,4816,S012,5296,127,30,201
L014259,4816,S008,5140,100,5,232
L014260,4816,S006,4886,163,0,1771
L014261,4817,S003,3024,129,40,22
L014262,4818,S004,5947,66,30,68
L014263,4818,S014,5055,71,40,208
L014264,4818,S007,4966,0,30,304
L014265,4818,S011,5638,69,15,1137
L014266,4818,S003,5750,202,10,393
L014267,4819,S009,4270,0,5,690
L014268,4819,S014,3949,144,0,86
L014269,4819,S003,4132,0,5,51
L014270,4820,S005,1914,211,40,189
L014271,4820,S004,1955,225,5,140
L014272,4821,S006,805,167,25,81
L014273,4821,S007,874,209,15,155
L014274,4821,S002,838,84,10,305
L014275,4822,S009,2474,228,25,25
L014276,4822,S005,2561,133,15,262
L014277,4822,S008,2545,0,5,175
L014278,4822,S002,2908,142,25,57
L014279,4823,S001,1246,90,15,384
L014280,4823,S006,1175,200,10,34
L014281,4823,S007,1290,53,20,427
L014282,4824,S001,4171,229,15,38
L014283,4824,S011,4330,0,10,35
L014284,4824,S006,4055,164,5,97
L014285,4825,S002,3289,144,20,550
L014286,4825,S011,2948,0,5,492
L014287,4825,S004,2965,0,5,119
L014288,4825,S003,3419,156,40,44
L014289,4825,S008,3284,234,0,76
L014290,4826,S006,1351,180,30,65
L014291,4826,S013,1311,138,15,368
L014292,4827,S002,1992,84,50,197
L014293,4828,S007,1911,193,5,278
L014294,4828,S014,1926,142,5,428
L014295,4828,S001,1936,199,10,603
L014296,4829,S004,4092,185,10,46
L014297,4830,S006,992,0,5,200
L014298,4831,S013,2641,0,20,342
L014299,4832,S005,3558,0,10,1013
L014300,4832,S010,3839,164,40,141
L014301,4833,S013,5921,0,0,101
L014302,4833,S003,5067,224,50,360
L014303,4833,S012,5636,204,15,81
L014304,4834,S006,1325,0,0,155
L014305,4835,S002,4171,191,30,151
L014306,4835,S004,4346,146,20,105
L014307,4835,S006,4751,50,10,52
L014308,4835,S011,4643,161,10,43
L014309,4835,S001,4069,87,15,192
L014310,4836,S003,1745,97,25,112
L014311,4837,S001,1867,80,20,279
L014312,4837,S011,1784,50,25,116
L014313,4838,S014,5010,0,25,133
L014314,4838,S005,5203,135,0,118
L014315,4838,S013,5260,223,20,111
L014316,4838,S001,4820,204,10,137
L014317,4838,S008,5352,0,5,21
L014318,4839,S006,715,0,10,43
L014319,4840,S010,3864,179,15,37
L014320,4840,S013,4190,50,50,65
L014321,4840,S005,3911,0,0,131
L014322,4841,S011,3642,175,20,24
L014323,4842,S009,729,194,20,555
L014324,4842,S011,803,123,25,344
L014325,4843,S001,6025,0,10,1100
L014326,4843,S011,5807,0,5,199
L014327,4843,S013,6015,0,15,277
L014328,4844,S006,3335,0,40,126
L014329,4845,S011,2899,0,20,285
L014330,4845,S013,2748,0,10,89
L014331,4846,S006,2909,177,15,393
L014332,4846,S008,3531,69,0,436
L014333,4846,S012,3160,0,50,194
L014334,4846,S001,3097,155,0,382
L014335,4847,S013,4444,226,5,96
L014336,4847,S008,4327,217,40,160
L014337,4847,S007,5153,120,30,174
L014338,4848,S006,5461,119,30,68
L014339,4848,S007,6082,132,25,142
L014340,4848,S008,5721,0,0,1791
L014341,4849,S004,3749,126,15,810
L014342,4849,S005,3502,86,0,192
L014343,4850,S006,3574,198,10,475
L014344,4851,S002,4814,82,15,69
L014345,4851,S012,4203,188,50,97
L014346,4852,S001,3398,125,15,163
L014347,4852,S004,3994,61,15,279
L014348,4852,S006,3385,84,50,381
L014349,4853,S004,4193,207,10,253
L014350,4853,S002,3981,99,5,98
L014351,4853,S008,3849,78,10,73
L014352,4854,S005,2607,54,40,202
L014353,4855,S006,2129,127,10,15
L014354,4856,S004,2705,158,20,1005
L014355,4856,S006,2892,177,5,114
L014356,4856,S002,2628,238,40,47
L014357,4856,S014,2495,138,0,102
L014358,4856,S007,2548,106,25,143
L014359,4857,S008,4556,77,15,135
L014360,4857,S011,5056,158,15,228
L014361,4857,S001,4761,0,40,173
L014362,4858,S001,2267,82,15,153
L014363,4858,S006,1898,150,15,582
L014364,4858,S002,2117,0,20,71
L014365,4859,S003,5474,191,25,230
L014366,4859,S011,4769,119,30,112
L014367,4860,S010,3219,0,25,153
L014368,4861,S012,6104,217,25,194
L014369,4861,S008,5334,120,0,661
L014370,4861,S014,6111,0,30,376
L014371,4861,S003,5274,125,20,91
L014372,4862,S012,3860,165,15,121
L014373,4862,S001,3945,0,10,54
L014374,4863,S014,4399,208,40,36
L014375,4863,S011,4003,0,10,103
L014376,4864,S013,5270,250,10,23
L014377,4865,S013,3214,129,15,87
L014378,4866,S003,2960,55,0,166
L014379,4866,S012,3000,95,30,77
L014380,4866,S002,2888,0,15,109
L014381,4866,S004,2992,197,15,77
L014382,4866,S009,2834,147,10,104
L014383,4867,S001,537,50,20,193
L014384,4867,S005,557,125,5,260
L014385,4868,S010,1421,92,25,391
L014386,4868,S012,1325,223,20,525
L014387,4868,S001,1221,113,20,82
L014388,4869,S010,1110,190,10,100
L014389,4870,S001,957,178,15,832
L014390,4870,S008,911,151,20,370
L014391,4871,S005,2379,53,0,147
L014392,4871,S001,2293,109,15,18
L014393,4871,S007,2400,249,50,391
L014394,4871,S011,2278,229,20,471
L014395,4872,S008,3450,155,20,324
L014396,4872,S002,4009,162,0,137
L014397,4872,S011,3485,60,15,547
L014398,4872,S014,3926,151,15,492
L014399,4872,S009,3448,177,60,186
L014400,4873,S002,551,0,0,110
L014401,4874,S004,1013,209,30,90
L014402,4874,S001,1056,243,0,109
L014403,4874,S007,963,150,20,332
L014404,4875,S014,613,109,5,47
L014405,4875,S006,666,60,5,90
L014406,4875,S013,643,214,15,47
L014407,4876,S007,1782,0,15,92
L014408,4876,S001,1665,88,40,54
L014409,4876,S003,1744,247,40,178
L014410,4876,S006,1729,230,0,558
L014411,4877,S011,1837,216,10,149
L014412,4877,S008,1956,160,0,216
L014413,4877,S012,1776,0,10,253
L014414,4877,S005,1823,0,0,63
L014415,4878,S005,2215,150,15,286
L014416,4879,S009,1954,0,15,255
L014417,4879,S014,2016,245,25,158
L014418,4879,S002,1741,95,0,521
L014419,4879,S013,2005,0,10,352
L014420,4879,S007,1787,97,0,202
L014421,4880,S013,5493,91,15,21
L014422,4881,S005,2500,153,20,221
L014423,4881,S009,2405,71,5,547
L014424,4882,S011,3509,170,10,208
L014425,4882,S003,3777,65,25,30
L014426,4882,S001,3171,0,40,76
L014427,4882,S009,3857,120,15,148
L014428,4882,S010,3273,165,15,244
L014429,4883,S011,2735,90,15,112
L014430,4884,S014,2906,66,15,149
L014431,4885,S010,3217,116,10,21
L014432,4885,S004,3373,108,60,38
L014433,4885,S014,3642,219,0,103
L014434,4885,S009,3632,0,15,81
L014435,4885,S013,3403,57,25,21
L014436,4886,S009,2291,0,20,174
L014437,4887,S008,2571,0,5,220
L014438,4887,S013,2454,203,0,37
L014439,4888,S007,2079,0,25,101
L014440,4888,S008,2011,59,30,121
L014441,4889,S008,5389,246,40,25
L014442,4889,S001,6497,203,20,202
L014443,4890,S006,873,109,10,20
L014444,4890,S008,879,216,5,147
L014445,4890,S010,878,238,20,17
L014446,4890,S004,806,0,15,67
L014447,4890,S001,790,169,30,102
L014448,4891,S011,2927,124,0,290
L014449,4891,S003,2752,135,10,104
L014450,4891,S004,2486,142,15,22
L014451,4892,S012,1674,143,15,103
L014452,4892,S011,1472,158,15,43
L014453,4892,S010,1435,54,25,177
L014454,4893,S013,3683,85,20,289
L014455,4893,S005,3107,77,20,164
L014456,4893,S006,3393,143,40,39
L014457,4893,S008,3555,157,15,760
L014458,4893,S002,3555,141,0,535
L014459,4894,S005,864,233,10,208
L014460,4894,S013,822,0,0,141
L014461,4894,S011,854,167,10,112
L014462,4894,S007,783,202,10,59
L014463,4894,S012,718,117,40,30
L014464,4895,S003,1891,0,50,338
L014465,4895,S013,1889,59,20,48
L014466,4895,S002,1735,168,10,64
L014467,4895,S006,1959,249,15,614
L014468,4896,S013,3613,182,20,430
L014469,4896,S006,3660,141,0,81
L014470,4896,S005,4031,149,25,91
L014471,4896,S007,3471,143,40,61
L014472,4897,S011,2168,238,10,482
L014473,4897,S006,2292,0,10,336
L014474,4897,S004,2211,165,15,519
L014475,4898,S012,4378,114,25,1067
L014476,4899,S002,5586,167,60,156
L014477,4899,S008,5425,111,20,113
L014478,4899,S001,5158,101,40,120
L014479,4899,S014,5800,0,20,16
L014480,4900,S010,2958,0,15,118
L014481,4900,S008,2678,199,15,130
L014482,4900,S013,2996,144,40,32
L014483,4901,S002,4763,127,25,149
L014484,4901,S011,4735,171,5,84
L014485,4901,S013,4872,0,0,112
L014486,4901,S009,5239,0,25,68
L014487,4901,S005,4709,0,5,134
L014488,4902,S014,5469,167,10,230
L014489,4902,S011,5810,93,5,19
L014490,4902,S002,5102,246,0,265
L014491,4903,S007,3516,243,20,583
L014492,4903,S008,3193,181,20,181
L014493,4903,S009,3014,218,15,98
L014494,4903,S012,3445,64,30,141
L014495,4903,S010,3019,0,30,50
L014496,4904,S003,738,228,15,249
L014497,4904,S006,778,0,15,13
L014498,4904,S014,727,115,5,62
L014499,4904,S008,803,203,30,149
L014500,4905,S005,1388,0,15,74
L014501,4906,S005,4973,154,5,1062
L014502,4906,S001,5103,198,10,1344
L014503,4906,S009,4640,0,0,101
L014504,4907,S003,4969,217,10,267
L014505,4908,S003,2958,0,5,264
L014506,4908,S005,3146,150,40,78
L014507,4909,S001,1863,229,25,231
L014508,4909,S004,1842,107,5,243
L014509,4909,S010,1747,0,0,406
L014510,4909,S008,1784,224,10,103
L014511,4910,S007,3623,199,5,54
L014512,4910,S004,4161,219,10,68
L014513,4910,S009,4012,201,20,35
L014514,4910,S012,3761,74,20,112
L014515,4911,S009,2746,102,25,97
L014516,4911,S011,2777,0,10,468
L014517,4911,S001,3157,88,15,298
L014518,4911,S010,2599,0,60,980
L014519,4911,S007,2790,0,20,57
L014520,4912,S007,3923,199,5,72
L014521,4913,S013,569,242,10,86
L014522,4913,S011,628,153,30,102
L014523,4913,S014,638,127,20,31
L014524,4913,S005,651,0,0,2658
L014525,4914,S006,4282,181,10,123
L014526,4914,S001,5081,108,0,73
L014527,4914,S013,4997,74,25,132
L014528,4915,S014,3659,55,10,187
L014529,4915,S004,3382,240,0,119
L014530,4915,S001,3534,144,0,21
L014531,4915,S008,3545,58,25,564
L014532,4915,S012,3236,144,20,347
L014533,4916,S009,3664,0,15,105
L014534,4917,S009,1683,205,10,240
L014535,4917,S007,1510,119,30,142
L014536,4917,S001,1558,164,15,121
L014537,4918,S010,2683,102,0,497
L014538,4918,S001,2902,172,30,194
L014539,4918,S013,3016,129,60,208
L014540,4918,S002,2783,91,15,2590
L014541,4918,S004,2749,197,25,34
L014542,4919,S001,3874,83,30,130
L014543,4920,S010,1925,0,15,6
L014544,4920,S001,2020,87,40,117
L014545,4920,S003,2217,104,15,88
L014546,4920,S002,2063,220,40,114
L014547,4920,S012,1923,67,5,142
L014548,4921,S005,5024,0,15,16
L014549,4921,S009,5202,202,20,854
L014550,4921,S004,4695,235,25,49
L014551,4921,S012,4709,0,0,177
L014552,4921,S006,4454,67,25,55
L014553,4922,S011,5156,0,40,92
L014554,4922,S002,5006,0,0,939
L014555,4922,S009,5374,242,30,53
L014556,4922,S006,5095,237,10,75
L014557,4923,S010,663,215,15,286
L014558,4923,S009,728,170,10,90
L014559,4923,S003,712,0,30,204
L014560,4924,S007,5400,69,50,30
L014561,4924,S014,5934,146,20,27
L014562,4924,S004,5317,132,5,104
L014563,4924,S009,5528,68,10,348
L014564,4925,S011,2169,112,20,116
L014565,4925,S006,1982,222,10,158
L014566,4925,S008,2319,110,25,17
L014567,4926,S004,622,119,10,43
L014568,4926,S012,582,165,10,72
L014569,4926,S001,621,207,5,65
L014570,4927,S014,3936,148,40,169
L014571,4927,S008,4165,238,25,66
L014572,4927,S009,3884,211,10,291
L014573,4928,S012,2799,118,10,259
L014574,4928,S011,2498,0,15,408
L014575,4928,S013,2542,103,30,66
L014576,4928,S004,2721,80,5,479
L014577,4929,S007,4250,0,10,737
L014578,4929,S005,4280,108,5,341
L014579,4929,S010,4533,76,20,186
L014580,4929,S013,4236,0,0,1513
L014581,4930,S003,5905,201,20,188
L014582,4930,S014,5280,239,15,23
L014583,4930,S011,5540,245,15,126
L014584,4930,S009,5913,161,0,355
L014585,4930,S004,5040,246,0,175
L014586,4931,S004,3031,69,20,109
L014587,4931,S011,3505,0,25,238
L014588,4931,S010,3125,61,30,23
L014589,4932,S010,4458,0,10,600
L014590,4932,S012,3973,0,15,81
L014591,4933,S011,502,0,5,1002
L014592,4933,S005,494,83,40,245
L014593,4933,S012,514,196,10,149
